status,scenario_id,realisation_id,schedule_id,seed,k_median_mD,V_DP,phi_mean,h_total_m,r_e_m,n_g,n_a,krg0,S_ar,mu_g_cP,rho_g,n_layers,k_geom_mean_m2,k_arith_mean_m2,k_harm_mean_m2,V_DP_layers,CV_k_layers,kh_total,q_ref_kg_s,endpoint_mobility_ratio,q1_kg_s,q2_kg_s,q3_kg_s,q4_kg_s,planned_mass_kg,r_plume_m95_m,r_plume_m50_m,dp_bh_max_Pa,p_bh_max_Pa,dp_cell_max_Pa,r_plume_max_m,r_plume_end_m,r_plume_layer_max_m,r_plume_layer_min_m,r_plume_spread_m,mass_injected_kg,mass_retained_kg,mass_lost_kg,retention_fraction,sweep_efficiency,storage_efficiency,sg_max,sg_min,mass_balance_error,n_steps,n_clipped,max_clip,wall_time_s,max_bhp_spread_Pa,max_rate_rel_err,n_steps_layer_closed,sg_threshold,p_limit_Pa,p_limit_exceeded,p_margin_Pa,final_Sg_profile
ok,R0000_S+00,0,0,20261909,996.5680183028808,0.4219622522210604,0.11861496483347438,35.97528765733168,3331.477586632316,1.7053489669965316,2.4957389260913536,0.2229166545623809,0.2635047344200388,0.041985060466718,674.4589307372736,4,1.325792528420181e-12,1.3342891785659266e-12,1.3172545874409782e-12,0.12277847233066264,0.12956264077574423,4.800143701697401e-11,2.797811851093158,3.185656784833109,7.800269251104289,7.993542293288172,7.762123356259539,7.106012440018389,1209521836.7474248,566.8708787820976,358.0582884795657,212563.9494405128,15212563.949440513,163252.67642524838,654.3032745412379,654.3032745412379,654.3032745412379,569.527505207022,84.77576933421585,1209521836.7474246,1209521836.7474244,0.0,0.9999999999999998,0.03306062908420594,0.012052878560062931,0.6797374736014947,0.0,1.9711804438579117e-16,1329,0,0.0,0.7034401860000798,0.0,1.0994618036233349e-13,0,0.05,24000000.0,False,8787436.050559487,0.67308;0.67340;0.67385;0.67446;0.67532;0.67652;0.67723;0.67792;0.67859;0.67922;0.67938;0.67830;0.67642;0.66458;0.63717;0.59836;0.54942;0.48961;0.41134;0.21771;0.00036;0.00000;0.00000;0.00000
ok,R0000_S+01,0,1,20261909,996.5680183028808,0.4219622522210604,0.11861496483347438,35.97528765733168,3331.477586632316,1.7053489669965316,2.4957389260913536,0.2229166545623809,0.2635047344200388,0.041985060466718,674.4589307372736,4,1.325792528420181e-12,1.3342891785659266e-12,1.3172545874409782e-12,0.12277847233066264,0.12956264077574423,4.800143701697401e-11,2.797811851093158,3.185656784833109,0.2732382824332719,0.3084645357300301,0.5681958577047673,1.0524322483574835,86875347.96792538,150.5674555400475,95.66861431630167,19159.37499066256,15019159.374990663,17332.671659801155,174.00134658020727,174.00134658020727,174.00134658020727,150.95663557322914,23.044711006978133,86875347.9679254,86875347.9679234,0.0,0.999999999999977,0.0023480130367386975,0.0008657123725325918,0.7079742660230167,0.0,2.2984145061643878e-14,241,0,0.0,0.1384364440000354,0.0,2.3943184735621357e-12,0,0.05,24000000.0,False,8980840.625009337,0.70428;0.70442;0.70461;0.70488;0.70526;0.70579;0.70698;0.70265;0.68889;0.66778;0.63851;0.60002;0.55172;0.49287;0.41743;0.22232;0.00019;0.00000;0.00000;0.00000;0.00000;0.00000;0.00000;0.00000
ok,R0000_S+02,0,2,20261909,996.5680183028808,0.4219622522210604,0.11861496483347438,35.97528765733168,3331.477586632316,1.7053489669965316,2.4957389260913536,0.2229166545623809,0.2635047344200388,0.041985060466718,674.4589307372736,4,1.325792528420181e-12,1.3342891785659266e-12,1.3172545874409782e-12,0.12277847233066264,0.12956264077574423,4.800143701697401e-11,2.797811851093158,3.185656784833109,0.7911971834270877,0.5900652600104034,0.3421189925388919,0.0473583810125531,69850373.56076257,135.22484312824778,85.80814209645932,24236.307531971484,15024236.307531971,19234.3993202094,156.18523459145447,156.18523459145447,156.18523459145447,135.81271910032825,20.372515491126222,69850373.56076255,69850373.56077978,0.0,1.0000000000002467,0.001883574879049803,0.0006960585946650557,0.7118223222918594,0.0,2.466091655916956e-13,254,0,0.0,0.13578730599999744,0.0,1.3165185966203888e-11,0,0.05,24000000.0,False,8975763.692468029,0.71100;0.71092;0.71081;0.71065;0.71043;0.71012;0.70590;0.69734;0.68197;0.65868;0.62661;0.58498;0.53335;0.47036;0.38171;0.08525;0.00000;0.00000;0.00000;0.00000;0.00000;0.00000;0.00000;0.00000
ok,R0000_S+03,0,3,20261909,996.5680183028808,0.4219622522210604,0.11861496483347438,35.97528765733168,3331.477586632316,1.7053489669965316,2.4957389260913536,0.2229166545623809,0.2635047344200388,0.041985060466718,674.4589307372736,4,1.325792528420181e-12,1.3342891785659266e-12,1.3172545874409782e-12,0.12277847233066264,0.12956264077574423,4.800143701697401e-11,2.797811851093158,3.185656784833109,0.5982057366696751,0.9035730500047372,1.4735060882609343,2.3080048514382674,208409929.83625993,234.2803776429414,148.28509463056068,40062.79890678264,15040062.798906783,35980.42890726961,270.59321826851414,270.59321826851414,270.59321826851414,235.18567453882153,35.407543729692605,208409929.8362602,208409929.83626583,0.0,1.000000000000027,0.005669840092099889,0.0020768038233875213,0.7023816709233087,0.0,2.702673013565028e-14,294,0,0.0,0.15748159799989025,0.0,9.48219758743191e-13,0,0.05,24000000.0,False,8959937.201093217,0.69345;0.69363;0.69389;0.69425;0.69476;0.69546;0.69580;0.69663;0.70156;0.69454;0.67581;0.64901;0.61335;0.56809;0.51265;0.44380;0.32286;0.01031;0.00000;0.00000;0.00000;0.00000;0.00000;0.00000
ok,R0005_S+00,5,0,20266909,134.11204468250142,0.2944598389837051,0.10012545472580202,55.675951880028805,3920.709078583676,2.582539068367288,3.632732783908552,0.2520545327126184,0.1948700943167783,0.0619783276193031,682.3460699232359,4,1.419316641300524e-13,1.4488112088875953e-13,1.3925776958172746e-13,0.2056333813117306,0.24218535354839968,8.066394314927211e-12,4.357027263076754,2.440090357979742,8.195902233696023,7.218004110518992,9.78176307101935,15.887179115197098,1620595125.97993,559.6151202805912,353.6981461588848,3210525.4892331846,18210525.489233185,2630984.6805851236,663.92016571789,663.92016571789,663.92016571789,526.5630440647359,137.35712165315408,1620595125.9799395,1620595125.979937,0.0,0.9999999999999986,0.020717798724240247,0.008822234003262857,0.6101648923602726,0.0,1.4711791691795682e-15,9060,0,0.0,5.2047289979999505,0.0,7.744578478246857e-15,0,0.05,24000000.0,False,5789474.510766815,0.54273;0.54392;0.54556;0.54785;0.55103;0.55546;0.55838;0.56111;0.56395;0.56689;0.56996;0.57316;0.57642;0.58062;0.59935;0.59981;0.56642;0.52314;0.46359;0.16768;0.00023;0.00000;0.00000;0.00000
ok,R0005_S+01,5,1,20266909,134.11204468250142,0.2944598389837051,0.10012545472580202,55.675951880028805,3920.709078583676,2.582539068367288,3.632732783908552,0.2520545327126184,0.1948700943167783,0.0619783276193031,682.3460699232359,4,1.419316641300524e-13,1.4488112088875953e-13,1.3925776958172746e-13,0.2056333813117306,0.24218535354839968,8.066394314927211e-12,4.357027263076754,2.440090357979742,6.177711169966697,6.924430667379376,6.5958268801454745,5.191899808264989,981830643.7355181,436.20036674821074,274.4622749999247,1457431.186191775,16457431.186191775,1049430.7449053414,521.6313871105357,521.6313871105357,521.6313871105357,410.70068714428703,110.93069996624865,981830643.7355181,981830643.7355183,0.0,1.0000000000000002,0.013186011454923895,0.0053449128358764334,0.6236942056352295,0.0,2.42830655798707e-16,3435,0,0.0,1.9133237739999913,0.0,1.1627298539535434e-14,0,0.05,24000000.0,False,7542568.813808225,0.60340;0.60424;0.60541;0.60703;0.60929;0.61243;0.61436;0.61625;0.61818;0.62012;0.62198;0.62172;0.61765;0.61671;0.60601;0.57476;0.53355;0.48102;0.27301;0.00577;0.00000;0.00000;0.00000;0.00000
ok,R0005_S+02,5,2,20266909,134.11204468250142,0.2944598389837051,0.10012545472580202,55.675951880028805,3920.709078583676,2.582539068367288,3.632732783908552,0.2520545327126184,0.1948700943167783,0.0619783276193031,682.3460699232359,4,1.419316641300524e-13,1.4488112088875953e-13,1.3925776958172746e-13,0.2056333813117306,0.24218535354839968,8.066394314927211e-12,4.357027263076754,2.440090357979742,1.4255497079889572,0.9829783932974973,1.0155586661509108,1.523290526549199,195159192.115888,193.8147971791083,121.87163996637754,354305.6519571617,15354305.651957162,244402.93140764348,231.48281451545685,231.48281451545685,231.48281451545685,177.76317064244114,53.71964387301571,195159192.11588773,195159192.11588776,0.0,1.0000000000000002,0.0027121128780232067,0.0010624122170508176,0.6762335008599685,0.0,1.527077564965444e-16,424,0,0.0,0.24066962200004127,0.0,6.570773375110775e-14,0,0.05,24000000.0,False,8645694.348042838,0.65453;0.65509;0.65586;0.65694;0.65844;0.66053;0.66176;0.66348;0.67170;0.67208;0.65582;0.62895;0.59536;0.55705;0.51263;0.44186;0.09628;0.00000;0.00000;0.00000;0.00000;0.00000;0.00000;0.00000
ok,R0005_S+03,5,3,20266909,134.11204468250142,0.2944598389837051,0.10012545472580202,55.675951880028805,3920.709078583676,2.582539068367288,3.632732783908552,0.2520545327126184,0.1948700943167783,0.0619783276193031,682.3460699232359,4,1.419316641300524e-13,1.4488112088875953e-13,1.3925776958172746e-13,0.2056333813117306,0.24218535354839968,8.066394314927211e-12,4.357027263076754,2.440090357979742,1.5283316296013625,7.353151687377438,10.3481601890635,10.513357134659548,1173272146.2737658,476.1407045952216,300.62600405103615,1997702.4228696264,16997702.422869626,1654729.341862321,566.6620977031566,566.6620977031566,566.6620977031566,437.97800896653933,128.6840887366173,1173272146.2737632,1173272146.2737665,0.0,1.0000000000000029,0.01565998315904901,0.0063870866066431465,0.6079281526803376,0.0,2.8449154938372176e-15,5641,0,0.0,3.2714538679999805,0.0,4.414608598597818e-14,0,0.05,24000000.0,False,7002297.577130374,0.56672;0.56776;0.56922;0.57124;0.57405;0.57797;0.58044;0.58282;0.58527;0.58779;0.59037;0.59312;0.59606;0.59977;0.60534;0.58545;0.54613;0.49777;0.39310;0.03280;0.00000;0.00000;0.00000;0.00000
ok,R0006_S+00,6,0,20267909,41.59852950009306,0.3428363746140824,0.2613257004612347,23.26092881705105,1814.1408440546224,1.8895993744726307,2.658137421503325,0.5753741174726967,0.3315819729599406,0.0764005980951856,654.9226945623739,4,2.835716262313917e-14,3.1818317635001415e-14,2.529327263818732e-14,0.42792797997504184,0.554757394414052,7.401236215860879e-13,0.8780212576708023,4.518609527814317,1.0270626876815812,1.6415305960527986,3.260911355167503,5.885204965025695,466054849.7461311,395.5734415171432,212.89943208764862,7064041.831547935,22064041.831547935,5930412.477714717,455.9126002503888,455.9126002503888,455.9126002503888,231.25503162137238,224.6575686290164,466054849.74613273,466054849.7461336,0.0,1.000000000000002,0.03622820722280059,0.011322594235913542,0.4862419853296789,0.0,1.918378646028194e-15,6788,0,0.0,3.910471406999932,0.0,1.0232107083833593e-14,0,0.05,24000000.0,False,1935958.1684520654,0.41065;0.41187;0.41356;0.41590;0.41915;0.42364;0.42762;0.43050;0.43345;0.43647;0.43954;0.44260;0.44703;0.45965;0.46471;0.43435;0.37235;0.24222;0.07406;0.00093;0.00000;0.00000;0.00000;0.00000
ok,R0006_S+01,6,1,20267909,41.59852950009306,0.3428363746140824,0.2613257004612347,23.26092881705105,1814.1408440546224,1.8895993744726307,2.658137421503325,0.5753741174726967,0.3315819729599406,0.0764005980951856,654.9226945623739,4,2.835716262313917e-14,3.1818317635001415e-14,2.529327263818732e-14,0.42792797997504184,0.554757394414052,7.401236215860879e-13,0.8780212576708023,4.518609527814317,1.2148367497984518,1.0622968411840656,0.8520132771770056,0.5839860577772709,146471954.5294287,220.69203312721112,117.55789888049527,1868415.2753624283,16868415.27536243,1406358.8571462482,253.07286910451273,253.07286910451273,253.07286910451273,127.22369030512888,125.84917879938385,146471954.52942875,146471954.52942872,0.0,0.9999999999999998,0.010925202652571438,0.0035584706585598536,0.5493596247235707,0.0,2.0346777294971857e-16,938,0,0.0,0.5777932940000028,0.0,2.0427118866640412e-14,0,0.05,24000000.0,False,7131584.724637572,0.54044;0.54094;0.54164;0.54260;0.54394;0.54579;0.54660;0.54544;0.54047;0.53355;0.52586;0.51259;0.48596;0.44403;0.38686;0.26226;0.09688;0.00777;0.00000;0.00000;0.00000;0.00000;0.00000;0.00000
ok,R0006_S+02,6,2,20267909,41.59852950009306,0.3428363746140824,0.2613257004612347,23.26092881705105,1814.1408440546224,1.8895993744726307,2.658137421503325,0.5753741174726967,0.3315819729599406,0.0764005980951856,654.9226945623739,4,2.835716262313917e-14,3.1818317635001415e-14,2.529327263818732e-14,0.42792797997504184,0.554757394414052,7.401236215860879e-13,0.8780212576708023,4.518609527814317,0.5843736970644573,0.6395392556623031,0.592279889317844,0.4425955980310803,89102427.59566554,172.35216941068418,91.3769935596287,940586.017878117,15940586.017878117,718872.7843705155,198.9903095301276,198.9903095301276,198.9903095301276,100.62363713991797,98.36667239020963,89102427.59566553,89102427.5956655,0.0,0.9999999999999997,0.006713263735958253,0.0021647036473590032,0.5574476558700158,0.0,3.344726197913947e-16,509,0,0.0,0.2836945650000189,0.0,3.320959416735494e-14,0,0.05,24000000.0,False,8059413.982121883,0.55015;0.55058;0.55118;0.55201;0.55316;0.55475;0.55481;0.55221;0.54760;0.54191;0.52852;0.49935;0.45655;0.40269;0.29608;0.14379;0.03352;0.00000;0.00000;0.00000;0.00000;0.00000;0.00000;0.00000
ok,R0006_S+03,6,3,20267909,41.59852950009306,0.3428363746140824,0.2613257004612347,23.26092881705105,1814.1408440546224,1.8895993744726307,2.658137421503325,0.5753741174726967,0.3315819729599406,0.0764005980951856,654.9226945623739,4,2.835716262313917e-14,3.1818317635001415e-14,2.529327263818732e-14,0.42792797997504184,0.554757394414052,7.401236215860879e-13,0.8780212576708023,4.518609527814317,1.1797034877536694,1.002318218256928,0.6853377602388412,0.2287621136994087,122132707.96424218,201.46009328870923,107.33059778536463,1817630.073928561,16817630.07392856,1369144.3446667697,230.34057572366785,230.34057572366785,230.34057572366785,115.78586337745655,114.5547123462113,122132707.96424234,122132707.96424212,0.0,0.9999999999999982,0.008946639047394844,0.0029671595435283994,0.5768919010560494,0.0,1.8301192336876344e-15,835,0,0.0,0.3946858809999867,0.0,5.50953022451964e-14,0,0.05,24000000.0,False,7182369.926071439,0.56712;0.56726;0.56745;0.56771;0.56808;0.56858;0.55944;0.54684;0.53883;0.53206;0.52289;0.50646;0.47562;0.42988;0.36443;0.23287;0.07217;0.00060;0.00000;0.00000;0.00000;0.00000;0.00000;0.00000
ok,R0013_S+00,13,0,20274909,114.01031082239275,0.5346457564432717,0.2098954940443826,27.56277957191698,1644.8510396901715,2.875798544939535,3.3815580301533408,0.6148997571266472,0.1508629468274973,0.0495269343798859,644.8851759903554,4,9.025202157982767e-14,1.0703673257174958e-13,7.700435490057724e-14,0.4924116802371574,0.6602514078497341,2.9502298659733592e-12,0.8371254655030341,7.449277022601742,0.5678372470629813,0.835392918893223,1.008821771690016,1.0881238054533602,138071432.53804916,203.7931661181116,108.95787204367873,305796.6239142511,15305796.623914251,252873.1822119858,235.20171787499334,235.20171787499334,235.20171787499334,113.78316588203951,121.41855199295382,138071432.53804916,138071432.5380493,0.0,1.000000000000001,0.010930126371137052,0.00435403878317421,0.6705976805251623,0.0,1.0792356478043533e-15,486,0,0.0,0.20080640399999083,0.0,9.949016505037251e-14,0,0.05,24000000.0,False,8694203.376085749,0.65573;0.65620;0.65685;0.65775;0.65899;0.66070;0.66177;0.66341;0.66422;0.65509;0.63488;0.60088;0.56022;0.51527;0.45666;0.23409;0.14838;0.00709;0.00000;0.00000;0.00000;0.00000;0.00000;0.00000
ok,R0013_S+01,13,1,20274909,114.01031082239275,0.5346457564432717,0.2098954940443826,27.56277957191698,1644.8510396901715,2.875798544939535,3.3815580301533408,0.6148997571266472,0.1508629468274973,0.0495269343798859,644.8851759903554,4,9.025202157982767e-14,1.0703673257174958e-13,7.700435490057724e-14,0.4924116802371574,0.6602514078497341,2.9502298659733592e-12,0.8371254655030341,7.449277022601742,1.2755351361386462,0.9878199413778934,0.6055091912763712,0.1286028858340789,118241086.84857087,188.3521648658323,100.86771990797124,661424.9610621892,15661424.96106219,481995.628060963,215.42902766811125,215.42902766811125,215.42902766811125,106.18263645886728,109.24639120924397,118241086.8485709,118241086.84857048,0.0,0.9999999999999964,0.009195425364002023,0.0037286951285992603,0.7033115137504004,0.0,3.528659322643711e-15,471,0,0.0,0.25765344700005244,0.0,4.242049482892258e-13,0,0.05,24000000.0,False,8338575.038937811,0.69154;0.69119;0.69071;0.69005;0.68913;0.68786;0.67873;0.67155;0.66095;0.64617;0.62277;0.59001;0.54960;0.50336;0.43084;0.22193;0.11003;0.00033;0.00000;0.00000;0.00000;0.00000;0.00000;0.00000
ok,R0013_S+02,13,2,20274909,114.01031082239275,0.5346457564432717,0.2098954940443826,27.56277957191698,1644.8510396901715,2.875798544939535,3.3815580301533408,0.6148997571266472,0.1508629468274973,0.0495269343798859,644.8851759903554,4,9.025202157982767e-14,1.0703673257174958e-13,7.700435490057724e-14,0.4924116802371574,0.6602514078497341,2.9502298659733592e-12,0.8371254655030341,7.449277022601742,0.7427257285749672,1.0118761653234385,0.934751659928126,0.5113522123890312,126258240.35990532,195.3009701994136,103.99235915434966,395394.797768889,15395394.797768889,290866.81589324214,219.2997510783985,219.2997510783985,219.2997510783985,108.23393446318249,111.065816615216,126258240.35990521,126258240.35990515,0.0,0.9999999999999996,0.009195425364002023,0.003981513518887148,0.6917849972138435,0.0,4.720851851371024e-16,455,0,0.0,0.26372226099999807,0.0,1.0760866911371826e-13,0,0.05,24000000.0,False,8604605.202231111,0.68276;0.68297;0.68326;0.68366;0.68420;0.68496;0.67938;0.67161;0.66449;0.65182;0.62940;0.59511;0.55415;0.50845;0.44332;0.22559;0.12532;0.00202;0.00000;0.00000;0.00000;0.00000;0.00000;0.00000
ok,R0013_S+03,13,3,20274909,114.01031082239275,0.5346457564432717,0.2098954940443826,27.56277957191698,1644.8510396901715,2.875798544939535,3.3815580301533408,0.6148997571266472,0.1508629468274973,0.0495269343798859,644.8851759903554,4,9.025202157982767e-14,1.0703673257174958e-13,7.700435490057724e-14,0.4924116802371574,0.6602514078497341,2.9502298659733592e-12,0.8371254655030341,7.449277022601742,0.3820451580498828,0.3562877877695412,0.2475624851372509,0.0558692501530118,41094491.37573381,111.48768735037363,59.46967159719728,209375.1475052815,15209375.147505281,155887.5526759643,128.88214975986173,128.88214975986173,128.88214975986173,60.51325738783509,68.36889237202664,41094491.375733815,41094491.37573362,0.0,0.9999999999999953,0.003111239751800004,0.0012959017367727686,0.7132550919373761,0.0,4.713894466994371e-15,329,0,0.0,0.17166855499999656,0.0,8.960512434633416e-13,0,0.05,24000000.0,False,8790624.852494719,0.70008;0.69977;0.69935;0.69877;0.69796;0.69685;0.68558;0.66696;0.63955;0.60443;0.56442;0.52046;0.46501;0.24959;0.17770;0.02100;0.00000;0.00000;0.00000;0.00000;0.00000;0.00000;0.00000;0.00000
ok,R0017_S+00,17,0,20278909,107.52835736510842,0.1116636730665064,0.225015231452809,35.25548718348679,1368.4483262557876,2.8701935739483098,2.409470769696856,0.5425826057890473,0.2375613807666352,0.0459566618179117,718.121512748269,4,1.1863242951130627e-13,1.1891198762288305e-13,1.1834256842168667e-13,0.0768984905375576,0.07765821883787141,4.192300055601494e-12,0.9000685444032457,7.083838351081991,1.7847346713549108,1.0625862538808857,0.5317369816886558,0.1921868547782212,140874892.11488533,129.91724586770238,85.71392285165933,557705.2291251961,15557705.229125196,404328.65913037583,143.93782950797177,143.93782950797177,143.93782950797177,131.1427953828886,12.795034125083163,140874892.11488536,140874892.11488697,0.0,1.0000000000000113,0.009955221029797437,0.004203299626404817,0.6971343194255128,0.0,1.142379159817294e-14,353,0,0.0,0.19095640399996228,0.0,5.068061082096543e-13,0,0.05,24000000.0,False,8442294.770874804,0.69639;0.69620;0.69594;0.69558;0.69509;0.69443;0.68842;0.67910;0.67112;0.65907;0.64135;0.60930;0.56914;0.52398;0.47270;0.38926;0.00274;0.00000;0.00000;0.00000;0.00000;0.00000;0.00000;0.00000
ok,R0017_S+01,17,1,20278909,107.52835736510842,0.1116636730665064,0.225015231452809,35.25548718348679,1368.4483262557876,2.8701935739483098,2.409470769696856,0.5425826057890473,0.2375613807666352,0.0459566618179117,718.121512748269,4,1.1863242951130627e-13,1.1891198762288305e-13,1.1834256842168667e-13,0.0768984905375576,0.07765821883787141,4.192300055601494e-12,0.9000685444032457,7.083838351081991,0.692726975857118,1.1309945212305903,2.550749968947939,4.951993319009164,367901056.3756627,210.92634380710808,138.8379298304802,694111.1826451756,15694111.182645176,619939.4807114899,232.4231315782476,232.4231315782476,232.4231315782476,211.85381022656424,20.569321351683357,367901056.37566364,367901056.3756634,0.0,0.9999999999999993,0.025771866459860928,0.010977104220648752,0.6487643963542755,0.0,6.480508141246362e-16,725,0,0.0,0.4077155859999948,0.0,1.5791465448418353e-13,0,0.05,24000000.0,False,8305888.817354824,0.61735;0.61789;0.61862;0.61962;0.62099;0.62286;0.62430;0.62539;0.62644;0.62719;0.62829;0.64643;0.62994;0.59184;0.54851;0.50054;0.44150;0.21438;0.00000;0.00000;0.00000;0.00000;0.00000;0.00000
ok,R0017_S+02,17,2,20278909,107.52835736510842,0.1116636730665064,0.225015231452809,35.25548718348679,1368.4483262557876,2.8701935739483098,2.409470769696856,0.5425826057890473,0.2375613807666352,0.0459566618179117,718.121512748269,4,1.1863242951130627e-13,1.1891198762288305e-13,1.1834256842168667e-13,0.0768984905375576,0.07765821883787141,4.192300055601494e-12,0.9000685444032457,7.083838351081991,2.4275487779503564,2.218944070236536,1.4250468250669095,0.076467458946191,242520437.34389317,169.67413850473525,112.55081695815596,747221.3560760487,15747221.356076049,536751.3173808474,190.34846330613513,190.34846330613513,190.34846330613513,173.4494414786724,16.899021827462718,242520437.34389293,242520437.34389263,0.0,0.9999999999999988,0.01761602512606974,0.007236108921750102,0.6766075625069564,0.0,1.2288581825966175e-15,467,0,0.0,0.2309614530000772,0.0,1.346182898178671e-12,0,0.05,24000000.0,False,8252778.643923951,0.67593;0.67559;0.67513;0.67451;0.67364;0.67247;0.67043;0.67039;0.66490;0.65644;0.65155;0.63602;0.60405;0.56327;0.51729;0.46426;0.35662;0.00051;0.00000;0.00000;0.00000;0.00000;0.00000;0.00000
ok,R0017_S+03,17,3,20278909,107.52835736510842,0.1116636730665064,0.225015231452809,35.25548718348679,1368.4483262557876,2.8701935739483098,2.409470769696856,0.5425826057890473,0.2375613807666352,0.0459566618179117,718.121512748269,4,1.1863242951130627e-13,1.1891198762288305e-13,1.1834256842168667e-13,0.0768984905375576,0.07765821883787141,4.192300055601494e-12,0.9000685444032457,7.083838351081991,1.5174308955190217,0.9330384425211212,0.4466272514983571,0.0581973224507286,116577478.94623911,118.08473053498565,77.95187524563713,478440.77043983527,15478440.770439835,347687.79679386504,130.86576114250403,130.86576114250403,130.86576114250403,119.22844044937423,11.637320693129794,116577478.94623913,116577478.94624002,0.0,1.0000000000000078,0.008230607057489495,0.0034783350414375525,0.6946572617586019,0.0,7.669317261897288e-15,320,0,0.0,0.1561091229999647,0.0,1.897563307955511e-12,0,0.05,24000000.0,False,8521559.229560165,0.69395;0.69378;0.69354;0.69321;0.69276;0.69215;0.68628;0.67870;0.66958;0.65743;0.63349;0.59791;0.55607;0.50949;0.45483;0.30931;0.00000;0.00000;0.00000;0.00000;0.00000;0.00000;0.00000;0.00000
ok,R0025_S+00,25,0,20286909,111.12319168879787,0.6085875112438404,0.1614088745967437,54.42491363985051,3018.412862084284,1.6844511923538008,3.605434580701115,0.6207214079469612,0.3426973003199866,0.0473541730408558,645.79484851058,4,1.9458378925814117e-13,2.908549166873163e-13,1.3405382019051492e-13,0.6566962439812887,0.9622346399863871,1.5829753722433104e-11,3.773011670988953,7.864836842295873,0.4152571177832904,1.7572249395943969,2.9647473538746016,4.037824360623904,361928346.1392002,392.06571713443714,203.50839314711922,169919.18259441294,15169919.182594413,158281.20860728435,434.0113471182382,434.0113471182382,434.0113471182382,131.0405806498764,302.9707664683618,361928346.1391996,361928346.1391995,0.0,0.9999999999999997,0.00921609988804459,0.002228926289618844,0.5185064901148816,0.0,3.2937262533433265e-16,465,0,0.0,0.2555744370000639,0.0,9.35795058053132e-13,0,0.05,24000000.0,False,8830080.817405587,0.50270;0.50300;0.50342;0.50400;0.50481;0.50594;0.50696;0.50848;0.50212;0.48955;0.47026;0.44019;0.40225;0.36023;0.30994;0.21070;0.14247;0.09473;0.03913;0.00000;0.00000;0.00000;0.00000;0.00000
ok,R0025_S+01,25,1,20286909,111.12319168879787,0.6085875112438404,0.1614088745967437,54.42491363985051,3018.412862084284,1.6844511923538008,3.605434580701115,0.6207214079469612,0.3426973003199866,0.0473541730408558,645.79484851058,4,1.9458378925814117e-13,2.908549166873163e-13,1.3405382019051492e-13,0.6566962439812887,0.9622346399863871,1.5829753722433104e-11,3.773011670988953,7.864836842295873,23.964602593962187,21.30701750968445,12.604120790600351,0.696645666636961,2310504932.667189,993.0526024761594,517.2725127097509,1585167.1895962823,16585167.189596282,1198118.9946563132,1099.6600705114608,1099.6600705114608,1099.6600705114608,330.20331746855726,769.4567530429035,2310504932.6671925,2310504932.6671896,0.0,0.9999999999999988,0.06128680093302763,0.014229184427392766,0.552142897251167,0.0,1.238267405867882e-15,7286,0,0.0,4.130820030999985,0.0,6.126858745964996e-13,11,0.05,24000000.0,False,7414832.810403718,0.51913;0.51869;0.51807;0.51722;0.51604;0.51439;0.49720;0.48432;0.47473;0.47007;0.46496;0.46028;0.45315;0.43775;0.41555;0.38725;0.34960;0.29640;0.19286;0.13657;0.07803;0.02582;0.00000;0.00000
ok,R0025_S+02,25,2,20286909,111.12319168879787,0.6085875112438404,0.1614088745967437,54.42491363985051,3018.412862084284,1.6844511923538008,3.605434580701115,0.6207214079469612,0.3426973003199866,0.0473541730408558,645.79484851058,4,1.9458378925814117e-13,2.908549166873163e-13,1.3405382019051492e-13,0.6566962439812887,0.9622346399863871,1.5829753722433104e-11,3.773011670988953,7.864836842295873,9.61198186141396,7.5934021628463775,4.313671152522415,0.2661480500903103,859360911.690462,605.6952692555902,314.46223199355063,674228.5880463757,15674228.588046376,521281.62461591884,670.0987709755698,670.0987709755698,670.0987709755698,202.2029649141127,467.89580606145705,859360911.6904618,859360911.6904606,0.0,0.9999999999999987,0.02195867035709349,0.0052923517839108215,0.5422961981288357,0.0,1.3871853831038565e-15,1466,0,0.0,0.8175295580000466,0.0,1.5995032987034854e-12,4,0.05,24000000.0,False,8325771.411953624,0.52182;0.52142;0.52086;0.52009;0.51901;0.51750;0.50850;0.50273;0.49784;0.49239;0.48127;0.46360;0.44054;0.41037;0.37259;0.32684;0.24534;0.15200;0.11716;0.05224;0.00102;0.00000;0.00000;0.00000
ok,R0025_S+03,25,3,20286909,111.12319168879787,0.6085875112438404,0.1614088745967437,54.42491363985051,3018.412862084284,1.6844511923538008,3.605434580701115,0.6207214079469612,0.3426973003199866,0.0473541730408558,645.79484851058,4,1.9458378925814117e-13,2.908549166873163e-13,1.3405382019051492e-13,0.6566962439812887,0.9622346399863871,1.5829753722433104e-11,3.773011670988953,7.864836842295873,3.212833983025283,4.005078819678089,6.532720742673729,10.795759752012204,968281576.4021161,641.7550881258283,333.48264268212864,431788.4971440248,15431788.497144025,395553.5388946105,709.1609279065888,709.1609279065888,709.1609279065888,212.5892263373726,496.5717015692162,968281576.4021147,968281576.4021144,0.0,0.9999999999999997,0.025722201134830095,0.00596313685959868,0.49652361996644073,0.0,3.6934284134703555e-16,1544,0,0.0,0.8295738369999981,0.0,1.2465582964463306e-13,0,0.05,24000000.0,False,8568211.502855975,0.46595;0.46639;0.46701;0.46787;0.46907;0.47074;0.47164;0.47243;0.47343;0.47961;0.47817;0.46565;0.44868;0.42059;0.38113;0.33620;0.26617;0.16407;0.12547;0.05810;0.00647;0.00000;0.00000;0.00000
ok,R0036_S+00,36,0,20297909,40.4973195741638,0.7080003142808663,0.2601275853778262,32.293359475084564,2507.6164069539154,2.949259684760688,2.443759193969706,0.2613901333320336,0.1577231384178662,0.0497293229246696,660.1910032186801,4,2.4541341735066735e-14,2.6077965517996086e-14,2.300313701880861e-14,0.3378585587008238,0.3827658298454602,8.421451148515076e-13,1.8587193756418787,3.1537545813119907,0.5270365796088644,0.422230598319131,0.6051950715366611,1.0759299992614544,103761083.0354989,112.90716381934718,68.27152689158244,1380712.0999240167,16380712.099924017,1187672.7227470689,132.2480710693129,132.2480710693129,132.2480710693129,84.96384319338638,47.28422787592653,103761083.0354989,103761083.03549892,0.0,1.0000000000000002,0.0019081935419362098,0.0009470942087095964,0.7257587964911729,0.0,1.4361030897055737e-16,512,0,0.0,0.3066455829999768,0.0,2.186854468636252e-14,0,0.05,24000000.0,False,7619287.900075983,0.68448;0.68528;0.68640;0.68796;0.69013;0.69315;0.69494;0.69674;0.70277;0.71476;0.70642;0.66850;0.61743;0.52391;0.23455;0.00001;0.00000;0.00000;0.00000;0.00000;0.00000;0.00000;0.00000;0.00000
ok,R0036_S+01,36,1,20297909,40.4973195741638,0.7080003142808663,0.2601275853778262,32.293359475084564,2507.6164069539154,2.949259684760688,2.443759193969706,0.2613901333320336,0.1577231384178662,0.0497293229246696,660.1910032186801,4,2.4541341735066735e-14,2.6077965517996086e-14,2.300313701880861e-14,0.3378585587008238,0.3827658298454602,8.421451148515076e-13,1.8587193756418787,3.1537545813119907,2.8855097212441367,2.1693579111281704,1.1961552360843837,0.0777115570571183,249649586.88324323,175.56810596863693,107.12078854645185,5099795.871060379,20099795.87106038,3527501.252691563,205.2888264422029,205.2888264422029,205.2888264422029,133.54603435192809,71.7427920902748,249649586.8832435,249649586.88324338,0.0,0.9999999999999996,0.004433677005336529,0.0022787125113219267,0.7368432992891889,0.0,4.775064563056266e-16,1703,0,0.0,0.8366162519999989,0.0,8.876845378223965e-14,0,0.05,24000000.0,False,3900204.128939621,0.72183;0.72122;0.72038;0.71920;0.71757;0.71529;0.69554;0.69070;0.69220;0.68778;0.67614;0.66595;0.65572;0.62889;0.56841;0.33046;0.03319;0.00000;0.00000;0.00000;0.00000;0.00000;0.00000;0.00000
ok,R0036_S+02,36,2,20297909,40.4973195741638,0.7080003142808663,0.2601275853778262,32.293359475084564,2507.6164069539154,2.949259684760688,2.443759193969706,0.2613901333320336,0.1577231384178662,0.0497293229246696,660.1910032186801,4,2.4541341735066735e-14,2.6077965517996086e-14,2.300313701880861e-14,0.3378585587008238,0.3827658298454602,8.421451148515076e-13,1.8587193756418787,3.1537545813119907,1.9372232567279832,3.2648391835140878,3.929753263199858,3.931965495785295,515326976.96591634,253.39097025281427,154.62611244838763,5857221.958422601,20857221.9584226,4836470.673705254,287.5560636699186,287.5560636699186,287.5560636699186,188.10732483894864,99.44873883096997,515326976.9659177,515326976.96591675,0.0,0.9999999999999981,0.009290447641501904,0.004703721050639732,0.6553928793801805,0.0,1.8506198181612434e-15,4202,0,0.0,2.3795880709999437,0.0,7.241962505973289e-15,0,0.05,24000000.0,False,3142778.041577399,0.60406;0.60538;0.60721;0.60977;0.61333;0.61828;0.62231;0.62544;0.62864;0.63194;0.63529;0.63870;0.64266;0.64838;0.63501;0.57913;0.35661;0.06115;0.00000;0.00000;0.00000;0.00000;0.00000;0.00000
ok,R0036_S+03,36,3,20297909,40.4973195741638,0.7080003142808663,0.2601275853778262,32.293359475084564,2507.6164069539154,2.949259684760688,2.443759193969706,0.2613901333320336,0.1577231384178662,0.0497293229246696,660.1910032186801,4,2.4541341735066735e-14,2.6077965517996086e-14,2.300313701880861e-14,0.3378585587008238,0.3827658298454602,8.421451148515076e-13,1.8587193756418787,3.1537545813119907,0.3902545671825643,0.5981717632896729,0.7775037875086421,0.9282506398394724,106277348.35373941,114.06979823059956,69.10693255358822,1178687.9354605041,16178687.935460504,1017780.0129115153,133.75718653886383,133.75718653886383,133.75718653886383,86.54930498390463,47.2078815549592,106277348.35373949,106277348.35373956,0.0,1.0000000000000007,0.0019081935419362098,0.000970061782481501,0.7194812829804434,0.0,7.010506671774401e-16,502,0,0.0,0.3088573559999759,0.0,2.2009649499688636e-14,0,0.05,24000000.0,False,7821312.064539496,0.69212;0.69287;0.69393;0.69539;0.69742;0.70026;0.70192;0.70359;0.70712;0.71329;0.70535;0.67021;0.61950;0.53102;0.24192;0.00006;0.00000;0.00000;0.00000;0.00000;0.00000;0.00000;0.00000;0.00000
ok,R0039_S+00,39,0,20300909,47.34625327232462,0.8137772903003397,0.1010066565840275,57.68918303288254,3720.4088825803296,2.1865117178544797,3.95585394967037,0.346490881350797,0.2481452524720415,0.044446626945157,768.5233190287825,4,5.007449548492638e-13,2.3400286584317162e-12,1.7167479184764244e-13,0.8771634445605857,1.768031764072414,1.3499434157845788e-10,3.658332953048254,4.677397208724088,10.479571505691412,7.22753186976069,3.959688346430441,0.676040935700663,881357719.8436847,722.4451598123593,449.97861884807105,107028.23050469346,15107028.230504693,81499.02965773456,788.1954240988853,788.1954240988853,788.1954240988853,64.36651253368115,723.8289115652042,881357719.8436854,881357719.8436856,0.0,1.0000000000000002,0.013633107892975812,0.004526052231573246,0.6652395704520099,0.0,2.705128391498603e-16,669,0,0.0,0.37570355499997277,0.0,3.7246784708779706e-12,2,0.05,24000000.0,False,8892971.769495307,0.63337;0.63306;0.63262;0.63202;0.63118;0.63002;0.61754;0.60369;0.58544;0.56073;0.53321;0.50158;0.45498;0.35637;0.31861;0.21603;0.12943;0.11345;0.10250;0.08842;0.03012;0.00000;0.00000;0.00000
ok,R0039_S+01,39,1,20300909,47.34625327232462,0.8137772903003397,0.1010066565840275,57.68918303288254,3720.4088825803296,2.1865117178544797,3.95585394967037,0.346490881350797,0.2481452524720415,0.044446626945157,768.5233190287825,4,5.007449548492638e-13,2.3400286584317162e-12,1.7167479184764244e-13,0.8771634445605857,1.768031764072414,1.3499434157845788e-10,3.658332953048254,4.677397208724088,0.0621594631966944,0.5265531515851627,0.8634675217516814,1.07290257369625,99606937.67043447,241.12989685344647,151.63513502931482,6112.618821781129,15006112.618821781,5611.260358648375,260.90645584524094,260.90645584524094,260.90645584524094,20.2085094681306,240.69794637711033,99606937.67043455,99606937.67042512,0.0,0.9999999999999053,0.001447862800117547,0.0005115133076764356,0.6703764745634914,0.0,9.469656688888763e-14,295,0,0.0,0.14110783099999935,0.0,3.025629031194644e-11,0,0.05,24000000.0,False,8993887.381178219,0.58520;0.58462;0.58381;0.58268;0.58111;0.57893;0.55557;0.52590;0.49015;0.40287;0.34596;0.28699;0.19973;0.12072;0.11062;0.09934;0.08285;0.00174;0.00000;0.00000;0.00000;0.00000;0.00000;0.00000
ok,R0039_S+02,39,2,20300909,47.34625327232462,0.8137772903003397,0.1010066565840275,57.68918303288254,3720.4088825803296,2.1865117178544797,3.95585394967037,0.346490881350797,0.2481452524720415,0.044446626945157,768.5233190287825,4,5.007449548492638e-13,2.3400286584317162e-12,1.7167479184764244e-13,0.8771634445605857,1.768031764072414,1.3499434157845788e-10,3.658332953048254,4.677397208724088,0.3443218950570662,0.3990743852733803,0.5984609018123523,0.942481444673982,90110305.81204155,226.59997689119982,144.38297252497676,5397.436830600724,15005397.4368306,4959.248421980068,251.06973400152802,251.06973400152802,251.06973400152802,19.61614693475086,231.45358706677717,90110305.8120415,90110305.81204616,0.0,1.0000000000000515,0.0014417292184198307,0.000462745082417492,0.6718765923851285,0.0,5.159412400816864e-14,286,0,0.0,0.15148723200002223,0.0,8.384813128342104e-12,0,0.05,24000000.0,False,8994602.5631694,0.58206;0.58146;0.58062;0.57945;0.57782;0.57556;0.55133;0.52071;0.48344;0.38440;0.34073;0.26498;0.18396;0.11925;0.10902;0.09744;0.07822;0.00001;0.00000;0.00000;0.00000;0.00000;0.00000;0.00000
ok,R0039_S+03,39,3,20300909,47.34625327232462,0.8137772903003397,0.1010066565840275,57.68918303288254,3720.4088825803296,2.1865117178544797,3.95585394967037,0.346490881350797,0.2481452524720415,0.044446626945157,768.5233190287825,4,5.007449548492638e-13,2.3400286584317162e-12,1.7167479184764244e-13,0.8771634445605857,1.768031764072414,1.3499434157845788e-10,3.658332953048254,4.677397208724088,15.544301353395095,10.228704102520128,10.900198394771042,17.55878423014784,2139289233.8246627,1125.4260114553185,700.8387055271488,155973.3889347911,15155973.388934791,117745.27303257212,1230.107928887186,1230.107928887186,1230.107928887186,102.52319086394401,1127.5847380232422,2139289233.8246613,2139289233.8246658,0.0,1.0000000000000022,0.03341697982042409,0.010985930675741978,0.6256210345406908,0.0,2.1175037630750625e-15,1832,0,0.0,1.1072066660000246,0.0,2.9065082036626916e-13,0,0.05,24000000.0,False,8844026.611065209,0.60373;0.60410;0.60462;0.60533;0.60632;0.60771;0.60743;0.60516;0.59886;0.58412;0.56331;0.53863;0.51256;0.47642;0.37955;0.33440;0.25263;0.16980;0.11688;0.10634;0.09390;0.06686;0.00000;0.00000
ok,R0041_S+00,41,0,20302909,49.81047436216127,0.6703526912774255,0.18674420394154206,24.15888041735928,2849.207043634984,1.5570018115675657,3.7482413261568728,0.464973412484194,0.2509558245772613,0.0404982435677703,748.8629380621278,4,4.2134501150179556e-14,5.3798201314635295e-14,3.4310688924879215e-14,0.5472011470325049,0.8364095184367938,1.2997043122292951e-12,1.6167911966471709,6.888793757775217,0.0531172412327965,0.4302095761298281,0.6611501966564121,0.7459391028125484,74571244.56065553,214.20468219048843,102.93998855639278,380705.66869916767,15380705.668699168,350072.1309156921,241.42663338438308,241.42663338438308,241.42663338438308,94.60827767516115,146.81835570922192,74571244.56065552,74571244.56065544,0.0,0.999999999999999,0.003272789588759743,0.0008654604542299184,0.5437935828603107,0.0,9.991224688309445e-16,346,0,0.0,0.1867340090000198,0.0,3.943635848139614e-13,0,0.05,24000000.0,False,8619294.331300832,0.52945;0.52990;0.53051;0.53137;0.53256;0.53422;0.53531;0.53608;0.52854;0.50691;0.47332;0.42850;0.37801;0.31811;0.20555;0.10515;0.05200;0.00027;0.00000;0.00000;0.00000;0.00000;0.00000;0.00000
ok,R0041_S+01,41,1,20302909,49.81047436216127,0.6703526912774255,0.18674420394154206,24.15888041735928,2849.207043634984,1.5570018115675657,3.7482413261568728,0.464973412484194,0.2509558245772613,0.0404982435677703,748.8629380621278,4,4.2134501150179556e-14,5.3798201314635295e-14,3.4310688924879215e-14,0.5472011470325049,0.8364095184367938,1.2997043122292951e-12,1.6167911966471709,6.888793757775217,0.2053021739471276,3.6829615661179487,5.501933385355024,5.662217631658353,593772604.9224737,610.0957803567185,294.44057494814535,2908847.392509721,17908847.39250972,2558655.110411439,682.0957296793649,682.0957296793649,682.0957296793649,273.3794849760145,408.7162447033504,593772604.9224757,593772604.9224751,0.0,0.999999999999999,0.026863245283528122,0.006891218074356478,0.4510118008846879,0.0,1.0038294842378715e-15,6833,0,0.0,3.920764704999897,0.0,1.7064747341316342e-13,0,0.05,24000000.0,False,6091152.607490279,0.41596;0.41692;0.41825;0.42010;0.42267;0.42626;0.42850;0.43059;0.43269;0.43476;0.43673;0.43854;0.44101;0.43857;0.41827;0.38196;0.32853;0.22555;0.12045;0.05705;0.00017;0.00000;0.00000;0.00000
ok,R0041_S+02,41,2,20302909,49.81047436216127,0.6703526912774255,0.18674420394154206,24.15888041735928,2849.207043634984,1.5570018115675657,3.7482413261568728,0.464973412484194,0.2509558245772613,0.0404982435677703,748.8629380621278,4,4.2134501150179556e-14,5.3798201314635295e-14,3.4310688924879215e-14,0.5472011470325049,0.8364095184367938,1.2997043122292951e-12,1.6167911966471709,6.888793757775217,0.4881250437633562,0.3446740447562073,0.2403770253180159,0.1752339854487821,49246033.186549105,174.06224203607667,83.71983321575156,374902.40957003273,15374902.409570033,299866.43421158195,195.86319735625045,195.86319735625045,195.86319735625045,76.2245215113238,119.63867584492665,49246033.186549105,49246033.186549135,0.0,1.0000000000000007,0.002128565933489531,0.0005715406052535846,0.5896937569029025,0.0,6.051720404524972e-16,279,0,0.0,0.19154709899999034,0.0,1.607769356638966e-13,0,0.05,24000000.0,False,8625097.590429967,0.57640;0.57632;0.57620;0.57603;0.57580;0.57547;0.56335;0.54608;0.52100;0.48712;0.44514;0.39695;0.34227;0.25180;0.13639;0.06356;0.00995;0.00000;0.00000;0.00000;0.00000;0.00000;0.00000;0.00000
ok,R0041_S+03,41,3,20302909,49.81047436216127,0.6703526912774255,0.18674420394154206,24.15888041735928,2849.207043634984,1.5570018115675657,3.7482413261568728,0.464973412484194,0.2509558245772613,0.0404982435677703,748.8629380621278,4,4.2134501150179556e-14,5.3798201314635295e-14,3.4310688924879215e-14,0.5472011470325049,0.8364095184367938,1.2997043122292951e-12,1.6167911966471709,6.888793757775217,6.6647993440142885,5.59413234265006,3.294764120698144,0.1915048810690128,621100931.5565577,624.4258248370272,302.49757807118743,4260265.152308971,19260265.15230897,3449816.7437704243,703.2883868278861,703.2883868278861,703.2883868278861,276.9284698501672,426.35991697771897,621100931.5565567,621100931.5565569,0.0,1.0000000000000004,0.028123690501278702,0.007208385719116674,0.5801399271399986,0.0,3.83864468700853e-16,7797,0,0.0,4.456872255999997,0.0,1.5771598142500975e-13,21,0.05,24000000.0,False,4739734.847691029,0.53480;0.53420;0.53336;0.53220;0.53059;0.52834;0.50241;0.48372;0.47329;0.46795;0.46507;0.45654;0.44723;0.43504;0.41393;0.37992;0.33068;0.23318;0.12576;0.05923;0.00094;0.00000;0.00000;0.00000
ok,R0054_S+00,54,0,20315909,95.27713575874076,0.6846500069849774,0.20990340757472864,64.33594377028982,3440.0849264845183,2.9851622355316194,3.599474792806455,0.2436822720668166,0.2542841124838523,0.061638106179342,697.1867067452185,4,1.736441367203573e-13,1.894241574446654e-13,1.5986025915806856e-13,0.3821813304990126,0.4782497524454361,1.2186781942094519e-11,6.866340904754461,2.3720612507898893,2.7612034033194384,1.7835930862067564,1.5039672536381654,1.9223259056136648,314435573.3753467,173.2890577027657,101.14649476425808,474881.16285605356,15474881.162856054,324497.56655761786,200.98513870034586,200.98513870034586,200.98513870034586,127.91278846121565,73.0723502391302,314435573.37534684,314435573.37534666,0.0,0.9999999999999994,0.0020916042358465705,0.0008982996081637024,0.630667900877161,0.0,5.686822658348481e-16,413,0,0.0,0.22131453500003317,0.0,5.749724226036341e-14,0,0.05,24000000.0,False,8525118.837143946,0.61732;0.61781;0.61850;0.61945;0.62078;0.62263;0.62438;0.62719;0.62589;0.61626;0.59877;0.57356;0.54250;0.50626;0.44945;0.21263;0.02187;0.00000;0.00000;0.00000;0.00000;0.00000;0.00000;0.00000
ok,R0054_S+01,54,1,20315909,95.27713575874076,0.6846500069849774,0.20990340757472864,64.33594377028982,3440.0849264845183,2.9851622355316194,3.599474792806455,0.2436822720668166,0.2542841124838523,0.061638106179342,697.1867067452185,4,1.736441367203573e-13,1.894241574446654e-13,1.5986025915806856e-13,0.3821813304990126,0.4782497524454361,1.2186781942094519e-11,6.866340904754461,2.3720612507898893,2.806834270887258,4.261984509764609,9.262682930779484,17.808929533931888,1346737591.3358436,361.28535782246723,210.35455102362747,2431454.6737992465,17431454.673799247,1986299.7364699729,425.37771948174054,425.37771948174054,425.37771948174054,269.1581381605528,156.21958132118772,1346737591.3358457,1346737591.3358436,0.0,0.9999999999999984,0.009858445455181372,0.003847445877735313,0.5822456405243106,0.0,1.5933075795305077e-15,3451,0,0.0,2.047293059000026,0.0,3.0592920056259064e-14,0,0.05,24000000.0,False,6568545.326200753,0.52746;0.52847;0.52989;0.53186;0.53460;0.53841;0.54085;0.54318;0.54558;0.54804;0.55065;0.55362;0.56566;0.57020;0.55086;0.51525;0.46687;0.23987;0.05667;0.00000;0.00000;0.00000;0.00000;0.00000
ok,R0054_S+02,54,2,20315909,95.27713575874076,0.6846500069849774,0.20990340757472864,64.33594377028982,3440.0849264845183,2.9851622355316194,3.599474792806455,0.2436822720668166,0.2542841124838523,0.061638106179342,697.1867067452185,4,1.736441367203573e-13,1.894241574446654e-13,1.5986025915806856e-13,0.3821813304990126,0.4782497524454361,1.2186781942094519e-11,6.866340904754461,2.3720612507898893,13.208625701726726,11.104616335033464,6.90670829839978,0.6149015918256738,1255789403.9638028,348.35183241602414,203.05938728169596,2161502.177789964,17161502.177789964,1437083.9922876619,396.7493095908615,396.7493095908615,396.7493095908615,252.56965085109394,144.17965873976758,1255789403.963802,1255789403.963802,0.0,1.0,0.007899845816368956,0.003587619293222309,0.6381309516737524,0.0,0.0,2884,0,0.0,1.6230262420000372,0.0,1.154301728357622e-13,0,0.05,24000000.0,False,6838497.822210036,0.62756;0.62738;0.62714;0.62679;0.62631;0.62565;0.60918;0.59103;0.58340;0.58460;0.58383;0.57811;0.57234;0.56414;0.54355;0.51016;0.45852;0.22282;0.03596;0.00000;0.00000;0.00000;0.00000;0.00000
ok,R0054_S+03,54,3,20315909,95.27713575874076,0.6846500069849774,0.20990340757472864,64.33594377028982,3440.0849264845183,2.9851622355316194,3.599474792806455,0.2436822720668166,0.2542841124838523,0.061638106179342,697.1867067452185,4,1.736441367203573e-13,1.894241574446654e-13,1.5986025915806856e-13,0.3821813304990126,0.4782497524454361,1.2186781942094519e-11,6.866340904754461,2.3720612507898893,0.2132685923319237,3.0915117739194664,4.630522428465043,4.830300555968654,503564755.37447464,219.98764258577572,128.1518049840267,559474.5464701653,15559474.546470165,472559.88292277604,252.5184218639868,252.5184218639868,252.5184218639868,160.836358432853,91.6820634311338,503564755.374475,503564755.3744747,0.0,0.9999999999999994,0.0032573112408486723,0.0014386159224356006,0.6048771393005465,0.0,5.918270107194629e-16,740,0,0.0,0.38554413999997905,0.0,3.1438085331500775e-13,0,0.05,24000000.0,False,8440525.453529835,0.58519;0.58586;0.58678;0.58806;0.58985;0.59234;0.59389;0.59544;0.59695;0.59914;0.60084;0.59078;0.56566;0.53300;0.49399;0.39331;0.17210;0.00203;0.00000;0.00000;0.00000;0.00000;0.00000;0.00000
ok,R0060_S+00,60,0,20321909,53.80722789309199,0.221685287889806,0.10856102505688871,66.11755588342686,3104.5887621360835,1.8727989891120247,2.757667170067638,0.2053392868888083,0.286028341757605,0.0476914030723284,711.9010635747788,4,5.3650667751309464e-14,5.490018578706081e-14,5.2547608486376996e-14,0.21500983626352121,0.2593718359979683,3.629866101786511e-12,3.3052380097657084,2.5833497065799342,1.5800252777752843,1.6294002623580404,2.3674978087305827,3.79431791689291,369667354.21030915,246.54752670167795,150.57623630381508,1037593.8968319967,16037593.896831997,890063.3829093892,291.7767141038881,291.7767141038881,291.7767141038881,225.70123759631096,66.07547650757712,369667354.21030873,369667354.210309,0.0,1.0000000000000009,0.006411905000403708,0.0023891460384691506,0.6079640529878397,0.0,8.061929745286723e-16,989,0,0.0,0.4253365339999391,0.0,2.8137684996163666e-14,0,0.05,24000000.0,False,7962406.103168003,0.57100;0.57172;0.57273;0.57414;0.57609;0.57881;0.58046;0.58205;0.58366;0.58526;0.58924;0.60409;0.58885;0.55140;0.50426;0.44439;0.31469;0.03576;0.00000;0.00000;0.00000;0.00000;0.00000;0.00000
ok,R0060_S+01,60,1,20321909,53.80722789309199,0.221685287889806,0.10856102505688871,66.11755588342686,3104.5887621360835,1.8727989891120247,2.757667170067638,0.2053392868888083,0.286028341757605,0.0476914030723284,711.9010635747788,4,5.3650667751309464e-14,5.490018578706081e-14,5.2547608486376996e-14,0.21500983626352121,0.2593718359979683,3.629866101786511e-12,3.3052380097657084,2.5833497065799342,0.3422009814084305,0.6668254999307321,1.3173944936502031,2.293907962566844,182258115.59977978,173.0189795497933,105.58599816451756,625341.9340245258,15625341.934024526,542091.0836240798,206.95746657053004,206.95746657053004,206.95746657053004,154.4017984573467,52.555668113183344,182258115.59977975,182258115.5997799,0.0,1.0000000000000009,0.003030549575649008,0.0011779272632669042,0.6199789153829499,0.0,8.175856062601398e-16,530,0,0.0,0.29110457700005554,0.0,1.0736324192753076e-13,0,0.05,24000000.0,False,8374658.065975474,0.59162;0.59221;0.59303;0.59417;0.59575;0.59796;0.59927;0.60051;0.60172;0.60854;0.61463;0.58785;0.54841;0.50070;0.43965;0.29453;0.02600;0.00000;0.00000;0.00000;0.00000;0.00000;0.00000;0.00000
ok,R0060_S+02,60,2,20321909,53.80722789309199,0.221685287889806,0.10856102505688871,66.11755588342686,3104.5887621360835,1.8727989891120247,2.757667170067638,0.2053392868888083,0.286028341757605,0.0476914030723284,711.9010635747788,4,5.3650667751309464e-14,5.490018578706081e-14,5.2547608486376996e-14,0.21500983626352121,0.2593718359979683,3.629866101786511e-12,3.3052380097657084,2.5833497065799342,8.30474775647827,7.646454447122462,6.5965182874852895,5.154939277566755,1092786819.894046,425.19588477295963,260.45648383043215,2749445.6346740946,17749445.634674095,2145153.9711598977,503.04257159125245,503.04257159125245,503.04257159125245,389.55427518635565,113.4882964048968,1092786819.894046,1092786819.8940454,0.0,0.9999999999999993,0.019071409454533415,0.007062639618849932,0.5782646019957843,0.0,6.545244912214781e-16,4936,0,0.0,2.9229263330000776,0.0,9.85189165277337e-15,0,0.05,24000000.0,False,6250554.365325905,0.55762;0.55845;0.55961;0.56121;0.56345;0.56656;0.56847;0.57032;0.57222;0.57413;0.57601;0.57621;0.57125;0.56700;0.55887;0.53214;0.48469;0.41569;0.19235;0.00244;0.00000;0.00000;0.00000;0.00000
ok,R0060_S+03,60,3,20321909,53.80722789309199,0.221685287889806,0.10856102505688871,66.11755588342686,3104.5887621360835,1.8727989891120247,2.757667170067638,0.2053392868888083,0.286028341757605,0.0476914030723284,711.9010635747788,4,5.3650667751309464e-14,5.490018578706081e-14,5.2547608486376996e-14,0.21500983626352121,0.2593718359979683,3.629866101786511e-12,3.3052380097657084,2.5833497065799342,0.0298236033492843,0.5230826103376272,0.8446486009533366,0.991427514249458,94238185.92771223,124.10739031327729,75.78274759920457,266963.9169235602,15266963.91692356,234397.51524049044,148.70807071924747,148.70807071924747,148.70807071924747,110.83348907081103,37.87458164843645,94238185.92771234,94238185.92771232,0.0,0.9999999999999999,0.0015757369544050779,0.000609057808371206,0.6319814251307827,0.0,1.5812232639195697e-16,312,0,0.0,0.12811836600008064,0.0,6.80329160114469e-13,0,0.05,24000000.0,False,8733036.08307644,0.62046;0.62088;0.62147;0.62228;0.62341;0.62498;0.62585;0.62751;0.63032;0.61730;0.58739;0.54837;0.50105;0.44078;0.29581;0.02512;0.00000;0.00000;0.00000;0.00000;0.00000;0.00000;0.00000;0.00000
ok,R0065_S+00,65,0,20326909,88.49771450114886,0.8397985895210437,0.23495776598870197,70.26150614877437,1388.6795005979309,1.5147491109493156,3.953465620222148,0.2314606761458578,0.2616203486415395,0.0780994025566674,675.3851479886341,4,6.365083916266036e-14,2.427999074274749e-13,1.1429433016837371e-14,0.9002955945919477,1.5155109380762015,1.7059487188637387e-11,1.7819478444561716,1.7782006153856127,2.5905334986641506,1.7975468465722086,2.084534573109524,3.4514966782760985,391476430.1519473,276.42851628906635,158.78649427686506,241922.75082700327,15241922.750827003,202820.5516944211,305.90098414302304,305.90098414302304,305.90098414302304,20.948868428050012,284.95211571497305,391476430.15194654,391476430.15194654,0.0,1.0,0.016670313449294028,0.005795527048056734,0.6170044156256033,0.0,0.0,503,0,0.0,0.28652015600005143,0.0,6.012677622608127e-14,0,0.05,24000000.0,False,8758077.249172997,0.57125;0.57163;0.57216;0.57288;0.57386;0.57521;0.57176;0.56358;0.54561;0.51030;0.42190;0.40064;0.37370;0.33877;0.24233;0.17540;0.10823;0.09285;0.03155;0.00000;0.00000;0.00000;0.00000;0.00000
ok,R0065_S+01,65,1,20326909,88.49771450114886,0.8397985895210437,0.23495776598870197,70.26150614877437,1388.6795005979309,1.5147491109493156,3.953465620222148,0.2314606761458578,0.2616203486415395,0.0780994025566674,675.3851479886341,4,6.365083916266036e-14,2.427999074274749e-13,1.1429433016837371e-14,0.9002955945919477,1.5155109380762015,1.7059487188637387e-11,1.7819478444561716,1.7782006153856127,0.0904746739137878,0.7438324421560361,1.5339937995297743,2.460958746035003,190499805.87250012,193.8723927804741,111.14986247301769,172410.28719231114,15172410.287192311,144895.22193916515,211.67067580098654,211.67067580098654,211.67067580098654,14.393186118875612,197.27748968211094,190499805.87250024,190499805.87250015,0.0,0.9999999999999996,0.007773265168964782,0.0028202126425776013,0.6224153200675692,0.0,4.69328389882587e-16,377,0,0.0,0.16280802000005679,0.0,9.582668291981782e-13,0,0.05,24000000.0,False,8827589.712807689,0.56651;0.56670;0.56695;0.56730;0.56777;0.56842;0.56035;0.54182;0.49960;0.41998;0.39724;0.36897;0.33148;0.22716;0.15080;0.10658;0.08998;0.01527;0.00000;0.00000;0.00000;0.00000;0.00000;0.00000
ok,R0065_S+02,65,2,20326909,88.49771450114886,0.8397985895210437,0.23495776598870197,70.26150614877437,1388.6795005979309,1.5147491109493156,3.953465620222148,0.2314606761458578,0.2616203486415395,0.0780994025566674,675.3851479886341,4,6.365083916266036e-14,2.427999074274749e-13,1.1429433016837371e-14,0.9002955945919477,1.5155109380762015,1.7059487188637387e-11,1.7819478444561716,1.7782006153856127,1.929528751716724,2.1905990069303063,2.528095477985712,2.9420181648829398,378306252.56558913,271.5200087128717,156.1921395007794,205261.39238230698,15205261.392382307,172092.76386963576,301.2542629096331,301.2542629096331,301.2542629096331,20.36748301063354,280.8867798989996,378306252.565589,378306252.56558955,0.0,1.0000000000000013,0.016286660730891862,0.005600552039221112,0.6147500161650548,0.0,1.4180093491463238e-15,474,0,0.0,0.2847878759999958,0.0,7.164939289914612e-14,0,0.05,24000000.0,False,8794738.607617693,0.57463;0.57496;0.57542;0.57604;0.57688;0.57805;0.57343;0.56334;0.54537;0.50725;0.42019;0.39958;0.37211;0.33629;0.23574;0.16866;0.10756;0.09172;0.02304;0.00000;0.00000;0.00000;0.00000;0.00000
ok,R0065_S+03,65,3,20326909,88.49771450114886,0.8397985895210437,0.23495776598870197,70.26150614877437,1388.6795005979309,1.5147491109493156,3.953465620222148,0.2314606761458578,0.2616203486415395,0.0780994025566674,675.3851479886341,4,6.365083916266036e-14,2.427999074274749e-13,1.1429433016837371e-14,0.9002955945919477,1.5155109380762015,1.7059487188637387e-11,1.7819478444561716,1.7782006153856127,2.7384808350993253,3.6152582567482328,4.231070849551848,4.585918613510171,598439729.305518,343.7621419393746,196.0218546194471,324971.3571529258,15324971.357152926,270705.31031864695,375.29162388367575,375.29162388367575,375.29162388367575,26.041703854627098,349.24992002904867,598439729.3055187,598439729.3055179,0.0,0.9999999999999986,0.02466180707143655,0.008859469870164187,0.6024340354299219,0.0,1.3944011167571614e-15,766,0,0.0,0.43653172200004065,0.0,4.9842289266810583e-14,0,0.05,24000000.0,False,8675028.642847074,0.56787;0.56834;0.56899;0.56989;0.57111;0.57278;0.56933;0.56251;0.55303;0.53528;0.48307;0.41233;0.39251;0.36391;0.32304;0.21608;0.13415;0.10385;0.08477;0.00261;0.00000;0.00000;0.00000;0.00000
ok,R0068_S+00,68,0,20329909,189.64448995412243,0.3108431576461734,0.17699284301793128,72.64986449349958,2768.170960610216,2.2122520691703245,2.768472535332629,0.4271881981263243,0.1788431221534,0.0535186648157932,691.5846009073867,4,1.7551845972462726e-13,1.8207916035154484e-13,1.698088862535695e-13,0.26355476176352644,0.3271430533076807,1.3228026326629917e-11,5.442442305119771,4.789224838810952,11.039149210325416,6.559423005981529,3.463076418449939,1.7501094477306485,899855421.0798857,293.0844534104433,172.49547900632686,1046834.4886515476,16046834.488651548,776097.8578379247,342.3481658399983,342.3481658399983,342.3481658399983,243.0647839206594,99.28338191933886,899855421.0798852,899855421.079885,0.0,0.9999999999999998,0.01034368591582305,0.004203404847161387,0.729703328231882,0.0,2.6495209509928235e-16,988,0,0.0,0.5853169000000662,0.0,1.657207323389706e-13,0,0.05,24000000.0,False,7953165.511348452,0.72497;0.72522;0.72557;0.72606;0.72674;0.72768;0.72361;0.71347;0.70562;0.69352;0.68157;0.66691;0.64548;0.60768;0.55686;0.49648;0.40779;0.11212;0.00000;0.00000;0.00000;0.00000;0.00000;0.00000
ok,R0068_S+01,68,1,20329909,189.64448995412243,0.3108431576461734,0.17699284301793128,72.64986449349958,2768.170960610216,2.2122520691703245,2.768472535332629,0.4271881981263243,0.1788431221534,0.0535186648157932,691.5846009073867,4,1.7551845972462726e-13,1.8207916035154484e-13,1.698088862535695e-13,0.26355476176352644,0.3271430533076807,1.3228026326629917e-11,5.442442305119771,4.789224838810952,29.58936070582672,23.129523474733848,15.455764134165753,6.568082684122437,2948376509.7115865,533.078660079331,313.597354436323,2656539.1691680104,17656539.16916801,1928191.2730422877,633.6578188533823,633.6578188533823,633.6578188533823,445.6777630200651,187.98005583331724,2948376509.711591,2948376509.711589,0.0,0.9999999999999993,0.03388112284132134,0.013772457021268806,0.6904109625461995,0.0,6.469148789274123e-16,5231,0,0.0,3.0261926270000004,0.0,3.653145371382876e-14,0,0.05,24000000.0,False,6343460.83083199,0.67978;0.68032;0.68108;0.68214;0.68361;0.68566;0.68684;0.68795;0.68881;0.68398;0.66663;0.65454;0.64691;0.63529;0.62130;0.59277;0.54487;0.48261;0.37454;0.07968;0.00000;0.00000;0.00000;0.00000
ok,R0068_S+02,68,2,20329909,189.64448995412243,0.3108431576461734,0.17699284301793128,72.64986449349958,2768.170960610216,2.2122520691703245,2.768472535332629,0.4271881981263243,0.1788431221534,0.0535186648157932,691.5846009073867,4,1.7551845972462726e-13,1.8207916035154484e-13,1.698088862535695e-13,0.26355476176352644,0.3271430533076807,1.3228026326629917e-11,5.442442305119771,4.789224838810952,4.089744635074612,12.226914162190702,19.338517798402272,25.42455554370932,2409412193.7020006,481.336791901292,283.04691077184236,1494875.8531655073,16494875.853165507,1299310.1589423586,570.986633413087,570.986633413087,570.986633413087,403.3203049032272,167.6663285098598,2409412193.7020073,2409412193.70201,0.0,1.000000000000001,0.0286057298718098,0.011254846786012398,0.6488649581439733,0.0,1.187436071211565e-15,3779,0,0.0,2.2408152680000057,0.0,5.72023657279669e-14,0,0.05,24000000.0,False,7505124.146834493,0.60562;0.60653;0.60780;0.60957;0.61203;0.61546;0.61753;0.61953;0.62154;0.62357;0.62556;0.62743;0.63069;0.64230;0.62910;0.58428;0.52805;0.45931;0.28117;0.03931;0.00000;0.00000;0.00000;0.00000
ok,R0068_S+03,68,3,20329909,189.64448995412243,0.3108431576461734,0.17699284301793128,72.64986449349958,2768.170960610216,2.2122520691703245,2.768472535332629,0.4271881981263243,0.1788431221534,0.0535186648157932,691.5846009073867,4,1.7551845972462726e-13,1.8207916035154484e-13,1.698088862535695e-13,0.26355476176352644,0.3271430533076807,1.3228026326629917e-11,5.442442305119771,4.789224838810952,1.4832092010398337,3.533948403947822,5.734840525760193,8.085885566476948,743097998.2044265,266.5328703624335,156.54122892581887,468717.49911714345,15468717.499117143,419166.0552564021,315.04601857594196,315.04601857594196,315.04601857594196,219.64228616746237,95.40373240847958,743097998.2044245,743097998.2044268,0.0,1.000000000000003,0.009032118505964859,0.0034711595378510434,0.692930103860902,0.0,3.0480185748552563e-15,747,0,0.0,0.43600144899994575,0.0,1.5327889953395948e-13,0,0.05,24000000.0,False,8531282.500882857,0.66598;0.66654;0.66732;0.66840;0.66990;0.67200;0.67317;0.67426;0.67526;0.67703;0.68689;0.67894;0.64261;0.59509;0.54071;0.47628;0.34958;0.07139;0.00000;0.00000;0.00000;0.00000;0.00000;0.00000
ok,R0070_S+00,70,0,20331909,183.02896337911352,0.1327185588867014,0.12135630901399946,49.996656736787855,3854.537455955309,2.920861705256005,2.689714916698615,0.3101033071937578,0.2939075076760082,0.0535994335549314,666.1731259118401,4,2.0707820265674745e-13,2.0999723209518008e-13,2.0387445249121722e-13,0.18031065096050602,0.182308377077573,1.0499159528738286e-11,4.585265160614491,3.471342362705549,8.171770690336073,6.125547563500981,4.802320443451271,4.202089330186939,919183265.4998169,402.299611061735,263.03201400457317,1272179.4311743192,16272179.43117432,874816.7204284575,464.731753013979,464.731753013979,464.731753013979,372.28079775714684,92.45095525683217,919183265.4998175,919183265.4998167,0.0,0.9999999999999991,0.011891351885270822,0.004872112012808079,0.6119879625766854,0.0,9.078331364112878e-16,2108,0,0.0,1.214619895999931,0.0,3.176391815105183e-14,0,0.05,24000000.0,False,7727820.568825681,0.60261;0.60305;0.60367;0.60454;0.60574;0.60742;0.60842;0.60938;0.61034;0.61123;0.61127;0.60886;0.60386;0.59476;0.57667;0.54571;0.50592;0.45237;0.24870;0.00002;0.00000;0.00000;0.00000;0.00000
ok,R0070_S+01,70,1,20331909,183.02896337911352,0.1327185588867014,0.12135630901399946,49.996656736787855,3854.537455955309,2.920861705256005,2.689714916698615,0.3101033071937578,0.2939075076760082,0.0535994335549314,666.1731259118401,4,2.0707820265674745e-13,2.0999723209518008e-13,2.0387445249121722e-13,0.18031065096050602,0.182308377077573,1.0499159528738286e-11,4.585265160614491,3.471342362705549,0.6359364487379247,2.9477242802790524,6.092770183390467,10.07107415807217,778979832.5152092,375.08186845271723,242.14313271026285,999107.3200567253,15999107.320056725,863090.1982379016,421.1475429446432,421.1475429446432,421.1475429446432,337.3382250823743,83.80931786226887,778979832.5152115,778979832.515211,0.0,0.9999999999999993,0.010050027844041758,0.00412896659695916,0.5997907636534799,0.0,6.121302995271236e-16,2123,0,0.0,1.3986415069999794,0.0,2.052304593799988e-13,0,0.05,24000000.0,False,8000892.679943275,0.56890;0.56953;0.57040;0.57162;0.57331;0.57567;0.57710;0.57848;0.57989;0.58131;0.58271;0.58406;0.58895;0.59670;0.57298;0.53715;0.49475;0.43057;0.12573;0.00000;0.00000;0.00000;0.00000;0.00000
ok,R0070_S+02,70,2,20331909,183.02896337911352,0.1327185588867014,0.12135630901399946,49.996656736787855,3854.537455955309,2.920861705256005,2.689714916698615,0.3101033071937578,0.2939075076760082,0.0535994335549314,666.1731259118401,4,2.0707820265674745e-13,2.0999723209518008e-13,2.0387445249121722e-13,0.18031065096050602,0.182308377077573,1.0499159528738286e-11,4.585265160614491,3.471342362705549,1.817254321520594,2.3379571643819363,2.9183094252372377,3.558311104086497,419393877.5046305,274.7216826725226,177.2443511928796,331189.97177884914,15331189.97177885,292182.2417071592,304.832642910676,304.832642910676,304.832642910676,246.25830923582015,58.574333674855836,419393877.5046308,419393877.50463116,0.0,1.0000000000000009,0.005333833866024781,0.0022229886306485216,0.623166599843626,0.0,8.527255351942875e-16,726,0,0.0,0.4109531880000077,0.0,6.232004095193485e-14,0,0.05,24000000.0,False,8668810.02822115,0.60702;0.60743;0.60800;0.60879;0.60990;0.61143;0.61233;0.61319;0.61405;0.61504;0.61888;0.62112;0.60402;0.57458;0.53921;0.49762;0.43638;0.16419;0.00000;0.00000;0.00000;0.00000;0.00000;0.00000
ok,R0070_S+03,70,3,20331909,183.02896337911352,0.1327185588867014,0.12135630901399946,49.996656736787855,3854.537455955309,2.920861705256005,2.689714916698615,0.3101033071937578,0.2939075076760082,0.0535994335549314,666.1731259118401,4,2.0707820265674745e-13,2.0999723209518008e-13,2.0387445249121722e-13,0.18031065096050602,0.182308377077573,1.0499159528738286e-11,4.585265160614491,3.471342362705549,8.231150545128447,6.34467425628828,5.606856285485628,6.017696632720491,1033526299.9059622,431.7212184641296,278.88146186424865,1281049.4300410487,16281049.430041049,880762.2993381005,478.86655100752034,478.86655100752034,478.86655100752034,389.7655002075074,89.10105080001296,1033526299.9059633,1033526299.9059613,0.0,0.999999999999998,0.013137039087790167,0.005478184917331836,0.6045680666062889,0.0,1.960818919216347e-15,2445,0,0.0,1.3196402840000019,0.0,2.1128371483358203e-14,0,0.05,24000000.0,False,7718950.569958951,0.59006;0.59058;0.59130;0.59230;0.59369;0.59563;0.59679;0.59791;0.59904;0.60018;0.60133;0.60291;0.60352;0.59737;0.58123;0.55203;0.51361;0.46422;0.30121;0.00085;0.00000;0.00000;0.00000;0.00000
ok,R0071_S+00,71,0,20332909,473.9881123312769,0.1799277774852913,0.1711794250402899,38.16893374232774,3331.9757804989654,2.192031256337273,3.7144811636724473,0.6102518326048814,0.2864785202786941,0.0686602405438929,779.4773176034324,4,5.143765935857851e-13,5.258428167887966e-13,5.0468734675349e-13,0.2088598983448392,0.25882271464775874,2.0070859632890556e-11,4.736367983444112,5.332796632555589,5.994343746463978,4.21578917497865,3.9535988362584185,5.207772730303283,764147737.5383068,391.25762820091705,237.8621047940667,377896.9329623319,15377896.932962332,278296.416569788,464.754573744087,464.754573744087,464.754573744087,363.94550336992813,100.80907037415886,764147737.538307,764147737.5383079,0.0,1.0000000000000013,0.013900758557693972,0.004301884189449619,0.5724444198301175,0.0,1.2480234770811477e-15,692,0,0.0,0.34529401100007817,0.0,9.388224933206112e-14,0,0.05,24000000.0,False,8622103.067037668,0.55739;0.55780;0.55837;0.55917;0.56027;0.56181;0.56271;0.56351;0.56433;0.56891;0.56955;0.55780;0.53566;0.50471;0.46875;0.42928;0.38524;0.32418;0.07878;0.00006;0.00000;0.00000;0.00000;0.00000
ok,R0071_S+01,71,1,20332909,473.9881123312769,0.1799277774852913,0.1711794250402899,38.16893374232774,3331.9757804989654,2.192031256337273,3.7144811636724473,0.6102518326048814,0.2864785202786941,0.0686602405438929,779.4773176034324,4,5.143765935857851e-13,5.258428167887966e-13,5.0468734675349e-13,0.2088598983448392,0.25882271464775874,2.0070859632890556e-11,4.736367983444112,5.332796632555589,0.8114588233146174,12.588292953987002,22.484066561552076,29.765833586162763,2589681819.486124,719.7503358441782,439.1965859092127,1102116.7327567227,16102116.732756723,952156.6453481875,836.8645975817385,836.8645975817385,836.8645975817385,661.8148496409731,175.04974794076543,2589681819.486126,2589681819.486124,0.0,0.9999999999999992,0.044094102460326405,0.014579001844383512,0.5183278973041382,0.0,7.365185245772694e-16,5942,0,0.0,3.189654879000045,0.0,3.9888347275324467e-13,0,0.05,24000000.0,False,7897883.267243277,0.48373;0.48449;0.48555;0.48702;0.48907;0.49192;0.49364;0.49531;0.49701;0.49873;0.50044;0.50218;0.50386;0.50677;0.51559;0.49895;0.46362;0.42327;0.37783;0.30869;0.06077;0.00000;0.00000;0.00000
ok,R0071_S+02,71,2,20332909,473.9881123312769,0.1799277774852913,0.1711794250402899,38.16893374232774,3331.9757804989654,2.192031256337273,3.7144811636724473,0.6102518326048814,0.2864785202786941,0.0686602405438929,779.4773176034324,4,5.143765935857851e-13,5.258428167887966e-13,5.0468734675349e-13,0.2088598983448392,0.25882271464775874,2.0070859632890556e-11,4.736367983444112,5.332796632555589,20.19262482458513,20.776455701184627,15.779084667963648,5.200511724922187,2443689458.410207,700.1979795424421,426.3445128220444,1198818.9047774822,16198818.904777482,861583.3502726238,821.5706854632917,821.5706854632917,821.5706854632917,650.5970636614237,170.97362180186803,2443689458.410206,2443689458.4102097,0.0,1.0000000000000016,0.04184438198147519,0.013757115972004795,0.5676537976797038,0.0,1.5610401119079723e-15,4513,0,0.0,2.311368886999958,0.0,7.4232445910033e-14,0,0.05,24000000.0,False,7801181.095222518,0.55975;0.56018;0.56078;0.56161;0.56277;0.56438;0.56531;0.56618;0.56671;0.56045;0.54222;0.52998;0.52762;0.52167;0.51494;0.49392;0.45948;0.41927;0.37321;0.29725;0.04953;0.00000;0.00000;0.00000
ok,R0071_S+03,71,3,20332909,473.9881123312769,0.1799277774852913,0.1711794250402899,38.16893374232774,3331.9757804989654,2.192031256337273,3.7144811636724473,0.6102518326048814,0.2864785202786941,0.0686602405438929,779.4773176034324,4,5.143765935857851e-13,5.258428167887966e-13,5.0468734675349e-13,0.2088598983448392,0.25882271464775874,2.0070859632890556e-11,4.736367983444112,5.332796632555589,3.2047691628757065,3.934114551288923,5.230643293557395,7.094355389681121,767791768.930362,392.1833146509111,238.40230457800965,248311.8255433999,15248311.8255434,221588.79332316667,465.5361025029663,465.5361025029663,465.5361025029663,365.17354016838027,100.36256233458602,767791768.9303612,767791768.9303615,0.0,1.0000000000000004,0.013900758557693972,0.004322398810198003,0.5679278399902115,0.0,4.657875782525883e-16,718,0,0.0,0.36164846999997735,0.0,1.3396171978838046e-13,0,0.05,24000000.0,False,8751688.1744566,0.54564;0.54609;0.54672;0.54760;0.54883;0.55053;0.55153;0.55247;0.55330;0.55441;0.56248;0.56167;0.53780;0.50537;0.46914;0.42966;0.38567;0.32477;0.07971;0.00008;0.00000;0.00000;0.00000;0.00000
ok,R0072_S+00,72,0,20333909,143.20012230089014,0.3864567033726394,0.2624482117108802,36.24429895539504,1973.2478075400988,1.7507614065665795,2.254583965657518,0.2476007920280435,0.161710275013843,0.0684257145243818,644.4441266281112,4,2.697327444984862e-13,2.8380854281557934e-13,2.581238924260374e-13,0.30033689866716096,0.3905707417777278,1.028644167190289e-11,1.91395019833025,2.1711205538656126,0.513635125794984,0.4388926030561075,0.3895262519097772,0.3655360723559931,67359304.82530086,91.1257018235688,51.85819026762057,76501.86750712991,15076501.86750713,60287.16959569976,107.86074935997102,107.86074935997102,107.86074935997102,72.35037831784969,35.510371042121335,67359304.82530083,67359304.8253001,0.0,0.9999999999999891,0.0018726783856661776,0.0008982885760171588,0.8093711605073275,0.0,1.083973328394982e-14,284,0,0.0,0.12344037399998342,0.0,2.416163986643987e-13,0,0.05,24000000.0,False,8923498.13249287,0.80586;0.80596;0.80610;0.80630;0.80657;0.80695;0.80289;0.79224;0.77156;0.73891;0.69283;0.63121;0.54274;0.25400;0.04273;0.00000;0.00000;0.00000;0.00000;0.00000;0.00000;0.00000;0.00000;0.00000
ok,R0072_S+01,72,1,20333909,143.20012230089014,0.3864567033726394,0.2624482117108802,36.24429895539504,1973.2478075400988,1.7507614065665795,2.254583965657518,0.2476007920280435,0.161710275013843,0.0684257145243818,644.4441266281112,4,2.697327444984862e-13,2.8380854281557934e-13,2.581238924260374e-13,0.30033689866716096,0.3905707417777278,1.028644167190289e-11,1.91395019833025,2.1711205538656126,0.0197830389943485,0.3551295000937159,0.6098157403474811,0.6908782999339897,66097652.736390054,90.2352218534418,51.37375425663568,69237.26026272774,15069237.260262728,60504.33653119765,107.26050076242163,107.26050076242163,107.26050076242163,71.97286341311779,35.287637349303836,66097652.73639006,66097652.73638969,0.0,0.9999999999999943,0.0018726783856661776,0.0008814634668311935,0.8026614482096415,0.0,5.636040228718977e-15,285,0,0.0,0.1583343300000024,0.0,2.4846581087107027e-12,0,0.05,24000000.0,False,8930762.739737272,0.79824;0.79846;0.79877;0.79919;0.79978;0.80060;0.79935;0.79127;0.77106;0.73798;0.69145;0.62934;0.53982;0.24216;0.03707;0.00000;0.00000;0.00000;0.00000;0.00000;0.00000;0.00000;0.00000;0.00000
ok,R0072_S+02,72,2,20333909,143.20012230089014,0.3864567033726394,0.2624482117108802,36.24429895539504,1973.2478075400988,1.7507614065665795,2.254583965657518,0.2476007920280435,0.161710275013843,0.0684257145243818,644.4441266281112,4,2.697327444984862e-13,2.8380854281557934e-13,2.581238924260374e-13,0.30033689866716096,0.3905707417777278,1.028644167190289e-11,1.91395019833025,2.1711205538656126,3.291842129067487,3.9450349083038794,4.195607126858377,4.043558784730982,610483466.2076538,275.2291869989035,156.5592938937126,446926.0015621409,15446926.00156214,347966.6436825618,327.501037352681,327.501037352681,327.501037352681,220.40373514245994,107.09730221022107,610483466.2076534,610483466.2076534,0.0,1.0,0.017399761870585315,0.008141270533654875,0.7710639661662194,0.0,0.0,1065,0,0.0,0.583284099000025,0.0,2.886658791178926e-14,0,0.05,24000000.0,False,8553073.99843786,0.75786;0.75841;0.75919;0.76026;0.76175;0.76383;0.76506;0.76626;0.76744;0.76840;0.76892;0.76778;0.74984;0.71038;0.65372;0.57588;0.40613;0.09436;0.00000;0.00000;0.00000;0.00000;0.00000;0.00000
ok,R0072_S+03,72,3,20333909,143.20012230089014,0.3864567033726394,0.2624482117108802,36.24429895539504,1973.2478075400988,1.7507614065665795,2.254583965657518,0.2476007920280435,0.161710275013843,0.0684257145243818,644.4441266281112,4,2.697327444984862e-13,2.8380854281557934e-13,2.581238924260374e-13,0.30033689866716096,0.3905707417777278,1.028644167190289e-11,1.91395019833025,2.1711205538656126,1.7547086791923483,1.4307996192167751,1.3073660763261503,1.3844080505204732,231841159.8290635,169.21090045696914,96.2899355105304,246156.95585478842,15246156.955854788,191454.1756031271,199.53981627479195,199.53981627479195,199.53981627479195,134.26814528224025,65.27167099255169,231841159.82906318,231841159.82906288,0.0,0.9999999999999987,0.0063169462714937905,0.0030917816902230424,0.792966680871159,0.0,1.2854629613511513e-15,410,0,0.0,0.22514736000005087,0.0,7.738680083359665e-14,0,0.05,24000000.0,False,8753843.044145212,0.78628;0.78662;0.78708;0.78773;0.78864;0.78989;0.79063;0.79161;0.79140;0.78570;0.76765;0.73427;0.68606;0.62145;0.52418;0.21643;0.02192;0.00000;0.00000;0.00000;0.00000;0.00000;0.00000;0.00000
ok,R0074_S+00,74,0,20335909,434.72318682446354,0.7486194667456451,0.13178152017524797,68.90013525570211,2651.1902663482483,1.778922756624401,3.6147728180283543,0.2393723500035111,0.2914480261987409,0.044044331311738,668.3603138299362,4,7.75896825159633e-13,1.821207619305826e-12,2.1168923406151384e-13,0.8479218839774935,1.085845356453412,1.2548145129888668e-10,3.6884283713415345,3.2608829723299806,2.5781170054742044,2.6307946661055217,2.16008654514201,1.1659926425836686,336679784.42702025,317.617297991134,174.50319929607264,31975.429403582588,15031975.429403583,25122.211262188852,357.75589528555776,357.75589528555776,357.75589528555776,41.249464870205074,316.50643041535267,336679784.42702025,336679784.42702127,0.0,1.000000000000003,0.007545032279528167,0.002512465657251813,0.6436513945756279,0.0,3.0096222228076248e-15,314,0,0.0,0.17788684000004196,0.0,1.2358693237492547e-12,0,0.05,24000000.0,False,8968024.570596417,0.61860;0.61840;0.61813;0.61775;0.61722;0.61648;0.60512;0.59068;0.57120;0.54517;0.51148;0.43827;0.37424;0.34382;0.30505;0.20335;0.16657;0.07667;0.00076;0.00000;0.00000;0.00000;0.00000;0.00000
ok,R0074_S+01,74,1,20335909,434.72318682446354,0.7486194667456451,0.13178152017524797,68.90013525570211,2651.1902663482483,1.778922756624401,3.6147728180283543,0.2393723500035111,0.2914480261987409,0.044044331311738,668.3603138299362,4,7.75896825159633e-13,1.821207619305826e-12,2.1168923406151384e-13,0.8479218839774935,1.085845356453412,1.2548145129888668e-10,3.6884283713415345,3.2608829723299806,3.531409634159689,5.537506908508127,7.6997612304655165,10.01817260003186,1056660886.6702474,567.1329117537307,309.12785618853366,67894.42864959128,15067894.428649591,60535.760518819094,625.0856567311766,625.0856567311766,625.0856567311766,73.98303268116899,551.1026240500076,1056660886.67025,1056660886.6702452,0.0,0.9999999999999953,0.023214390677264652,0.007885309162943523,0.6183349319957584,0.0,4.625496157980993e-15,635,0,0.0,0.40855493999993087,0.0,5.193968264893929e-13,0,0.05,24000000.0,False,8932105.571350409,0.59953;0.59981;0.60020;0.60074;0.60150;0.60255;0.59967;0.59473;0.58830;0.57700;0.56144;0.53739;0.50103;0.40938;0.36625;0.33423;0.28830;0.19445;0.14170;0.06281;0.00000;0.00000;0.00000;0.00000
ok,R0074_S+02,74,2,20335909,434.72318682446354,0.7486194667456451,0.13178152017524797,68.90013525570211,2651.1902663482483,1.778922756624401,3.6147728180283543,0.2393723500035111,0.2914480261987409,0.044044331311738,668.3603138299362,4,7.75896825159633e-13,1.821207619305826e-12,2.1168923406151384e-13,0.8479218839774935,1.085845356453412,1.2548145129888668e-10,3.6884283713415345,3.2608829723299806,13.031563576872156,12.566633548021091,8.82177612107721,1.7969912960405077,1428650600.2887065,656.2820877142227,359.5044731354805,149972.0875068847,15149972.087506885,115636.227880653,741.8341215302328,741.8341215302328,741.8341215302328,87.98131348910103,653.8528080411318,1428650600.2887046,1428650600.288703,0.0,0.9999999999999988,0.03343073025203575,0.010661274408103345,0.6396359391423815,0.0,1.168186296477023e-15,931,0,0.0,0.5028465179999557,0.0,6.471364610139095e-13,1,0.05,24000000.0,False,8850027.912493115,0.62149;0.62140;0.62128;0.62111;0.62088;0.62056;0.61226;0.60165;0.59107;0.58079;0.56547;0.54510;0.51753;0.46913;0.37924;0.34943;0.31307;0.22488;0.17494;0.08359;0.01242;0.00000;0.00000;0.00000
ok,R0074_S+03,74,3,20335909,434.72318682446354,0.7486194667456451,0.13178152017524797,68.90013525570211,2651.1902663482483,1.778922756624401,3.6147728180283543,0.2393723500035111,0.2914480261987409,0.044044331311738,668.3603138299362,4,7.75896825159633e-13,1.821207619305826e-12,2.1168923406151384e-13,0.8479218839774935,1.085845356453412,1.2548145129888668e-10,3.6884283713415345,3.2608829723299806,8.272609314793787,8.150844144005266,8.803256628389178,10.229846767945528,1398654798.2644613,650.2147283852009,355.74402829062274,97296.48468270153,15097296.484682702,75529.40679688752,732.9559627499467,732.9559627499467,732.9559627499467,86.4354548303386,646.5205079196081,1398654798.26446,1398654798.2644622,0.0,1.0000000000000016,0.03343073025203575,0.010437431379999099,0.614244075132357,0.0,1.5341649809350149e-15,776,0,0.0,0.45753959900002883,0.0,2.2901514164520393e-13,0,0.05,24000000.0,False,8902703.515317298,0.60044;0.60076;0.60119;0.60181;0.60265;0.60384;0.60186;0.59738;0.59131;0.58193;0.56798;0.54761;0.51771;0.46602;0.37835;0.34841;0.31166;0.22036;0.17346;0.08181;0.01011;0.00000;0.00000;0.00000
ok,R0075_S+00,75,0,20336909,42.15585395186302,0.2611236181450147,0.19150770255543756,23.156369708424798,2659.277869900261,1.5517348047276376,2.4630711337684734,0.4510337290394679,0.1562268629916293,0.0793688617740397,736.2176218600899,4,3.765013325701618e-14,3.974778555751694e-14,3.55568403238721e-14,0.3218929020459682,0.3627308653182891,9.2041441746105e-13,1.338977750277931,3.4096524931165932,0.8847576327714737,1.0640000981163986,1.363797625315736,1.784150214369485,201049744.64239684,228.25284093431463,132.125160663435,1515943.4506740384,16515943.450674038,1325623.7832030542,260.4474427097842,260.4474427097842,260.4474427097842,174.64931010508113,85.79813260470306,201049744.64239746,201049744.64239728,0.0,0.9999999999999991,0.007186418319272452,0.0027718089084268443,0.6949217166233694,0.0,8.894014495975813e-16,936,0,0.0,0.5499998689999757,0.0,1.7682685995974057e-14,0,0.05,24000000.0,False,7484056.549325962,0.65462;0.65554;0.65683;0.65862;0.66111;0.66458;0.66666;0.66862;0.67055;0.67282;0.68047;0.68699;0.66195;0.60323;0.52585;0.41665;0.19036;0.00244;0.00000;0.00000;0.00000;0.00000;0.00000;0.00000
ok,R0075_S+01,75,1,20336909,42.15585395186302,0.2611236181450147,0.19150770255543756,23.156369708424798,2659.277869900261,1.5517348047276376,2.4630711337684734,0.4510337290394679,0.1562268629916293,0.0793688617740397,736.2176218600899,4,3.765013325701618e-14,3.974778555751694e-14,3.55568403238721e-14,0.3218929020459682,0.3627308653182891,9.2041441746105e-13,1.338977750277931,3.4096524931165932,0.9882365365548572,0.6473146546469789,0.4643642474755615,0.4393853150406054,100167796.83191407,161.42049812854995,92.94815150011416,1097874.3169230446,16097874.316923045,837008.8712081369,183.70033971988445,183.70033971988445,183.70033971988445,124.20149407142567,59.49884564845878,100167796.831914,100167796.8319141,0.0,1.000000000000001,0.00364422873010465,0.0013809815679701725,0.73589300064303,0.0,1.041333958177869e-15,491,0,0.0,0.37229731399997945,0.0,3.3063005663802863e-14,0,0.05,24000000.0,False,7902125.683076955,0.72867;0.72917;0.72987;0.73084;0.73219;0.73408;0.73480;0.73399;0.72845;0.71593;0.69534;0.65796;0.59870;0.52091;0.40738;0.17789;0.00014;0.00000;0.00000;0.00000;0.00000;0.00000;0.00000;0.00000
ok,R0075_S+02,75,2,20336909,42.15585395186302,0.2611236181450147,0.19150770255543756,23.156369708424798,2659.277869900261,1.5517348047276376,2.4630711337684734,0.4510337290394679,0.1562268629916293,0.0793688617740397,736.2176218600899,4,3.765013325701618e-14,3.974778555751694e-14,3.55568403238721e-14,0.3218929020459682,0.3627308653182891,9.2041441746105e-13,1.338977750277931,3.4096524931165932,1.6291412846762985,1.0702352971756468,0.6493540077982224,0.3664974165440257,146554599.16034234,196.04588170120897,112.78612479443444,1752750.9416370206,16752750.94163702,1353294.957739275,218.2789759892107,218.2789759892107,218.2789759892107,151.36208972781395,66.91688626139674,146554599.16034234,146554599.1603424,0.0,1.0000000000000004,0.00484493592064825,0.0020205016636365017,0.7424348327554442,0.0,4.0670606802437105e-16,765,0,0.0,0.47687096900006054,0.0,4.3340971339272797e-14,0,0.05,24000000.0,False,7247249.058362979,0.73601;0.73644;0.73705;0.73789;0.73906;0.74068;0.73817;0.72881;0.71807;0.70661;0.69133;0.67071;0.63160;0.56746;0.48032;0.31596;0.10061;0.00000;0.00000;0.00000;0.00000;0.00000;0.00000;0.00000
ok,R0075_S+03,75,3,20336909,42.15585395186302,0.2611236181450147,0.19150770255543756,23.156369708424798,2659.277869900261,1.5517348047276376,2.4630711337684734,0.4510337290394679,0.1562268629916293,0.0793688617740397,736.2176218600899,4,3.765013325701618e-14,3.974778555751694e-14,3.55568403238721e-14,0.3218929020459682,0.3627308653182891,9.2041441746105e-13,1.338977750277931,3.4096524931165932,0.610406301005084,0.6327101617844152,0.7225217196378838,0.8798409745654896,112245616.30589786,170.8153728913514,98.38699304924975,742994.2719798349,15742994.271979835,657839.7016764972,192.41169533789906,192.41169533789906,192.41169533789906,131.14234674959346,61.269348588305604,112245616.30589798,112245616.30589788,0.0,0.9999999999999991,0.003916410289010653,0.0015474946250840277,0.7192531486951331,0.0,9.292846508380986e-16,477,0,0.0,0.2754879089999349,0.0,2.1968821250106502e-14,0,0.05,24000000.0,False,8257005.728020165,0.69551;0.69618;0.69713;0.69844;0.70027;0.70281;0.70424;0.70562;0.70881;0.71453;0.70704;0.67047;0.61122;0.53598;0.43313;0.21472;0.00885;0.00000;0.00000;0.00000;0.00000;0.00000;0.00000;0.00000
ok,R0080_S+00,80,0,20341909,208.7612172808604,0.0546148399900664,0.1041066528472467,49.94788061338095,3106.485867944732,1.783215075977075,3.431163671620326,0.5096759355035728,0.2113237954619634,0.0473543431982334,607.4791929674298,4,1.997517862958197e-13,1.9975939499862245e-13,1.9974413776447374e-13,0.010040921386210488,0.010051795652376714,9.977558412792398e-12,2.5220604771780826,6.457814439997386,3.445910475055616,3.5961811469363427,2.855720891703904,1.2245297093583014,438743033.67281765,350.90962063912235,224.9810750373189,467001.1749205906,15467001.17492059,348976.4942699913,386.4176989972904,386.4176989972904,386.4176989972904,379.1062047333502,7.311494263940233,438743033.672818,438743033.6728177,0.0,0.9999999999999993,0.01588275225433918,0.00458136234242223,0.6495651253380859,0.0,6.792659962760725e-16,582,0,0.0,0.34879988699992737,0.0,1.9836418692833875e-13,0,0.05,24000000.0,False,8532998.82507941,0.64601;0.64633;0.64678;0.64741;0.64828;0.64949;0.64869;0.63945;0.62223;0.61752;0.61098;0.60333;0.57826;0.53721;0.48933;0.43689;0.37894;0.30265;0.05151;0.00000;0.00000;0.00000;0.00000;0.00000
ok,R0080_S+01,80,1,20341909,208.7612172808604,0.0546148399900664,0.1041066528472467,49.94788061338095,3106.485867944732,1.783215075977075,3.431163671620326,0.5096759355035728,0.2113237954619634,0.0473543431982334,607.4791929674298,4,1.997517862958197e-13,1.9975939499862245e-13,1.9974413776447374e-13,0.010040921386210488,0.010051795652376714,9.977558412792398e-12,2.5220604771780826,6.457814439997386,1.9360893505155747,2.3326029702890265,2.42345004693665,2.208630580458445,351108790.4876334,313.8119588059728,201.07047855311856,271773.2850138191,15271773.28501382,204742.547037784,344.9066283441383,344.9066283441383,344.9066283441383,337.5889803332597,7.3176480108785995,351108790.4876338,351108790.4876324,0.0,0.9999999999999959,0.01277137425126292,0.0036662840600974614,0.627803356257666,0.0,4.074268469959479e-15,423,0,0.0,0.2350396900000078,0.0,9.702101316621182e-14,0,0.05,24000000.0,False,8728226.71498618,0.62195;0.62235;0.62292;0.62370;0.62478;0.62630;0.62706;0.62764;0.62738;0.62467;0.62311;0.60413;0.56670;0.52187;0.47229;0.41837;0.35727;0.25776;0.00007;0.00000;0.00000;0.00000;0.00000;0.00000
ok,R0080_S+02,80,2,20341909,208.7612172808604,0.0546148399900664,0.1041066528472467,49.94788061338095,3106.485867944732,1.783215075977075,3.431163671620326,0.5096759355035728,0.2113237954619634,0.0473543431982334,607.4791929674298,4,1.997517862958197e-13,1.9975939499862245e-13,1.9974413776447374e-13,0.010040921386210488,0.010051795652376714,9.977558412792398e-12,2.5220604771780826,6.457814439997386,3.283781026070748,7.652527509180691,9.684792063986814,9.380574690489114,1183476085.1538754,583.34378509968,370.3488159837198,752495.0033772681,15752495.003377268,669386.0350945033,627.3893658692606,627.3893658692606,627.3893658692606,622.725430416182,4.6639354530785795,1183476085.1538742,1183476085.1538734,0.0,0.9999999999999994,0.03799078406741945,0.01235787774062874,0.5728812464333185,0.0,6.04368559937306e-16,2254,0,0.0,1.2236463599999752,0.0,5.856664455199419e-14,0,0.05,24000000.0,False,8247504.996622732,0.55415;0.55486;0.55584;0.55721;0.55912;0.56177;0.56334;0.56486;0.56637;0.56785;0.56927;0.57041;0.57022;0.57246;0.55748;0.51439;0.46391;0.40887;0.34525;0.22326;0.00000;0.00000;0.00000;0.00000
ok,R0080_S+03,80,3,20341909,208.7612172808604,0.0546148399900664,0.1041066528472467,49.94788061338095,3106.485867944732,1.783215075977075,3.431163671620326,0.5096759355035728,0.2113237954619634,0.0473543431982334,607.4791929674298,4,1.997517862958197e-13,1.9975939499862245e-13,1.9974413776447374e-13,0.010040921386210488,0.010051795652376714,9.977558412792398e-12,2.5220604771780826,6.457814439997386,0.4683369100003108,0.4280704261596849,0.3793960776253036,0.3223138643971671,63040932.27246375,132.14994839020508,85.00286954739971,70840.00435856171,15070840.004358562,54827.647603966296,145.54253132753587,145.54253132753587,145.54253132753587,142.9486869244197,2.5938444031161794,63040932.27246373,63040932.27246411,0.0,1.000000000000006,0.002232196080515454,0.0006582745046150022,0.6767985239899256,0.0,6.027506205029431e-15,245,0,0.0,0.1444867239999894,0.0,5.968899275442856e-13,0,0.05,24000000.0,False,8929159.995641438,0.67669;0.67667;0.67663;0.67658;0.67651;0.67641;0.66720;0.64870;0.61993;0.58340;0.54085;0.49330;0.44141;0.38462;0.31302;0.06227;0.00000;0.00000;0.00000;0.00000;0.00000;0.00000;0.00000;0.00000
ok,R0090_S+00,90,0,20351909,416.5257609100893,0.7955493908034322,0.1039129440456306,73.03181163205608,2281.771088460518,1.9158197413073612,2.8645904917419687,0.4004489339824163,0.3230376011737206,0.0772288963958115,629.7491526947207,4,4.615260573387293e-13,9.126505342565722e-13,1.825704468999128e-13,0.7928248522471875,1.1142568253331164,6.665252190372131e-11,2.1820468220984615,3.111132899763679,0.146795789884307,0.5732425912067082,0.7697490344827198,0.7363151197123418,87813066.70942988,182.29964355439637,94.20742520476044,11085.449947545305,15011085.449947545,9933.278480978683,201.13262578683873,201.13262578683873,201.13262578683873,30.328093295057723,170.804532491781,87813066.70942986,87813066.70942435,0.0,0.9999999999999372,0.003306674762594586,0.0011233518693654406,0.6433106680662151,0.0,6.278598218152845e-14,274,0,0.0,0.14855631199998243,0.0,5.239218917361161e-12,0,0.05,24000000.0,False,8988914.550052455,0.61743;0.61724;0.61697;0.61659;0.61607;0.61535;0.60302;0.58449;0.55917;0.52642;0.46429;0.37738;0.34358;0.28877;0.17085;0.09249;0.01688;0.00000;0.00000;0.00000;0.00000;0.00000;0.00000;0.00000
ok,R0090_S+01,90,1,20351909,416.5257609100893,0.7955493908034322,0.1039129440456306,73.03181163205608,2281.771088460518,1.9158197413073612,2.8645904917419687,0.4004489339824163,0.3230376011737206,0.0772288963958115,629.7491526947207,4,4.615260573387293e-13,9.126505342565722e-13,1.825704468999128e-13,0.7928248522471875,1.1142568253331164,6.665252190372131e-11,2.1820468220984615,3.111132899763679,7.097626861368458,4.052980688070628,2.1280514623969684,1.3228391843474796,575985299.3448519,468.7496549472616,241.04754870203243,156589.71480811015,15156589.71480811,122884.27471124381,526.4813496737993,526.4813496737993,526.4813496737993,81.88220740114318,444.5991422726561,575985299.3448511,575985299.3448535,0.0,1.0000000000000042,0.02195294011365336,0.007368313019827751,0.6383555076697368,0.0,4.139317086265038e-15,677,0,0.0,0.3714853449999964,0.0,7.397374632553784e-13,0,0.05,24000000.0,False,8843410.28519189,0.62958;0.62961;0.62963;0.62968;0.62973;0.62981;0.62513;0.61768;0.60782;0.59460;0.57745;0.55317;0.52046;0.44956;0.37222;0.33661;0.27313;0.15438;0.08731;0.01012;0.00000;0.00000;0.00000;0.00000
ok,R0090_S+02,90,2,20351909,416.5257609100893,0.7955493908034322,0.1039129440456306,73.03181163205608,2281.771088460518,1.9158197413073612,2.8645904917419687,0.4004489339824163,0.3230376011737206,0.0772288963958115,629.7491526947207,4,4.615260573387293e-13,9.126505342565722e-13,1.825704468999128e-13,0.7928248522471875,1.1142568253331164,6.665252190372131e-11,2.1820468220984615,3.111132899763679,0.9460844461177484,0.6690546091448083,0.429236885523355,0.2266312752533885,89584421.65110227,184.36603315571364,95.18542053729466,22851.448653768748,15022851.448653769,17994.968733778223,207.11473062826832,207.11473062826832,207.11473062826832,30.614027280067152,176.50070334820117,89584421.65110232,89584421.65110195,0.0,0.9999999999999959,0.003306674762594586,0.0011460119922788988,0.6469620464477234,0.0,4.1584130698197965e-15,277,0,0.0,0.15438838900001883,0.0,2.961950565917637e-12,0,0.05,24000000.0,False,8977148.551346231,0.61976;0.61947;0.61907;0.61852;0.61775;0.61667;0.60340;0.58470;0.55976;0.52733;0.46741;0.37820;0.34457;0.29099;0.17348;0.09295;0.02259;0.00000;0.00000;0.00000;0.00000;0.00000;0.00000;0.00000
ok,R0090_S+03,90,3,20351909,416.5257609100893,0.7955493908034322,0.1039129440456306,73.03181163205608,2281.771088460518,1.9158197413073612,2.8645904917419687,0.4004489339824163,0.3230376011737206,0.0772288963958115,629.7491526947207,4,4.615260573387293e-13,9.126505342565722e-13,1.825704468999128e-13,0.7928248522471875,1.1142568253331164,6.665252190372131e-11,2.1820468220984615,3.111132899763679,0.4568405395817608,0.6863389650553386,1.3609289880915738,2.4806106086904656,196632214.39368078,274.0565947410044,140.8748260916384,33370.54100908898,15033370.541009089,29893.16087764129,300.74760307315245,300.74760307315245,300.74760307315245,46.10356206985818,254.64404100329426,196632214.3936808,196632214.39368546,0.0,1.0000000000000235,0.006588318310505936,0.0025154247983108706,0.6359514163663288,0.0,2.3643950238857095e-14,336,0,0.0,0.1803401729999905,0.0,1.64461334860388e-12,0,0.05,24000000.0,False,8966629.458990911,0.61785;0.61791;0.61800;0.61812;0.61828;0.61851;0.61383;0.60471;0.58948;0.56655;0.53520;0.48852;0.38397;0.35147;0.30625;0.19048;0.09654;0.05204;0.00000;0.00000;0.00000;0.00000;0.00000;0.00000
ok,R0093_S+00,93,0,20354909,345.9405074159287,0.8340488350213403,0.23684074426965562,69.89067666448287,2696.283963245395,1.8375518074635664,2.1113028034878005,0.3945468153719471,0.2118535331240947,0.0737217331883705,718.9248144070824,4,1.2679541392266637e-13,6.221243400800922e-13,5.2909913583807855e-14,0.8683173968354383,1.8202826486755035,4.348069109764249e-11,7.147139623213446,3.211103144011701,27.02951842297634,25.671844215257188,22.26382506726004,16.805460978984907,3620076778.656623,796.680552954093,492.52278270526614,688385.9049700219,15688385.904970022,516717.48952398263,867.6962258144728,867.6962258144728,867.6962258144728,83.45795342914847,784.2382723853243,3620076778.656617,3620076778.6566215,0.0,1.000000000000001,0.029888628045705194,0.01331918087181572,0.7342450235203946,0.0,1.1854816033544683e-15,5317,0,0.0,3.047317074000034,0.0,5.194710387305874e-14,0,0.05,24000000.0,False,8311614.095029978,0.72267;0.72300;0.72347;0.72411;0.72501;0.72626;0.72578;0.72394;0.71968;0.71083;0.69326;0.66094;0.61253;0.52341;0.40872;0.26515;0.17131;0.15893;0.14269;0.12126;0.07341;0.00000;0.00000;0.00000
ok,R0093_S+01,93,1,20354909,345.9405074159287,0.8340488350213403,0.23684074426965562,69.89067666448287,2696.283963245395,1.8375518074635664,2.1113028034878005,0.3945468153719471,0.2118535331240947,0.0737217331883705,718.9248144070824,4,1.2679541392266637e-13,6.221243400800922e-13,5.2909913583807855e-14,0.8683173968354383,1.8202826486755035,4.348069109764249e-11,7.147139623213446,3.211103144011701,3.9217462015436952,2.087011690173562,1.0121573386706673,0.6971831470350113,304455826.69420254,228.6092081135919,142.65835622065492,111628.28758578375,15111628.287585784,86487.29515772499,253.86695324431355,253.86695324431355,253.86695324431355,23.33797884637899,230.52897439793455,304455826.6942025,304455826.69420177,0.0,0.9999999999999977,0.002830915061004636,0.001120170225981565,0.7716272754064087,0.0,2.3492923261511275e-15,355,0,0.0,0.19776100299998234,0.0,8.316898961671793e-13,0,0.05,24000000.0,False,8888371.712414216,0.73145;0.73103;0.73043;0.72960;0.72845;0.72684;0.70588;0.67383;0.62925;0.55514;0.42816;0.31307;0.17501;0.16265;0.14746;0.12798;0.09525;0.00001;0.00000;0.00000;0.00000;0.00000;0.00000;0.00000
ok,R0093_S+02,93,2,20354909,345.9405074159287,0.8340488350213403,0.23684074426965562,69.89067666448287,2696.283963245395,1.8375518074635664,2.1113028034878005,0.3945468153719471,0.2118535331240947,0.0737217331883705,718.9248144070824,4,1.2679541392266637e-13,6.221243400800922e-13,5.2909913583807855e-14,0.8683173968354383,1.8202826486755035,4.348069109764249e-11,7.147139623213446,3.211103144011701,3.062863462665764,3.28977595926366,2.5373929080107724,0.8057143089071003,382468117.6626094,255.99547440103183,159.8681252261851,88288.95687516779,15088288.956875168,68700.7631120719,285.9294445734212,285.9294445734212,285.9294445734212,26.33058727432556,259.59885729909564,382468117.66260916,382468117.66260284,0.0,0.9999999999999835,0.0035220977527383305,0.0014071972359496997,0.7696677203865258,0.0,1.651926540911014e-14,397,0,0.0,0.20766771700004938,0.0,1.1492886329263864e-12,0,0.05,24000000.0,False,8911711.043124832,0.73699;0.73664;0.73616;0.73549;0.73456;0.73326;0.71507;0.68595;0.64636;0.58870;0.45487;0.37397;0.19772;0.16705;0.15308;0.13529;0.10994;0.02015;0.00000;0.00000;0.00000;0.00000;0.00000;0.00000
ok,R0093_S+03,93,3,20354909,345.9405074159287,0.8340488350213403,0.23684074426965562,69.89067666448287,2696.283963245395,1.8375518074635664,2.1113028034878005,0.3945468153719471,0.2118535331240947,0.0737217331883705,718.9248144070824,4,1.2679541392266637e-13,6.221243400800922e-13,5.2909913583807855e-14,0.8683173968354383,1.8202826486755035,4.348069109764249e-11,7.147139623213446,3.211103144011701,1.4815295789580685,1.9039121232186051,1.808812706757355,1.1962313295743168,252085490.9269387,207.30964716147926,129.7937006683446,44395.19526665658,15044395.195266657,34864.78846816346,231.8772462886512,231.8772462886512,231.8772462886512,21.144892629686087,210.7323536589651,252085490.92693865,252085490.92693153,0.0,0.9999999999999717,0.002299295129141794,0.0009274864744891818,0.7681209435826699,0.0,2.825531538712615e-14,334,0,0.0,0.1827117589999716,0.0,7.089367174085485e-13,0,0.05,24000000.0,False,8955604.804733343,0.72441;0.72396;0.72332;0.72244;0.72121;0.71950;0.69656;0.66161;0.61352;0.51247;0.41007;0.25378;0.17140;0.15876;0.14254;0.12126;0.07350;0.00000;0.00000;0.00000;0.00000;0.00000;0.00000;0.00000
ok,R0094_S+00,94,0,20355909,429.0396067150892,0.2088109271503465,0.21502527075597566,35.44667060852714,3994.807825262016,1.7792162191824066,3.5886669397481183,0.4629143219882567,0.3055989535538497,0.0529722449895021,741.2559432882634,4,4.478209131498707e-13,4.510389358636458e-13,4.4462539508763886e-13,0.129206717253474,0.13768052141269382,1.5987828591179257e-11,7.078014407475424,5.243285294931289,4.5536846469094,5.986043653079921,6.654321125328797,6.558517063656025,936967490.2905629,409.0811623198946,258.1025733868527,334738.5370765887,15334738.537076589,271520.3893416077,462.9234346584772,462.9234346584772,462.9234346584772,408.17573472354064,54.74769993493658,936967490.2905612,936967490.2905614,0.0,1.0000000000000002,0.012148239178046197,0.0033078798408611846,0.5377641608770252,0.0,2.5445768564246234e-16,770,0,0.0,0.37736704799999643,0.0,6.099429895280021e-14,0,0.05,24000000.0,False,8665261.462923411,0.52776;0.52821;0.52884;0.52971;0.53093;0.53262;0.53362;0.53457;0.53540;0.53606;0.53630;0.53711;0.52646;0.49609;0.45798;0.41559;0.36878;0.31206;0.16597;0.00013;0.00000;0.00000;0.00000;0.00000
ok,R0094_S+01,94,1,20355909,429.0396067150892,0.2088109271503465,0.21502527075597566,35.44667060852714,3994.807825262016,1.7792162191824066,3.5886669397481183,0.4629143219882567,0.3055989535538497,0.0529722449895021,741.2559432882634,4,4.478209131498707e-13,4.510389358636458e-13,4.4462539508763886e-13,0.129206717253474,0.13768052141269382,1.5987828591179257e-11,7.078014407475424,5.243285294931289,13.63060872234801,7.453644140196511,3.462566258656652,1.6573750777284275,1033676848.5651759,432.63107796622484,271.5031675297615,943198.140868267,15943198.140868267,691623.9125419594,479.85223085849896,479.85223085849896,479.85223085849896,425.65213466083344,54.200096197665516,1033676848.5651753,1033676848.5651735,0.0,0.9999999999999982,0.012148239178046197,0.003649303572179767,0.5787675988497898,0.0,1.7298823570865465e-15,1188,0,0.0,0.673469606000026,0.0,1.8639790922409954e-13,0,0.05,24000000.0,False,8056801.859131733,0.57544;0.57570;0.57605;0.57655;0.57724;0.57820;0.57566;0.56553;0.55771;0.54892;0.53480;0.52529;0.51058;0.49394;0.46276;0.42196;0.37600;0.32180;0.20914;0.00267;0.00000;0.00000;0.00000;0.00000
ok,R0094_S+02,94,2,20355909,429.0396067150892,0.2088109271503465,0.21502527075597566,35.44667060852714,3994.807825262016,1.7792162191824066,3.5886669397481183,0.4629143219882567,0.3055989535538497,0.0529722449895021,741.2559432882634,4,4.478209131498707e-13,4.510389358636458e-13,4.4462539508763886e-13,0.129206717253474,0.13768052141269382,1.5987828591179257e-11,7.078014407475424,5.243285294931289,0.5137332960789809,3.5083825293105453,6.744371553184892,10.221700367702022,827921042.0273666,387.0647227032706,242.7083645411874,470604.4066728465,15470604.406672847,420397.4984479528,428.95399446774843,428.95399446774843,428.95399446774843,380.5262952852573,48.42769918249115,827921042.0273652,827921042.0273652,0.0,1.0,0.00968551265653385,0.0029229011178368894,0.5330778932830741,0.0,0.0,874,0,0.0,0.4997995549999814,0.0,5.872662135288137e-13,0,0.05,24000000.0,False,8529395.593327153,0.50819;0.50871;0.50943;0.51043;0.51182;0.51376;0.51489;0.51597;0.51704;0.51805;0.51914;0.52851;0.52253;0.48980;0.45053;0.40730;0.35937;0.29835;0.10973;0.00000;0.00000;0.00000;0.00000;0.00000
ok,R0094_S+03,94,3,20355909,429.0396067150892,0.2088109271503465,0.21502527075597566,35.44667060852714,3994.807825262016,1.7792162191824066,3.5886669397481183,0.4629143219882567,0.3055989535538497,0.0529722449895021,741.2559432882634,4,4.478209131498707e-13,4.510389358636458e-13,4.4462539508763886e-13,0.129206717253474,0.13768052141269382,1.5987828591179257e-11,7.078014407475424,5.243285294931289,0.5434605979910142,1.043539294132227,1.7848155374899255,2.76728932806411,242169265.37609553,207.09177965314657,130.86010181748583,129286.31388829835,15129286.313888298,118109.5600631237,234.38082306840434,234.38082306840434,234.38082306840434,206.40907736415537,27.971745704248974,242169265.37609544,242169265.37609258,0.0,0.9999999999999882,0.003120103061856715,0.000854956910794548,0.5739324416336801,0.0,1.1814145551358484e-14,272,0,0.0,0.14705835999995998,0.0,5.711138190761457e-13,0,0.05,24000000.0,False,8870713.686111702,0.55670;0.55701;0.55745;0.55806;0.55892;0.56010;0.56062;0.56275;0.57227;0.55806;0.52922;0.49503;0.45658;0.41419;0.36745;0.31064;0.15093;0.00004;0.00000;0.00000;0.00000;0.00000;0.00000;0.00000
ok,R0097_S+00,97,0,20358909,248.5346136205516,0.1869023346010395,0.2505979059944401,36.56973114739746,3200.3627350942024,1.774576322858159,3.797592536179648,0.2144376245313847,0.1523478628398872,0.0762472168198322,647.6295613584126,4,2.5562586444012196e-13,2.6353918920519324e-13,2.4769043147506146e-13,0.2506489698080703,0.27889581071973374,9.637557296037027e-12,4.621547949512674,1.6874396218665018,2.489258481137299,2.0507621956740563,1.7726333901861189,1.6548720646734871,314295003.3160244,199.37862801272846,122.84540825623883,476857.8291487098,15476857.82914871,340308.64264335483,235.5719669410103,235.5719669410103,235.5719669410103,170.72328864051772,64.84867830049257,314295003.31602454,314295003.3160244,0.0,0.9999999999999997,0.0038793885063801753,0.001645747961610564,0.6960314657772902,0.0,3.7929107460520445e-16,446,0,0.0,0.3070544010000731,0.0,4.1072190885537196e-14,0,0.05,24000000.0,False,8523142.17085129,0.68493;0.68564;0.68661;0.68797;0.68987;0.69250;0.69408;0.69512;0.69440;0.69072;0.67940;0.65326;0.61535;0.57025;0.51637;0.42707;0.13016;0.00000;0.00000;0.00000;0.00000;0.00000;0.00000;0.00000
ok,R0097_S+01,97,1,20358909,248.5346136205516,0.1869023346010395,0.2505979059944401,36.56973114739746,3200.3627350942024,1.774576322858159,3.797592536179648,0.2144376245313847,0.1523478628398872,0.0762472168198322,647.6295613584126,4,2.5562586444012196e-13,2.6353918920519324e-13,2.4769043147506146e-13,0.2506489698080703,0.27889581071973374,9.637557296037027e-12,4.621547949512674,1.6874396218665018,1.3046971982592086,0.95294626611168,0.5760062038053909,0.1738770113403412,118637904.92689213,121.9194381419636,75.37320733561617,256351.71541612782,15256351.715416128,184829.2093956992,140.79608210887204,140.79608210887204,140.79608210887204,102.77241287467346,38.02366923419858,118637904.92689215,118637904.92689162,0.0,0.9999999999999956,0.0015065881414108684,0.0006212255624275937,0.7268620731294807,0.0,4.396070902516825e-15,305,0,0.0,0.22719748999998046,0.0,3.236669066487543e-13,0,0.05,24000000.0,False,8743648.284583872,0.72358;0.72340;0.72316;0.72281;0.72233;0.72165;0.71509;0.70793;0.69546;0.67107;0.63631;0.59479;0.54652;0.48524;0.30132;0.01044;0.00000;0.00000;0.00000;0.00000;0.00000;0.00000;0.00000;0.00000
ok,R0097_S+02,97,2,20358909,248.5346136205516,0.1869023346010395,0.2505979059944401,36.56973114739746,3200.3627350942024,1.774576322858159,3.797592536179648,0.2144376245313847,0.1523478628398872,0.0762472168198322,647.6295613584126,4,2.5562586444012196e-13,2.6353918920519324e-13,2.4769043147506146e-13,0.2506489698080703,0.27889581071973374,9.637557296037027e-12,4.621547949512674,1.6874396218665018,6.405590015672174,4.217043765362181,4.051184804284939,5.908013132440447,811891515.7704685,318.8200393014417,197.9171558333063,1181388.501246648,16181388.501246648,882419.6653875038,372.83431129747,372.83431129747,372.83431129747,270.3348028205294,102.4995084769406,811891515.7704697,811891515.7704692,0.0,0.9999999999999994,0.009808739589254612,0.004251320552444925,0.6672473133502993,0.0,5.873163457689487e-16,1532,0,0.0,0.8967623730000014,0.0,1.3311166088143517e-14,0,0.05,24000000.0,False,7818611.498753352,0.62672;0.62775;0.62917;0.63116;0.63392;0.63777;0.64015;0.64252;0.64499;0.64760;0.65298;0.66411;0.65599;0.63037;0.59083;0.54140;0.47608;0.27504;0.00472;0.00000;0.00000;0.00000;0.00000;0.00000
ok,R0097_S+03,97,3,20358909,248.5346136205516,0.1869023346010395,0.2505979059944401,36.56973114739746,3200.3627350942024,1.774576322858159,3.797592536179648,0.2144376245313847,0.1523478628398872,0.0762472168198322,647.6295613584126,4,2.5562586444012196e-13,2.6353918920519324e-13,2.4769043147506146e-13,0.2506489698080703,0.27889581071973374,9.637557296037027e-12,4.621547949512674,1.6874396218665018,6.830730747457464,3.636247194503947,1.9850137564214148,1.8770304332098648,565236936.0249369,268.0184954034005,165.18536960645704,1256479.371045716,16256479.371045716,944594.7955358736,314.75638727614523,314.75638727614523,314.75638727614523,230.91275167407454,83.84363560207069,565236936.0249363,565236936.0249362,0.0,0.9999999999999998,0.007484152597738002,0.0029597592245355652,0.6919542744903938,0.0,2.1090145026460576e-16,1077,0,0.0,0.6295889879999095,0.0,2.6883574236731076e-14,0,0.05,24000000.0,False,7743520.628954284,0.67982;0.68055;0.68156;0.68297;0.68493;0.68766;0.68931;0.69072;0.69043;0.68323;0.66996;0.65580;0.63912;0.60925;0.56473;0.50909;0.40660;0.09629;0.00000;0.00000;0.00000;0.00000;0.00000;0.00000
ok,R0102_S+00,102,0,20363909,261.3943139820355,0.4584751753636757,0.22083870397353772,51.1987497135311,2251.4962738358395,2.7423185790942632,2.6951655787546063,0.567898613104601,0.2114717859022487,0.0443038328208838,776.8730579306912,4,3.0742978598805037e-13,3.362105101838891e-13,2.850857310193028e-13,0.3762171177704582,0.5230412790138881,1.721355776196354e-11,3.723581111911709,7.690963651843323,14.023717554890354,14.643273241225703,11.070247223983593,3.304639503163997,1697872942.6601813,463.25500256561963,246.1368394369284,914953.6341962311,15914953.634196231,686412.5984973293,538.5369763612823,538.5369763612823,538.5369763612823,295.9243850778587,242.61259128342363,1697872942.6601818,1697872942.6601777,0.0,0.9999999999999976,0.030114575922844826,0.012137472138473583,0.6942305543407835,0.0,2.387172645778929e-15,1811,0,0.0,0.966495615000099,0.0,1.6944441321959607e-13,0,0.05,24000000.0,False,8085046.365803769,0.68929;0.68955;0.68990;0.69039;0.69106;0.69201;0.69024;0.68121;0.66511;0.65447;0.64900;0.64282;0.63297;0.60896;0.57107;0.52456;0.47061;0.36283;0.10511;0.01610;0.00000;0.00000;0.00000;0.00000
ok,R0102_S+01,102,1,20363909,261.3943139820355,0.4584751753636757,0.22083870397353772,51.1987497135311,2251.4962738358395,2.7423185790942632,2.6951655787546063,0.567898613104601,0.2114717859022487,0.0443038328208838,776.8730579306912,4,3.0742978598805037e-13,3.362105101838891e-13,2.850857310193028e-13,0.3762171177704582,0.5230412790138881,1.721355776196354e-11,3.723581111911709,7.690963651843323,1.2262332382823575,1.204928348958369,1.3993395779976083,1.809466925400076,222479821.27141342,166.8300436496394,88.74138376395231,90481.09144859761,15090481.091448598,70895.87217951939,192.77412280089104,192.77412280089104,192.77412280089104,105.74115071977191,87.03297208111913,222479821.27141345,222479821.27141482,0.0,1.0000000000000062,0.0037956343312750777,0.0015904268006200525,0.7108824941717299,0.0,6.16193784227088e-15,318,0,0.0,0.18260429899999053,0.0,4.673600159870723e-13,0,0.05,24000000.0,False,8909518.908551402,0.70280;0.70301;0.70330;0.70371;0.70427;0.70505;0.70572;0.69875;0.67910;0.64891;0.61155;0.56881;0.52157;0.46746;0.34035;0.10247;0.00106;0.00000;0.00000;0.00000;0.00000;0.00000;0.00000;0.00000
ok,R0102_S+02,102,2,20363909,261.3943139820355,0.4584751753636757,0.22083870397353772,51.1987497135311,2251.4962738358395,2.7423185790942632,2.6951655787546063,0.567898613104601,0.2114717859022487,0.0443038328208838,776.8730579306912,4,3.0742978598805037e-13,3.362105101838891e-13,2.850857310193028e-13,0.3762171177704582,0.5230412790138881,1.721355776196354e-11,3.723581111911709,7.690963651843323,9.800077688857815,10.91349344428006,8.728104127866251,3.243909739616388,1289348271.5194776,404.2938044997611,214.3563384729285,651413.2664898913,15651413.266489891,492413.8815870434,466.61965544018955,466.61965544018955,466.61965544018955,262.069373612424,204.55028182776556,1289348271.5194757,1289348271.5194786,0.0,1.0000000000000022,0.024480909186253993,0.009217078810289346,0.6938943586701841,0.0,2.2189683054734946e-15,1197,0,0.0,0.6298573520000446,0.0,1.4623597262147665e-13,0,0.05,24000000.0,False,8348586.733510109,0.68918;0.68943;0.68977;0.69025;0.69092;0.69185;0.69023;0.68186;0.66852;0.66045;0.65479;0.64831;0.62940;0.59601;0.55267;0.50333;0.44249;0.25532;0.08514;0.00000;0.00000;0.00000;0.00000;0.00000
ok,R0102_S+03,102,3,20363909,261.3943139820355,0.4584751753636757,0.22083870397353772,51.1987497135311,2251.4962738358395,2.7423185790942632,2.6951655787546063,0.567898613104601,0.2114717859022487,0.0443038328208838,776.8730579306912,4,3.0742978598805037e-13,3.362105101838891e-13,2.850857310193028e-13,0.3762171177704582,0.5230412790138881,1.721355776196354e-11,3.723581111911709,7.690963651843323,0.4388222196222961,0.3625750407004865,0.5396149634659839,0.9699419879187886,91160210.78922793,107.07303332823427,56.80913474299479,35905.77002585493,15035905.770025855,33723.18869651854,124.64244512257021,124.64244512257021,124.64244512257021,68.58611680205954,56.05632832051067,91160210.78922789,91160210.78923362,0.0,1.0000000000000628,0.001657627466984294,0.0006516709765444176,0.7180044879907287,0.0,6.293257782055572e-14,295,0,0.0,0.13566108099996654,0.0,1.3938424258768052e-12,0,0.05,24000000.0,False,8964094.229974145,0.70676;0.70668;0.70657;0.70641;0.70620;0.70589;0.69336;0.66877;0.63587;0.59676;0.55255;0.50359;0.44350;0.24920;0.08695;0.00000;0.00000;0.00000;0.00000;0.00000;0.00000;0.00000;0.00000;0.00000
ok,R0105_S+00,105,0,20366909,44.03175959298799,0.3471755835583592,0.23779669666020972,46.87817235023421,2420.833595865308,2.488678647985406,2.5562737053914324,0.278467839076023,0.1982041059844296,0.0487723598049931,691.2866055127593,4,3.8425880414020605e-14,4.1924596170137215e-14,3.5487742238861426e-14,0.3790677712489581,0.4909949703824443,1.965348444977662e-12,2.6416997572319816,3.4257252286675044,0.1816960840359673,0.3774636074494452,0.7552400035381179,1.3150252723019855,103722926.68608962,108.73982762296379,60.84202527242706,626666.2334313635,15626666.233431363,552844.6423961334,128.17161906370097,128.17161906370097,128.17161906370097,78.3657125077555,49.80590655594547,103722926.6860897,103722926.68608947,0.0,0.9999999999999979,0.0016866325219472024,0.0007310723945475295,0.6978697886507758,0.0,2.1549470791946986e-15,406,0,0.0,0.19804075699994428,0.0,1.1591220505324393e-13,0,0.05,24000000.0,False,8373333.7665686365,0.67044;0.67101;0.67180;0.67291;0.67444;0.67658;0.67778;0.68216;0.68693;0.67316;0.63604;0.58819;0.52791;0.34084;0.12210;0.00001;0.00000;0.00000;0.00000;0.00000;0.00000;0.00000;0.00000;0.00000
ok,R0105_S+01,105,1,20366909,44.03175959298799,0.3471755835583592,0.23779669666020972,46.87817235023421,2420.833595865308,2.488678647985406,2.5562737053914324,0.278467839076023,0.1982041059844296,0.0487723598049931,691.2866055127593,4,3.8425880414020605e-14,4.1924596170137215e-14,3.5487742238861426e-14,0.3790677712489581,0.4909949703824443,1.965348444977662e-12,2.6416997572319816,3.4257252286675044,7.5028890869576115,6.961900341496764,4.765570792789166,0.9139004408348128,794630650.3370049,302.5794585121594,170.7838148326712,4806341.135061827,19806341.135061827,3509537.6177117564,347.4126491056476,347.4126491056476,347.4126491056476,221.06713615993402,126.34551294571355,794630650.337006,794630650.3370054,0.0,0.9999999999999992,0.012589177703050878,0.0056008112274040026,0.6948169536382328,0.0,7.500924454664826e-16,4092,0,0.0,2.405423760999952,0.0,2.7719553381764545e-14,0,0.05,24000000.0,False,4193658.8649381734,0.68694;0.68741;0.68805;0.68895;0.69019;0.69193;0.68913;0.67695;0.65358;0.63365;0.62678;0.62338;0.61608;0.60693;0.58304;0.53268;0.37603;0.13940;0.00102;0.00000;0.00000;0.00000;0.00000;0.00000
ok,R0105_S+02,105,2,20366909,44.03175959298799,0.3471755835583592,0.23779669666020972,46.87817235023421,2420.833595865308,2.488678647985406,2.5562737053914324,0.278467839076023,0.1982041059844296,0.0487723598049931,691.2866055127593,4,3.8425880414020605e-14,4.1924596170137215e-14,3.5487742238861426e-14,0.3790677712489581,0.4909949703824443,1.965348444977662e-12,2.6416997572319816,3.4257252286675044,1.0557635976932789,0.9561245575342902,1.5370633227787651,2.798579893426704,250391070.00891903,168.94104885546395,94.80860902204103,1351241.737869624,16351241.737869624,1168269.4399295915,199.46482791770444,199.46482791770444,199.46482791770444,120.70062405349015,78.7642038642143,250391070.0089183,250391070.00891834,0.0,1.0000000000000002,0.003900211341937857,0.0017648364250146115,0.6791161250637877,0.0,2.380462081705536e-16,737,0,0.0,0.35692114100004346,0.0,2.5272705087340144e-14,0,0.05,24000000.0,False,7648758.262130376,0.63513;0.63593;0.63705;0.63860;0.64075;0.64375;0.64554;0.64723;0.64898;0.65869;0.66623;0.64839;0.60532;0.55033;0.44870;0.18900;0.01536;0.00000;0.00000;0.00000;0.00000;0.00000;0.00000;0.00000
ok,R0105_S+03,105,3,20366909,44.03175959298799,0.3471755835583592,0.23779669666020972,46.87817235023421,2420.833595865308,2.488678647985406,2.5562737053914324,0.278467839076023,0.1982041059844296,0.0487723598049931,691.2866055127593,4,3.8425880414020605e-14,4.1924596170137215e-14,3.5487742238861426e-14,0.3790677712489581,0.4909949703824443,1.965348444977662e-12,2.6416997572319816,3.4257252286675044,2.083748332591586,2.4099919849223137,3.0914226671637666,4.128040379315947,462050733.0994561,229.81151464393687,129.2029780550193,2021264.780428499,17021264.7804285,1728371.7381814197,271.6684304346382,271.6684304346382,271.6684304346382,164.8725152811986,106.79591515343961,462050733.09945583,462050733.0994562,0.0,1.0000000000000007,0.007313725775580724,0.0032566814940703875,0.6565930249977076,0.0,7.740013012280295e-16,1484,0,0.0,0.8173052560000542,0.0,1.082261130245484e-14,0,0.05,24000000.0,False,6978735.219571501,0.61409;0.61503;0.61635;0.61819;0.62075;0.62430;0.62650;0.62857;0.63066;0.63278;0.63815;0.64782;0.63845;0.60117;0.54574;0.43186;0.17550;0.00829;0.00000;0.00000;0.00000;0.00000;0.00000;0.00000
ok,R0106_S+00,106,0,20367909,42.1287285846485,0.2246286639535492,0.1367087421480884,72.56224774311846,3695.5160721989,2.318598896255409,3.036851556131104,0.5964704333221149,0.2332824838544372,0.0565639957518822,702.5047554279747,4,3.697518082043058e-14,3.8026261386655365e-14,3.5947726657085755e-14,0.24004602454545187,0.27212653839590395,2.759270999483066e-12,4.798568232461694,6.327032863150587,3.123395844164732,2.6587423657291294,2.299388613198596,2.04533458657313,399474302.0270784,225.2445552333836,138.7721585022239,1382494.9134855755,16382494.913485575,1005157.0298704803,263.6022826055604,263.6022826055604,263.6022826055604,189.45810009400844,74.14418251155195,399474302.02707845,399474302.0270786,0.0,1.0000000000000004,0.0036152121209649802,0.001336080115880437,0.5909229321094075,0.0,4.476231222354096e-16,746,0,0.0,0.4378537290000395,0.0,2.1862060951565312e-14,0,0.05,24000000.0,False,7617505.0865144245,0.58238;0.58288;0.58357;0.58454;0.58588;0.58775;0.58876;0.58964;0.58960;0.58662;0.58115;0.56989;0.54454;0.50376;0.45429;0.39201;0.21344;0.00578;0.00000;0.00000;0.00000;0.00000;0.00000;0.00000
ok,R0106_S+01,106,1,20367909,42.1287285846485,0.2246286639535492,0.1367087421480884,72.56224774311846,3695.5160721989,2.318598896255409,3.036851556131104,0.5964704333221149,0.2332824838544372,0.0565639957518822,702.5047554279747,4,3.697518082043058e-14,3.8026261386655365e-14,3.5947726657085755e-14,0.24004602454545187,0.27212653839590395,2.759270999483066e-12,4.798568232461694,6.327032863150587,19.42572694047432,18.102653220322424,17.580893030892334,17.86044637218405,2878436527.636103,612.627328446977,381.31556570199774,7727510.549937107,22727510.549937107,5961803.94112004,717.0764977590711,717.0764977590711,717.0764977590711,517.4833550697625,199.5931426893086,2878436527.6361175,2878436527.636115,0.0,0.9999999999999992,0.02712264997598541,0.00962720702318829,0.49404246647866806,0.0,8.28291945340761e-16,19205,0,0.0,10.105646460999992,0.0,4.308412390672258e-15,0,0.05,24000000.0,False,1272489.4500628933,0.45214;0.45330;0.45491;0.45716;0.46029;0.46464;0.46784;0.47050;0.47321;0.47598;0.47881;0.48168;0.48459;0.48746;0.49019;0.49098;0.48228;0.45067;0.39294;0.22035;0.00452;0.00000;0.00000;0.00000
ok,R0106_S+02,106,2,20367909,42.1287285846485,0.2246286639535492,0.1367087421480884,72.56224774311846,3695.5160721989,2.318598896255409,3.036851556131104,0.5964704333221149,0.2332824838544372,0.0565639957518822,702.5047554279747,4,3.697518082043058e-14,3.8026261386655365e-14,3.5947726657085755e-14,0.24004602454545187,0.27212653839590395,2.759270999483066e-12,4.798568232461694,6.327032863150587,21.448777019647743,15.74371414254333,10.994808534563022,7.202060195706809,2184944079.677905,537.2686179159464,331.61136174319466,8477222.132866472,23477222.132866472,6649729.3411704,632.1476325165742,632.1476325165742,632.1476325165742,455.0956559995915,177.05197651698268,2184944079.677912,2184944079.67791,0.0,0.9999999999999989,0.02057082869522797,0.007307755027274914,0.5359834644188406,0.0,1.091188471682572e-15,13249,0,0.0,7.046362451999926,0.0,1.1675402677797137e-14,0,0.05,24000000.0,False,522777.867133528,0.51534;0.51619;0.51737;0.51902;0.52131;0.52450;0.52646;0.52831;0.53016;0.53200;0.53362;0.53308;0.52435;0.51344;0.50240;0.48835;0.46831;0.42867;0.35006;0.10041;0.00000;0.00000;0.00000;0.00000
ok,R0106_S+03,106,3,20367909,42.1287285846485,0.2246286639535492,0.1367087421480884,72.56224774311846,3695.5160721989,2.318598896255409,3.036851556131104,0.5964704333221149,0.2332824838544372,0.0565639957518822,702.5047554279747,4,3.697518082043058e-14,3.8026261386655365e-14,3.5947726657085755e-14,0.24004602454545187,0.27212653839590395,2.759270999483066e-12,4.798568232461694,6.327032863150587,1.3894384793535948,1.1287458399784316,1.2093142242252712,1.6311436320941135,211382357.90292123,164.40247465244104,100.64564412898156,643082.8668965958,15643082.866896596,475451.84069616906,191.29110037484972,191.29110037484972,191.29110037484972,139.569183750163,51.72191662468671,211382357.90292147,211382357.90292108,0.0,0.9999999999999981,0.0020725931356094544,0.0007069885692497367,0.6107372218501195,0.0,1.832840710472009e-15,384,0,0.0,0.22749685700000555,0.0,4.615507708176165e-14,0,0.05,24000000.0,False,8356917.133103404,0.59156;0.59201;0.59262;0.59348;0.59468;0.59634;0.59721;0.59876;0.60566;0.60613;0.58594;0.55025;0.50620;0.45662;0.39546;0.22296;0.00867;0.00000;0.00000;0.00000;0.00000;0.00000;0.00000;0.00000
ok,R0117_S+00,117,0,20378909,38.01480975234772,0.447067488671042,0.22600131091190936,72.35653743885513,3020.984433235779,2.9985622293189502,3.8576028711037753,0.6288232367070885,0.2939099155937219,0.0712294000190038,753.9944373340381,4,3.608317248664683e-14,4.854181187036408e-14,2.853440006724127e-14,0.5792443804008129,0.9265886419455962,3.5123174279478623e-12,5.217565767051711,5.29688502112319,2.788088518032052,1.8304745944027605,1.0689182446339978,0.5034194687257639,244212464.87511855,181.3056963869262,92.08867703198379,1116134.6582426764,16116134.658242676,807637.3992608227,204.86775886374107,204.86775886374107,204.86775886374107,78.24089520337016,126.62686366037092,244212464.87511858,244212464.87511846,0.0,0.9999999999999996,0.0019764600900654917,0.000690818730921877,0.5609021707625871,0.0,4.881376125159728e-16,549,0,0.0,0.3125744300000406,0.0,1.0376461192391276e-13,0,0.05,24000000.0,False,7883865.341757324,0.54758;0.54754;0.54748;0.54740;0.54729;0.54713;0.53819;0.52897;0.52010;0.50679;0.48744;0.46131;0.42749;0.33936;0.18728;0.09361;0.02540;0.00000;0.00000;0.00000;0.00000;0.00000;0.00000;0.00000
ok,R0117_S+01,117,1,20378909,38.01480975234772,0.447067488671042,0.22600131091190936,72.35653743885513,3020.984433235779,2.9985622293189502,3.8576028711037753,0.6288232367070885,0.2939099155937219,0.0712294000190038,753.9944373340381,4,3.608317248664683e-14,4.854181187036408e-14,2.853440006724127e-14,0.5792443804008129,0.9265886419455962,3.5123174279478623e-12,5.217565767051711,5.29688502112319,1.7386435014446997,1.6725152284569356,1.127274592883471,0.1029215947243066,183087527.43099383,156.93675342581903,79.7321624951318,711118.1503111646,15711118.150311165,518409.406187769,177.40216571451302,177.40216571451302,177.40216571451302,68.69911438919192,108.7030513253211,183087527.43099388,183087527.4309939,0.0,1.0000000000000002,0.001517612784149118,0.0005179108831546422,0.5527662838727292,0.0,1.627763660685618e-16,420,0,0.0,0.22622601000000486,0.0,3.5007752440116394e-13,6,0.05,24000000.0,False,8288881.849688835,0.54030;0.54010;0.53982;0.53942;0.53888;0.53812;0.53332;0.52895;0.51952;0.50241;0.47915;0.44861;0.40675;0.24018;0.14153;0.08306;0.00000;0.00000;0.00000;0.00000;0.00000;0.00000;0.00000;0.00000
ok,R0117_S+02,117,2,20378909,38.01480975234772,0.447067488671042,0.22600131091190936,72.35653743885513,3020.984433235779,2.9985622293189502,3.8576028711037753,0.6288232367070885,0.2939099155937219,0.0712294000190038,753.9944373340381,4,3.608317248664683e-14,4.854181187036408e-14,2.853440006724127e-14,0.5792443804008129,0.9265886419455962,3.5123174279478623e-12,5.217565767051711,5.29688502112319,1.0029331363160965,1.2007854883026656,2.3709233464818684,4.513346710853704,358493889.5370527,218.6777520003507,111.01375718316675,1305072.9519267846,16305072.951926785,1119080.1848057788,248.55220124749533,248.55220124749533,248.55220124749533,96.66183647108679,151.89036477640855,358493889.53705305,358493889.5370525,0.0,0.9999999999999986,0.0029106703649927315,0.001014093583081883,0.519894999889112,0.0,1.4963764198917268e-15,867,0,0.0,0.5559359740000218,0.0,4.357054158101541e-14,0,0.05,24000000.0,False,7694927.048073215,0.47924;0.47994;0.48091;0.48227;0.48415;0.48678;0.48836;0.48992;0.49393;0.50280;0.49597;0.47901;0.45060;0.40927;0.24990;0.14485;0.08298;0.00000;0.00000;0.00000;0.00000;0.00000;0.00000;0.00000
ok,R0117_S+03,117,3,20378909,38.01480975234772,0.447067488671042,0.22600131091190936,72.35653743885513,3020.984433235779,2.9985622293189502,3.8576028711037753,0.6288232367070885,0.2939099155937219,0.0712294000190038,753.9944373340381,4,3.608317248664683e-14,4.854181187036408e-14,2.853440006724127e-14,0.5792443804008129,0.9265886419455962,3.5123174279478623e-12,5.217565767051711,5.29688502112319,0.6487985503523848,0.9156827431066592,0.9231976419139588,0.6713432467742826,124613948.01916397,129.19986929288717,65.91242594781446,276201.2281087935,15276201.228108793,223813.74269790016,146.96528733297313,146.96528733297313,146.96528733297313,55.84339407394272,91.12189325903041,124613948.019164,124613948.01916459,0.0,1.0000000000000049,0.000983119067606819,0.000352503093849051,0.5559291342080868,0.0,4.783143919509252e-15,299,0,0.0,0.21308826599999975,0.0,6.36847545447213e-14,0,0.05,24000000.0,False,8723798.771891207,0.54712;0.54730;0.54754;0.54788;0.54836;0.54902;0.54387;0.53357;0.51675;0.49315;0.46280;0.42700;0.32801;0.18650;0.09383;0.02286;0.00000;0.00000;0.00000;0.00000;0.00000;0.00000;0.00000;0.00000
ok,R0119_S+00,119,0,20380909,106.56832917827911,0.621136001703199,0.11510854011111009,75.46493222766938,2496.8700581954395,1.7596883737208695,2.131884040228058,0.4692032079397638,0.1852038241410092,0.0417336064613023,689.3142204587191,4,9.155784961333787e-14,1.257746856378932e-13,5.300998802028702e-14,0.6711748323229213,0.6337833722566238,9.491578127620033e-12,3.003763497786091,6.745688873663504,0.2382796657741913,0.4605473087457683,0.937349366135769,1.6686858379441936,130366898.35923114,153.27252082769166,89.29218430505176,113496.32130333036,15113496.32130333,106409.82306324132,176.61475263319042,176.61475263319042,176.61475263319042,51.249860881378545,125.36489175181188,130366898.35923125,130366898.35923377,0.0,1.0000000000000193,0.003226467256697025,0.0011116180978953643,0.7581645624679578,0.0,1.9316991302661717e-14,280,0,0.0,0.13213942800007317,0.0,9.145933695305798e-13,0,0.05,24000000.0,False,8886503.67869667,0.74092;0.74099;0.74109;0.74122;0.74140;0.74166;0.73553;0.72663;0.70944;0.66956;0.61466;0.54335;0.41378;0.34990;0.27735;0.12328;0.00003;0.00000;0.00000;0.00000;0.00000;0.00000;0.00000;0.00000
ok,R0119_S+01,119,1,20380909,106.56832917827911,0.621136001703199,0.11510854011111009,75.46493222766938,2496.8700581954395,1.7596883737208695,2.131884040228058,0.4692032079397638,0.1852038241410092,0.0417336064613023,689.3142204587191,4,9.155784961333787e-14,1.257746856378932e-13,5.300998802028702e-14,0.6711748323229213,0.6337833722566238,9.491578127620033e-12,3.003763497786091,6.745688873663504,0.3555831326080989,0.3731746191056391,0.55486204897186,0.9006454222067614,86162710.24743491,124.21075852550219,72.55444922098796,62449.30849807151,15062449.308498072,58697.02983884327,143.07354997441857,143.07354997441857,143.07354997441857,41.437910705445034,101.63563926897353,86162710.24743488,86162710.24743706,0.0,1.0000000000000253,0.0021173023341140964,0.0007346959180607168,0.7690320157774538,0.0,2.5249548535023315e-14,221,0,0.0,0.11411373399994318,0.0,8.78121873243922e-13,0,0.05,24000000.0,False,8937550.691501928,0.74912;0.74906;0.74898;0.74887;0.74871;0.74849;0.74042;0.72195;0.68601;0.63635;0.57284;0.46773;0.37325;0.30838;0.19304;0.01393;0.00000;0.00000;0.00000;0.00000;0.00000;0.00000;0.00000;0.00000
ok,R0119_S+02,119,2,20380909,106.56832917827911,0.621136001703199,0.11510854011111009,75.46493222766938,2496.8700581954395,1.7596883737208695,2.131884040228058,0.4692032079397638,0.1852038241410092,0.0417336064613023,689.3142204587191,4,9.155784961333787e-14,1.257746856378932e-13,5.300998802028702e-14,0.6711748323229213,0.6337833722566238,9.491578127620033e-12,3.003763497786091,6.745688873663504,2.119747843210948,7.596348871014708,11.448412296966902,13.675938121067524,1374351118.0262635,500.52115369887906,291.75225160271486,773851.8346074317,15773851.834607432,711003.3124500401,578.5431707799241,578.5431707799241,578.5431707799241,166.14180647599864,412.4013643039255,1374351118.026264,1374351118.0262659,0.0,1.0000000000000013,0.03272807202914703,0.01171887645474934,0.6897267789995893,0.0,1.3878175728133328e-15,2264,0,0.0,1.3133389810000153,0.0,1.3454007801240236e-13,0,0.05,24000000.0,False,8226148.165392568,0.66555;0.66615;0.66698;0.66815;0.66976;0.67202;0.67327;0.67441;0.67550;0.67786;0.67765;0.66631;0.65216;0.63338;0.58407;0.49705;0.38325;0.31949;0.22386;0.04409;0.00000;0.00000;0.00000;0.00000
ok,R0119_S+03,119,3,20380909,106.56832917827911,0.621136001703199,0.11510854011111009,75.46493222766938,2496.8700581954395,1.7596883737208695,2.131884040228058,0.4692032079397638,0.1852038241410092,0.0417336064613023,689.3142204587191,4,9.155784961333787e-14,1.257746856378932e-13,5.300998802028702e-14,0.6711748323229213,0.6337833722566238,9.491578127620033e-12,3.003763497786091,6.745688873663504,0.2515012042846323,3.823670610519296,7.110278910738119,9.522985861084816,816885698.0326699,386.18202969584974,224.6386030127721,565214.6865900569,15565214.686590057,523210.0495934151,437.77528940538923,437.77528940538923,437.77528940538923,129.5628090310198,308.2124803743694,816885698.0326736,816885698.0326695,0.0,0.999999999999995,0.019768047561020335,0.0069654562413748325,0.703867710053148,0.0,4.961668265814647e-15,1199,0,0.0,0.6493454640000209,0.0,1.067837311175743e-12,0,0.05,24000000.0,False,8434785.313409943,0.68295;0.68344;0.68413;0.68508;0.68640;0.68824;0.68918;0.69004;0.69227;0.69107;0.67972;0.66627;0.64761;0.59887;0.52158;0.39575;0.33405;0.25205;0.08483;0.00000;0.00000;0.00000;0.00000;0.00000
ok,R0122_S+00,122,0,20383909,370.7667397376344,0.118196151140492,0.1435041239428808,42.29781794233837,1753.9774905435838,1.684034341673193,3.995451343338818,0.294002168403889,0.2197697276117281,0.0608744373968138,697.4309458261073,4,3.270289649904649e-13,3.287729940764511e-13,3.253814353633168e-13,0.11097521019350953,0.12206664992875443,1.3906380247803224e-11,1.1447268454491675,2.8977894266595112,1.218416363857707,1.0026117926566231,0.6005141730406761,0.0354208229320609,112698625.47615732,146.59869708236604,95.22046671512973,132882.40778298303,15132882.407782983,99045.83989493921,168.953672319449,168.953672319449,168.953672319449,149.74185454454883,19.21181777490017,112698625.47615734,112698625.47615579,0.0,0.9999999999999862,0.007738390245013702,0.002754464373417388,0.6571920352812195,0.0,1.3751017437990111e-14,295,0,0.0,0.16128374899994924,0.0,3.8871649767245114e-12,0,0.05,24000000.0,False,8867117.592217017,0.65555;0.65557;0.65561;0.65566;0.65573;0.65582;0.65013;0.64419;0.63024;0.60544;0.57348;0.53664;0.49524;0.44893;0.39460;0.28328;0.00389;0.00000;0.00000;0.00000;0.00000;0.00000;0.00000;0.00000
ok,R0122_S+01,122,1,20383909,370.7667397376344,0.118196151140492,0.1435041239428808,42.29781794233837,1753.9774905435838,1.684034341673193,3.995451343338818,0.294002168403889,0.2197697276117281,0.0608744373968138,697.4309458261073,4,3.270289649904649e-13,3.287729940764511e-13,3.253814353633168e-13,0.11097521019350953,0.12206664992875443,1.3906380247803224e-11,1.1447268454491675,2.8977894266595112,0.2923776742429603,0.2247950556733247,0.2327375783299209,0.3162052422127486,42055060.118954375,89.46998732390183,58.16822547544123,33609.66018409096,15033609.660184091,25319.58009994775,102.94329641808734,102.94329641808734,102.94329641808734,91.15925292377602,11.78404349431132,42055060.11895435,42055060.118950985,0.0,0.99999999999992,0.0028660571285851907,0.001027866704941185,0.6629867460101976,0.0,8.007746084024152e-14,256,0,0.0,0.127911059999974,0.0,6.133812548668003e-13,0,0.05,24000000.0,False,8966390.339815909,0.65911;0.65898;0.65881;0.65858;0.65825;0.65780;0.64248;0.61849;0.58901;0.55458;0.51544;0.47183;0.42240;0.35702;0.07580;0.00000;0.00000;0.00000;0.00000;0.00000;0.00000;0.00000;0.00000;0.00000
ok,R0122_S+02,122,2,20383909,370.7667397376344,0.118196151140492,0.1435041239428808,42.29781794233837,1753.9774905435838,1.684034341673193,3.995451343338818,0.294002168403889,0.2197697276117281,0.0608744373968138,697.4309458261073,4,3.270289649904649e-13,3.287729940764511e-13,3.253814353633168e-13,0.11097521019350953,0.12206664992875443,1.3906380247803224e-11,1.1447268454491675,2.8977894266595112,1.0858832160363456,1.0648889844189666,1.0116138788512588,0.9260578993332216,161276849.62540388,176.25907098919282,113.9002200719901,118942.17905171216,15118942.179051712,88917.22687990218,203.56465126514772,203.56465126514772,203.56465126514772,180.28301185539794,23.281639409749772,161276849.62540385,161276849.62540317,0.0,0.9999999999999958,0.010943919314174884,0.003941763572299777,0.6525408328013358,0.0,4.250166198738927e-15,288,0,0.0,0.18262942599994858,0.0,1.665672215954353e-13,0,0.05,24000000.0,False,8881057.820948288,0.64768;0.64808;0.64864;0.64942;0.65049;0.65198;0.65147;0.64962;0.64200;0.62141;0.59213;0.55767;0.51867;0.47511;0.42598;0.36214;0.11410;0.00000;0.00000;0.00000;0.00000;0.00000;0.00000;0.00000
ok,R0122_S+03,122,3,20383909,370.7667397376344,0.118196151140492,0.1435041239428808,42.29781794233837,1753.9774905435838,1.684034341673193,3.995451343338818,0.294002168403889,0.2197697276117281,0.0608744373968138,697.4309458261073,4,3.270289649904649e-13,3.287729940764511e-13,3.253814353633168e-13,0.11097521019350953,0.12206664992875443,1.3906380247803224e-11,1.1447268454491675,2.8977894266595112,0.1180858568611525,2.116611217737699,3.4904870337559792,3.980698872726682,382867965.9547224,274.61827993675394,175.86572068005825,267009.2770638317,15267009.277063832,228695.52247004025,317.6067700768466,317.6067700768466,317.6067700768466,275.1757555669969,42.43101450984972,382867965.95472187,382867965.95472175,0.0,0.9999999999999997,0.02829584451221195,0.00935766667507572,0.6177543439634262,0.0,3.113587454451047e-16,542,0,0.0,0.2700266320000537,0.0,1.1924813195071652e-12,0,0.05,24000000.0,False,8732990.722936168,0.59704;0.59771;0.59864;0.59992;0.60170;0.60416;0.60574;0.60716;0.60856;0.61073;0.61679;0.60224;0.56994;0.53198;0.48964;0.44242;0.38506;0.25392;0.00002;0.00000;0.00000;0.00000;0.00000;0.00000
ok,R0123_S+00,123,0,20384909,321.4425847139357,0.3227390661301139,0.2143192092499832,38.28490237924588,3634.517726807504,2.889778297606506,3.4671367651777976,0.3090864343678438,0.33548850986261,0.0750688086322757,611.3512970812664,4,3.595356848033755e-13,3.770395044343148e-13,3.4565594482933024e-13,0.28925146464821816,0.38502120542667434,1.4434920620386988e-11,5.143923123488035,2.4704249874157664,19.220423188382085,10.936034030695335,6.144282348422249,4.845168141562829,1623082621.3993883,567.6226105597187,332.3966782327569,2842277.7653536014,17842277.7653536,1946355.1631319113,656.7489563587078,656.7489563587078,656.7489563587078,455.81160527664485,200.93735108206295,1623082621.3993893,1623082621.3993857,0.0,0.9999999999999978,0.021473618708937835,0.0077968233147340665,0.5430967468173035,0.0,2.2033867157298757e-15,7870,0,0.0,4.190777702999981,0.0,1.8167297715743332e-14,0,0.05,24000000.0,False,6157722.234646399,0.53033;0.53089;0.53167;0.53275;0.53425;0.53635;0.53762;0.53886;0.54011;0.54135;0.54135;0.53814;0.53139;0.52213;0.51194;0.49947;0.47663;0.44257;0.37682;0.08987;0.00000;0.00000;0.00000;0.00000
ok,R0123_S+01,123,1,20384909,321.4425847139357,0.3227390661301139,0.2143192092499832,38.28490237924588,3634.517726807504,2.889778297606506,3.4671367651777976,0.3090864343678438,0.33548850986261,0.0750688086322757,611.3512970812664,4,3.595356848033755e-13,3.770395044343148e-13,3.4565594482933024e-13,0.28925146464821816,0.38502120542667434,1.4434920620386988e-11,5.143923123488035,2.4704249874157664,1.924890577799492,1.7746080184665658,1.267800737766087,0.4044687356980551,211900135.0466472,205.08325044349917,119.41803849841303,307835.01609331183,15307835.016093312,214486.11168227904,234.336099033812,234.336099033812,234.336099033812,165.20981749539916,69.12628153841283,211900135.0466471,211900135.0466474,0.0,1.0000000000000013,0.0026346370952657337,0.0010179074629623924,0.5879717499873278,0.0,1.4064324395609616e-15,425,0,0.0,0.20389630400006808,0.0,2.467977099329841e-13,0,0.05,24000000.0,False,8692164.983906688,0.58356;0.58351;0.58344;0.58335;0.58321;0.58302;0.57526;0.57209;0.56848;0.56420;0.55259;0.53168;0.50529;0.47510;0.43932;0.36062;0.08435;0.00000;0.00000;0.00000;0.00000;0.00000;0.00000;0.00000
ok,R0123_S+02,123,2,20384909,321.4425847139357,0.3227390661301139,0.2143192092499832,38.28490237924588,3634.517726807504,2.889778297606506,3.4671367651777976,0.3090864343678438,0.33548850986261,0.0750688086322757,611.3512970812664,4,3.595356848033755e-13,3.770395044343148e-13,3.4565594482933024e-13,0.28925146464821816,0.38502120542667434,1.4434920620386988e-11,5.143923123488035,2.4704249874157664,7.968441492588528,16.063616472220943,17.99545160023933,13.763946876643688,2200805582.2554436,659.3785249896674,387.35545519379156,2171757.336604137,17171757.336604137,1789427.165024884,777.1496222359852,777.1496222359852,777.1496222359852,545.5412875430349,231.6083346929504,2200805582.2554398,2200805582.2554407,0.0,1.0000000000000004,0.02935179606285181,0.010572038692726403,0.5149060258076537,0.0,4.333296516945859e-16,11629,0,0.0,5.8400017889999845,0.0,1.1711981500145104e-14,0,0.05,24000000.0,False,6828242.663395863,0.49069;0.49148;0.49259;0.49412;0.49626;0.49924;0.50109;0.50290;0.50475;0.50667;0.50863;0.51062;0.51251;0.51162;0.50992;0.51026;0.49210;0.46044;0.41755;0.20916;0.02811;0.00000;0.00000;0.00000
ok,R0123_S+03,123,3,20384909,321.4425847139357,0.3227390661301139,0.2143192092499832,38.28490237924588,3634.517726807504,2.889778297606506,3.4671367651777976,0.3090864343678438,0.33548850986261,0.0750688086322757,611.3512970812664,4,3.595356848033755e-13,3.770395044343148e-13,3.4565594482933024e-13,0.28925146464821816,0.38502120542667434,1.4434920620386988e-11,5.143923123488035,2.4704249874157664,4.710308823436531,5.796296372932653,5.542540926047623,3.9490424827814414,788868545.9092553,395.1752713637633,230.90308199222102,731450.3130859006,15731450.3130859,519411.11215173826,454.67215032448894,454.67215032448894,454.67215032448894,321.60645698984524,133.0656933346437,788868545.9092551,788868545.9092557,0.0,1.0000000000000007,0.00960812321572082,0.0037894981992368793,0.5483837795681364,0.0,7.55571319004612e-16,1858,0,0.0,0.9998708030000216,0.0,2.5646768967706462e-14,0,0.05,24000000.0,False,8268549.686914099,0.53706;0.53758;0.53831;0.53932;0.54073;0.54268;0.54387;0.54504;0.54625;0.54708;0.54420;0.54071;0.53964;0.52881;0.50503;0.47480;0.43854;0.35825;0.08263;0.00000;0.00000;0.00000;0.00000;0.00000
ok,R0130_S+00,130,0,20391909,119.72298342442907,0.0730732829350746,0.15900060143642664,79.24598400564838,2093.8312216596387,1.511862957330176,3.08046827280068,0.451073009067684,0.2067015685161989,0.0485701880741579,775.7195846955196,4,1.142743701541161e-13,1.1434536450391845e-13,1.142047239835462e-13,0.039701284151879346,0.04106817048118946,9.061410926597559e-12,3.5019081123276976,5.572220659870334,1.0031267260948156,0.954177570515178,0.995427202125321,1.1268756209252444,160928262.04925007,121.12180157362177,76.08977033247292,118278.53171226941,15118278.53171227,92953.01271066815,134.69826598111155,134.69826598111155,134.69826598111155,129.02016619018252,5.678099790929025,160928262.04925007,160928262.04924715,0.0,0.9999999999999819,0.0039831692848522945,0.0011954139568516773,0.6846015347867878,0.0,1.8148630680547082e-14,217,0,0.0,0.10983811200003402,0.0,2.372480373185974e-13,0,0.05,24000000.0,False,8881721.46828773,0.68084;0.68113;0.68154;0.68210;0.68288;0.68397;0.68264;0.66882;0.64013;0.60034;0.55196;0.49647;0.43459;0.36516;0.27001;0.00200;0.00000;0.00000;0.00000;0.00000;0.00000;0.00000;0.00000;0.00000
ok,R0130_S+01,130,1,20391909,119.72298342442907,0.0730732829350746,0.15900060143642664,79.24598400564838,2093.8312216596387,1.511862957330176,3.08046827280068,0.451073009067684,0.2067015685161989,0.0485701880741579,775.7195846955196,4,1.142743701541161e-13,1.1434536450391845e-13,1.142047239835462e-13,0.039701284151879346,0.04106817048118946,9.061410926597559e-12,3.5019081123276976,5.572220659870334,4.163363172937854,5.242098951042864,8.111191384490565,12.770640473280965,1194742885.698181,332.70554140328306,208.55403006387,803231.0390875991,15803231.0390876,711478.2614851296,372.20749007507266,372.20749007507266,372.20749007507266,353.6312375034782,18.576252571594466,1194742885.698182,1194742885.698182,0.0,1.0,0.030834237026374507,0.008874838404554412,0.6166149993001534,0.0,0.0,887,0,0.0,0.5059084979999398,0.0,4.7674125573825257e-14,0,0.05,24000000.0,False,8196768.960912401,0.57604;0.57681;0.57787;0.57934;0.58140;0.58426;0.58591;0.58749;0.58899;0.59033;0.59192;0.61181;0.60033;0.55345;0.49739;0.43521;0.36506;0.26799;0.00966;0.00000;0.00000;0.00000;0.00000;0.00000
ok,R0130_S+02,130,2,20391909,119.72298342442907,0.0730732829350746,0.15900060143642664,79.24598400564838,2093.8312216596387,1.511862957330176,3.08046827280068,0.451073009067684,0.2067015685161989,0.0485701880741579,775.7195846955196,4,1.142743701541161e-13,1.1434536450391845e-13,1.142047239835462e-13,0.039701284151879346,0.04106817048118946,9.061410926597559e-12,3.5019081123276976,5.572220659870334,0.2022569850534178,0.4238343998605324,0.6970189686287293,1.0218106913580087,92500100.45819743,92.05020724838893,57.69903593093706,73328.87652260438,15073328.876522604,67625.31115611643,100.8931696161934,100.8931696161934,100.8931696161934,97.96518561093988,2.9279840052535206,92500100.45819743,92500100.4581986,0.0,1.0000000000000127,0.002155693953047059,0.0006871130632360554,0.6815531455206263,0.0,1.2726383306426357e-14,207,0,0.0,0.10967041599997174,0.0,8.647098876505025e-13,0,0.05,24000000.0,False,8926671.123477396,0.67886;0.67901;0.67923;0.67953;0.67996;0.68055;0.67136;0.64526;0.60719;0.56025;0.50586;0.44514;0.37743;0.29079;0.01236;0.00000;0.00000;0.00000;0.00000;0.00000;0.00000;0.00000;0.00000;0.00000
ok,R0130_S+03,130,3,20391909,119.72298342442907,0.0730732829350746,0.15900060143642664,79.24598400564838,2093.8312216596387,1.511862957330176,3.08046827280068,0.451073009067684,0.2067015685161989,0.0485701880741579,775.7195846955196,4,1.142743701541161e-13,1.1434536450391845e-13,1.142047239835462e-13,0.039701284151879346,0.04106817048118946,9.061410926597559e-12,3.5019081123276976,5.572220659870334,1.3935355962693217,2.1208827789953646,3.2469989769846133,4.771884190237065,454954145.94645965,206.40116386642612,128.2728227546469,309677.7781967763,15309677.778196776,280026.67856541835,227.05653227497888,227.05653227497888,227.05653227497888,219.69962363649205,7.3569086384868285,454954145.9464591,454954145.94645995,0.0,1.0000000000000018,0.01108233056631465,0.0033795091605817638,0.6515481848847942,0.0,1.8341739146469324e-15,343,0,0.0,0.20140658599996186,0.0,1.598140448299469e-13,0,0.05,24000000.0,False,8690322.221803224,0.62536;0.62586;0.62657;0.62754;0.62890;0.63079;0.63174;0.63245;0.63610;0.65067;0.62488;0.58072;0.52863;0.46993;0.40479;0.32810;0.16882;0.00000;0.00000;0.00000;0.00000;0.00000;0.00000;0.00000
ok,R0131_S+00,131,0,20392909,35.67794545838571,0.50739383815886,0.141952318060343,67.3292750618179,3223.9562640024637,1.865358144133478,2.0937917526926397,0.2096508639833208,0.1735139879658711,0.0549476872135979,656.0732556838386,4,5.2372437580183686e-14,7.493012626044989e-14,4.197209138543808e-14,0.5928096582004272,1.0938190233693097,5.044991081406576e-12,3.404368708216,2.289277761610012,5.554519004474202,3.3881069113279856,1.7812642158700402,0.7339909181003647,451979033.7703794,312.33662450810056,146.92765404572353,1327546.900973089,16327546.900973089,1062626.3691322021,357.7066466814151,357.7066466814151,357.7066466814151,136.97346973407582,220.7331769473393,451979033.7703802,451979033.77038,0.0,0.9999999999999996,0.004962809567252818,0.0022074525283611213,0.7861197120484997,0.0,3.9562440061548314e-16,1823,0,0.0,0.9747206939999842,0.0,7.152012801612024e-14,0,0.05,24000000.0,False,7672453.099026911,0.77896;0.77913;0.77937;0.77969;0.78015;0.78079;0.77553;0.77032;0.76344;0.75314;0.74471;0.72932;0.69715;0.64417;0.55831;0.27629;0.14524;0.10924;0.00005;0.00000;0.00000;0.00000;0.00000;0.00000
ok,R0131_S+01,131,1,20392909,35.67794545838571,0.50739383815886,0.141952318060343,67.3292750618179,3223.9562640024637,1.865358144133478,2.0937917526926397,0.2096508639833208,0.1735139879658711,0.0549476872135979,656.0732556838386,4,5.2372437580183686e-14,7.493012626044989e-14,4.197209138543808e-14,0.5928096582004272,1.0938190233693097,5.044991081406576e-12,3.404368708216,2.289277761610012,2.6925421514903047,4.458183771004323,5.490173732344061,5.788512035509518,726985002.9491657,394.72555295672515,185.6314178416006,1176780.3500486854,16176780.350048685,1014140.4190839604,454.03885523059114,454.03885523059114,454.03885523059114,172.72501284312628,281.3138423874649,726985002.9491668,726985002.9491664,0.0,0.9999999999999996,0.007694790003138721,0.003550573727842476,0.7426445144158342,0.0,4.919329383708763e-16,3065,0,0.0,1.6795720869999968,0.0,1.9654999282142713e-14,0,0.05,24000000.0,False,7823219.649951315,0.71509;0.71584;0.71687;0.71830;0.72030;0.72308;0.72477;0.72639;0.72801;0.72960;0.73184;0.73564;0.72216;0.68416;0.62768;0.51644;0.18829;0.13807;0.08353;0.00000;0.00000;0.00000;0.00000;0.00000
ok,R0131_S+02,131,2,20392909,35.67794545838571,0.50739383815886,0.141952318060343,67.3292750618179,3223.9562640024637,1.865358144133478,2.0937917526926397,0.2096508639833208,0.1735139879658711,0.0549476872135979,656.0732556838386,4,5.2372437580183686e-14,7.493012626044989e-14,4.197209138543808e-14,0.5928096582004272,1.0938190233693097,5.044991081406576e-12,3.404368708216,2.289277761610012,0.0524226783054026,0.8055717009334694,1.4476371629612146,1.93340089331038,167217112.4835814,189.53702754225256,89.07089191040167,396419.9991802741,15396419.999180274,347816.40395624377,214.9909245257059,214.9909245257059,214.9909245257059,81.33088031936693,133.66004420633897,167217112.4835814,167217112.48358127,0.0,0.9999999999999993,0.001657885365787318,0.0008166835409552514,0.7720889951196925,0.0,7.12901256218535e-16,561,0,0.0,0.3761773699999367,0.0,8.868946945037874e-13,0,0.05,24000000.0,False,8603580.000819726,0.75615;0.75658;0.75718;0.75801;0.75916;0.76077;0.76169;0.76340;0.76629;0.75295;0.72353;0.67954;0.61098;0.45966;0.15727;0.13161;0.04794;0.00000;0.00000;0.00000;0.00000;0.00000;0.00000;0.00000
ok,R0131_S+03,131,3,20392909,35.67794545838571,0.50739383815886,0.141952318060343,67.3292750618179,3223.9562640024637,1.865358144133478,2.0937917526926397,0.2096508639833208,0.1735139879658711,0.0549476872135979,656.0732556838386,4,5.2372437580183686e-14,7.493012626044989e-14,4.197209138543808e-14,0.5928096582004272,1.0938190233693097,5.044991081406576e-12,3.404368708216,2.289277761610012,1.392798167822028,2.92612141614581,5.22385813477967,8.286008323723609,703292123.0173581,389.1169555268857,182.96582040829097,1725764.8540572356,16725764.854057236,1480451.0106886458,445.92593083888875,445.92593083888875,445.92593083888875,171.36058858050805,274.5653422583807,703292123.017357,703292123.0173584,0.0,1.000000000000002,0.007694790003138721,0.0034348583875238,0.7419283301839826,0.0,2.0340217496991225e-15,3290,0,0.0,1.7576252120001072,0.0,4.0243953478534646e-14,0,0.05,24000000.0,False,7274235.145942764,0.69636;0.69723;0.69844;0.70013;0.70248;0.70576;0.70778;0.70970;0.71162;0.71353;0.71611;0.72847;0.71800;0.67951;0.62483;0.50768;0.17867;0.13665;0.07698;0.00000;0.00000;0.00000;0.00000;0.00000
ok,R0142_S+00,142,0,20403909,83.97642190393006,0.1705347291615274,0.22487973691410884,41.463790012967344,1829.803372976913,2.9573817203183275,3.512086113356053,0.6139479035838129,0.3132778025055061,0.0776146734966855,677.4396531835159,4,8.394343246550355e-14,8.477075887013302e-14,8.311686373153402e-14,0.1497502832209644,0.16093964060353386,3.514916945031085e-12,1.65310422867243,4.746122421889964,8.315819019172453,6.074343947241261,4.677178821558924,4.12432364212544,914841626.2210789,346.3608972603083,226.9336897215299,3921845.127800312,18921845.127800312,2586570.180188816,396.1484081900831,396.1484081900831,396.1484081900831,331.1923025965926,64.95610559349052,914841626.2210779,914841626.2210788,0.0,1.0000000000000009,0.04116342869738443,0.013768837197401068,0.5090773872855975,0.0,9.121415149225124e-16,3522,0,0.0,2.0123644709999553,0.0,8.899371205603609e-15,0,0.05,24000000.0,False,5078154.872199688,0.49215;0.49290;0.49393;0.49537;0.49735;0.50011;0.50186;0.50348;0.50508;0.50665;0.50811;0.50713;0.50330;0.49532;0.48312;0.46010;0.42583;0.37704;0.09660;0.00000;0.00000;0.00000;0.00000;0.00000
ok,R0142_S+01,142,1,20403909,83.97642190393006,0.1705347291615274,0.22487973691410884,41.463790012967344,1829.803372976913,2.9573817203183275,3.512086113356053,0.6139479035838129,0.3132778025055061,0.0776146734966855,677.4396531835159,4,8.394343246550355e-14,8.477075887013302e-14,8.311686373153402e-14,0.1497502832209644,0.16093964060353386,3.514916945031085e-12,1.65310422867243,4.746122421889964,3.454074518601604,3.055669353766626,2.2403884234051343,1.0082317275171273,384938185.6267401,222.09559508619344,146.52576934040198,1691803.8468892463,16691803.846889246,1135757.2320826203,255.75955542523903,255.75955542523903,255.75955542523903,210.23097655287415,45.528578872364875,384938185.62673956,384938185.62673986,0.0,1.0000000000000007,0.01513669325549985,0.005793517759845253,0.5514300326065003,0.0,7.742106005714261e-16,936,0,0.0,0.4779564030000074,0.0,4.268921249618122e-14,0,0.05,24000000.0,False,7308196.153110754,0.54562;0.54606;0.54666;0.54750;0.54866;0.55026;0.55078;0.54707;0.53420;0.52705;0.52297;0.51665;0.50660;0.48264;0.45029;0.41236;0.33842;0.00914;0.00000;0.00000;0.00000;0.00000;0.00000;0.00000
ok,R0142_S+02,142,2,20403909,83.97642190393006,0.1705347291615274,0.22487973691410884,41.463790012967344,1829.803372976913,2.9573817203183275,3.512086113356053,0.6139479035838129,0.3132778025055061,0.0776146734966855,677.4396531835159,4,8.394343246550355e-14,8.477075887013302e-14,8.311686373153402e-14,0.1497502832209644,0.16093964060353386,3.514916945031085e-12,1.65310422867243,4.746122421889964,2.8218174529667417,2.015979010688284,1.5812169541307806,1.5175312832942311,313072878.8235042,200.37717979602004,131.99287253671096,1394179.5936638657,16394179.593663866,939773.9741327111,230.99499041551613,230.99499041551613,230.99499041551613,189.804437072514,41.190553343002136,313072878.82350373,313072878.82350385,0.0,1.0000000000000004,0.012391813978634305,0.004711907914868748,0.5400333571994715,0.0,3.807716912392978e-16,669,0,0.0,0.43037068699993597,0.0,2.6198023589989703e-14,0,0.05,24000000.0,False,7605820.406336134,0.53135;0.53186;0.53256;0.53354;0.53490;0.53678;0.53798;0.53907;0.53950;0.53795;0.53143;0.52063;0.50186;0.47305;0.43902;0.39771;0.24575;0.00022;0.00000;0.00000;0.00000;0.00000;0.00000;0.00000
ok,R0142_S+03,142,3,20403909,83.97642190393006,0.1705347291615274,0.22487973691410884,41.463790012967344,1829.803372976913,2.9573817203183275,3.512086113356053,0.6139479035838129,0.3132778025055061,0.0776146734966855,677.4396531835159,4,8.394343246550355e-14,8.477075887013302e-14,8.311686373153402e-14,0.1497502832209644,0.16093964060353386,3.514916945031085e-12,1.65310422867243,4.746122421889964,0.2619474298503813,0.5687399631823125,0.6842274524150892,0.6084098975487113,83758791.13698271,104.02132973979083,68.07986902422604,183521.1669159364,15183521.166915936,163948.71359363757,118.8791585720727,118.8791585720727,118.8791585720727,98.25506072979312,20.624097842279582,83758791.13698272,83758791.13698268,0.0,0.9999999999999994,0.00356340861276426,0.0012606129038749481,0.5637874945034904,0.0,5.337169146631184e-16,288,0,0.0,0.1962099729998954,0.0,1.1692376745278905e-13,0,0.05,24000000.0,False,8816478.833084064,0.55969;0.56003;0.56049;0.56114;0.56203;0.56328;0.56274;0.56158;0.55386;0.53186;0.50386;0.47283;0.43879;0.39839;0.23882;0.00000;0.00000;0.00000;0.00000;0.00000;0.00000;0.00000;0.00000;0.00000
ok,R0148_S+00,148,0,20409909,517.6164365521529,0.6038195652128459,0.21676313446295672,27.585666395605163,2265.9725290344672,2.5063520914178747,2.4568737093731965,0.2357674515185129,0.2864773397176544,0.050894025371886,729.3451058774426,4,7.500630540554792e-13,7.861881625578215e-13,7.076027687771059e-13,0.31343615959549476,0.3133014163189865,2.168752437649386e-11,1.9368326875084063,2.7795103625120383,6.071875237005435,3.376127280815296,1.6849015598953645,0.9981980742456402,478535586.5884345,283.53704258614357,178.9270053485879,400210.4510922637,15400210.451092264,289299.1788376272,326.17434077749135,326.17434077749135,326.17434077749135,216.10393105724506,110.07040972024629,478535586.58843446,478535586.588433,0.0,0.999999999999997,0.015893891298661464,0.006802258199468673,0.6796028477949951,0.0,2.98935233805232e-15,719,0,0.0,0.437959855000031,0.0,2.321102070070659e-13,0,0.05,24000000.0,False,8599789.548907736,0.67723;0.67738;0.67760;0.67791;0.67834;0.67893;0.67749;0.67348;0.66929;0.66267;0.65652;0.64688;0.63044;0.60170;0.56389;0.51635;0.41487;0.21202;0.00000;0.00000;0.00000;0.00000;0.00000;0.00000
ok,R0148_S+01,148,1,20409909,517.6164365521529,0.6038195652128459,0.21676313446295672,27.585666395605163,2265.9725290344672,2.5063520914178747,2.4568737093731965,0.2357674515185129,0.2864773397176544,0.050894025371886,729.3451058774426,4,7.500630540554792e-13,7.861881625578215e-13,7.076027687771059e-13,0.31343615959549476,0.3133014163189865,2.168752437649386e-11,1.9368326875084063,2.7795103625120383,1.2182137955016723,1.0436642240924867,0.8855872262896882,0.7439828020932769,153505951.1485536,161.82345190594847,101.2137095753765,86172.63867149688,15086172.638671497,63973.834988368675,184.98178667172724,184.98178667172724,184.98178667172724,122.99228575365196,61.98950091807528,153505951.14855367,153505951.1485572,0.0,1.0000000000000229,0.005309855738100764,0.0021820469451639115,0.6823071206159045,0.0,2.290904043417069e-14,335,0,0.0,0.21185891499999343,0.0,4.4172907779879645e-13,0,0.05,24000000.0,False,8913827.361328503,0.68039;0.68052;0.68070;0.68096;0.68131;0.68181;0.68069;0.67845;0.67314;0.66072;0.63978;0.61135;0.57568;0.53183;0.46300;0.29483;0.00042;0.00000;0.00000;0.00000;0.00000;0.00000;0.00000;0.00000
ok,R0148_S+02,148,2,20409909,517.6164365521529,0.6038195652128459,0.21676313446295672,27.585666395605163,2265.9725290344672,2.5063520914178747,2.4568737093731965,0.2357674515185129,0.2864773397176544,0.050894025371886,729.3451058774426,4,7.500630540554792e-13,7.861881625578215e-13,7.076027687771059e-13,0.31343615959549476,0.3133014163189865,2.168752437649386e-11,1.9368326875084063,2.7795103625120383,0.8236175810876301,1.0035313085930828,1.1819449019168828,1.35885836105903,172302608.5658459,169.4544509342638,107.19225271083971,59238.15490068123,15059238.154900681,45956.28615579009,194.68209962075315,194.68209962075315,194.68209962075315,128.8188822155825,65.86321740517064,172302608.56584594,172302608.56584787,0.0,1.0000000000000113,0.005636536006325871,0.002449236513970913,0.6780678735472178,0.0,1.1242725640220982e-14,349,0,0.0,0.28794564399993305,0.0,4.151484520600821e-13,0,0.05,24000000.0,False,8940761.845099319,0.67259;0.67279;0.67307;0.67346;0.67400;0.67476;0.67536;0.67639;0.67505;0.66435;0.64422;0.61688;0.58244;0.54018;0.48120;0.31927;0.00414;0.00000;0.00000;0.00000;0.00000;0.00000;0.00000;0.00000
ok,R0148_S+03,148,3,20409909,517.6164365521529,0.6038195652128459,0.21676313446295672,27.585666395605163,2265.9725290344672,2.5063520914178747,2.4568737093731965,0.2357674515185129,0.2864773397176544,0.050894025371886,729.3451058774426,4,7.500630540554792e-13,7.861881625578215e-13,7.076027687771059e-13,0.31343615959549476,0.3133014163189865,2.168752437649386e-11,1.9368326875084063,2.7795103625120383,3.668848626152848,3.3548926489295705,2.7567394210370013,1.8743889424751403,459749642.6336395,279.2148913159476,175.33573285981012,247577.7700882107,15247577.77008821,180446.99348334223,322.7252704404891,322.7252704404891,322.7252704404891,213.93065038763805,108.79462005285106,459749642.6336396,459749642.6336405,0.0,1.000000000000002,0.014972719490002192,0.006535220919728911,0.6715341436899441,0.0,2.0743340026176026e-15,607,0,0.0,0.31895143400004144,0.0,1.5693744307582364e-13,0,0.05,24000000.0,False,8752422.22991179,0.66801;0.66824;0.66857;0.66902;0.66966;0.67054;0.67091;0.67035;0.66746;0.66445;0.66075;0.65140;0.63044;0.59982;0.56137;0.51302;0.39779;0.18590;0.00000;0.00000;0.00000;0.00000;0.00000;0.00000
ok,R0149_S+00,149,0,20410909,107.65234205271054,0.0815436859452485,0.17353344105920662,20.968144993623746,3632.290847850752,2.914302225635557,2.4118606312657294,0.2149871844470597,0.3033839810436574,0.0782430194110526,606.3686730895002,4,1.179184787841032e-13,1.186266886279745e-13,1.1720678489373847e-13,0.11909289641965015,0.12549884442805762,2.487381607264826e-12,1.9006392394610483,1.6486111047244985,4.337817802965741,4.667415244046437,5.795696046504584,7.722660210340178,888488027.2692448,505.04000971303856,336.4180295371845,5994315.022216678,20994315.022216678,4855609.526034214,569.569162910663,569.569162910663,569.569162910663,504.4275959566301,65.14156695403284,888488027.2692475,888488027.2692474,0.0,0.9999999999999999,0.02133445699557282,0.009715396491990241,0.5942882715966507,0.0,1.3417095773048166e-16,15881,0,0.0,9.522659770000018,0.0,6.183521648937274e-15,0,0.05,24000000.0,False,3005684.9777833223,0.53495;0.53605;0.53757;0.53969;0.54264;0.54675;0.55015;0.55280;0.55554;0.55838;0.56133;0.56441;0.56764;0.57103;0.57532;0.58845;0.58796;0.55492;0.49315;0.10369;0.00000;0.00000;0.00000;0.00000
ok,R0149_S+01,149,1,20410909,107.65234205271054,0.0815436859452485,0.17353344105920662,20.968144993623746,3632.290847850752,2.914302225635557,2.4118606312657294,0.2149871844470597,0.3033839810436574,0.0782430194110526,606.3686730895002,4,1.179184787841032e-13,1.186266886279745e-13,1.1720678489373847e-13,0.11909289641965015,0.12549884442805762,2.487381607264826e-12,1.9006392394610483,1.6486111047244985,0.4638987314332824,0.4049002568648586,0.599835387345038,1.048704122873821,99301451.75100009,168.07657501246825,111.19682950399205,645599.9509254638,15645599.950925464,543554.3191879243,188.05685209816272,188.05685209816272,188.05685209816272,166.07645443954877,21.980397658613953,99301451.75100024,99301451.75100026,0.0,1.0000000000000002,0.0022865431530890825,0.0010858367770653675,0.6429598621106712,0.0,1.5005985240993782e-16,634,0,0.0,0.3820154930000399,0.0,3.4421899953737365e-14,0,0.05,24000000.0,False,8354400.049074536,0.61832;0.61884;0.61956;0.62057;0.62196;0.62391;0.62510;0.62627;0.62748;0.62907;0.63949;0.63557;0.61226;0.58066;0.53894;0.43811;0.00748;0.00000;0.00000;0.00000;0.00000;0.00000;0.00000;0.00000
ok,R0149_S+02,149,2,20410909,107.65234205271054,0.0815436859452485,0.17353344105920662,20.968144993623746,3632.290847850752,2.914302225635557,2.4118606312657294,0.2149871844470597,0.3033839810436574,0.0782430194110526,606.3686730895002,4,1.179184787841032e-13,1.186266886279745e-13,1.1720678489373847e-13,0.11909289641965015,0.12549884442805762,2.487381607264826e-12,1.9006392394610483,1.6486111047244985,0.0637226721994083,0.3244398427762274,0.5216786423252108,0.6554390708463582,61745609.15972278,132.20216690929595,87.6035981576095,395155.03241754323,15395155.032417543,335256.2656991966,149.20135412746248,149.20135412746248,149.20135412746248,132.0080265502898,17.19332757717268,61745609.159722716,61745609.159722656,0.0,0.999999999999999,0.001462846777058062,0.0006751729412380493,0.6449364798390239,0.0,9.65326046443337e-16,459,0,0.0,0.19846106900001814,0.0,1.9576490336548617e-13,0,0.05,24000000.0,False,8604844.967582457,0.63092;0.63134;0.63193;0.63275;0.63389;0.63548;0.63645;0.63739;0.63848;0.64288;0.64039;0.61979;0.59031;0.55237;0.48859;0.08191;0.00000;0.00000;0.00000;0.00000;0.00000;0.00000;0.00000;0.00000
ok,R0149_S+03,149,3,20410909,107.65234205271054,0.0815436859452485,0.17353344105920662,20.968144993623746,3632.290847850752,2.914302225635557,2.4118606312657294,0.2149871844470597,0.3033839810436574,0.0782430194110526,606.3686730895002,4,1.179184787841032e-13,1.186266886279745e-13,1.1720678489373847e-13,0.11909289641965015,0.12549884442805762,2.487381607264826e-12,1.9006392394610483,1.6486111047244985,2.5215686580485217,2.4665604493144118,3.13052695516626,4.513468175604065,498299404.82164264,376.7303489393359,250.83226024548904,3201367.774344288,18201367.774344288,2622552.280872207,437.61616909629475,437.61616909629475,437.61616909629475,370.3311614966574,67.28500759963737,498299404.8216417,498299404.8216411,0.0,0.9999999999999988,0.012211196305716498,0.005448780558635402,0.6096400898611012,0.0,1.1961612676765118e-15,5844,0,0.0,3.242747320000035,0.0,7.560179073944898e-15,0,0.05,24000000.0,False,5798632.225655712,0.56303;0.56397;0.56527;0.56709;0.56961;0.57312;0.57547;0.57762;0.57984;0.58213;0.58450;0.58697;0.58961;0.59486;0.60812;0.59469;0.55970;0.50383;0.16906;0.00000;0.00000;0.00000;0.00000;0.00000
ok,R0150_S+00,150,0,20411909,30.798175168245585,0.2818699195615742,0.26654658507933837,50.71798756965029,2610.602852265284,2.013303740249822,3.2748415388903256,0.3014132197879923,0.1853162227349016,0.0461294219986231,673.6905197128448,4,3.0039629111393415e-14,3.066057547920272e-14,2.941993105012238e-14,0.2095339539047959,0.23110146022516906,1.5550426860325282e-12,2.782552644520266,3.9204465184539585,0.9262274260396176,0.6933818027482802,0.5184033787163591,0.401292153943854,100167954.92484362,93.94769116578068,58.33839882910552,819209.4767030943,15819209.476703094,597956.7165199369,110.58607290153087,110.58607290153087,110.58607290153087,82.22903598921658,28.357036912314285,100167954.92484368,100167954.92484379,0.0,1.000000000000001,0.0013586164440561185,0.0005136907527603502,0.6611229896755143,0.0,1.041332314662871e-15,295,0,0.0,0.21256361100006416,0.0,4.568606592158669e-14,0,0.05,24000000.0,False,8180790.523296906,0.65545;0.65576;0.65619;0.65679;0.65762;0.65878;0.65223;0.64308;0.62946;0.60375;0.56318;0.51353;0.45495;0.34987;0.04364;0.00000;0.00000;0.00000;0.00000;0.00000;0.00000;0.00000;0.00000;0.00000
ok,R0150_S+01,150,1,20411909,30.798175168245585,0.2818699195615742,0.26654658507933837,50.71798756965029,2610.602852265284,2.013303740249822,3.2748415388903256,0.3014132197879923,0.1853162227349016,0.0461294219986231,673.6905197128448,4,3.0039629111393415e-14,3.066057547920272e-14,2.941993105012238e-14,0.2095339539047959,0.23110146022516906,1.5550426860325282e-12,2.782552644520266,3.9204465184539585,1.1425769330102158,0.934035522581266,1.245738021340571,2.0776844292881305,213015176.94566756,136.7139056724248,85.32533262973693,1315706.2749571875,16315706.274957187,1141642.9073186517,159.80651234472558,159.80651234472558,159.80651234472558,122.88010414572712,36.92640819899846,213015176.94566715,213015176.9456674,0.0,1.000000000000001,0.003018872327846274,0.0010924045187307475,0.6223706394757071,0.0,1.119256301452994e-15,494,0,0.0,0.36060977700003605,0.0,1.7204022291158747e-14,0,0.05,24000000.0,False,7684293.7250428125,0.57883;0.57970;0.58089;0.58256;0.58488;0.58811;0.59001;0.59184;0.59545;0.61447;0.60865;0.57031;0.52127;0.46387;0.37627;0.07960;0.00000;0.00000;0.00000;0.00000;0.00000;0.00000;0.00000;0.00000
ok,R0150_S+02,150,2,20411909,30.798175168245585,0.2818699195615742,0.26654658507933837,50.71798756965029,2610.602852265284,2.013303740249822,3.2748415388903256,0.3014132197879923,0.1853162227349016,0.0461294219986231,673.6905197128448,4,3.0039629111393415e-14,3.066057547920272e-14,2.941993105012238e-14,0.2095339539047959,0.23110146022516906,1.5550426860325282e-12,2.782552644520266,3.9204465184539585,0.1513142450225371,0.3290856211773691,0.5275022090008986,0.7465640084931259,69208423.60347448,77.51982972543107,48.43268244210591,466148.7365588173,15466148.736558817,414906.8589439411,90.6730622606375,90.6730622606375,90.6730622606375,68.85911752276944,21.813944737868056,69208423.6034745,69208423.60347432,0.0,0.9999999999999974,0.0009234889967679739,0.0003549211646063617,0.6528508524711798,0.0,2.5837018821679217e-15,256,0,0.0,0.15622301700000207,0.0,8.363039289329766e-14,0,0.05,24000000.0,False,8533851.263441183,0.63189;0.63248;0.63332;0.63448;0.63609;0.63833;0.64253;0.64755;0.62428;0.58417;0.53674;0.48267;0.41237;0.18002;0.00020;0.00000;0.00000;0.00000;0.00000;0.00000;0.00000;0.00000;0.00000;0.00000
ok,R0150_S+03,150,3,20411909,30.798175168245585,0.2818699195615742,0.26654658507933837,50.71798756965029,2610.602852265284,2.013303740249822,3.2748415388903256,0.3014132197879923,0.1853162227349016,0.0461294219986231,673.6905197128448,4,3.0039629111393415e-14,3.066057547920272e-14,2.941993105012238e-14,0.2095339539047959,0.23110146022516906,1.5550426860325282e-12,2.782552644520266,3.9204465184539585,14.748460435472037,7.868939560142063,4.082290897973356,3.38851444896592,1186889436.147703,329.61199628360873,207.20867060065348,11972512.098535638,26972512.09853564,9829276.281167258,388.0530068516653,388.0530068516653,388.0530068516653,291.4322551889628,96.6207516627025,1186889436.1477008,1186889436.1477008,0.0,1.0,0.016476604809951095,0.006086718332980575,0.572731944708516,0.0,0.0,6888,0,0.0,3.8802801320000526,0.0,9.829381920651886e-15,0,0.05,24000000.0,True,-2972512.0985356383,0.55054;0.55159;0.55305;0.55508;0.55791;0.56185;0.56428;0.56658;0.56885;0.57078;0.56956;0.56220;0.54534;0.52515;0.50459;0.48294;0.43558;0.29464;0.01568;0.00000;0.00000;0.00000;0.00000;0.00000
ok,R0155_S+00,155,0,20416909,93.50769594407134,0.804407134576806,0.22490561015268629,62.472391874347856,1452.0091674219716,2.156482658256253,3.679758671628119,0.3285993219336712,0.3459550773936471,0.0779070307957483,733.6441965210009,4,1.6682301449007886e-13,2.8227383404197055e-13,8.004949054273239e-14,0.7450731797780514,0.9926060897069046,1.7634321576144617e-11,1.801766725707007,2.5307034698460424,0.6641935442819068,0.8870350857218708,1.0087326018051854,1.0292860925318503,141585039.20327204,154.69274171388435,79.9183211797166,59840.12838515453,15059840.128385155,48012.30610318668,173.47549698927025,173.47549698927025,173.47549698927025,33.67419334938446,139.8013036398858,141585039.20327207,141585039.20327398,0.0,1.0000000000000135,0.0061970655190988185,0.002073742705458744,0.5710028817176723,0.0,1.3471399545782098e-14,309,0,0.0,0.1697008140000662,0.0,2.8849474678885056e-13,0,0.05,24000000.0,False,8940159.871614845,0.55297;0.55307;0.55321;0.55340;0.55365;0.55401;0.54858;0.53681;0.51901;0.49490;0.46480;0.37313;0.32949;0.30115;0.23530;0.09249;0.04735;0.00000;0.00000;0.00000;0.00000;0.00000;0.00000;0.00000
ok,R0155_S+01,155,1,20416909,93.50769594407134,0.804407134576806,0.22490561015268629,62.472391874347856,1452.0091674219716,2.156482658256253,3.679758671628119,0.3285993219336712,0.3459550773936471,0.0779070307957483,733.6441965210009,4,1.6682301449007886e-13,2.8227383404197055e-13,8.004949054273239e-14,0.7450731797780514,0.9926060897069046,1.7634321576144617e-11,1.801766725707007,2.5307034698460424,1.351263564650737,1.2456740759000116,1.8589900453147776,3.191211472895036,301656698.3956279,225.8843202193798,116.62404821163287,173948.8743711859,15173948.874371186,149293.10620871,252.25232677580476,252.25232677580476,252.25232677580476,50.74591795544324,201.50640882036151,301656698.395628,301656698.39563084,0.0,1.0000000000000095,0.01337064946478991,0.004418251966244767,0.5611850248374918,0.0,9.484367376674224e-15,408,0,0.0,0.2836442000000261,0.0,1.427786043628587e-13,0,0.05,24000000.0,False,8826051.125628814,0.53620;0.53661;0.53716;0.53791;0.53895;0.54037;0.53946;0.53754;0.53440;0.52143;0.50109;0.47242;0.41804;0.33446;0.30711;0.26044;0.09542;0.06900;0.00000;0.00000;0.00000;0.00000;0.00000;0.00000
ok,R0155_S+02,155,2,20416909,93.50769594407134,0.804407134576806,0.22490561015268629,62.472391874347856,1452.0091674219716,2.156482658256253,3.679758671628119,0.3285993219336712,0.3459550773936471,0.0779070307957483,733.6441965210009,4,1.6682301449007886e-13,2.8227383404197055e-13,8.004949054273239e-14,0.7450731797780514,0.9926060897069046,1.7634321576144617e-11,1.801766725707007,2.5307034698460424,1.5774119477365618,2.059874082886418,3.6544885639044855,6.361255390790767,538571073.8308483,301.6446686640803,155.82443525361947,356645.2580121197,15356645.25801212,304695.9844555892,337.38777228114395,337.38777228114395,337.38777228114395,68.58919276029785,268.7985795208461,538571073.8308481,538571073.8308487,0.0,1.000000000000001,0.023802751666884912,0.007888247529630086,0.5469926346797657,0.0,1.1067182712102168e-15,719,0,0.0,0.47073606799995105,0.0,1.0165790640847232e-13,0,0.05,24000000.0,False,8643354.74198788,0.51669;0.51727;0.51805;0.51913;0.52061;0.52265;0.52484;0.52574;0.52184;0.52068;0.51390;0.49797;0.47055;0.41267;0.33234;0.30429;0.25042;0.09386;0.06312;0.00000;0.00000;0.00000;0.00000;0.00000
ok,R0155_S+03,155,3,20416909,93.50769594407134,0.804407134576806,0.22490561015268629,62.472391874347856,1452.0091674219716,2.156482658256253,3.679758671628119,0.3285993219336712,0.3459550773936471,0.0779070307957483,733.6441965210009,4,1.6682301449007886e-13,2.8227383404197055e-13,8.004949054273239e-14,0.7450731797780514,0.9926060897069046,1.7634321576144617e-11,1.801766725707007,2.5307034698460424,8.194797170566533,7.901405479592222,5.593399861757559,1.270780317062541,905718221.4547288,391.8844641834721,202.18450562871107,672537.2370157372,15672537.237015737,495159.8717122339,431.67568186141625,431.67568186141625,431.67568186141625,90.46251884824686,341.2131630131694,905718221.4547282,905718221.4547282,0.0,1.0,0.037653471863059486,0.013265713422208652,0.5649374441104421,0.0,0.0,1388,0,0.0,0.7736265649999723,0.0,1.1967768176680878e-13,0,0.05,24000000.0,False,8327462.762984263,0.54910;0.54917;0.54928;0.54942;0.54962;0.54989;0.54500;0.53554;0.52931;0.52300;0.51408;0.50439;0.48777;0.46253;0.38922;0.32767;0.29823;0.22326;0.09070;0.03926;0.00000;0.00000;0.00000;0.00000
ok,R0158_S+00,158,0,20419909,42.51575546175805,0.4042624565512497,0.13244877889267395,32.603426078780146,2099.320849376504,2.6611266330393057,3.3269659136140737,0.4345755177371496,0.1956530132172938,0.0702349486998651,628.5182248174413,4,5.534847949246782e-14,6.215531744826091e-14,4.7435962778088996e-14,0.4547999452049324,0.46975022102281344,2.0264762978274884e-12,0.873256321091418,3.712472429595304,0.3925706954139195,1.19450568990966,2.5460816890388744,4.447298692801564,338473278.094319,324.97739634236706,198.2664048528698,2710629.6558486186,17710629.65584862,2253613.5606576763,378.65696694810714,378.65696694810714,378.65696694810714,194.5583774334169,184.09858951469025,338473278.0943171,338473278.0943172,0.0,1.0000000000000004,0.0215809103521172,0.0090071585092475,0.6075693022353217,0.0,3.521970485290808e-16,3076,0,0.0,1.8873141039999837,0.0,5.3637527538643405e-14,0,0.05,24000000.0,False,6289370.344151381,0.54795;0.54910;0.55070;0.55293;0.55604;0.56036;0.56309;0.56570;0.56838;0.57113;0.57393;0.57999;0.58435;0.58956;0.55930;0.50974;0.37247;0.26707;0.00680;0.00000;0.00000;0.00000;0.00000;0.00000
ok,R0158_S+01,158,1,20419909,42.51575546175805,0.4042624565512497,0.13244877889267395,32.603426078780146,2099.320849376504,2.6611266330393057,3.3269659136140737,0.4345755177371496,0.1956530132172938,0.0702349486998651,628.5182248174413,4,5.534847949246782e-14,6.215531744826091e-14,4.7435962778088996e-14,0.4547999452049324,0.46975022102281344,2.0264762978274884e-12,0.873256321091418,3.712472429595304,0.6079550859090934,0.6627575530751413,0.7202212832147536,0.7803462763279301,109318689.99129134,184.21484109308403,112.03628725759819,541003.7280279845,15541003.728027984,388892.6501930617,211.72730849493414,211.72730849493414,211.72730849493414,110.0714373053073,101.65587118962684,109318689.99129127,109318689.9912915,0.0,1.000000000000002,0.006845298389696085,0.002909094550443279,0.6537024642977537,0.0,2.044640472050306e-15,496,0,0.0,0.2932843010000852,0.0,3.166825833408423e-14,0,0.05,24000000.0,False,8458996.271972016,0.63725;0.63786;0.63872;0.63990;0.64155;0.64385;0.64518;0.64691;0.64860;0.64696;0.63619;0.60802;0.56981;0.52440;0.41578;0.31724;0.05659;0.00000;0.00000;0.00000;0.00000;0.00000;0.00000;0.00000
ok,R0158_S+02,158,2,20419909,42.51575546175805,0.4042624565512497,0.13244877889267395,32.603426078780146,2099.320849376504,2.6611266330393057,3.3269659136140737,0.4345755177371496,0.1956530132172938,0.0702349486998651,628.5182248174413,4,5.534847949246782e-14,6.215531744826091e-14,4.7435962778088996e-14,0.4547999452049324,0.46975022102281344,2.0264762978274884e-12,0.873256321091418,3.712472429595304,1.0588510714449642,0.7913320074795989,0.5549702732589372,0.3497658687829796,108673298.50946473,183.55343328855452,111.77671548986342,920496.5986291096,15920496.59862911,653307.0477192402,209.69879557550266,209.69879557550266,209.69879557550266,109.84268847004974,99.85610710545292,108673298.50946471,108673298.50946477,0.0,1.0000000000000004,0.006317654263205433,0.002891919949806972,0.6736120403082616,0.0,5.484755279623676e-16,545,0,0.0,0.32923193900001024,0.0,5.299313651982441e-14,0,0.05,24000000.0,False,8079503.40137089,0.66667;0.66706;0.66761;0.66837;0.66942;0.67089;0.66792;0.66022;0.65303;0.64315;0.62860;0.60480;0.56895;0.52382;0.41313;0.31636;0.05474;0.00000;0.00000;0.00000;0.00000;0.00000;0.00000;0.00000
ok,R0158_S+03,158,3,20419909,42.51575546175805,0.4042624565512497,0.13244877889267395,32.603426078780146,2099.320849376504,2.6611266330393057,3.3269659136140737,0.4345755177371496,0.1956530132172938,0.0702349486998651,628.5182248174413,4,5.534847949246782e-14,6.215531744826091e-14,4.7435962778088996e-14,0.4547999452049324,0.46975022102281344,2.0264762978274884e-12,0.873256321091418,3.712472429595304,2.3072029818088806,1.5853079230633356,1.6712200897978808,2.564939482012517,320651664.2936991,317.0763799601675,192.48894914340835,1939151.8862243854,16939151.886224385,1348885.109778408,371.76682560277624,371.76682560277624,371.76682560277624,186.93333527415777,184.83349032861847,320651664.29369867,320651664.29369867,0.0,1.0,0.02118551879023343,0.008532905116789046,0.6232278592453908,0.0,0.0,2100,0,0.0,1.3299479610000162,0.0,1.0488281729419262e-14,0,0.05,24000000.0,False,7060848.113775615,0.58064;0.58160;0.58294;0.58479;0.58738;0.59097;0.59314;0.59526;0.59741;0.59973;0.60547;0.60965;0.61118;0.58952;0.55357;0.50357;0.36128;0.24383;0.00358;0.00000;0.00000;0.00000;0.00000;0.00000
ok,R0159_S+00,159,0,20420909,34.52581299441776,0.8468761416504387,0.10915396534958427,72.36737296514713,3557.148089613569,2.3129917083322216,3.1166924966187217,0.2838803713662335,0.2944589152290018,0.0722642821464354,664.7508163734059,4,8.29850383569846e-14,1.3288422020915306e-13,4.0542730689693116e-14,0.7347255416471208,0.8620992202525939,9.61648192505852e-12,3.5043924167085487,2.357018125144995,4.465568856968363,7.724245272090518,8.714166430835574,7.435332333203527,1117900875.694036,527.3684358458715,290.61144520356635,1156833.5865257457,16156833.586525746,980136.691408854,608.9635893812421,608.9635893812421,608.9635893812421,140.51140003005702,468.45218935118504,1117900875.6940358,1117900875.6940348,0.0,0.9999999999999991,0.014071463383710679,0.005355602411079993,0.5750914596119447,0.0,8.530938092468819e-16,4388,0,0.0,2.8356527529999767,0.0,1.8076335146568432e-14,0,0.05,24000000.0,False,7843166.413474254,0.55388;0.55461;0.55562;0.55702;0.55898;0.56170;0.56336;0.56496;0.56637;0.56709;0.56902;0.56519;0.55608;0.54435;0.51842;0.40819;0.36766;0.31966;0.17803;0.06095;0.00000;0.00000;0.00000;0.00000
ok,R0159_S+01,159,1,20420909,34.52581299441776,0.8468761416504387,0.10915396534958427,72.36737296514713,3557.148089613569,2.3129917083322216,3.1166924966187217,0.2838803713662335,0.2944589152290018,0.0722642821464354,664.7508163734059,4,8.29850383569846e-14,1.3288422020915306e-13,4.0542730689693116e-14,0.7347255416471208,0.8620992202525939,9.61648192505852e-12,3.5043924167085487,2.357018125144995,1.0254436799726447,4.727483520012101,6.444966073689625,6.177891341005213,724869575.6952655,424.3995581056879,233.81830195160526,841517.4009085912,15841517.400908591,717586.9569051601,489.4884006299901,489.4884006299901,489.4884006299901,112.88895970771313,376.599440922277,724869575.6952643,724869575.6952665,0.0,1.0000000000000029,0.009015179051928963,0.003472681104132906,0.5833505261235592,0.0,2.9602114419769006e-15,2445,0,0.0,1.4332686740000327,0.0,9.052597327715823e-14,0,0.05,24000000.0,False,8158482.599091409,0.56135;0.56203;0.56297;0.56428;0.56611;0.56864;0.57018;0.57166;0.57302;0.57478;0.57193;0.56451;0.55480;0.53350;0.45377;0.37896;0.34119;0.22289;0.09270;0.00023;0.00000;0.00000;0.00000;0.00000
ok,R0159_S+02,159,2,20420909,34.52581299441776,0.8468761416504387,0.10915396534958427,72.36737296514713,3557.148089613569,2.3129917083322216,3.1166924966187217,0.2838803713662335,0.2944589152290018,0.0722642821464354,664.7508163734059,4,8.29850383569846e-14,1.3288422020915306e-13,4.0542730689693116e-14,0.7347255416471208,0.8620992202525939,9.61648192505852e-12,3.5043924167085487,2.357018125144995,0.7109787164371386,0.7098421375125017,1.0342754624248411,1.684278691174157,163285925.92277113,202.54346966187757,110.76031363377173,205987.0203538686,15205987.020353869,179832.4227695763,228.60576494512583,228.60576494512583,228.60576494512583,52.169667746413374,176.43609719871245,163285925.92277113,163285925.92277163,0.0,1.000000000000003,0.0018975663248243949,0.000782264794304272,0.6262899384071513,0.0,3.1027749496943425e-15,422,0,0.0,0.28463563600007546,0.0,1.364604015673279e-13,0,0.05,24000000.0,False,8794012.979646131,0.60510;0.60550;0.60606;0.60683;0.60790;0.60940;0.60815;0.60485;0.60081;0.58872;0.56378;0.52573;0.41025;0.37061;0.32649;0.18975;0.07257;0.00000;0.00000;0.00000;0.00000;0.00000;0.00000;0.00000
ok,R0159_S+03,159,3,20420909,34.52581299441776,0.8468761416504387,0.10915396534958427,72.36737296514713,3557.148089613569,2.3129917083322216,3.1166924966187217,0.2838803713662335,0.2944589152290018,0.0722642821464354,664.7508163734059,4,8.29850383569846e-14,1.3288422020915306e-13,4.0542730689693116e-14,0.7347255416471208,0.8620992202525939,9.61648192505852e-12,3.5043924167085487,2.357018125144995,1.811515973570094,2.9057806715623955,4.784686691478263,7.448234033317694,668635224.5915674,409.2286108154589,224.5672698127003,973959.8720045425,15973959.872004542,827631.5884808991,463.8529400193942,463.8529400193942,463.8529400193942,105.79637193590942,358.0565680834848,668635224.5915648,668635224.591564,0.0,0.9999999999999989,0.008671721162199301,0.0032032754413371415,0.5911408864925376,0.0,1.0697248828635985e-15,2115,0,0.0,1.2551570550000406,0.0,4.3286839712721476e-14,0,0.05,24000000.0,False,8026040.1279954575,0.55351;0.55424;0.55524;0.55664;0.55859;0.56129;0.56294;0.56456;0.56741;0.57124;0.56635;0.56224;0.55509;0.53204;0.43542;0.37505;0.33475;0.20580;0.08425;0.00000;0.00000;0.00000;0.00000;0.00000
ok,R0172_S+00,172,0,20433909,45.2058451294518,0.651142446312517,0.2204799381475287,62.90001472146179,2334.6087679714856,2.986212267796216,3.3925116021847685,0.6228097197629798,0.3426001048415319,0.0573252139733041,688.7528839369295,4,2.214289438100764e-14,2.3340606981513142e-14,2.0912239451902804e-14,0.3192039716208459,0.3590470454932203,1.4681245227450307e-12,3.228220695722978,6.518699294028112,1.923912917046602,6.451212640440329,12.441066072058485,19.89347321190107,1605874149.0005393,422.9792470782464,262.1525993343229,19170495.138207987,34170495.13820799,15233259.130573891,495.2644792908786,495.2644792908786,495.2644792908786,319.7476403614866,175.516838929392,1605874149.0005522,1605874149.000552,0.0,0.9999999999999999,0.030404663672801025,0.009818613182401303,0.41665411682472336,0.0,1.484665403263058e-16,20257,0,0.0,11.308298600000057,0.0,8.694333827981943e-15,0,0.05,24000000.0,True,-10170495.138207987,0.33700;0.33784;0.33901;0.34065;0.34292;0.34608;0.35456;0.35773;0.36102;0.36445;0.36804;0.37180;0.37574;0.37997;0.38667;0.40316;0.39881;0.34598;0.16458;0.00007;0.00000;0.00000;0.00000;0.00000
ok,R0172_S+01,172,1,20433909,45.2058451294518,0.651142446312517,0.2204799381475287,62.90001472146179,2334.6087679714856,2.986212267796216,3.3925116021847685,0.6228097197629798,0.3426001048415319,0.0573252139733041,688.7528839369295,4,2.214289438100764e-14,2.3340606981513142e-14,2.0912239451902804e-14,0.3192039716208459,0.3590470454932203,1.4681245227450307e-12,3.228220695722978,6.518699294028112,0.2604885509675853,0.6213475862464852,1.094914697512709,1.6811898847662567,144294787.56184182,124.82532912759626,75.83616367560809,1049015.9123968072,16049015.912396807,921749.8029312491,144.65712423346318,144.65712423346318,144.65712423346318,93.196545430923,51.460578802540184,144294787.5618418,144294787.5618419,0.0,1.0000000000000009,0.002633801982364316,0.0008822451750155802,0.49539663474375273,0.0,8.261510451282975e-16,440,0,0.0,0.2507320710000158,0.0,6.349781689852633e-14,0,0.05,24000000.0,False,7950984.087603193,0.46714;0.46770;0.46848;0.46956;0.47107;0.47316;0.47435;0.47554;0.47985;0.48803;0.47598;0.44598;0.41185;0.36780;0.22955;0.02072;0.00000;0.00000;0.00000;0.00000;0.00000;0.00000;0.00000;0.00000
ok,R0172_S+02,172,2,20433909,45.2058451294518,0.651142446312517,0.2204799381475287,62.90001472146179,2334.6087679714856,2.986212267796216,3.3925116021847685,0.6228097197629798,0.3426001048415319,0.0573252139733041,688.7528839369295,4,2.214289438100764e-14,2.3340606981513142e-14,2.0912239451902804e-14,0.3192039716208459,0.3590470454932203,1.4681245227450307e-12,3.228220695722978,6.518699294028112,1.1143373371432703,1.2485050764248713,1.133013621791075,0.7678629732418816,168190923.73228753,135.06443467975106,81.839104137981,1161235.5165528376,16161235.516552838,809782.9564070273,158.27042409900594,158.27042409900594,158.27042409900594,97.91408564100766,60.35633845799828,168190923.73228753,168190923.7322876,0.0,1.0000000000000004,0.003073465320463932,0.0010283505970935173,0.5040505792532702,0.0,3.543868090662514e-16,431,0,0.0,0.2596396659999982,0.0,2.7035522866406922e-14,0,0.05,24000000.0,False,7838764.483447162,0.49835;0.49875;0.49930;0.50007;0.50114;0.50263;0.50187;0.49706;0.49122;0.48761;0.47699;0.45231;0.41983;0.38039;0.26163;0.05258;0.00000;0.00000;0.00000;0.00000;0.00000;0.00000;0.00000;0.00000
ok,R0172_S+03,172,3,20433909,45.2058451294518,0.651142446312517,0.2204799381475287,62.90001472146179,2334.6087679714856,2.986212267796216,3.3925116021847685,0.6228097197629798,0.3426001048415319,0.0573252139733041,688.7528839369295,4,2.214289438100764e-14,2.3340606981513142e-14,2.0912239451902804e-14,0.3192039716208459,0.3590470454932203,1.4681245227450307e-12,3.228220695722978,6.518699294028112,5.206439555847614,5.76954507201658,5.178412306439956,3.4330412591177426,772665674.4159133,289.7889477648202,177.76783535681793,5042717.0644460805,20042717.06444608,3517229.54945983,334.68061543466837,334.68061543466837,334.68061543466837,217.08575957585663,117.59485585881174,772665674.4159083,772665674.4159114,0.0,1.000000000000004,0.013945897897787345,0.004724221674581174,0.45365952025333456,0.0,4.011361745380129e-15,3887,0,0.0,2.3259777929999927,0.0,8.700709565745006e-15,0,0.05,24000000.0,False,3957282.9355539195,0.43673;0.43749;0.43855;0.44002;0.44207;0.44492;0.44666;0.44831;0.44994;0.45132;0.45055;0.44438;0.43832;0.43550;0.42395;0.39383;0.31723;0.11061;0.00000;0.00000;0.00000;0.00000;0.00000;0.00000
ok,R0173_S+00,173,0,20434909,524.3412361876187,0.443540103734176,0.11829339277406853,35.66543401174388,1621.472644462531,2.625693762592813,2.56584278574136,0.4779332973576615,0.2721429977659487,0.0468714918411135,716.4116100709659,4,4.1964330300394214e-13,5.068332502635663e-13,3.17562465884797e-13,0.5522564305996398,0.5606031154725649,1.8076427842232898e-11,0.705260397400784,6.118004082026344,4.799842903695796,2.912594119012586,1.7706618587566625,1.3740461229280272,428281798.9882935,380.97569383700426,227.0022481112726,344226.1139170341,15344226.113917034,258435.32744848356,438.781426386881,438.781426386881,438.781426386881,172.40528023139035,266.37614615549063,428281798.98829305,428281798.9882928,0.0,0.9999999999999994,0.044968880940340135,0.01715496673610702,0.6744125222022245,0.0,5.566862277705143e-16,725,0,0.0,0.47170645400001376,0.0,3.6088136421931444e-13,0,0.05,24000000.0,False,8655773.886082966,0.67079;0.67096;0.67118;0.67150;0.67193;0.67252;0.67181;0.66925;0.66458;0.65731;0.64657;0.63126;0.61016;0.57927;0.54050;0.49333;0.37646;0.31996;0.20279;0.00930;0.00000;0.00000;0.00000;0.00000
ok,R0173_S+01,173,1,20434909,524.3412361876187,0.443540103734176,0.11829339277406853,35.66543401174388,1621.472644462531,2.625693762592813,2.56584278574136,0.4779332973576615,0.2721429977659487,0.0468714918411135,716.4116100709659,4,4.1964330300394214e-13,5.068332502635663e-13,3.17562465884797e-13,0.5522564305996398,0.5606031154725649,1.8076427842232898e-11,0.705260397400784,6.118004082026344,0.1976191932410493,0.1462401805852193,0.1299688523371292,0.1488052084967791,24561021.09704,90.93702810921582,54.3491237485843,15999.124363452196,15015999.124363452,12746.068329939619,106.07052787441438,106.07052787441438,106.07052787441438,40.23987337215711,65.83065450225726,24561021.09703999,24561021.097036045,0.0,0.9999999999998394,0.00263022505856856,0.0009837996873082004,0.6860256678606107,0.0,1.606237139117402e-13,267,0,0.0,0.17082116099993527,0.0,3.420993092857718e-12,0,0.05,24000000.0,False,8984000.875636548,0.66734;0.66701;0.66657;0.66596;0.66511;0.66395;0.64963;0.62680;0.59758;0.56232;0.52096;0.46112;0.34507;0.29576;0.08217;0.00000;0.00000;0.00000;0.00000;0.00000;0.00000;0.00000;0.00000;0.00000
ok,R0173_S+02,173,2,20434909,524.3412361876187,0.443540103734176,0.11829339277406853,35.66543401174388,1621.472644462531,2.625693762592813,2.56584278574136,0.4779332973576615,0.2721429977659487,0.0468714918411135,716.4116100709659,4,4.1964330300394214e-13,5.068332502635663e-13,3.17562465884797e-13,0.5522564305996398,0.5606031154725649,1.8076427842232898e-11,0.705260397400784,6.118004082026344,0.1501460208495387,0.2882837331611392,0.5249176735277203,0.8600478419492822,71927473.19548053,155.25607083148546,92.91859972445646,29602.21846926026,15029602.21846926,27411.996575931087,177.34000386339036,177.34000386339036,177.34000386339036,69.55573331813075,107.78427054525962,71927473.19548053,71927473.19548333,0.0,1.0000000000000389,0.007085889134196648,0.0028810783297248533,0.6820267443395214,0.0,3.894782035272974e-14,311,0,0.0,0.15971896300004573,0.0,2.476280327145499e-12,0,0.05,24000000.0,False,8970397.78153074,0.67323;0.67329;0.67338;0.67350;0.67367;0.67390;0.67137;0.66396;0.64575;0.61984;0.58782;0.55022;0.50607;0.40621;0.33172;0.25584;0.03445;0.00000;0.00000;0.00000;0.00000;0.00000;0.00000;0.00000
ok,R0173_S+03,173,3,20434909,524.3412361876187,0.443540103734176,0.11829339277406853,35.66543401174388,1621.472644462531,2.625693762592813,2.56584278574136,0.4779332973576615,0.2721429977659487,0.0468714918411135,716.4116100709659,4,4.1964330300394214e-13,5.068332502635663e-13,3.17562465884797e-13,0.5522564305996398,0.5606031154725649,1.8076427842232898e-11,0.705260397400784,6.118004082026344,0.088830923157571,0.4011425763232533,0.5970824364359,0.6766505034955109,69572927.91549444,152.67162803947755,91.36960978553083,22999.737530371174,15022999.737530371,21290.25099669397,175.84834872095107,175.84834872095107,175.84834872095107,66.97304131908116,108.8753074018699,69572927.91549438,69572927.9154931,0.0,0.9999999999999816,0.007007720639116969,0.002786766252834575,0.6830211046357548,0.0,1.8419518928791546e-14,324,0,0.0,0.19994345899999644,0.0,2.923983932665276e-12,0,0.05,24000000.0,False,8977000.262469629,0.67609;0.67612;0.67616;0.67621;0.67629;0.67639;0.67261;0.66284;0.64427;0.61820;0.58595;0.54808;0.50343;0.39678;0.32947;0.24450;0.02788;0.00000;0.00000;0.00000;0.00000;0.00000;0.00000;0.00000
ok,R0174_S+00,174,0,20435909,212.86821295111645,0.7634917921285249,0.25898194223357923,51.96077494594884,1408.3295472577174,2.435201179074125,3.365802221662572,0.281545535793454,0.2211534639647758,0.0647779258600913,714.8881348025652,4,1.407806561305057e-13,1.6693654490161065e-13,1.0832464495265604e-13,0.5376846824756485,0.5102501801978716,8.674152239886877e-12,1.646529896629624,2.6077914541587064,3.5107874651243605,2.208357261366818,1.0648129607817178,0.0858014031330244,270991386.8392424,152.58671099232666,96.71618994284523,660663.4032252133,15660663.403225213,477811.75895356387,172.1306940180778,172.1306940180778,172.1306940180778,76.51765469543949,95.61303932263831,270991386.83924234,270991386.8392421,0.0,0.9999999999999991,0.010981049433820455,0.004520784919785689,0.6716157413831849,0.0,8.798013172389029e-16,450,0,0.0,0.28395161199989616,0.0,9.81936754483676e-13,0,0.05,24000000.0,False,8339336.596774787,0.66712;0.66702;0.66689;0.66671;0.66646;0.66612;0.66353;0.65472;0.64669;0.63631;0.62079;0.59715;0.56248;0.51627;0.38241;0.33673;0.12220;0.00000;0.00000;0.00000;0.00000;0.00000;0.00000;0.00000
ok,R0174_S+01,174,1,20435909,212.86821295111645,0.7634917921285249,0.25898194223357923,51.96077494594884,1408.3295472577174,2.435201179074125,3.365802221662572,0.281545535793454,0.2211534639647758,0.0647779258600913,714.8881348025652,4,1.407806561305057e-13,1.6693654490161065e-13,1.0832464495265604e-13,0.5376846824756485,0.5102501801978716,8.674152239886877e-12,1.646529896629624,2.6077914541587064,0.2455554848390174,0.2707622518961198,0.2619078751580941,0.2189923546249401,39337257.125242315,58.23581670745301,37.01262778103718,50383.64810624905,15050383.648106249,38557.951825937256,65.27231444956072,65.27231444956072,65.27231444956072,28.61891910558306,36.653395343977664,39337257.125242315,39337257.12524266,0.0,1.0000000000000087,0.0016033175497818751,0.0006562395981353639,0.682872811096993,0.0,8.712521728887189e-15,276,0,0.0,0.17857545099991512,0.0,3.1145057724599194e-13,0,0.05,24000000.0,False,8949616.351893751,0.66642;0.66610;0.66568;0.66509;0.66428;0.66318;0.64872;0.62410;0.59376;0.55804;0.50827;0.37820;0.33413;0.10056;0.00000;0.00000;0.00000;0.00000;0.00000;0.00000;0.00000;0.00000;0.00000;0.00000
ok,R0174_S+02,174,2,20435909,212.86821295111645,0.7634917921285249,0.25898194223357923,51.96077494594884,1408.3295472577174,2.435201179074125,3.365802221662572,0.281545535793454,0.2211534639647758,0.0647779258600913,714.8881348025652,4,1.407806561305057e-13,1.6693654490161065e-13,1.0832464495265604e-13,0.5376846824756485,0.5102501801978716,8.674152239886877e-12,1.646529896629624,2.6077914541587064,2.937643137678412,4.576222326276337,4.715857811136386,3.356549592258559,614831705.7983434,229.19561649474673,145.56770606762356,562995.5404073186,15562995.540407319,475443.52454858646,257.97220745116226,257.97220745116226,257.97220745116226,119.05059841823577,138.92160903292648,614831705.7983435,614831705.7983432,0.0,0.9999999999999994,0.024758500503006233,0.01025686438302976,0.6415157754509003,0.0,5.816679024188789e-16,773,0,0.0,0.5618861570000035,0.0,2.5540222861351516e-14,0,0.05,24000000.0,False,8437004.459592681,0.62937;0.63003;0.63093;0.63215;0.63384;0.63615;0.63778;0.63813;0.63768;0.63680;0.62890;0.62197;0.60688;0.57446;0.53291;0.42108;0.35189;0.22658;0.00000;0.00000;0.00000;0.00000;0.00000;0.00000
ok,R0174_S+03,174,3,20435909,212.86821295111645,0.7634917921285249,0.25898194223357923,51.96077494594884,1408.3295472577174,2.435201179074125,3.365802221662572,0.281545535793454,0.2211534639647758,0.0647779258600913,714.8881348025652,4,1.407806561305057e-13,1.6693654490161065e-13,1.0832464495265604e-13,0.5376846824756485,0.5102501801978716,8.674152239886877e-12,1.646529896629624,2.6077914541587064,0.1213490781170527,0.270614200077542,0.597874395621139,1.103129664747844,82561282.60431746,84.2778849776626,53.47142250714642,127674.5612446256,15127674.561244626,110793.86326250993,92.19918342722315,92.19918342722315,92.19918342722315,41.95227378688066,50.24690964034249,82561282.60431744,82561282.60431784,0.0,1.0000000000000049,0.003021778759924938,0.0013773197949541465,0.6757774948765914,0.0,4.8731238123091764e-15,308,0,0.0,0.15968260800002554,0.0,4.766462987149537e-13,0,0.05,24000000.0,False,8872325.438755374,0.66162;0.66195;0.66239;0.66300;0.66384;0.66499;0.66339;0.65452;0.63136;0.60133;0.56615;0.52232;0.38476;0.34456;0.17282;0.00000;0.00000;0.00000;0.00000;0.00000;0.00000;0.00000;0.00000;0.00000
ok,R0175_S+00,175,0,20436909,880.3879896692389,0.1869722449226948,0.2573343222609908,25.01087337094093,1450.124933587342,1.525339554820104,2.183103866947872,0.580786486617068,0.1786284827305132,0.0426200208269448,744.3657022402556,4,9.139974583669695e-13,9.249428710295094e-13,9.037473287836837e-13,0.16140764586900647,0.18245563651738717,2.3133629022673605e-11,0.8938931470350882,8.176248749037057,0.3965595533939576,0.2929788821082107,0.2855702489189731,0.3743336538262447,53231451.91684464,102.35856317929644,60.754700464062836,19834.088043062016,15019834.088043062,16006.436055729166,120.35468618286018,120.35468618286018,120.35468618286018,98.44150802687501,21.913178155985165,53231451.91684463,53231451.91683297,0.0,0.999999999999781,0.0053910234429366665,0.001681878728663287,0.7840669691124583,0.0,2.190464136202912e-13,202,0,0.0,0.10573396600000251,0.0,3.850668349440796e-12,0,0.05,24000000.0,False,8980165.911956938,0.77834;0.77812;0.77782;0.77740;0.77683;0.77604;0.76466;0.74078;0.70441;0.65441;0.59169;0.51898;0.44026;0.35617;0.24670;0.02512;0.00000;0.00000;0.00000;0.00000;0.00000;0.00000;0.00000;0.00000
ok,R0175_S+01,175,1,20436909,880.3879896692389,0.1869722449226948,0.2573343222609908,25.01087337094093,1450.124933587342,1.525339554820104,2.183103866947872,0.580786486617068,0.1786284827305132,0.0426200208269448,744.3657022402556,4,9.139974583669695e-13,9.249428710295094e-13,9.037473287836837e-13,0.16140764586900647,0.18245563651738717,2.3133629022673605e-11,0.8938931470350882,8.176248749037057,0.1129385112885255,0.7625156652317003,1.104209808800431,1.1380209419947174,122983317.32780957,155.23764190811207,92.24707028370796,25078.341269778088,15025078.341269778,23617.468448439613,180.74203203463065,180.74203203463065,180.74203203463065,147.8783679766697,32.86366405796096,122983317.32780959,122983317.32779461,0.0,0.9999999999998782,0.011629505023547535,0.003885729544203104,0.7817243277642916,0.0,1.2176990607514313e-13,213,0,0.0,0.10701177300006748,0.0,5.305087260814345e-12,0,0.05,24000000.0,False,8974921.658730222,0.77986;0.77994;0.78004;0.78019;0.78039;0.78067;0.77923;0.77214;0.75308;0.72014;0.67363;0.61406;0.54401;0.46671;0.38446;0.29032;0.07953;0.00000;0.00000;0.00000;0.00000;0.00000;0.00000;0.00000
ok,R0175_S+02,175,2,20436909,880.3879896692389,0.1869722449226948,0.2573343222609908,25.01087337094093,1450.124933587342,1.525339554820104,2.183103866947872,0.580786486617068,0.1786284827305132,0.0426200208269448,744.3657022402556,4,9.139974583669695e-13,9.249428710295094e-13,9.037473287836837e-13,0.16140764586900647,0.18245563651738717,2.3133629022673605e-11,0.8938931470350882,8.176248749037057,0.6163066400215818,0.4648972971126003,0.4322597568596816,0.5183940192628252,80150691.21483661,125.88406960159449,74.5485121994211,30255.86185777746,15030255.861857777,24358.142136583105,147.26345128698918,147.26345128698918,147.26345128698918,120.53319576873028,26.7302555182589,80150691.2148366,80150691.21483731,0.0,1.0000000000000089,0.007918014074595657,0.0025324077737444977,0.7880910810596503,0.0,8.923887323535487e-15,207,0,0.0,0.10120558699998128,0.0,2.2279295978892596e-12,0,0.05,24000000.0,False,8969744.138142223,0.78467;0.78459;0.78447;0.78431;0.78410;0.78380;0.77668;0.75935;0.73075;0.68901;0.63383;0.56684;0.49167;0.41109;0.32304;0.16822;0.00192;0.00000;0.00000;0.00000;0.00000;0.00000;0.00000;0.00000
ok,R0175_S+03,175,3,20436909,880.3879896692389,0.1869722449226948,0.2573343222609908,25.01087337094093,1450.124933587342,1.525339554820104,2.183103866947872,0.580786486617068,0.1786284827305132,0.0426200208269448,744.3657022402556,4,9.139974583669695e-13,9.249428710295094e-13,9.037473287836837e-13,0.16140764586900647,0.18245563651738717,2.3133629022673605e-11,0.8938931470350882,8.176248749037057,4.19197421910796,2.8555233331389176,2.3347026979789405,2.629512313628032,473826025.5063428,307.5367333798198,181.63505409876552,182370.2390564941,15182370.239056494,144857.77570586465,358.5207759241892,358.5207759241892,358.5207759241892,292.0923761127519,66.42839981143732,473826025.50634295,473826025.5063474,0.0,1.0000000000000093,0.04465480887646062,0.014970809261999308,0.7719038571132024,0.0,9.434577497884725e-15,390,0,0.0,0.28557417799993345,0.0,3.6793398822741847e-13,0,0.05,24000000.0,False,8817629.760943506,0.76790;0.76808;0.76832;0.76866;0.76912;0.76974;0.77011;0.77077;0.77064;0.76432;0.75075;0.72358;0.67934;0.62111;0.55181;0.47504;0.39318;0.30029;0.11142;0.00000;0.00000;0.00000;0.00000;0.00000
ok,R0178_S+00,178,0,20439909,38.35466687422125,0.6384913880062224,0.18905579091818966,27.687966769587785,2768.2816922662614,2.7268051345003013,3.021015569541514,0.3189211482527253,0.3395563220019219,0.0547179443642744,715.4914998274049,4,7.323193098195076e-14,1.794026629225632e-13,4.6844365203340746e-14,0.7577310136977018,1.5934444102111074,4.967294969375488e-12,1.5648200678790682,3.4970737876726634,0.1621689114821029,0.2487682037052396,0.5236989190634448,0.9869610575567184,75801240.48053068,214.39090008838798,131.57714405783676,180086.20569333434,15180086.205693334,160763.0154634565,238.24804430083472,238.24804430083472,238.24804430083472,53.30031850089595,184.94772579993878,75801240.48053056,75801240.48053089,0.0,1.0000000000000042,0.0023488346823743885,0.0008406599390551026,0.585398130787832,0.0,4.324804504338553e-15,420,0,0.0,0.25596342799997274,0.0,4.949742260461037e-13,0,0.05,24000000.0,False,8819913.794306666,0.56571;0.56599;0.56638;0.56692;0.56768;0.56874;0.56542;0.55204;0.53225;0.51084;0.48224;0.44110;0.28342;0.12403;0.11515;0.10450;0.08067;0.00000;0.00000;0.00000;0.00000;0.00000;0.00000;0.00000
ok,R0178_S+01,178,1,20439909,38.35466687422125,0.6384913880062224,0.18905579091818966,27.687966769587785,2768.2816922662614,2.7268051345003013,3.021015569541514,0.3189211482527253,0.3395563220019219,0.0547179443642744,715.4914998274049,4,7.323193098195076e-14,1.794026629225632e-13,4.6844365203340746e-14,0.7577310136977018,1.5934444102111074,4.967294969375488e-12,1.5648200678790682,3.4970737876726634,0.3405103391646771,0.4455194858604192,0.7118206270828723,1.1394137628320369,104032161.4867384,252.0826143398438,154.03680552350912,205537.546919493,15205537.546919493,183454.87771339342,273.0966295644432,273.0966295644432,273.0966295644432,61.25181220156006,211.84481736288316,104032161.48673852,104032161.4867382,0.0,0.999999999999997,0.0029736481498093227,0.0011537498592476784,0.5828793463752188,0.0,3.007958121784202e-15,497,0,0.0,0.40696570900001916,0.0,2.3339761362337744e-13,0,0.05,24000000.0,False,8794462.453080507,0.56356;0.56393;0.56444;0.56514;0.56612;0.56748;0.56868;0.55982;0.54215;0.52070;0.49747;0.46326;0.39931;0.14598;0.11952;0.10991;0.09643;0.00809;0.00000;0.00000;0.00000;0.00000;0.00000;0.00000
ok,R0178_S+02,178,2,20439909,38.35466687422125,0.6384913880062224,0.18905579091818966,27.687966769587785,2768.2816922662614,2.7268051345003013,3.021015569541514,0.3189211482527253,0.3395563220019219,0.0547179443642744,715.4914998274049,4,7.323193098195076e-14,1.794026629225632e-13,4.6844365203340746e-14,0.7577310136977018,1.5934444102111074,4.967294969375488e-12,1.5648200678790682,3.4970737876726634,0.0411162163287438,0.2790867447991966,0.464411685615726,0.5970910387783318,54504144.17678626,182.57472203676497,111.96184353911826,108381.42060627043,15108381.42060627,96784.00080851652,197.85409787762265,197.85409787762265,197.85409787762265,44.01765510793082,153.8364427696918,54504144.17678626,54504144.17678658,0.0,1.0000000000000058,0.0015474894329222764,0.000604468346842904,0.5890508894854866,0.0,5.8779927747984864e-15,363,0,0.0,0.22747789199991075,0.0,1.278589355488017e-12,0,0.05,24000000.0,False,8891618.57939373,0.57132;0.57136;0.57140;0.57147;0.57156;0.57169;0.56155;0.54447;0.52366;0.49767;0.46313;0.39736;0.14248;0.11981;0.11029;0.09724;0.01247;0.00000;0.00000;0.00000;0.00000;0.00000;0.00000;0.00000
ok,R0178_S+03,178,3,20439909,38.35466687422125,0.6384913880062224,0.18905579091818966,27.687966769587785,2768.2816922662614,2.7268051345003013,3.021015569541514,0.3189211482527253,0.3395563220019219,0.0547179443642744,715.4914998274049,4,7.323193098195076e-14,1.794026629225632e-13,4.6844365203340746e-14,0.7577310136977018,1.5934444102111074,4.967294969375488e-12,1.5648200678790682,3.4970737876726634,0.372326205425612,2.6898854245325707,4.251695176956756,5.057755462698165,488024961.5494281,542.7677684054231,331.8596247314363,963993.6673907395,15963993.66739074,830095.7430495843,585.971290967107,585.971290967107,585.971290967107,139.65227423366971,446.31901673343737,488024961.549428,488024961.54942816,0.0,1.0000000000000004,0.013425101007348296,0.005412352513398308,0.5414920255931422,0.0,3.6640325478118256e-16,3934,0,0.0,2.1402874190000603,0.0,1.8397205144863937e-13,0,0.05,24000000.0,False,8036006.33260926,0.51359;0.51421;0.51508;0.51628;0.51796;0.52029;0.52167;0.52301;0.52435;0.52675;0.53127;0.51954;0.49611;0.46861;0.43204;0.25031;0.12248;0.11323;0.10174;0.06254;0.00000;0.00000;0.00000;0.00000
ok,R0180_S+00,180,0,20441909,833.4753543401545,0.1721307891240889,0.14054401133142486,29.584837005610936,3951.929341679265,1.771094267359428,2.8276275133802526,0.5552908602032571,0.3466617935037339,0.0551955536439935,684.6093380407794,4,7.791574851486798e-13,7.881382892816739e-13,7.699433268224168e-13,0.16196749362353668,0.17115927028646413,2.331694282627936e-11,3.8062802372327686,6.036256439620133,1.050131770979181,1.026011336127325,1.184941526174767,1.5269223411215067,188872511.11926645,261.0366263542499,162.5479404361035,58419.98768568784,15058419.987685688,46072.67899190076,299.1788686733982,299.1788686733982,299.1788686733982,241.71819858674723,57.460670086650964,188872511.11926645,188872511.1192683,0.0,1.0000000000000098,0.004732197588695837,0.001352309802107436,0.5936983466461722,0.0,9.783022299472278e-15,271,0,0.0,0.14819513099996584,0.0,6.023526477312931e-13,0,0.05,24000000.0,False,8941580.012314312,0.58662;0.58678;0.58701;0.58733;0.58777;0.58839;0.58882;0.59138;0.59204;0.57986;0.55706;0.52692;0.49036;0.44797;0.40037;0.34691;0.27443;0.05939;0.00000;0.00000;0.00000;0.00000;0.00000;0.00000
ok,R0180_S+01,180,1,20441909,833.4753543401545,0.1721307891240889,0.14054401133142486,29.584837005610936,3951.929341679265,1.771094267359428,2.8276275133802526,0.5552908602032571,0.3466617935037339,0.0551955536439935,684.6093380407794,4,7.791574851486798e-13,7.881382892816739e-13,7.699433268224168e-13,0.16196749362353668,0.17115927028646413,2.331694282627936e-11,3.8062802372327686,6.036256439620133,7.213216905506084,8.800917068664097,12.646754822816035,18.7507301679619,1870246133.3103085,833.9646243089865,513.9687653694517,489832.6034573894,15489832.60345739,438868.68114836887,940.2314535832926,940.2314535832926,940.2314535832926,760.6767558876617,179.55469769563092,1870246133.3103106,1870246133.310308,0.0,0.9999999999999986,0.0454340393625778,0.013390790239623397,0.5409707078906975,0.0,1.4022776592914073e-15,3402,0,0.0,1.977444263999928,0.0,8.0181290856125e-14,0,0.05,24000000.0,False,8510167.39654261,0.51388;0.51437;0.51505;0.51601;0.51733;0.51918;0.52028;0.52133;0.52239;0.52343;0.52443;0.52534;0.52633;0.53406;0.53566;0.50742;0.46777;0.42228;0.37149;0.31110;0.18244;0.00247;0.00000;0.00000
ok,R0180_S+02,180,2,20441909,833.4753543401545,0.1721307891240889,0.14054401133142486,29.584837005610936,3951.929341679265,1.771094267359428,2.8276275133802526,0.5552908602032571,0.3466617935037339,0.0551955536439935,684.6093380407794,4,7.791574851486798e-13,7.881382892816739e-13,7.699433268224168e-13,0.16196749362353668,0.17115927028646413,2.331694282627936e-11,3.8062802372327686,6.036256439620133,11.57919115300692,11.678994508123727,10.052131081741146,6.698600873859185,1578231773.227187,768.0922680159252,471.8528406205284,560946.5636035036,15560946.563603504,425124.9464563951,858.018141354763,858.018141354763,858.018141354763,710.5286027699435,147.48953858481946,1578231773.2271893,1578231773.2271876,0.0,0.9999999999999989,0.037914822795257236,0.011299994288659583,0.5589726095632963,0.0,1.0574682895265041e-15,2533,0,0.0,1.3637236210000765,0.0,9.361014009197207e-14,0,0.05,24000000.0,False,8439053.436396496,0.55222;0.55255;0.55301;0.55365;0.55454;0.55578;0.55651;0.55719;0.55784;0.55841;0.55752;0.55087;0.54544;0.54022;0.52690;0.49689;0.45633;0.40967;0.35728;0.29128;0.11900;0.00000;0.00000;0.00000
ok,R0180_S+03,180,3,20441909,833.4753543401545,0.1721307891240889,0.14054401133142486,29.584837005610936,3951.929341679265,1.771094267359428,2.8276275133802526,0.5552908602032571,0.3466617935037339,0.0551955536439935,684.6093380407794,4,7.791574851486798e-13,7.881382892816739e-13,7.699433268224168e-13,0.16196749362353668,0.17115927028646413,2.331694282627936e-11,3.8062802372327686,6.036256439620133,1.3533699303603426,1.0798267180797247,1.4615566971056615,2.498559867438153,252197026.3125752,305.45974666550467,188.03534225992317,74332.29717069492,15074332.297170695,66863.5575681813,342.5175224499767,342.5175224499767,342.5175224499767,279.17929674194664,63.33822570803005,252197026.31257522,252197026.31257027,0.0,0.9999999999999803,0.006208036432819562,0.0018057075046218449,0.5893152857798853,0.0,1.9616351503787504e-14,317,0,0.0,0.15953903199999786,0.0,4.653044742971964e-13,0,0.05,24000000.0,False,8925667.702829305,0.57556;0.57576;0.57604;0.57643;0.57697;0.57773;0.57807;0.57848;0.58417;0.58556;0.56780;0.54075;0.50688;0.46690;0.42147;0.37078;0.31042;0.17518;0.00132;0.00000;0.00000;0.00000;0.00000;0.00000
ok,R0181_S+00,181,0,20442909,233.21792435599025,0.8119895609452652,0.2746675145146945,42.72917671758948,3898.665737484965,2.604884196813705,3.810458873741765,0.5158215362197525,0.2424416866433733,0.0444033193058234,777.9744362947714,4,2.3322327714504676e-13,7.290974204306722e-13,5.466139923329019e-14,0.8833759088383477,1.224272655236025,3.1153732521920826e-11,9.451994560562856,6.9700402260526975,24.763860506897945,15.44466037246969,9.19256823033634,6.007584080497895,2185705931.333893,675.33478156735,381.132907285237,977452.4979683459,15977452.497968346,705274.7444236949,743.6762420523203,743.6762420523203,743.6762420523203,68.96994576082942,674.7062962914908,2185705931.3338895,2185705931.3338885,0.0,0.9999999999999996,0.013834565401369186,0.005013173164788207,0.5999502887426003,0.0,4.363232504128508e-16,2670,0,0.0,1.371447455000066,0.0,1.409644024815159e-13,0,0.05,24000000.0,False,8022547.502031654,0.58541;0.58557;0.58579;0.58609;0.58651;0.58709;0.58239;0.57667;0.56758;0.55400;0.53671;0.51533;0.48385;0.38590;0.36387;0.33117;0.23250;0.21178;0.18350;0.08954;0.01343;0.00000;0.00000;0.00000
ok,R0181_S+01,181,1,20442909,233.21792435599025,0.8119895609452652,0.2746675145146945,42.72917671758948,3898.665737484965,2.604884196813705,3.810458873741765,0.5158215362197525,0.2424416866433733,0.0444033193058234,777.9744362947714,4,2.3322327714504676e-13,7.290974204306722e-13,5.466139923329019e-14,0.8833759088383477,1.224272655236025,3.1153732521920826e-11,9.451994560562856,6.9700402260526975,1.1652405421551997,2.473677453926877,3.202737914232166,3.352421923071067,402125788.2935503,286.9072376495999,163.30553216140063,75433.57704610936,15075433.57704611,69777.89677388594,323.63769895722737,323.63769895722737,323.63769895722737,28.065873265286662,295.5718256919407,402125788.2935504,402125788.29355454,0.0,1.0000000000000104,0.0028242874383416204,0.0009223227072256494,0.6175746823996444,0.0,1.0375671632458353e-14,361,0,0.0,0.2028418759999795,0.0,5.536150558049778e-13,0,0.05,24000000.0,False,8924566.42295389,0.58724;0.58716;0.58705;0.58690;0.58669;0.58640;0.57528;0.56031;0.54217;0.51583;0.43028;0.37987;0.34958;0.26726;0.22154;0.19849;0.12653;0.06883;0.00000;0.00000;0.00000;0.00000;0.00000;0.00000
ok,R0181_S+02,181,2,20442909,233.21792435599025,0.8119895609452652,0.2746675145146945,42.72917671758948,3898.665737484965,2.604884196813705,3.810458873741765,0.5158215362197525,0.2424416866433733,0.0444033193058234,777.9744362947714,4,2.3322327714504676e-13,7.290974204306722e-13,5.466139923329019e-14,0.8833759088383477,1.224272655236025,3.1153732521920826e-11,9.451994560562856,6.9700402260526975,5.845841399478839,5.273112757785125,8.543113612804602,15.65584396453727,1393185664.1949964,538.9396563156345,303.9273942165853,352320.36307407916,15352320.36307408,320157.4842576217,593.4715090921982,593.4715090921982,593.4715090921982,55.117655793337676,538.3538532988605,1393185664.1950002,1393185664.1949956,0.0,0.9999999999999968,0.00880848783454881,0.003195434882044251,0.5858563837144491,0.0,3.2515070455789896e-15,1248,0,0.0,0.736993046000066,0.0,1.3935623624904795e-13,0,0.05,24000000.0,False,8647679.63692592,0.55288;0.55333;0.55396;0.55484;0.55606;0.55776;0.55725;0.55232;0.54845;0.53498;0.51801;0.50020;0.42905;0.37681;0.34578;0.25469;0.21875;0.19466;0.10670;0.05490;0.00000;0.00000;0.00000;0.00000
ok,R0181_S+03,181,3,20442909,233.21792435599025,0.8119895609452652,0.2746675145146945,42.72917671758948,3898.665737484965,2.604884196813705,3.810458873741765,0.5158215362197525,0.2424416866433733,0.0444033193058234,777.9744362947714,4,2.3322327714504676e-13,7.290974204306722e-13,5.466139923329019e-14,0.8833759088383477,1.224272655236025,3.1153732521920826e-11,9.451994560562856,6.9700402260526975,0.8515223730276321,3.2476225581851117,5.563657220659552,7.799626360450954,688840417.5256152,379.17175503653164,213.70158646678132,176274.7846366763,15176274.784636676,162295.9132923428,420.01640192138876,420.01640192138876,420.01640192138876,38.33128887353406,381.6851130478547,688840417.5256153,688840417.5256113,0.0,0.9999999999999941,0.004439866083720418,0.0015799363701974709,0.599767092268553,0.0,5.883969264297478e-15,577,0,0.0,0.3291970030001039,0.0,9.424160713720245e-13,0,0.05,24000000.0,False,8823725.215363324,0.57270;0.57288;0.57312;0.57347;0.57395;0.57461;0.56955;0.56000;0.54485;0.52873;0.50504;0.41570;0.37500;0.34286;0.24561;0.21746;0.19269;0.09838;0.04677;0.00000;0.00000;0.00000;0.00000;0.00000
ok,R0185_S+00,185,0,20446909,838.5253919276971,0.6175347568072793,0.2717403635288863,69.09585421208033,1800.5356279462444,1.906864065339109,2.672370306427708,0.4257801403051481,0.1662508451088247,0.050065855979379,643.2579351084062,4,6.11904342608831e-13,9.251510652220918e-13,3.8038339380244623e-13,0.6815300638465639,0.9049948527971677,6.392410312673645e-11,3.4491749296138132,5.102640895390072,3.75621580937494,4.442552507843686,4.1700544551654,2.938721651340078,603836704.8826447,264.1495536088692,140.48763426480235,81416.3789514117,15081416.378951412,64661.111473949626,302.4334593315396,302.4334593315396,302.4334593315396,77.29163705030737,225.14182228123224,603836704.8826447,603836704.8826416,0.0,0.9999999999999949,0.013052415674039768,0.004908795112932825,0.7732008881604335,0.0,5.132913423874568e-15,357,0,0.0,0.19307602300000326,0.0,4.1996401821148003e-13,0,0.05,24000000.0,False,8918583.621048588,0.76410;0.76415;0.76421;0.76430;0.76442;0.76458;0.75880;0.74775;0.73116;0.70610;0.66980;0.62365;0.56780;0.47969;0.36759;0.25472;0.18207;0.07261;0.00000;0.00000;0.00000;0.00000;0.00000;0.00000
ok,R0185_S+01,185,1,20446909,838.5253919276971,0.6175347568072793,0.2717403635288863,69.09585421208033,1800.5356279462444,1.906864065339109,2.672370306427708,0.4257801403051481,0.1662508451088247,0.050065855979379,643.2579351084062,4,6.11904342608831e-13,9.251510652220918e-13,3.8038339380244623e-13,0.6815300638465639,0.9049948527971677,6.392410312673645e-11,3.4491749296138132,5.102640895390072,2.66289010098136,4.851304007308372,9.51368949146802,16.6500465534603,1328493310.7539923,392.9156742170643,208.4932864233059,170073.74318055809,15170073.743180558,155528.66597658768,449.99175131714924,449.99175131714924,449.99175131714924,115.5077842463597,334.4839670707895,1328493310.753994,1328493310.754005,0.0,1.0000000000000082,0.028995181517692432,0.010799776526769193,0.7460606172815079,0.0,8.255408250755397e-15,704,0,0.0,0.3937709959999438,0.0,5.382651638598516e-13,0,0.05,24000000.0,False,8829926.256819442,0.72179;0.72220;0.72276;0.72354;0.72462;0.72611;0.72721;0.72927;0.72677;0.71883;0.70350;0.67752;0.63436;0.58043;0.50703;0.37916;0.28669;0.19834;0.08418;0.00032;0.00000;0.00000;0.00000;0.00000
ok,R0185_S+02,185,2,20446909,838.5253919276971,0.6175347568072793,0.2717403635288863,69.09585421208033,1800.5356279462444,1.906864065339109,2.672370306427708,0.4257801403051481,0.1662508451088247,0.050065855979379,643.2579351084062,4,6.11904342608831e-13,9.251510652220918e-13,3.8038339380244623e-13,0.6815300638465639,0.9049948527971677,6.392410312673645e-11,3.4491749296138132,5.102640895390072,0.3267562952337896,0.7200776879405375,1.2416675974123248,1.891526023649151,164889548.90428972,137.88311305746615,73.52042270932294,22178.97615360096,15022178.976153601,20405.128737963736,154.57781159248964,154.57781159248964,154.57781159248964,40.8154976933468,113.76231389914284,164889548.90428978,164889548.9042866,0.0,0.9999999999999807,0.0032501528336436446,0.0013404435425838721,0.7793118578401645,0.0,1.9339300256891158e-14,273,0,0.0,0.14772823799989965,0.0,3.580420136157181e-12,0,0.05,24000000.0,False,8977821.023846399,0.75074;0.75051;0.75020;0.74977;0.74918;0.74835;0.73307;0.70613;0.66915;0.62340;0.56822;0.47808;0.36890;0.25014;0.18501;0.07261;0.00000;0.00000;0.00000;0.00000;0.00000;0.00000;0.00000;0.00000
ok,R0185_S+03,185,3,20446909,838.5253919276971,0.6175347568072793,0.2717403635288863,69.09585421208033,1800.5356279462444,1.906864065339109,2.672370306427708,0.4257801403051481,0.1662508451088247,0.050065855979379,643.2579351084062,4,6.11904342608831e-13,9.251510652220918e-13,3.8038339380244623e-13,0.6815300638465639,0.9049948527971677,6.392410312673645e-11,3.4491749296138132,5.102640895390072,19.14346505484736,16.75813487092489,9.63070530835573,0.541168520015848,1817460319.1797118,460.91195454420136,244.13534244853636,378890.9287352972,15378890.928735297,294094.5566961076,515.7622802261615,515.7622802261615,515.7622802261615,137.4234883964009,378.33879182976057,1817460319.1797109,1817460319.179707,0.0,0.9999999999999979,0.03562944461894705,0.01477475658667126,0.7655314818866564,0.0,2.0989163974411932e-15,983,0,0.0,0.5589650740000707,0.0,1.7865703540095429e-12,2,0.05,24000000.0,False,8621109.071264703,0.75245;0.75218;0.75179;0.75126;0.75051;0.74949;0.74317;0.74006;0.73547;0.72576;0.70868;0.68530;0.65226;0.60651;0.54680;0.42905;0.34518;0.22403;0.14270;0.03709;0.00000;0.00000;0.00000;0.00000
ok,R0188_S+00,188,0,20449909,888.0152215920001,0.7530449116650046,0.2272051476277476,77.02730129625073,2316.0612786613774,1.6277729870413096,3.0022552843309334,0.5198018302521903,0.2158669516399207,0.0446005150564625,614.5694382657418,4,2.764267475287055e-13,1.0090752669653607e-12,9.183235497358644e-14,0.8731084094882992,1.512785962955003,7.77263446191355e-11,5.053213344871799,6.992768979382523,3.991748244237492,6.116266591524471,6.63686158784393,5.553533233195868,879605365.7318591,465.3365460136829,256.29666493397235,69306.91136617772,15069306.911366178,55169.310661926866,503.4501797035678,503.4501797035678,503.4501797035678,48.23093891304665,455.21924079052116,879605365.7318583,879605365.7318587,0.0,1.0000000000000004,0.015196290412098412,0.004852930803550598,0.6938663313973645,0.0,5.421035123022267e-16,391,0,0.0,0.2106386290000728,0.0,5.651369921297304e-13,0,0.05,24000000.0,False,8930693.088633822,0.66425;0.66406;0.66380;0.66344;0.66294;0.66224;0.64674;0.62534;0.59728;0.56124;0.51958;0.46285;0.35719;0.27249;0.23311;0.20094;0.14834;0.08961;0.06734;0.00428;0.00000;0.00000;0.00000;0.00000
ok,R0188_S+01,188,1,20449909,888.0152215920001,0.7530449116650046,0.2272051476277476,77.02730129625073,2316.0612786613774,1.6277729870413096,3.0022552843309334,0.5198018302521903,0.2158669516399207,0.0446005150564625,614.5694382657418,4,2.764267475287055e-13,1.0090752669653607e-12,9.183235497358644e-14,0.8731084094882992,1.512785962955003,7.77263446191355e-11,5.053213344871799,6.992768979382523,1.8266805477379595,2.7090900749571576,3.073150064107323,2.918860515188454,415289385.0749348,316.544016447538,175.7612949532075,33219.12341008149,15033219.123410081,26587.169269980863,347.9513383955765,347.9513383955765,347.9513383955765,32.97973737662178,314.97160101895474,415289385.07493466,415289385.07491326,0.0,0.9999999999999485,0.00810610905912593,0.0022912214132991137,0.7071731551538815,0.0,5.152567882394628e-14,275,0,0.0,0.14833023899996078,0.0,1.110796364889537e-12,0,0.05,24000000.0,False,8966780.876589919,0.65250;0.65208;0.65151;0.65070;0.64959;0.64803;0.62601;0.59611;0.55992;0.51483;0.45295;0.35103;0.25912;0.22952;0.19671;0.13257;0.08749;0.06357;0.00002;0.00000;0.00000;0.00000;0.00000;0.00000
ok,R0188_S+02,188,2,20449909,888.0152215920001,0.7530449116650046,0.2272051476277476,77.02730129625073,2316.0612786613774,1.6277729870413096,3.0022552843309334,0.5198018302521903,0.2158669516399207,0.0446005150564625,614.5694382657418,4,2.764267475287055e-13,1.0090752669653607e-12,9.183235497358644e-14,0.8731084094882992,1.512785962955003,7.77263446191355e-11,5.053213344871799,6.992768979382523,2.045397255653857,2.047379160464038,2.011463099921986,1.9376490740277013,317228379.2123959,277.2282552617081,153.5838405513678,36712.36152420752,15036712.361524208,29582.99828304723,299.8324187485034,299.8324187485034,299.8324187485034,28.785038837139112,271.0473799113643,317228379.2123959,317228379.2123595,0.0,0.9999999999998852,0.005369208135477221,0.0017502023443879162,0.7153140763155472,0.0,1.148019545041404e-13,239,0,0.0,0.12724806199992145,0.0,1.0744753449941901e-12,0,0.05,24000000.0,False,8963287.638475792,0.64685;0.64633;0.64561;0.64460;0.64320;0.64125;0.61609;0.58329;0.54288;0.49305;0.40401;0.32370;0.24681;0.21713;0.18000;0.10036;0.07970;0.04063;0.00000;0.00000;0.00000;0.00000;0.00000;0.00000
ok,R0188_S+03,188,3,20449909,888.0152215920001,0.7530449116650046,0.2272051476277476,77.02730129625073,2316.0612786613774,1.6277729870413096,3.0022552843309334,0.5198018302521903,0.2158669516399207,0.0446005150564625,614.5694382657418,4,2.764267475287055e-13,1.0090752669653607e-12,9.183235497358644e-14,0.8731084094882992,1.512785962955003,7.77263446191355e-11,5.053213344871799,6.992768979382523,0.6088736744773502,0.9848102794794634,1.0192947998438606,0.7123272355705418,131173345.36272636,178.54692989702176,98.69994179960578,11607.525979908183,15011607.525979908,9527.43697616458,194.50809358893724,194.50809358893724,194.50809358893724,18.26670635771447,176.24138723122277,131173345.36272638,131173345.36275102,0.0,1.0000000000001878,0.002326051538413192,0.0007237054173561406,0.7221274872619371,0.0,1.8789275021133575e-13,230,0,0.0,0.12375115199995435,0.0,3.4836513114783475e-12,0,0.05,24000000.0,False,8988392.474020092,0.61160;0.61078;0.60964;0.60805;0.60584;0.60277;0.56867;0.52585;0.47192;0.36834;0.28186;0.23722;0.20621;0.15899;0.09220;0.07184;0.00731;0.00000;0.00000;0.00000;0.00000;0.00000;0.00000;0.00000
ok,R0194_S+00,194,0,20455909,664.7339257640075,0.1281361291045281,0.19242609119032641,53.11926324477496,3686.4890430233127,2.3266313609608247,2.388837843791096,0.2626200887845999,0.1682402020952803,0.0444605350718777,776.7785311267166,4,6.52091509416228e-13,6.544677695543844e-13,6.496332720089909e-13,0.094673789998589,0.09657583607212157,3.4764845736180066e-11,9.044137769196933,3.544088100064901,7.682381082577305,5.904494697420823,5.7341942800057,7.17147983033194,1045051615.524075,282.17808397183154,184.19725329958942,279264.4086716641,15279264.408671664,206758.6283617597,324.2011333985005,324.2011333985005,324.2011333985005,289.689199496959,34.511933901541454,1045051615.5240741,1045051615.5240769,0.0,1.0000000000000027,0.006906655399926841,0.003082824199412524,0.7677546353631771,0.0,2.7376857819448467e-15,608,0,0.0,0.3077830140000515,0.0,1.1514660735451902e-13,0,0.05,24000000.0,False,8720735.591328336,0.75709;0.75741;0.75787;0.75850;0.75938;0.76061;0.76132;0.76197;0.76260;0.76554;0.76660;0.75607;0.73077;0.69231;0.64372;0.58514;0.50770;0.25493;0.00000;0.00000;0.00000;0.00000;0.00000;0.00000
ok,R0194_S+01,194,1,20455909,664.7339257640075,0.1281361291045281,0.19242609119032641,53.11926324477496,3686.4890430233127,2.3266313609608247,2.388837843791096,0.2626200887845999,0.1682402020952803,0.0444605350718777,776.7785311267166,4,6.52091509416228e-13,6.544677695543844e-13,6.496332720089909e-13,0.094673789998589,0.09657583607212157,3.4764845736180066e-11,9.044137769196933,3.544088100064901,16.064795841350765,15.825858551447716,11.477692806687342,3.0202986070696363,1829892911.1311932,377.73486451953096,244.03137190603536,562938.1095804647,15562938.109580465,411372.78159334883,428.59940635878974,428.59940635878974,428.59940635878974,382.1998013614517,46.39960499733803,1829892911.1311924,1829892911.1311953,0.0,1.0000000000000016,0.012089035673715104,0.005398047393036839,0.7817031042304137,0.0,1.5634920119178667e-15,1216,0,0.0,0.6699944910000113,0.0,2.12142708150664e-13,0,0.05,24000000.0,False,8437061.890419535,0.77898;0.77921;0.77952;0.77995;0.78056;0.78140;0.78118;0.77584;0.76075;0.75107;0.75039;0.74495;0.73955;0.72230;0.68506;0.63534;0.57479;0.49092;0.17188;0.00000;0.00000;0.00000;0.00000;0.00000
ok,R0194_S+02,194,2,20455909,664.7339257640075,0.1281361291045281,0.19242609119032641,53.11926324477496,3686.4890430233127,2.3266313609608247,2.388837843791096,0.2626200887845999,0.1682402020952803,0.0444605350718777,776.7785311267166,4,6.52091509416228e-13,6.544677695543844e-13,6.496332720089909e-13,0.094673789998589,0.09657583607212157,3.4764845736180066e-11,9.044137769196933,3.544088100064901,3.675431082006728,3.1337938422770626,2.664477774625565,2.267482879052236,463154547.49385095,189.68794093338784,122.45051365210743,138465.62828573398,15138465.628285734,103786.20857654512,211.17151600723003,211.17151600723003,211.17151600723003,188.64798044059563,22.523535566634393,463154547.4938506,463154547.49384964,0.0,0.9999999999999979,0.002821205330201683,0.0013662713170066398,0.7853412648926279,0.0,2.0590844277933213e-15,370,0,0.0,0.25299081600007867,0.0,2.2270250120489792e-13,0,0.05,24000000.0,False,8861534.371714266,0.78312;0.78331;0.78357;0.78394;0.78444;0.78515;0.78500;0.78311;0.78029;0.77341;0.75478;0.72356;0.68224;0.63159;0.57060;0.48368;0.12503;0.00000;0.00000;0.00000;0.00000;0.00000;0.00000;0.00000
ok,R0194_S+03,194,3,20455909,664.7339257640075,0.1281361291045281,0.19242609119032641,53.11926324477496,3686.4890430233127,2.3266313609608247,2.388837843791096,0.2626200887845999,0.1682402020952803,0.0444605350718777,776.7785311267166,4,6.52091509416228e-13,6.544677695543844e-13,6.496332720089909e-13,0.094673789998589,0.09657583607212157,3.4764845736180066e-11,9.044137769196933,3.544088100064901,1.1047261133422892,6.155426986374616,10.955886727664517,15.506105337211991,1330237460.3077164,320.81905528045183,207.9515817043736,330618.86932620965,15330618.86932621,293575.7044347748,364.27654503887436,364.27654503887436,364.27654503887436,325.5449369771593,38.731608061715065,1330237460.307715,1330237460.3077168,0.0,1.0000000000000013,0.008639250049008373,0.003924101137861172,0.7517182797377983,0.0,1.4338407162066281e-15,886,0,0.0,0.46020206099990446,0.0,5.708456590816409e-13,0,0.05,24000000.0,False,8669381.13067379,0.73192;0.73238;0.73301;0.73390;0.73514;0.73686;0.73787;0.73885;0.73980;0.74066;0.74166;0.74890;0.74200;0.70818;0.66272;0.60783;0.53980;0.40632;0.00249;0.00000;0.00000;0.00000;0.00000;0.00000
ok,R0196_S+00,196,0,20457909,150.80338981140196,0.3891715554609303,0.18707622394654624,52.90996709031835,1616.3677590083953,2.1319025046026834,2.6967028345944213,0.5883370121275149,0.3298401903799987,0.0760539734010633,647.0110502455997,4,1.4830071743927239e-13,1.6132673256846618e-13,1.3804258306058627e-13,0.3683947628286147,0.501531631537105,8.535792110986136e-12,1.4247798644951664,4.641469623355321,1.097755410799151,1.1356226853567155,0.833112746358416,0.1902255938042517,128467693.26345721,156.88230865113442,84.4227132482245,181230.12633457594,15181230.126334576,141063.6561367456,177.89895927557166,177.89895927557166,177.89895927557166,107.84414650143873,70.05481277413293,128467693.26345727,128467693.26345667,0.0,0.9999999999999953,0.006992838100485813,0.0024439702449094844,0.6136762106188239,0.0,4.63966023373327e-15,312,0,0.0,0.2040948080000362,0.0,8.841208622437433e-13,0,0.05,24000000.0,False,8818769.873665424,0.60899;0.60882;0.60858;0.60824;0.60778;0.60715;0.60330;0.59902;0.58991;0.57155;0.54340;0.50816;0.46717;0.41967;0.35065;0.13941;0.03243;0.00000;0.00000;0.00000;0.00000;0.00000;0.00000;0.00000
ok,R0196_S+01,196,1,20457909,150.80338981140196,0.3891715554609303,0.18707622394654624,52.90996709031835,1616.3677590083953,2.1319025046026834,2.6967028345944213,0.5883370121275149,0.3298401903799987,0.0760539734010633,647.0110502455997,4,1.4830071743927239e-13,1.6132673256846618e-13,1.3804258306058627e-13,0.3683947628286147,0.501531631537105,8.535792110986136e-12,1.4247798644951664,4.641469623355321,3.304270579780235,1.84961068023206,1.2638980319210786,1.5471326348472918,314191880.7757169,245.52835543646012,132.23938869712754,513462.0088883564,15513462.008888356,392650.2914934661,283.21523360927813,283.21523360927813,283.21523360927813,172.0006473682274,111.21458624105074,314191880.775717,314191880.7757164,0.0,0.9999999999999981,0.017146657984157588,0.005977188414469845,0.5990690984944924,0.0,1.897077818441109e-15,528,0,0.0,0.3106055569999171,0.0,9.739321471411568e-14,0,0.05,24000000.0,False,8486537.991111644,0.59117;0.59146;0.59187;0.59242;0.59319;0.59425;0.59516;0.59658;0.59393;0.58551;0.57264;0.55211;0.52192;0.48353;0.43863;0.38236;0.21125;0.07274;0.00000;0.00000;0.00000;0.00000;0.00000;0.00000
ok,R0196_S+02,196,2,20457909,150.80338981140196,0.3891715554609303,0.18707622394654624,52.90996709031835,1616.3677590083953,2.1319025046026834,2.6967028345944213,0.5883370121275149,0.3298401903799987,0.0760539734010633,647.0110502455997,4,1.4830071743927239e-13,1.6132673256846618e-13,1.3804258306058627e-13,0.3683947628286147,0.501531631537105,8.535792110986136e-12,1.4247798644951664,4.641469623355321,0.7274302156089285,0.6010857672129047,0.4975815747168425,0.4169176381207416,88480220.42317703,130.13769092031657,70.02495294545699,122479.59108742699,15122479.591087427,96035.95510334149,148.1362311101722,148.1362311101722,148.1362311101722,88.9323871048623,59.20384400530989,88480220.42317706,88480220.42317721,0.0,1.0000000000000018,0.005145335638880381,0.0016832482975608078,0.6175593641501332,0.0,1.6841234258435858e-15,262,0,0.0,0.1403502190000836,0.0,4.0112335905804965e-13,0,0.05,24000000.0,False,8877520.408912573,0.61301;0.61305;0.61310;0.61317;0.61327;0.61340;0.60891;0.59911;0.58181;0.55631;0.52369;0.48511;0.44081;0.38634;0.20318;0.07395;0.00000;0.00000;0.00000;0.00000;0.00000;0.00000;0.00000;0.00000
ok,R0196_S+03,196,3,20457909,150.80338981140196,0.3891715554609303,0.18707622394654624,52.90996709031835,1616.3677590083953,2.1319025046026834,2.6967028345944213,0.5883370121275149,0.3298401903799987,0.0760539734010633,647.0110502455997,4,1.4830071743927239e-13,1.6132673256846618e-13,1.3804258306058627e-13,0.3683947628286147,0.501531631537105,8.535792110986136e-12,1.4247798644951664,4.641469623355321,0.4197552582982337,0.3526981473193633,0.2336193648897512,0.0625189110093973,42152736.06079106,90.02938502854924,48.35742523595683,72592.68289829418,15072592.682898294,57196.23584754765,104.31869559831614,104.31869559831614,104.31869559831614,61.73191553635246,42.58678006196368,42152736.06079108,42152736.06079067,0.0,0.9999999999999902,0.0024181119457317886,0.0008019139291528012,0.6203635952104312,0.0,9.721360251439871e-15,242,0,0.0,0.13656587500008754,0.0,2.554898181386079e-12,0,0.05,24000000.0,False,8927407.317101706,0.60956;0.60931;0.60896;0.60848;0.60782;0.60690;0.59616;0.57721;0.55075;0.51751;0.47823;0.43302;0.37464;0.18053;0.06628;0.00000;0.00000;0.00000;0.00000;0.00000;0.00000;0.00000;0.00000;0.00000
ok,R0197_S+00,197,0,20458909,501.9709492064922,0.2200740928292854,0.1844237421756389,54.97985934672884,1932.4395418109111,1.9548134023623096,3.87757904398884,0.5919623224093895,0.2704671568842348,0.0758951331751818,739.3941229602212,4,5.075514230053317e-13,5.311453445185497e-13,4.846560667293712e-13,0.2966690535881913,0.3387626298188605,2.920229633429969e-11,2.453173414668838,4.679844129475471,0.9210058591970284,0.8119523751749043,0.5088499578076493,0.0281688349909355,89543783.7907954,112.4306590158596,67.22433992136972,45036.15588428825,15045036.155884288,34397.421764463186,128.11891676161216,128.11891676161216,128.11891676161216,87.64142942267549,40.47748733893667,89543783.79079542,89543783.79080966,0.0,1.000000000000159,0.003225694170175379,0.001018069184542748,0.6218087957647314,0.0,1.5908988316375698e-13,242,0,0.0,0.11985079800001586,0.0,1.8451830491411802e-11,0,0.05,24000000.0,False,8954963.844115712,0.61435;0.61408;0.61369;0.61316;0.61242;0.61139;0.59656;0.57444;0.54643;0.51373;0.47712;0.43695;0.39241;0.33357;0.14728;0.00033;0.00000;0.00000;0.00000;0.00000;0.00000;0.00000;0.00000;0.00000
ok,R0197_S+01,197,1,20458909,501.9709492064922,0.2200740928292854,0.1844237421756389,54.97985934672884,1932.4395418109111,1.9548134023623096,3.87757904398884,0.5919623224093895,0.2704671568842348,0.0758951331751818,739.3941229602212,4,5.075514230053317e-13,5.311453445185497e-13,4.846560667293712e-13,0.2966690535881913,0.3387626298188605,2.920229633429969e-11,2.453173414668838,4.679844129475471,0.5325309099461174,0.4169579266763113,0.4193883054752059,0.5398220463428012,75292456.88640988,102.82613854195306,61.65170517075426,26529.440373266116,15026529.440373266,20284.62662633136,116.80502288863482,116.80502288863482,116.80502288863482,79.84450815925803,36.9605147293768,75292456.88640985,75292456.88641444,0.0,1.000000000000061,0.00263586695407791,0.0008560385427049513,0.6215452959526572,0.0,6.095640702267327e-14,239,0,0.0,0.1751257490000171,0.0,1.235390073057083e-12,0,0.05,24000000.0,False,8973470.559626734,0.61267;0.61241;0.61204;0.61153;0.61082;0.60984;0.59219;0.56767;0.53820;0.50441;0.46686;0.42573;0.37946;0.30386;0.11727;0.00000;0.00000;0.00000;0.00000;0.00000;0.00000;0.00000;0.00000;0.00000
ok,R0197_S+02,197,2,20458909,501.9709492064922,0.2200740928292854,0.1844237421756389,54.97985934672884,1932.4395418109111,1.9548134023623096,3.87757904398884,0.5919623224093895,0.2704671568842348,0.0758951331751818,739.3941229602212,4,5.075514230053317e-13,5.311453445185497e-13,4.846560667293712e-13,0.2966690535881913,0.3387626298188605,2.920229633429969e-11,2.453173414668838,4.679844129475471,3.5719805663148705,3.211931845024898,2.730031514948936,2.126279576086984,459171896.49821377,254.66937464555963,152.3569676425533,164266.52454026602,15164266.524540266,123356.13040639274,289.4054124811809,289.4054124811809,289.4054124811809,198.95723533967032,90.4481771415106,459171896.49821377,459171896.49821216,0.0,0.9999999999999964,0.016226319330466896,0.00522056069603863,0.6081022731635739,0.0,3.5048430036959098e-15,324,0,0.0,0.1841606990000173,0.0,2.3239593642150247e-13,0,0.05,24000000.0,False,8835733.475459734,0.60386;0.60414;0.60454;0.60508;0.60584;0.60690;0.60472;0.60051;0.59528;0.58352;0.56097;0.53055;0.49551;0.45676;0.41440;0.36513;0.24638;0.05918;0.00000;0.00000;0.00000;0.00000;0.00000;0.00000
ok,R0197_S+03,197,3,20458909,501.9709492064922,0.2200740928292854,0.1844237421756389,54.97985934672884,1932.4395418109111,1.9548134023623096,3.87757904398884,0.5919623224093895,0.2704671568842348,0.0758951331751818,739.3941229602212,4,5.075514230053317e-13,5.311453445185497e-13,4.846560667293712e-13,0.2966690535881913,0.3387626298188605,2.920229633429969e-11,2.453173414668838,4.679844129475471,1.2240291757092097,1.1809685383262605,2.058447231151918,3.856465254186184,328195497.6346894,216.5658613898893,128.77960048728457,94752.9924703762,15094752.992470376,85309.17068668455,241.28813708996523,241.28813708996523,241.28813708996523,171.84721900693458,69.44091808303065,328195497.6346892,328195497.6346856,0.0,0.9999999999999889,0.011619505699548447,0.003731422869376654,0.6073289298836815,0.0,1.1078407100349347e-14,316,0,0.0,0.1710410599999932,0.0,4.2900763151735286e-13,0,0.05,24000000.0,False,8905247.007529624,0.58568;0.58606;0.58659;0.58734;0.58836;0.58979;0.59117;0.59793;0.59808;0.57584;0.54656;0.51325;0.47626;0.43571;0.39085;0.32912;0.14728;0.00046;0.00000;0.00000;0.00000;0.00000;0.00000;0.00000
ok,R0206_S+00,206,0,20467909,30.05816229083316,0.6226782878011441,0.11265854285110184,38.568332144648906,2765.014331864906,1.588945766912865,2.5085939675083857,0.3131042772204574,0.2405136472469096,0.0638775006387753,751.0295310376611,4,2.2394728035012282e-14,2.4767830937833356e-14,2.055709266847721e-14,0.3949346513174644,0.5511459744904389,9.552539301128678e-13,1.5022388419933959,2.940981792550552,0.6748715131845091,1.5570342357690956,2.113104232979357,2.343081504815296,263825144.87775853,303.85242823424625,158.6280736141474,2056999.1975910626,17056999.197591063,1771970.7029063012,355.0752463722795,355.0752463722795,355.0752463722795,197.4368985661375,157.63834780614198,263825144.87775883,263825144.8777594,0.0,1.0000000000000022,0.009654619286154615,0.0033660420578488005,0.6159552104313732,0.0,2.1462856606354768e-15,2086,0,0.0,1.2908330730000444,0.0,1.9666804246256078e-14,0,0.05,24000000.0,False,6943000.802408937,0.57883;0.57979;0.58113;0.58299;0.58558;0.58918;0.59141;0.59351;0.59562;0.59770;0.60005;0.60539;0.60637;0.57841;0.52341;0.44444;0.26980;0.08344;0.00005;0.00000;0.00000;0.00000;0.00000;0.00000
ok,R0206_S+01,206,1,20467909,30.05816229083316,0.6226782878011441,0.11265854285110184,38.568332144648906,2765.014331864906,1.588945766912865,2.5085939675083857,0.3131042772204574,0.2405136472469096,0.0638775006387753,751.0295310376611,4,2.2394728035012282e-14,2.4767830937833356e-14,2.055709266847721e-14,0.3949346513174644,0.5511459744904389,9.552539301128678e-13,1.5022388419933959,2.940981792550552,1.503048056983081,1.0058514075033005,0.5056264462658385,0.0377112385502864,120401598.82853596,205.06659994553848,106.86282477081971,1582286.202082323,16582286.202082323,1237107.2068757322,239.99921456706,239.99921456706,239.99921456706,132.7793180558306,107.2198965112294,120401598.82853597,120401598.82853597,0.0,1.0,0.004217044500663123,0.0015361570091334724,0.6784806827777444,0.0,0.0,870,0,0.0,0.6009014990000878,0.0,3.4372051467895374e-13,0,0.05,24000000.0,False,7417713.797917677,0.66767;0.66726;0.66669;0.66589;0.66478;0.66324;0.65914;0.65578;0.64545;0.63592;0.62483;0.60632;0.56808;0.50953;0.42361;0.22302;0.07172;0.00008;0.00000;0.00000;0.00000;0.00000;0.00000;0.00000
ok,R0206_S+02,206,2,20467909,30.05816229083316,0.6226782878011441,0.11265854285110184,38.568332144648906,2765.014331864906,1.588945766912865,2.5085939675083857,0.3131042772204574,0.2405136472469096,0.0638775006387753,751.0295310376611,4,2.2394728035012282e-14,2.4767830937833356e-14,2.055709266847721e-14,0.3949346513174644,0.5511459744904389,9.552539301128678e-13,1.5022388419933959,2.940981792550552,0.7196387747662697,0.592931033422982,0.4671328629799527,0.3422442634371819,83704440.72941813,170.12360206682052,88.75872017526919,792641.5330630224,15792641.533063022,617928.9810012467,197.41766177933732,197.41766177933732,197.41766177933732,111.92242665820875,85.49523512112857,83704440.72941805,83704440.72941811,0.0,1.0000000000000007,0.0027482763641602384,0.0010679522911087153,0.6734058444186578,0.0,7.12084618880232e-16,503,0,0.0,0.38475678399993285,0.0,3.7948253868556295e-14,0,0.05,24000000.0,False,8207358.466936978,0.66689;0.66729;0.66785;0.66863;0.66972;0.67123;0.67012;0.66575;0.65978;0.65117;0.63122;0.59375;0.53957;0.46781;0.33037;0.10663;0.01163;0.00000;0.00000;0.00000;0.00000;0.00000;0.00000;0.00000
ok,R0206_S+03,206,3,20467909,30.05816229083316,0.6226782878011441,0.11265854285110184,38.568332144648906,2765.014331864906,1.588945766912865,2.5085939675083857,0.3131042772204574,0.2405136472469096,0.0638775006387753,751.0295310376611,4,2.2394728035012282e-14,2.4767830937833356e-14,2.055709266847721e-14,0.3949346513174644,0.5511459744904389,9.552539301128678e-13,1.5022388419933959,2.940981792550552,1.7063112356025905,1.974211113495134,1.7890973815835474,1.1509700398678309,261162404.67885044,302.52302660869503,157.75428294223212,1782247.6201116443,16782247.620111644,1537740.5211792141,352.37711070946546,352.37711070946546,352.37711070946546,196.58202237711006,155.7950883323554,261162404.6788505,261162404.67885038,0.0,0.9999999999999996,0.00922059046064367,0.0033320691948672833,0.633960847819863,0.0,4.564565474014992e-16,1944,0,0.0,1.0612831000000824,0.0,1.1036411033102808e-14,0,0.05,24000000.0,False,7217752.379888356,0.61896;0.61968;0.62069;0.62209;0.62405;0.62676;0.62836;0.62987;0.63088;0.62714;0.61892;0.61322;0.60491;0.57517;0.52128;0.44246;0.26537;0.08269;0.00002;0.00000;0.00000;0.00000;0.00000;0.00000
ok,R0210_S+00,210,0,20471909,777.9373451076278,0.1167270458886483,0.19202573855437421,27.70482484673033,2929.3937025925834,1.681410396620425,3.816033432121441,0.3021050235448907,0.2870952047642026,0.0610816344549747,696.3933341926958,4,7.047937947944299e-13,7.084236595133828e-13,7.011690901020552e-13,0.11059552872908729,0.1168110726008554,1.9626753404097996e-11,2.7487448414978144,2.967553434748859,0.2295327743847049,0.6829537250528268,1.594650476685412,2.96462302928246,215844516.93322697,229.15984445580276,146.0654375763864,145299.79861680046,15145299.7986168,127459.7984411288,256.8105469973259,256.8105469973259,256.8105469973259,225.7601235474902,31.050423449835705,215844516.93322644,215844516.93322536,0.0,0.999999999999995,0.006616305309946637,0.0021610569086595497,0.5956612129944691,0.0,4.9706317362184286e-15,351,0,0.0,0.1957810439998866,0.0,8.947239785601452e-13,0,0.05,24000000.0,False,8854700.2013832,0.57505;0.57551;0.57614;0.57703;0.57826;0.57997;0.58093;0.58180;0.58713;0.59185;0.56852;0.53839;0.50386;0.46494;0.42118;0.36910;0.26595;0.00476;0.00000;0.00000;0.00000;0.00000;0.00000;0.00000
ok,R0210_S+01,210,1,20471909,777.9373451076278,0.1167270458886483,0.19202573855437421,27.70482484673033,2929.3937025925834,1.681410396620425,3.816033432121441,0.3021050235448907,0.2870952047642026,0.0610816344549747,696.3933341926958,4,7.047937947944299e-13,7.084236595133828e-13,7.011690901020552e-13,0.11059552872908729,0.1168110726008554,1.9626753404097996e-11,2.7487448414978144,2.967553434748859,0.5066157564148911,1.1759851197610884,1.6838267468339423,2.030140637633453,212878428.1775992,227.1127969850778,145.03441310586234,97811.52674904093,15097811.526749041,86086.48216887191,255.3665163000682,255.3665163000682,255.3665163000682,224.72000180594713,30.646514494121078,212878428.17759913,212878428.17760026,0.0,1.0000000000000053,0.006616305309946637,0.0021313601311452805,0.6006769781853489,0.0,5.3198826223369865e-15,307,0,0.0,0.1667846620000546,0.0,3.9777250432897063e-13,0,0.05,24000000.0,False,8902188.473250959,0.58709;0.58749;0.58806;0.58885;0.58995;0.59148;0.59231;0.59372;0.59954;0.59190;0.56770;0.53761;0.50307;0.46410;0.42026;0.36794;0.26158;0.00366;0.00000;0.00000;0.00000;0.00000;0.00000;0.00000
ok,R0210_S+02,210,2,20471909,777.9373451076278,0.1167270458886483,0.19202573855437421,27.70482484673033,2929.3937025925834,1.681410396620425,3.816033432121441,0.3021050235448907,0.2870952047642026,0.0610816344549747,696.3933341926958,4,7.047937947944299e-13,7.084236595133828e-13,7.011690901020552e-13,0.11059552872908729,0.1168110726008554,1.9626753404097996e-11,2.7487448414978144,2.967553434748859,8.435742101373993,5.243744307029049,3.102568136967312,2.0122135911887824,741377495.1828482,421.4042376384147,271.4193065220036,589109.2382764388,15589109.238276439,428548.8981024511,481.83910023191834,481.83910023191834,481.83910023191834,423.96068912212013,57.87841110979821,741377495.1828485,741377495.1828487,0.0,1.0000000000000002,0.022952494599625364,0.007422745690525272,0.5948382818781833,0.0,3.215886382452984e-16,1025,0,0.0,0.5499983529999781,0.0,9.65076554016961e-14,0,0.05,24000000.0,False,8410890.761723561,0.58884;0.58926;0.58985;0.59067;0.59181;0.59339;0.59426;0.59397;0.58736;0.58195;0.57259;0.56352;0.55140;0.53118;0.49841;0.45900;0.41417;0.35938;0.23351;0.00120;0.00000;0.00000;0.00000;0.00000
ok,R0210_S+03,210,3,20471909,777.9373451076278,0.1167270458886483,0.19202573855437421,27.70482484673033,2929.3937025925834,1.681410396620425,3.816033432121441,0.3021050235448907,0.2870952047642026,0.0610816344549747,696.3933341926958,4,7.047937947944299e-13,7.084236595133828e-13,7.011690901020552e-13,0.11059552872908729,0.1168110726008554,1.9626753404097996e-11,2.7487448414978144,2.967553434748859,6.349587776022759,11.359021074343811,12.615924908176904,10.12029927752203,1595427328.773676,624.1587167306286,398.28182304583754,628157.7140576914,15628157.714057691,536357.0446007997,716.2069436412595,716.2069436412595,716.2069436412595,609.8819513011653,106.32499234009424,1595427328.7736742,1595427328.773674,0.0,0.9999999999999999,0.04919501642160495,0.015973578111216188,0.548480434705864,0.0,1.4943869570344079e-16,2881,0,0.0,1.5598659419999876,0.0,3.3104617808819036e-14,0,0.05,24000000.0,False,8371842.285942309,0.53136;0.53206;0.53303;0.53439;0.53628;0.53890;0.54049;0.54207;0.54367;0.54531;0.54693;0.54789;0.54435;0.54452;0.53634;0.50502;0.46596;0.42186;0.36939;0.27257;0.00649;0.00000;0.00000;0.00000
ok,R0213_S+00,213,0,20474909,225.70792302065655,0.5945995735351115,0.10584240469495446,73.01905897405767,2826.752828789849,1.6576606831855234,2.1780369184230137,0.2051490945694917,0.2527330134691556,0.0527791216688059,748.0428882545482,4,1.9550623511852053e-13,2.0607644951796101e-13,1.8608967569300487e-13,0.3095781794550878,0.38514654196057857,1.504750842051641e-11,3.890126477995957,2.332161901330857,0.3467896791803178,0.9788954279743683,1.279488845364242,1.248569931349939,152018634.9869752,149.25943819515805,85.14136063543116,74609.98369223997,15074609.98369224,65960.02540960908,177.7681596093948,177.7681596093948,177.7681596093948,114.97637467505783,62.79178493433696,152018634.9869753,152018634.98697665,0.0,1.0000000000000089,0.0024531817756518483,0.0010474875210132665,0.7174967746101294,0.0,8.821974408342717e-15,299,0,0.0,0.2011135860000195,0.0,4.784937142211432e-13,0,0.05,24000000.0,False,8925390.01630776,0.71399;0.71418;0.71445;0.71483;0.71535;0.71608;0.71641;0.71655;0.71454;0.70269;0.67802;0.64095;0.58995;0.52017;0.38151;0.10538;0.00060;0.00000;0.00000;0.00000;0.00000;0.00000;0.00000;0.00000
ok,R0213_S+01,213,1,20474909,225.70792302065655,0.5945995735351115,0.10584240469495446,73.01905897405767,2826.752828789849,1.6576606831855234,2.1780369184230137,0.2051490945694917,0.2527330134691556,0.0527791216688059,748.0428882545482,4,1.9550623511852053e-13,2.0607644951796101e-13,1.8608967569300487e-13,0.3095781794550878,0.38514654196057857,1.504750842051641e-11,3.890126477995957,2.332161901330857,2.2020995656799043,3.410505449068543,3.5610440731272743,2.653715437856097,466554048.4465431,261.86458906835486,149.4140608321511,200038.58539162762,15200038.585391628,174761.696749717,308.9821889079375,308.9821889079375,308.9821889079375,200.06609843297392,108.91609047496357,466554048.44654304,466554048.44654256,0.0,0.999999999999999,0.007525151818759201,0.0032148002359568602,0.7070140167527142,0.0,1.0220405541240528e-15,648,0,0.0,0.3643029690000503,0.0,8.544522646928597e-14,0,0.05,24000000.0,False,8799961.414608372,0.70186;0.70215;0.70255;0.70310;0.70387;0.70494;0.70556;0.70610;0.70559;0.70315;0.70183;0.69331;0.66769;0.62662;0.57031;0.49024;0.29871;0.06034;0.00000;0.00000;0.00000;0.00000;0.00000;0.00000
ok,R0213_S+02,213,2,20474909,225.70792302065655,0.5945995735351115,0.10584240469495446,73.01905897405767,2826.752828789849,1.6576606831855234,2.1780369184230137,0.2051490945694917,0.2527330134691556,0.0527791216688059,748.0428882545482,4,1.9550623511852053e-13,2.0607644951796101e-13,1.8608967569300487e-13,0.3095781794550878,0.38514654196057857,1.504750842051641e-11,3.890126477995957,2.332161901330857,1.6575982882881188,2.781034279495121,5.587213173187803,10.076134969366166,792962833.0806719,342.1263295046978,195.10515022376902,566932.5915843006,15566932.5915843,489833.4704352226,410.7823442288489,410.7823442288489,410.7823442288489,265.2267275434966,145.55561668535228,792962833.0806724,792962833.0806725,0.0,1.0000000000000002,0.013681112529479225,0.0054639266584026935,0.6934572015925005,0.0,1.5033401891946358e-16,1447,0,0.0,0.8619327659999954,0.0,1.3601984571301018e-13,0,0.05,24000000.0,False,8433067.4084157,0.66679;0.66732;0.66807;0.66910;0.67054;0.67255;0.67374;0.67491;0.67608;0.67722;0.67843;0.68413;0.68584;0.66114;0.61706;0.55701;0.46817;0.24193;0.03119;0.00000;0.00000;0.00000;0.00000;0.00000
ok,R0213_S+03,213,3,20474909,225.70792302065655,0.5945995735351115,0.10584240469495446,73.01905897405767,2826.752828789849,1.6576606831855234,2.1780369184230137,0.2051490945694917,0.2527330134691556,0.0527791216688059,748.0428882545482,4,1.9550623511852053e-13,2.0607644951796101e-13,1.8608967569300487e-13,0.3095781794550878,0.38514654196057857,1.504750842051641e-11,3.890126477995957,2.332161901330857,24.080211705709885,17.26988630849555,10.59404630197929,4.052691686161105,2208907189.784536,570.9225235996778,326.6773053262745,1681017.3464023191,16681017.34640232,1329462.533266114,680.0596205261139,680.0596205261139,680.0596205261139,435.7340524369946,244.32556808911932,2208907189.7845354,2208907189.7845345,0.0,0.9999999999999996,0.04005124507429473,0.015220520277491016,0.7013733135313752,0.0,4.3174032879999577e-16,6372,0,0.0,3.806839967999963,0.0,5.1551233902033646e-14,0,0.05,24000000.0,False,7318982.653597681,0.69414;0.69450;0.69501;0.69571;0.69668;0.69804;0.69884;0.69962;0.70026;0.69765;0.68759;0.68017;0.67532;0.66754;0.65777;0.63574;0.59107;0.52274;0.39617;0.10852;0.00001;0.00000;0.00000;0.00000
ok,R0217_S+00,217,0,20478909,66.8990392787296,0.4049351735772135,0.10599064199806621,40.0477250051851,3990.208706084561,2.7434226100240604,3.5150274269835347,0.4790122467873757,0.2501119505876992,0.0741559595381292,675.421628835303,4,9.860848306025997e-14,1.2111320919422157e-13,8.50509397653115e-14,0.5012278700479802,0.8213244380094527,4.850308496305641e-12,2.82908358435244,3.8757147754881043,1.2835723105410308,0.8786940610620112,0.5049676541692809,0.1623930898628399,111620300.83046027,234.756270939344,114.89746554016742,430232.37764762715,15430232.377647627,322734.58103371784,269.5446092397382,269.5446092397382,269.5446092397382,122.39266330072786,147.15194593901032,111620300.83046024,111620300.8304606,0.0,1.000000000000003,0.002062617992569755,0.0007783622345713591,0.6478017290911421,0.0,3.203967969908482e-15,467,0,0.0,0.2570523789999015,0.0,3.7799952478136015e-13,0,0.05,24000000.0,False,8569767.622352373,0.63718;0.63697;0.63669;0.63629;0.63574;0.63497;0.62662;0.61936;0.61154;0.59963;0.57972;0.55220;0.51821;0.47806;0.41338;0.16278;0.09905;0.00474;0.00000;0.00000;0.00000;0.00000;0.00000;0.00000
ok,R0217_S+01,217,1,20478909,66.8990392787296,0.4049351735772135,0.10599064199806621,40.0477250051851,3990.208706084561,2.7434226100240604,3.5150274269835347,0.4790122467873757,0.2501119505876992,0.0741559595381292,675.421628835303,4,9.860848306025997e-14,1.2111320919422157e-13,8.50509397653115e-14,0.5012278700479802,0.8213244380094527,4.850308496305641e-12,2.82908358435244,3.8757147754881043,1.1324866237050155,5.928901974763105,9.841460932723908,12.870163497587429,1174456044.9462633,765.6843141452513,375.12500606085996,3487220.00300112,18487220.00300112,2901759.452016622,854.4284083656864,854.4284083656864,854.4284083656864,400.3863723785476,454.04203598713883,1174456044.9462562,1174456044.9462574,0.0,1.000000000000001,0.02039453216602451,0.008189838450074685,0.5449006618697286,0.0,1.0150170375787571e-15,17115,0,0.0,9.384268841999983,0.0,4.991941143524245e-14,0,0.05,24000000.0,False,5512779.99699888,0.48828;0.48933;0.49078;0.49281;0.49564;0.49957;0.50221;0.50460;0.50706;0.50960;0.51224;0.51499;0.51782;0.52165;0.53217;0.52486;0.50028;0.45870;0.33320;0.11096;0.07454;0.00000;0.00000;0.00000
ok,R0217_S+02,217,2,20478909,66.8990392787296,0.4049351735772135,0.10599064199806621,40.0477250051851,3990.208706084561,2.7434226100240604,3.5150274269835347,0.4790122467873757,0.2501119505876992,0.0741559595381292,675.421628835303,4,9.860848306025997e-14,1.2111320919422157e-13,8.50509397653115e-14,0.5012278700479802,0.8213244380094527,4.850308496305641e-12,2.82908358435244,3.8757147754881043,0.1797437157122303,3.194141663087633,5.3100009979107,6.111466300224646,583632277.0470632,539.9931077462447,263.0972214905169,1490018.4332639333,16490018.433263933,1268751.2731384784,605.2597873155602,605.2597873155602,605.2597873155602,277.05461641820915,328.205170897351,583632277.0470622,583632277.0470624,0.0,1.0000000000000004,0.010070134804675628,0.004069845000868803,0.5640404033023221,0.0,4.085082139525625e-16,4964,0,0.0,2.7702742989999933,0.0,2.8681653234738524e-13,0,0.05,24000000.0,False,7509981.566736067,0.52922;0.53004;0.53118;0.53277;0.53498;0.53805;0.53995;0.54178;0.54367;0.54562;0.54757;0.54973;0.55482;0.55251;0.53160;0.49968;0.45464;0.31578;0.10855;0.06833;0.00000;0.00000;0.00000;0.00000
ok,R0217_S+03,217,3,20478909,66.8990392787296,0.4049351735772135,0.10599064199806621,40.0477250051851,3990.208706084561,2.7434226100240604,3.5150274269835347,0.4790122467873757,0.2501119505876992,0.0741559595381292,675.421628835303,4,9.860848306025997e-14,1.2111320919422157e-13,8.50509397653115e-14,0.5012278700479802,0.8213244380094527,4.850308496305641e-12,2.82908358435244,3.8757147754881043,4.770177909865477,4.161679942642146,2.837683424190977,0.79818835451197,495759230.7623634,496.820812556611,242.83029489676724,1514423.2848028392,16514423.28480284,1107332.4196844622,555.8597415388733,555.8597415388733,555.8597415388733,261.4073407491765,294.4524007896968,495759230.7623634,495759230.76236355,0.0,1.0000000000000004,0.009384158022880298,0.0034570795795621687,0.6207426760845008,0.0,3.6068704974226557e-16,3410,0,0.0,2.0471362839999756,0.0,6.935881192073435e-14,0,0.05,24000000.0,False,7485576.715197161,0.61360;0.61397;0.61448;0.61519;0.61618;0.61756;0.61559;0.60644;0.59251;0.58360;0.57708;0.57000;0.56435;0.54962;0.52398;0.48877;0.43902;0.25942;0.10388;0.03067;0.00000;0.00000;0.00000;0.00000
