status,scenario_id,realisation_id,schedule_id,seed,k_median_mD,V_DP,phi_mean,h_total_m,r_e_m,n_g,n_a,krg0,S_ar,mu_g_cP,rho_g,n_layers,k_geom_mean_m2,k_arith_mean_m2,k_harm_mean_m2,V_DP_layers,CV_k_layers,kh_total,q_ref_kg_s,endpoint_mobility_ratio,q1_kg_s,q2_kg_s,q3_kg_s,q4_kg_s,planned_mass_kg,r_plume_m95_m,r_plume_m50_m,dp_bh_max_Pa,p_bh_max_Pa,dp_cell_max_Pa,r_plume_max_m,r_plume_end_m,r_plume_layer_max_m,r_plume_layer_min_m,r_plume_spread_m,mass_injected_kg,mass_retained_kg,mass_lost_kg,retention_fraction,sweep_efficiency,storage_efficiency,sg_max,sg_min,mass_balance_error,n_steps,n_clipped,max_clip,wall_time_s,max_bhp_spread_Pa,max_rate_rel_err,n_steps_layer_closed,sg_threshold,p_limit_Pa,p_limit_exceeded,p_margin_Pa,final_Sg_profile
ok,R0000_S+00,0,0,20261909,996.5680183028808,0.4219622522210604,0.11861496483347438,35.97528765733168,3331.477586632316,1.7053489669965316,2.4957389260913536,0.2229166545623809,0.2635047344200388,0.041985060466718,674.4589307372736,4,1.325792528420181e-12,1.3342891785659266e-12,1.3172545874409782e-12,0.12277847233066264,0.12956264077574423,4.800143701697401e-11,2.797811851093158,3.185656784833109,7.800269251104289,7.993542293288172,7.762123356259539,0.0,929210964.0260195,482.0071522500414,313.19436361234614,10006534.208464976,25006534.208464976,9980100.621738039,523.5749350883146,523.5749350883146,523.5749350883146,522.8377216456912,0.7372134426234425,929210964.0260257,929210964.0260224,0.0,0.9999999999999966,0.023594028186836848,0.008392429873184585,0.5149570920104988,0.0,3.4638536806814352e-15,11745,0,0.0,6.134931920999975,0.0,1.451949557854554e-13,0,0.05,24000000.0,True,-1006534.2084649764,0.44116;0.44119;0.44122;0.44126;0.44133;0.44141;0.44148;0.44157;0.44169;0.44189;0.44224;0.44287;0.44408;0.44651;0.45187;0.46930;0.51442;0.46123;0.35964;0.02574;0.00000;0.00000;0.00000;0.00000
ok,R0000_S+01,0,1,20261909,996.5680183028808,0.4219622522210604,0.11861496483347438,35.97528765733168,3331.477586632316,1.7053489669965316,2.4957389260913536,0.2229166545623809,0.2635047344200388,0.041985060466718,674.4589307372736,4,1.325792528420181e-12,1.3342891785659266e-12,1.3172545874409782e-12,0.12277847233066264,0.12956264077574423,4.800143701697401e-11,2.797811851093158,3.185656784833109,0.2732382824332719,0.3084645357300301,0.5681958577047673,0.0,45360053.06696773,107.55684217589165,69.13368723562381,510898.2522973772,15510898.252297377,509791.9875437692,117.0767760951702,117.0767760951702,117.0767760951702,116.21708304961622,0.859693045553982,45360053.06696772,45360053.06696647,0.0,0.9999999999999724,0.0013442303404840583,0.000449657674799383,0.6514114295876143,0.0,2.7594710668332955e-14,273,0,0.0,0.14568447400006335,0.0,2.416720760270217e-12,0,0.05,24000000.0,False,8489101.747702623,0.62220;0.62225;0.62232;0.62242;0.62255;0.62273;0.62495;0.63067;0.64994;0.63756;0.60053;0.55261;0.49401;0.41864;0.24457;0.00000;0.00000;0.00000;0.00000;0.00000;0.00000;0.00000;0.00000;0.00000
ok,R0000_S+02,0,2,20261909,996.5680183028808,0.4219622522210604,0.11861496483347438,35.97528765733168,3331.477586632316,1.7053489669965316,2.4957389260913536,0.2229166545623809,0.2635047344200388,0.041985060466718,674.4589307372736,4,1.325792528420181e-12,1.3342891785659266e-12,1.3172545874409782e-12,0.12277847233066264,0.12956264077574423,4.800143701697401e-11,2.797811851093158,3.185656784833109,0.7911971834270877,0.5900652600104034,0.3421189925388919,0.0,67982227.50496039,132.34771460956043,84.64612607330096,756002.796235498,15756002.796235498,755301.555036623,142.78769801628857,142.78769801628857,142.78769801628857,142.68171501280221,0.10598300348635803,67982227.5049604,67982227.50496317,0.0,1.0000000000000409,0.001675680998160415,0.000672172017274139,0.6398695060616645,0.0,4.076971414114711e-14,326,0,0.0,0.19568315799995162,0.0,1.2882192656607501e-12,0,0.05,24000000.0,False,8243997.203764502,0.60440;0.60442;0.60446;0.60451;0.60458;0.60468;0.60583;0.60832;0.61453;0.63746;0.62418;0.58304;0.53096;0.46710;0.37574;0.05638;0.00000;0.00000;0.00000;0.00000;0.00000;0.00000;0.00000;0.00000
ok,R0000_S+03,0,3,20261909,996.5680183028808,0.4219622522210604,0.11861496483347438,35.97528765733168,3331.477586632316,1.7053489669965316,2.4957389260913536,0.2229166545623809,0.2635047344200388,0.041985060466718,674.4589307372736,4,1.325792528420181e-12,1.3342891785659266e-12,1.3172545874409782e-12,0.12277847233066264,0.12956264077574423,4.800143701697401e-11,2.797811851093158,3.185656784833109,0.5982057366696751,0.9035730500047372,1.4735060882609343,0.0,117366062.46157461,174.19726868571857,111.29510101100648,1317353.2745236028,16317353.274523603,1314071.6367091984,191.52910663091558,191.52910663091558,191.52910663091558,191.0745850250799,0.45452160583568,117366062.46157455,117366062.46157636,0.0,1.0000000000000153,0.0032459674785138186,0.001153966815163767,0.6213278235876121,0.0,1.5362537232991682e-14,555,0,0.0,0.2878676349999978,0.0,1.0262092142128514e-12,0,0.05,24000000.0,False,7682646.725476397,0.57646;0.57649;0.57652;0.57657;0.57663;0.57672;0.57724;0.57826;0.58037;0.58519;0.60447;0.61531;0.57452;0.52044;0.45336;0.34932;0.01611;0.00000;0.00000;0.00000;0.00000;0.00000;0.00000;0.00000
ok,R0005_S+00,5,0,20266909,134.11204468250142,0.2944598389837051,0.10012545472580202,55.675951880028805,3920.709078583676,2.582539068367288,3.632732783908552,0.2520545327126184,0.1948700943167783,0.0619783276193031,682.3460699232359,4,1.419316641300524e-13,1.4488112088875953e-13,1.3925776958172746e-13,0.2056333813117306,0.24218535354839968,8.066394314927211e-12,4.357027263076754,2.440090357979742,8.195902233696023,7.218004110518992,9.78176307101935,0.0,993893571.4227499,405.1991112405712,275.39968500210506,8257004.935515687,23257004.935515687,7875401.105882309,468.6594100902436,468.6594100902436,468.6594100902436,427.07803218693726,41.58137790330636,993893571.4227529,993893571.4227495,0.0,0.9999999999999967,0.012303567347545546,0.005096233840667736,0.5451899107681826,0.0,3.3583677401633133e-15,11004,0,0.0,6.14017556500005,0.0,1.2131582814039343e-14,0,0.05,24000000.0,False,742995.0644843131,0.48269;0.48305;0.48354;0.48423;0.48518;0.48651;0.48740;0.48819;0.48903;0.48993;0.49096;0.49224;0.49406;0.49704;0.50320;0.52878;0.53376;0.48408;0.32414;0.00004;0.00000;0.00000;0.00000;0.00000
ok,R0005_S+01,5,1,20266909,134.11204468250142,0.2944598389837051,0.10012545472580202,55.675951880028805,3920.709078583676,2.582539068367288,3.632732783908552,0.2520545327126184,0.1948700943167783,0.0619783276193031,682.3460699232359,4,1.419316641300524e-13,1.4488112088875953e-13,1.3925776958172746e-13,0.2056333813117306,0.24218535354839968,8.066394314927211e-12,4.357027263076754,2.440090357979742,6.177711169966697,6.924430667379376,6.5958268801454745,0.0,777025771.9988891,359.759864052026,243.35448193661452,6129844.139340002,21129844.139340002,5897840.314097568,414.9812017295028,414.9812017295028,414.9812017295028,380.72779980293143,34.25340192657137,777025771.998888,777025771.9988896,0.0,1.000000000000002,0.009815579978595411,0.00403464531763219,0.5548778309450941,0.0,1.994426465641572e-15,6972,0,0.0,3.6807242569999516,0.0,1.571162854994787e-14,0,0.05,24000000.0,False,2870155.860659998,0.49944;0.49973;0.50013;0.50069;0.50147;0.50255;0.50324;0.50390;0.50461;0.50543;0.50644;0.50787;0.51016;0.51458;0.52820;0.55354;0.51849;0.45669;0.07667;0.00000;0.00000;0.00000;0.00000;0.00000
ok,R0005_S+02,5,2,20266909,134.11204468250142,0.2944598389837051,0.10012545472580202,55.675951880028805,3920.709078583676,2.582539068367288,3.632732783908552,0.2520545327126184,0.1948700943167783,0.0619783276193031,682.3460699232359,4,1.419316641300524e-13,1.4488112088875953e-13,1.3925776958172746e-13,0.2056333813117306,0.24218535354839968,8.066394314927211e-12,4.357027263076754,2.440090357979742,1.4255497079889572,0.9829783932974973,1.0155586661509108,0.0,135069950.71510175,151.98341865928478,101.18027763894175,989402.3217861261,15989402.321786126,966886.3227913398,171.02358486395326,171.02358486395326,171.02358486395326,163.63365498941286,7.3899298745404,135069950.71510172,135069950.71510166,0.0,0.9999999999999996,0.001789689289159938,0.0007290815139135772,0.6274159458841896,0.0,4.4128723272515734e-16,520,0,0.0,0.2649205139999822,0.0,5.5241702644585253e-14,0,0.05,24000000.0,False,8010597.678213874,0.59317;0.59332;0.59352;0.59381;0.59420;0.59476;0.59558;0.59697;0.59970;0.60680;0.62535;0.61098;0.57582;0.53488;0.48405;0.33229;0.00000;0.00000;0.00000;0.00000;0.00000;0.00000;0.00000;0.00000
ok,R0005_S+03,5,3,20266909,134.11204468250142,0.2944598389837051,0.10012545472580202,55.675951880028805,3920.709078583676,2.582539068367288,3.632732783908552,0.2520545327126184,0.1948700943167783,0.0619783276193031,682.3460699232359,4,1.419316641300524e-13,1.4488112088875953e-13,1.3925776958172746e-13,0.2056333813117306,0.24218535354839968,8.066394314927211e-12,4.357027263076754,2.440090357979742,1.5283316296013625,7.353151687377438,10.3481601890635,0.0,758551747.3828506,358.07790778371384,240.71058181019453,6913839.797962438,21913839.79796244,6526603.475189015,416.1433534421851,416.1433534421851,416.1433534421851,376.99177841873666,39.15157502344846,758551747.3828473,758551747.3828456,0.0,0.9999999999999978,0.009262924331784429,0.0039424400774675525,0.556853793915259,0.0,2.2001531991312053e-15,7460,0,0.0,4.147341120000078,0.0,4.007999911884861e-14,0,0.05,24000000.0,False,2086160.2020375617,0.49366;0.49408;0.49468;0.49550;0.49665;0.49824;0.49929;0.50026;0.50128;0.50240;0.50371;0.50542;0.50796;0.51252;0.52697;0.55325;0.51694;0.45311;0.06667;0.00000;0.00000;0.00000;0.00000;0.00000
ok,R0006_S+00,6,0,20267909,41.59852950009306,0.3428363746140824,0.2613257004612347,23.26092881705105,1814.1408440546224,1.8895993744726307,2.658137421503325,0.5753741174726967,0.3315819729599406,0.0764005980951856,654.9226945623739,4,2.835716262313917e-14,3.1818317635001415e-14,2.529327263818732e-14,0.42792797997504184,0.554757394414052,7.401236215860879e-13,0.8780212576708023,4.518609527814317,1.0270626876815812,1.6415305960527986,3.260911355167503,0.0,233901169.49076253,233.5391169594711,146.32857988693465,10546779.819471866,25546779.819471866,10024529.024227068,271.8633716514568,271.8633716514568,271.8633716514568,201.4495109656141,70.4138606858427,233901169.4907617,233901169.49076125,0.0,0.9999999999999981,0.017997194303973257,0.005323505119990342,0.45473879321006655,0.0,1.911212486832333e-15,3765,0,0.0,2.153275823000058,0.0,2.0325942450318085e-14,0,0.05,24000000.0,True,-1546779.819471866,0.37783;0.37839;0.37917;0.38025;0.38174;0.38381;0.38568;0.38709;0.38865;0.39049;0.39290;0.39655;0.40412;0.42854;0.43572;0.38310;0.27296;0.03054;0.00000;0.00000;0.00000;0.00000;0.00000;0.00000
ok,R0006_S+01,6,1,20267909,41.59852950009306,0.3428363746140824,0.2613257004612347,23.26092881705105,1814.1408440546224,1.8895993744726307,2.658137421503325,0.5753741174726967,0.3315819729599406,0.0764005980951856,654.9226945623739,4,2.835716262313917e-14,3.1818317635001415e-14,2.529327263818732e-14,0.42792797997504184,0.554757394414052,7.401236215860879e-13,0.8780212576708023,4.518609527814317,1.2148367497984518,1.0622968411840656,0.8520132771770056,0.0,123435456.5082887,164.88677165188133,105.64715421193706,4387796.873140484,19387796.873140484,4298223.316387098,188.12873136219025,188.12873136219025,188.12873136219025,153.1705045578005,34.95822680438974,123435456.5082887,123435456.50828874,0.0,1.0000000000000004,0.00930174746699589,0.002896817991028717,0.47784512961087144,0.0,3.621607992233668e-16,1217,0,0.0,0.7233326699999907,0.0,1.9668260581961377e-14,0,0.05,24000000.0,False,4612203.126859516,0.43292;0.43319;0.43357;0.43409;0.43481;0.43581;0.43666;0.43768;0.43917;0.44165;0.44639;0.45747;0.47371;0.44175;0.38636;0.29398;0.02923;0.00000;0.00000;0.00000;0.00000;0.00000;0.00000;0.00000
ok,R0006_S+02,6,2,20267909,41.59852950009306,0.3428363746140824,0.2613257004612347,23.26092881705105,1814.1408440546224,1.8895993744726307,2.658137421503325,0.5753741174726967,0.3315819729599406,0.0764005980951856,654.9226945623739,4,2.835716262313917e-14,3.1818317635001415e-14,2.529327263818732e-14,0.42792797997504184,0.554757394414052,7.401236215860879e-13,0.8780212576708023,4.518609527814317,0.5843736970644573,0.6395392556623031,0.592279889317844,0.0,71643359.04013352,127.5923898614275,80.30555485689729,2646497.528188482,17646497.528188482,2589648.962086506,145.67208196198615,145.67208196198615,145.67208196198615,115.023791638595,30.64829032339115,71643359.0401335,71643359.0401335,0.0,1.0,0.005427343028261139,0.0017054465254343657,0.504621622395496,0.0,0.0,574,0,0.0,0.37552756400009457,0.0,3.452755409488116e-14,0,0.05,24000000.0,False,6353502.471811518,0.46336;0.46362;0.46397;0.46446;0.46515;0.46609;0.46718;0.46880;0.47165;0.47769;0.49462;0.49284;0.45051;0.39666;0.31855;0.07349;0.00000;0.00000;0.00000;0.00000;0.00000;0.00000;0.00000;0.00000
ok,R0006_S+03,6,3,20267909,41.59852950009306,0.3428363746140824,0.2613257004612347,23.26092881705105,1814.1408440546224,1.8895993744726307,2.658137421503325,0.5753741174726967,0.3315819729599406,0.0764005980951856,654.9226945623739,4,2.835716262313917e-14,3.1818317635001415e-14,2.529327263818732e-14,0.42792797997504184,0.554757394414052,7.401236215860879e-13,0.8780212576708023,4.518609527814317,1.1797034877536694,1.002318218256928,0.6853377602388412,0.0,113108728.8651416,158.91696639324977,101.12926448722882,3907300.952305544,18907300.952305544,3840709.861775052,181.70399644997758,181.70399644997758,181.70399644997758,148.95012550233952,32.75387094763806,113108728.86514181,113108728.86514165,0.0,0.9999999999999986,0.008387439795616089,0.0026621118099935466,0.4806667888264598,0.0,1.449161128207492e-15,1078,0,0.0,0.5822626599999694,0.0,2.8803180642779866e-14,0,0.05,24000000.0,False,5092699.047694456,0.43982;0.44005;0.44038;0.44084;0.44147;0.44235;0.44316;0.44419;0.44578;0.44854;0.45352;0.46563;0.47452;0.43531;0.37793;0.27089;0.01061;0.00000;0.00000;0.00000;0.00000;0.00000;0.00000;0.00000
ok,R0013_S+00,13,0,20274909,114.01031082239275,0.5346457564432717,0.2098954940443826,27.56277957191698,1644.8510396901715,2.875798544939535,3.3815580301533408,0.6148997571266472,0.1508629468274973,0.0495269343798859,644.8851759903554,4,9.025202157982767e-14,1.0703673257174958e-13,7.700435490057724e-14,0.4924116802371574,0.6602514078497341,2.9502298659733592e-12,0.8371254655030341,7.449277022601742,0.5678372470629813,0.835392918893223,1.008821771690016,0.0,95148212.78433044,131.38280338393213,87.58024429576813,3697364.409943998,18697364.409943998,3665101.7381343096,145.9042503061982,145.9042503061982,145.9042503061982,134.28135497714314,11.62289532905507,95148212.78433028,95148212.78433049,0.0,1.0000000000000022,0.007043237115752192,0.002900348491962215,0.5702733326841439,0.0,2.1925399396279956e-15,814,0,0.0,0.3801801129999376,0.0,7.197809174338412e-14,0,0.05,24000000.0,False,5302635.590056002,0.51024;0.51037;0.51054;0.51078;0.51112;0.51158;0.51218;0.51310;0.51470;0.51783;0.52551;0.56384;0.54896;0.50399;0.45013;0.28031;0.00000;0.00000;0.00000;0.00000;0.00000;0.00000;0.00000;0.00000
ok,R0013_S+01,13,1,20274909,114.01031082239275,0.5346457564432717,0.2098954940443826,27.56277957191698,1644.8510396901715,2.875798544939535,3.3815580301533408,0.6148997571266472,0.1508629468274973,0.0495269343798859,644.8851759903554,4,9.025202157982767e-14,1.0703673257174958e-13,7.700435490057724e-14,0.4924116802371574,0.6602514078497341,2.9502298659733592e-12,0.8371254655030341,7.449277022601742,1.2755351361386462,0.9878199413778934,0.6055091912763712,0.0,113168088.81107396,141.09470011201512,95.56177449609245,4153895.772111263,19153895.772111263,4134047.1196597144,158.65033599605295,158.65033599605295,158.65033599605295,150.15528075436345,8.4950552416895,113168088.81107405,113168088.81107418,0.0,1.000000000000001,0.008956604727329776,0.003428614227148603,0.5610441621084791,0.0,1.1850553645782304e-15,995,0,0.0,0.5229788780000035,0.0,1.0207612903238129e-13,0,0.05,24000000.0,False,4846104.227888737,0.50244;0.50251;0.50261;0.50275;0.50294;0.50320;0.50360;0.50425;0.50540;0.50762;0.51227;0.52841;0.55522;0.51685;0.46648;0.37436;0.00018;0.00000;0.00000;0.00000;0.00000;0.00000;0.00000;0.00000
ok,R0013_S+02,13,2,20274909,114.01031082239275,0.5346457564432717,0.2098954940443826,27.56277957191698,1644.8510396901715,2.875798544939535,3.3815580301533408,0.6148997571266472,0.1508629468274973,0.0495269343798859,644.8851759903554,4,9.025202157982767e-14,1.0703673257174958e-13,7.700435490057724e-14,0.4924116802371574,0.6602514078497341,2.9502298659733592e-12,0.8371254655030341,7.449277022601742,0.7427257285749672,1.0118761653234385,0.934751659928126,0.0,106086929.6377952,137.91104294734313,92.45527497582346,4045992.7030812055,19045992.703081205,4015174.485617783,155.67324428813558,155.67324428813558,155.67324428813558,145.03335186908802,10.639892419047555,106086929.63779525,106086929.63779543,0.0,1.0000000000000018,0.008184746373422298,0.0032217177244446226,0.5646036258761232,0.0,1.6855416113623333e-15,909,0,0.0,0.3905149930000107,0.0,6.495510502998398e-14,0,0.05,24000000.0,False,4954007.2969187945,0.50446;0.50457;0.50473;0.50494;0.50523;0.50563;0.50615;0.50693;0.50826;0.51079;0.51638;0.54214;0.55467;0.51210;0.46055;0.34657;0.00001;0.00000;0.00000;0.00000;0.00000;0.00000;0.00000;0.00000
ok,R0013_S+03,13,3,20274909,114.01031082239275,0.5346457564432717,0.2098954940443826,27.56277957191698,1644.8510396901715,2.875798544939535,3.3815580301533408,0.6148997571266472,0.1508629468274973,0.0495269343798859,644.8851759903554,4,9.025202157982767e-14,1.0703673257174958e-13,7.700435490057724e-14,0.4924116802371574,0.6602514078497341,2.9502298659733592e-12,0.8371254655030341,7.449277022601742,0.3820451580498828,0.3562877877695412,0.2475624851372509,0.0,38890617.064947955,83.79364984096199,55.93563728558605,1446056.9474045895,16446056.94740459,1440370.0728606991,92.36177037640714,92.36177037640714,92.36177037640714,88.96014874991333,3.4016216264938066,38890617.06494797,38890617.06494785,0.0,0.9999999999999969,0.00291199869528113,0.0012092532629485,0.6141136528061789,0.0,3.065245515433704e-15,423,0,0.0,0.22961026600000878,0.0,1.3689247168090518e-13,0,0.05,24000000.0,False,7553943.0525954105,0.56705;0.56714;0.56725;0.56742;0.56765;0.56796;0.56987;0.57433;0.58934;0.60821;0.57478;0.53220;0.48531;0.42328;0.03161;0.00000;0.00000;0.00000;0.00000;0.00000;0.00000;0.00000;0.00000;0.00000
ok,R0017_S+00,17,0,20278909,107.52835736510842,0.1116636730665064,0.225015231452809,35.25548718348679,1368.4483262557876,2.8701935739483098,2.409470769696856,0.5425826057890473,0.2375613807666352,0.0459566618179117,718.121512748269,4,1.1863242951130627e-13,1.1891198762288305e-13,1.1834256842168667e-13,0.0768984905375576,0.07765821883787141,4.192300055601494e-12,0.9000685444032457,7.083838351081991,1.7847346713549108,1.0625862538808857,0.5317369816886558,0.0,133293697.25444886,123.92428485334243,83.28180934100993,4417622.91097939,19417622.91097939,4403949.543012723,132.8977185635436,132.8977185635436,132.8977185635436,132.75269541823695,0.14502314530665217,133293697.254449,133293697.25444908,0.0,1.0000000000000007,0.008600549099323358,0.0038044311695440143,0.5633916131784972,0.0,6.707516484625214e-16,826,0,0.0,0.3617659110000204,0.0,2.0045403020610561e-13,0,0.05,24000000.0,False,4582377.08902061,0.50528;0.50531;0.50534;0.50539;0.50545;0.50554;0.50584;0.50647;0.50764;0.51000;0.51491;0.53357;0.56048;0.51953;0.46607;0.36826;0.00000;0.00000;0.00000;0.00000;0.00000;0.00000;0.00000;0.00000
ok,R0017_S+01,17,1,20278909,107.52835736510842,0.1116636730665064,0.225015231452809,35.25548718348679,1368.4483262557876,2.8701935739483098,2.409470769696856,0.5425826057890473,0.2375613807666352,0.0459566618179117,718.121512748269,4,1.1863242951130627e-13,1.1891198762288305e-13,1.1834256842168667e-13,0.0768984905375576,0.07765821883787141,4.192300055601494e-12,0.9000685444032457,7.083838351081991,0.692726975857118,1.1309945212305903,2.550749968947939,0.0,172559775.92070818,140.1020570015085,94.80510239902975,5996271.090726152,20996271.090726152,5923030.610677227,154.98339694467526,154.98339694467526,154.98339694467526,154.0266846442401,0.9567123004351572,172559775.9207083,172559775.92070842,0.0,1.0000000000000007,0.01258242148461057,0.004864297801817641,0.5522798806827817,0.0,6.908289542839824e-16,1175,0,0.0,0.6368348749999768,0.0,1.4240417596545234e-13,0,0.05,24000000.0,False,3003728.909273848,0.48594;0.48602;0.48613;0.48628;0.48649;0.48678;0.48714;0.48765;0.48849;0.48999;0.49289;0.49944;0.53445;0.53812;0.48945;0.42236;0.07151;0.00000;0.00000;0.00000;0.00000;0.00000;0.00000;0.00000
ok,R0017_S+02,17,2,20278909,107.52835736510842,0.1116636730665064,0.225015231452809,35.25548718348679,1368.4483262557876,2.8701935739483098,2.409470769696856,0.5425826057890473,0.2375613807666352,0.0459566618179117,718.121512748269,4,1.1863242951130627e-13,1.1891198762288305e-13,1.1834256842168667e-13,0.0768984905375576,0.07765821883787141,4.192300055601494e-12,0.9000685444032457,7.083838351081991,2.4275487779503564,2.218944070236536,1.4250468250669095,0.0,239504025.49084276,164.80660258023195,111.64493798295614,7921562.177165598,22921562.177165598,7875952.697031751,176.6916876717961,176.6916876717961,176.6916876717961,176.3800674165866,0.31162025520950465,239504025.49084336,239504025.49084318,0.0,0.9999999999999992,0.015218898817347993,0.006613797036661496,0.5336698214614932,0.0,7.466009557029689e-16,1890,0,0.0,0.9680416800000557,0.0,6.774866792185442e-14,0,0.05,24000000.0,False,1078437.8228344023,0.46708;0.46711;0.46717;0.46724;0.46734;0.46748;0.46767;0.46796;0.46842;0.46926;0.47083;0.47400;0.48145;0.51971;0.51560;0.46124;0.33903;0.00000;0.00000;0.00000;0.00000;0.00000;0.00000;0.00000
ok,R0017_S+03,17,3,20278909,107.52835736510842,0.1116636730665064,0.225015231452809,35.25548718348679,1368.4483262557876,2.8701935739483098,2.409470769696856,0.5425826057890473,0.2375613807666352,0.0459566618179117,718.121512748269,4,1.1863242951130627e-13,1.1891198762288305e-13,1.1834256842168667e-13,0.0768984905375576,0.07765821883787141,4.192300055601494e-12,0.9000685444032457,7.083838351081991,1.5174308955190217,0.9330384425211212,0.4466272514983571,0.0,114281769.16752522,114.46773904330291,77.12077876598804,3794609.9822877795,18794609.98228778,3783737.5980070047,126.27245719004607,126.27245719004607,126.27245719004607,125.9735862642999,0.29887092574617213,114281769.16752519,114281769.16752493,0.0,0.9999999999999978,0.008600549099323358,0.0032818271865195656,0.5722920684423837,0.0,2.2166242449753273e-15,695,0,0.0,0.33559737300004144,0.0,2.627097819800866e-13,0,0.05,24000000.0,False,5205390.017712221,0.51501;0.51504;0.51507;0.51512;0.51518;0.51527;0.51564;0.51645;0.51801;0.52119;0.52848;0.56427;0.55380;0.50744;0.45050;0.29243;0.00000;0.00000;0.00000;0.00000;0.00000;0.00000;0.00000;0.00000
ok,R0025_S+00,25,0,20286909,111.12319168879787,0.6085875112438404,0.1614088745967437,54.42491363985051,3018.412862084284,1.6844511923538008,3.605434580701115,0.6207214079469612,0.3426973003199866,0.0473541730408558,645.79484851058,4,1.9458378925814117e-13,2.908549166873163e-13,1.3405382019051492e-13,0.6566962439812887,0.9622346399863871,1.5829753722433104e-11,3.773011670988953,7.864836842295873,0.4152571177832904,1.7572249395943969,2.9647473538746016,0.0,202648288.58566904,206.93594956626427,128.81524284000665,1625087.2350971345,16625087.235097134,1617673.1052435823,228.72437550201366,228.72437550201366,228.72437550201366,194.77328168390218,33.951093818111474,202648288.58566928,202648288.58566526,0.0,0.9999999999999801,0.004960473451125454,0.001229976501514139,0.4431449666376336,0.0,1.9853676290180054e-14,615,0,0.0,0.29295354700002463,0.0,8.658211933518618e-13,0,0.05,24000000.0,False,7374912.7649028655,0.39544;0.39555;0.39571;0.39593;0.39623;0.39664;0.39730;0.39841;0.40050;0.40520;0.42573;0.43437;0.39745;0.35497;0.30914;0.25436;0.11733;0.00000;0.00000;0.00000;0.00000;0.00000;0.00000;0.00000
ok,R0025_S+01,25,1,20286909,111.12319168879787,0.6085875112438404,0.1614088745967437,54.42491363985051,3018.412862084284,1.6844511923538008,3.605434580701115,0.6207214079469612,0.3426973003199866,0.0473541730408558,645.79484851058,4,1.9458378925814117e-13,2.908549166873163e-13,1.3405382019051492e-13,0.6566962439812887,0.9622346399863871,1.5829753722433104e-11,3.773011670988953,7.864836842295873,23.964602593962187,21.30701750968445,12.604120790600351,0.0,2283024351.055361,656.0843417739922,432.9597873717898,16109936.874417022,31109936.874417022,16048848.734794896,725.5513692879058,725.5513692879058,725.5513692879058,662.6267549835568,62.92461430434901,2283024351.055377,2283024351.0553675,0.0,0.9999999999999958,0.05400513072315436,0.012168654662185615,0.3260087010532485,0.0,4.1772411054897144e-15,32544,0,0.0,16.633326837000027,0.0,3.9107941070600023e-14,0,0.05,24000000.0,True,-7109936.874417022,0.26177;0.26187;0.26202;0.26223;0.26252;0.26293;0.26321;0.26346;0.26371;0.26400;0.26433;0.26475;0.26536;0.26636;0.26814;0.27175;0.28141;0.31989;0.29344;0.22346;0.01891;0.00000;0.00000;0.00000
ok,R0025_S+02,25,2,20286909,111.12319168879787,0.6085875112438404,0.1614088745967437,54.42491363985051,3018.412862084284,1.6844511923538008,3.605434580701115,0.6207214079469612,0.3426973003199866,0.0473541730408558,645.79484851058,4,1.9458378925814117e-13,2.908549166873163e-13,1.3405382019051492e-13,0.6566962439812887,0.9622346399863871,1.5829753722433104e-11,3.773011670988953,7.864836842295873,9.61198186141396,7.5934021628463775,4.313671152522415,0.0,848862169.5585494,411.89759867923044,263.6444387982225,6076514.901090007,21076514.901090007,6061376.807890475,443.7770916275813,443.7770916275813,443.7770916275813,419.4093919366071,24.367699690974177,848862169.5585498,848862169.5585511,0.0,1.0000000000000016,0.020101818839590536,0.004933692254685762,0.3769135071922949,0.0,1.5447763277524025e-15,5475,0,0.0,2.7263757860000624,0.0,1.1894420174895988e-13,0,0.05,24000000.0,False,2923485.0989099927,0.31959;0.31966;0.31975;0.31989;0.32007;0.32033;0.32052;0.32074;0.32103;0.32146;0.32217;0.32347;0.32605;0.33167;0.35749;0.36157;0.31819;0.26541;0.15668;0.00000;0.00000;0.00000;0.00000;0.00000
ok,R0025_S+03,25,3,20286909,111.12319168879787,0.6085875112438404,0.1614088745967437,54.42491363985051,3018.412862084284,1.6844511923538008,3.605434580701115,0.6207214079469612,0.3426973003199866,0.0473541730408558,645.79484851058,4,1.9458378925814117e-13,2.908549166873163e-13,1.3405382019051492e-13,0.6566962439812887,0.9622346399863871,1.5829753722433104e-11,3.773011670988953,7.864836842295873,3.212833983025283,4.005078819678089,6.532720742673729,0.0,542421241.4644905,334.381086757248,210.71865687596684,4216004.378821239,19216004.37882124,4194561.268444527,368.8220167058987,368.8220167058987,368.8220167058987,319.2967313692064,49.52528533669232,542421241.4644893,542421241.46449,0.0,1.0000000000000013,0.013277519882823828,0.0032160301669818614,0.39883156716624,0.0,1.3186351909330843e-15,2440,0,0.0,1.2951043609999715,0.0,1.385981468781725e-13,0,0.05,24000000.0,False,4783995.621178761,0.34160;0.34173;0.34191;0.34215;0.34249;0.34296;0.34332;0.34374;0.34431;0.34519;0.34672;0.34975;0.35808;0.39171;0.37616;0.33250;0.28323;0.20869;0.01296;0.00000;0.00000;0.00000;0.00000;0.00000
ok,R0036_S+00,36,0,20297909,40.4973195741638,0.7080003142808663,0.2601275853778262,32.293359475084564,2507.6164069539154,2.949259684760688,2.443759193969706,0.2613901333320336,0.1577231384178662,0.0497293229246696,660.1910032186801,4,2.4541341735066735e-14,2.6077965517996086e-14,2.300313701880861e-14,0.3378585587008238,0.3827658298454602,8.421451148515076e-13,1.8587193756418787,3.1537545813119907,0.5270365796088644,0.422230598319131,0.6051950715366611,0.0,61318872.3546323,82.36617847960527,52.16827906502555,1373981.2944884151,16373981.294488415,1278807.3543961328,96.00544359767423,96.00544359767423,96.00544359767423,71.6383727149353,24.36707088273893,61318872.35463232,61318872.35463232,0.0,1.0,0.0010943954475513913,0.0005559169776104914,0.7136682679579963,0.0,0.0,408,0,0.0,0.21140479400003187,0.0,2.1190450277483064e-14,0,0.05,24000000.0,False,7626018.705511585,0.68231;0.68278;0.68345;0.68437;0.68566;0.68745;0.68956;0.69328;0.70389;0.70759;0.67908;0.63245;0.56835;0.31165;0.00001;0.00000;0.00000;0.00000;0.00000;0.00000;0.00000;0.00000;0.00000;0.00000
ok,R0036_S+01,36,1,20297909,40.4973195741638,0.7080003142808663,0.2601275853778262,32.293359475084564,2507.6164069539154,2.949259684760688,2.443759193969706,0.2613901333320336,0.1577231384178662,0.0497293229246696,660.1910032186801,4,2.4541341735066735e-14,2.6077965517996086e-14,2.300313701880861e-14,0.3378585587008238,0.3827658298454602,8.421451148515076e-13,1.8587193756418787,3.1537545813119907,2.8855097212441367,2.1693579111281704,1.1961552360843837,0.0,246584099.09201106,164.1219013905822,105.66919329758501,5196985.849943675,20196985.849943675,4636828.603439901,187.21451061185584,187.21451061185584,187.21451061185584,146.335831162053,40.87867944980283,246584099.09201103,246584099.09201148,0.0,1.0000000000000018,0.004476276290006001,0.002191218342945258,0.6439598942713297,0.0,1.812910230065654e-15,2023,0,0.0,1.1201683940000748,0.0,1.2446741330660623e-14,0,0.05,24000000.0,False,3803014.150056325,0.61729;0.61779;0.61849;0.61946;0.62082;0.62270;0.62402;0.62542;0.62717;0.62964;0.63245;0.63154;0.63789;0.62902;0.57628;0.35864;0.00231;0.00000;0.00000;0.00000;0.00000;0.00000;0.00000;0.00000
ok,R0036_S+02,36,2,20297909,40.4973195741638,0.7080003142808663,0.2601275853778262,32.293359475084564,2507.6164069539154,2.949259684760688,2.443759193969706,0.2613901333320336,0.1577231384178662,0.0497293229246696,660.1910032186801,4,2.4541341735066735e-14,2.6077965517996086e-14,2.300313701880861e-14,0.3378585587008238,0.3827658298454602,8.421451148515076e-13,1.8587193756418787,3.1537545813119907,1.9372232567279832,3.2648391835140878,3.929753263199858,0.0,360222734.0536738,199.65843357838355,128.11536146310485,9853612.232752666,24853612.232752666,8767073.758864198,230.29878881765848,230.29878881765848,230.29878881765848,168.64366532867425,61.65512348898423,360222734.05367416,360222734.05367374,0.0,0.9999999999999989,0.006286990387248706,0.00316157553738854,0.6384242909639312,0.0,1.158262580300014e-15,3647,0,0.0,1.8627235989999917,0.0,7.833143118705803e-15,0,0.05,24000000.0,True,-853612.2327526659,0.56513;0.56610;0.56744;0.56932;0.57193;0.57557;0.57869;0.58107;0.58362;0.58649;0.58996;0.59473;0.60421;0.62412;0.61138;0.52404;0.18018;0.00000;0.00000;0.00000;0.00000;0.00000;0.00000;0.00000
ok,R0036_S+03,36,3,20297909,40.4973195741638,0.7080003142808663,0.2601275853778262,32.293359475084564,2507.6164069539154,2.949259684760688,2.443759193969706,0.2613901333320336,0.1577231384178662,0.0497293229246696,660.1910032186801,4,2.4541341735066735e-14,2.6077965517996086e-14,2.300313701880861e-14,0.3378585587008238,0.3827658298454602,8.421451148515076e-13,1.8587193756418787,3.1537545813119907,0.3902545671825643,0.5981717632896729,0.7775037875086421,0.0,69660645.36399175,88.33282739327794,55.66606350093848,1682960.841264747,16682960.841264747,1553668.8751367591,100.03405990689191,100.03405990689191,100.03405990689191,73.89691943719087,26.137140469701038,69660645.36399184,69660645.3639918,0.0,0.9999999999999993,0.0012638753787021335,0.0006309437142559674,0.7082955855613602,0.0,6.417322628574235e-16,453,0,0.0,0.18474378999997043,0.0,2.0909167024704203e-14,0,0.05,24000000.0,False,7317039.158735253,0.67207;0.67261;0.67336;0.67441;0.67587;0.67790;0.67989;0.68284;0.68964;0.70250;0.68675;0.64231;0.58282;0.37903;0.00645;0.00000;0.00000;0.00000;0.00000;0.00000;0.00000;0.00000;0.00000;0.00000
ok,R0039_S+00,39,0,20300909,47.34625327232462,0.8137772903003397,0.1010066565840275,57.68918303288254,3720.4088825803296,2.1865117178544797,3.95585394967037,0.346490881350797,0.2481452524720415,0.044446626945157,768.5233190287825,4,5.007449548492638e-13,2.3400286584317162e-12,1.7167479184764244e-13,0.8771634445605857,1.768031764072414,1.3499434157845788e-10,3.658332953048254,4.677397208724088,10.479571505691412,7.22753186976069,3.959688346430441,0.0,854689933.0531007,397.5432122712117,261.77968887575963,5138511.264943838,20138511.264943838,5136810.241898194,447.16189682901825,447.16189682901825,447.16189682901825,390.0214051952528,57.140491633765464,854689933.0531026,854689933.0531032,0.0,1.0000000000000007,0.013522744159328302,0.0041782164186724025,0.4668461500839796,0.0,6.973832552639571e-16,6305,0,0.0,3.081555246999983,0.0,7.264021224374911e-13,137,0.05,24000000.0,False,3861488.735056162,0.41299;0.41307;0.41318;0.41334;0.41356;0.41387;0.41409;0.41432;0.41462;0.41503;0.41568;0.41681;0.41898;0.42362;0.44300;0.45817;0.41874;0.36417;0.18735;0.00000;0.00000;0.00000;0.00000;0.00000
ok,R0039_S+01,39,1,20300909,47.34625327232462,0.8137772903003397,0.1010066565840275,57.68918303288254,3720.4088825803296,2.1865117178544797,3.95585394967037,0.346490881350797,0.2481452524720415,0.044446626945157,768.5233190287825,4,5.007449548492638e-13,2.3400286584317162e-12,1.7167479184764244e-13,0.8771634445605857,1.768031764072414,1.3499434157845788e-10,3.658332953048254,4.677397208724088,0.0621594631966944,0.5265531515851627,0.8634675217516814,0.0,57284149.845838495,107.39311473723976,67.78166868740614,379258.3289170526,15379258.328917053,379049.93713211454,119.3921506383535,119.3921506383535,119.3921506383535,92.38083383755219,27.01131680080131,57284149.845838495,57284149.84584732,0.0,1.000000000000154,0.000884667278310698,0.0002931396844525526,0.5763043856783019,0.0,1.5412532142163108e-13,337,0,0.0,0.21051998699999785,0.0,2.5387502431378087e-11,0,0.05,24000000.0,False,8620741.671082947,0.54753;0.54770;0.54793;0.54825;0.54870;0.54932;0.55485;0.56924;0.56164;0.53150;0.49585;0.45667;0.41327;0.35457;0.16647;0.00000;0.00000;0.00000;0.00000;0.00000;0.00000;0.00000;0.00000;0.00000
ok,R0039_S+02,39,2,20300909,47.34625327232462,0.8137772903003397,0.1010066565840275,57.68918303288254,3720.4088825803296,2.1865117178544797,3.95585394967037,0.346490881350797,0.2481452524720415,0.044446626945157,768.5233190287825,4,5.007449548492638e-13,2.3400286584317162e-12,1.7167479184764244e-13,0.8771634445605857,1.768031764072414,1.3499434157845788e-10,3.658332953048254,4.677397208724088,0.3443218950570662,0.3990743852733803,0.5984609018123523,0.0,52932240.26398698,101.09480752683129,65.10781114446104,338785.8705987241,15338785.870598724,338645.8572924379,114.64879053012297,114.64879053012297,114.64879053012297,93.45942185408025,21.18936867604272,52932240.26398699,52932240.26399711,0.0,1.0000000000001912,0.0008385565676287162,0.00027095308231995504,0.5784110520079762,0.0,1.9114793555235884e-13,335,0,0.0,0.2111460570000645,0.0,6.570471114727138e-12,0,0.05,24000000.0,False,8661214.129401276,0.55296;0.55313;0.55336;0.55369;0.55415;0.55478;0.56213;0.57537;0.55941;0.52812;0.49210;0.45261;0.40878;0.34893;0.12236;0.00000;0.00000;0.00000;0.00000;0.00000;0.00000;0.00000;0.00000;0.00000
ok,R0039_S+03,39,3,20300909,47.34625327232462,0.8137772903003397,0.1010066565840275,57.68918303288254,3720.4088825803296,2.1865117178544797,3.95585394967037,0.346490881350797,0.2481452524720415,0.044446626945157,768.5233190287825,4,5.007449548492638e-13,2.3400286584317162e-12,1.7167479184764244e-13,0.8771634445605857,1.768031764072414,1.3499434157845788e-10,3.658332953048254,4.677397208724088,15.544301353395095,10.228704102520128,10.900198394771042,0.0,1446647872.298021,523.9654057931805,340.7980925326495,8918854.903182115,23918854.903182115,8912905.0062287,576.1479812269722,576.1479812269722,576.1479812269722,479.39500195616984,96.75297927080237,1446647872.298031,1446647872.298026,0.0,0.9999999999999966,0.02117146921852197,0.0068467886117668415,0.4425506517985878,0.0,3.4609598209821572e-15,15303,0,0.0,8.494768524999927,0.0,2.8387331244741443e-13,0,0.05,24000000.0,False,81145.0968178846,0.38168;0.38182;0.38201;0.38227;0.38264;0.38316;0.38350;0.38382;0.38416;0.38455;0.38504;0.38572;0.38678;0.38866;0.39255;0.40469;0.43441;0.40814;0.34393;0.10502;0.00000;0.00000;0.00000;0.00000
ok,R0041_S+00,41,0,20302909,49.81047436216127,0.6703526912774255,0.18674420394154206,24.15888041735928,2849.207043634984,1.5570018115675657,3.7482413261568728,0.464973412484194,0.2509558245772613,0.0404982435677703,748.8629380621278,4,4.2134501150179556e-14,5.3798201314635295e-14,3.4310688924879215e-14,0.5472011470325049,0.8364095184367938,1.2997043122292951e-12,1.6167911966471709,6.888793757775217,0.0531172412327965,0.4302095761298281,0.6611501966564121,0.0,45146184.77200893,132.45722862016623,75.43475508179854,1012183.1847182717,16012183.184718272,992034.5766752735,153.57887151364073,153.57887151364073,153.57887151364073,99.78006614832951,53.798805365311225,45146184.772008955,45146184.77200882,0.0,0.999999999999997,0.0019780925023460674,0.0005204803310938221,0.5149040824476833,0.0,2.970582152664617e-15,339,0,0.0,0.1836325990000205,0.0,5.187486108381323e-13,0,0.05,24000000.0,False,7987816.815281728,0.47513;0.47545;0.47590;0.47653;0.47740;0.47861;0.48123;0.48728;0.50072;0.49558;0.45660;0.40874;0.35664;0.29590;0.17432;0.03207;0.00000;0.00000;0.00000;0.00000;0.00000;0.00000;0.00000;0.00000
ok,R0041_S+01,41,1,20302909,49.81047436216127,0.6703526912774255,0.18674420394154206,24.15888041735928,2849.207043634984,1.5570018115675657,3.7482413261568728,0.464973412484194,0.2509558245772613,0.0404982435677703,748.8629380621278,4,4.2134501150179556e-14,5.3798201314635295e-14,3.4310688924879215e-14,0.5472011470325049,0.8364095184367938,1.2997043122292951e-12,1.6167911966471709,6.888793757775217,0.2053021739471276,3.6829615661179487,5.501933385355024,0.0,370415106.00644666,378.3015154534486,218.78845194732241,8592331.026309878,23592331.026309878,8286676.028550286,432.06086977115984,432.06086977115984,432.06086977115984,279.71061752732874,152.3502522438311,370415106.0064489,370415106.00644815,0.0,0.9999999999999979,0.015168291482796848,0.004077250815838477,0.4062726208821382,0.0,2.091870362507807e-15,6173,0,0.0,3.313232783999979,0.0,1.354501961622444e-13,0,0.05,24000000.0,False,407668.97369012237,0.33655;0.33714;0.33797;0.33911;0.34071;0.34294;0.34456;0.34598;0.34750;0.34924;0.35139;0.35446;0.35985;0.37516;0.38798;0.36431;0.30693;0.19910;0.04985;0.00000;0.00000;0.00000;0.00000;0.00000
ok,R0041_S+02,41,2,20302909,49.81047436216127,0.6703526912774255,0.18674420394154206,24.15888041735928,2849.207043634984,1.5570018115675657,3.7482413261568728,0.464973412484194,0.2509558245772613,0.0404982435677703,748.8629380621278,4,4.2134501150179556e-14,5.3798201314635295e-14,3.4310688924879215e-14,0.5472011470325049,0.8364095184367938,1.2997043122292951e-12,1.6167911966471709,6.888793757775217,0.4881250437633562,0.3446740447562073,0.2403770253180159,0.0,42333578.162551,120.3098758258877,72.58071348248949,721172.9837436397,15721172.98374364,716164.0159398075,137.48715818532872,137.48715818532872,137.48715818532872,104.44722537621335,33.03993280911537,42333578.16255096,42333578.16255094,0.0,0.9999999999999994,0.001823688691684405,0.0004884298637046152,0.5190083849879104,0.0,5.279908470043818e-16,265,0,0.0,0.11433302399996137,0.0,1.288588337742501e-13,0,0.05,24000000.0,False,8278827.01625636,0.49370;0.49390;0.49417;0.49455;0.49507;0.49581;0.49864;0.50348;0.51271;0.49602;0.45487;0.40699;0.35501;0.29560;0.17995;0.00812;0.00000;0.00000;0.00000;0.00000;0.00000;0.00000;0.00000;0.00000
ok,R0041_S+03,41,3,20302909,49.81047436216127,0.6703526912774255,0.18674420394154206,24.15888041735928,2849.207043634984,1.5570018115675657,3.7482413261568728,0.464973412484194,0.2509558245772613,0.0404982435677703,748.8629380621278,4,4.2134501150179556e-14,5.3798201314635295e-14,3.4310688924879215e-14,0.5472011470325049,0.8364095184367938,1.2997043122292951e-12,1.6167911966471709,6.888793757775217,6.6647993440142885,5.59413234265006,3.294764120698144,0.0,613546638.5130283,453.61319384494186,280.4851938106533,10474507.670477789,25474507.67047779,10341048.47218787,518.7334466952788,518.7334466952788,518.7334466952788,388.7240624565708,130.00938423870798,613546638.5130267,613546638.5130317,0.0,1.0000000000000082,0.02409550291503203,0.006567667700077092,0.37703679769876247,0.0,8.160406800153155e-15,12452,0,0.0,6.569053888999974,0.0,1.281420378487591e-14,0,0.05,24000000.0,True,-1474507.670477789,0.32097;0.32132;0.32181;0.32249;0.32344;0.32475;0.32573;0.32655;0.32743;0.32841;0.32958;0.33115;0.33356;0.33768;0.34498;0.36470;0.35315;0.29571;0.17781;0.00605;0.00000;0.00000;0.00000;0.00000
ok,R0054_S+00,54,0,20315909,95.27713575874076,0.6846500069849774,0.20990340757472864,64.33594377028982,3440.0849264845183,2.9851622355316194,3.599474792806455,0.2436822720668166,0.2542841124838523,0.061638106179342,697.1867067452185,4,1.736441367203573e-13,1.894241574446654e-13,1.5986025915806856e-13,0.3821813304990126,0.4782497524454361,1.2186781942094519e-11,6.866340904754461,2.3720612507898893,2.7612034033194384,1.7835930862067564,1.5039672536381654,0.0,238605583.3766045,132.00179265396147,87.47286129236643,958121.1220749915,15958121.122074991,938202.2990570199,146.87393622851297,146.87393622851297,146.87393622851297,130.90780030053836,15.96613592797462,238605583.37660444,238605583.37660432,0.0,0.9999999999999994,0.0016490132801786075,0.0006762693565740092,0.5866206631306761,0.0,4.996081309741466e-16,481,0,0.0,0.297961416000021,0.0,4.724423752162728e-14,0,0.05,24000000.0,False,8041878.877925009,0.56030;0.56047;0.56069;0.56101;0.56144;0.56205;0.56295;0.56450;0.56758;0.57502;0.58511;0.56524;0.53323;0.49579;0.43927;0.06265;0.00000;0.00000;0.00000;0.00000;0.00000;0.00000;0.00000;0.00000
ok,R0054_S+01,54,1,20315909,95.27713575874076,0.6846500069849774,0.20990340757472864,64.33594377028982,3440.0849264845183,2.9851622355316194,3.599474792806455,0.2436822720668166,0.2542841124838523,0.061638106179342,697.1867067452185,4,1.736441367203573e-13,1.894241574446654e-13,1.5986025915806856e-13,0.3821813304990126,0.4782497524454361,1.2186781942094519e-11,6.866340904754461,2.3720612507898893,2.806834270887258,4.261984509764609,9.262682930779484,0.0,644228748.0108324,223.36499717889,144.06918667798274,3459945.9581371024,18459945.958137102,3263906.1371593736,252.62797775054335,252.62797775054335,252.62797775054335,208.43988281648328,44.188094934060075,644228748.0108318,644228748.0108316,0.0,0.9999999999999997,0.0044377661461221275,0.0018010705595658818,0.558323028599753,0.0,3.700837316523382e-16,2027,0,0.0,1.3258795780000128,0.0,2.6714944274479744e-14,0,0.05,24000000.0,False,5540054.041862898,0.50642;0.50684;0.50743;0.50825;0.50939;0.51097;0.51201;0.51308;0.51433;0.51595;0.51840;0.52314;0.54192;0.54671;0.51495;0.47056;0.27884;0.00216;0.00000;0.00000;0.00000;0.00000;0.00000;0.00000
ok,R0054_S+02,54,2,20315909,95.27713575874076,0.6846500069849774,0.20990340757472864,64.33594377028982,3440.0849264845183,2.9851622355316194,3.599474792806455,0.2436822720668166,0.2542841124838523,0.061638106179342,697.1867067452185,4,1.736441367203573e-13,1.894241574446654e-13,1.5986025915806856e-13,0.3821813304990126,0.4782497524454361,1.2186781942094519e-11,6.866340904754461,2.3720612507898893,13.208625701726726,11.104616335033464,6.90670829839978,0.0,1231533380.8710554,298.39588623288444,199.386302468373,5100596.347349402,20100596.3473494,4964879.633261986,345.32147521241944,345.32147521241944,345.32147521241944,301.55247351741525,43.76900169500419,1231533380.8710585,1231533380.8710551,0.0,0.9999999999999973,0.008624499656054455,0.0033799884127055056,0.5294907803323491,0.0,2.710328570274742e-15,5561,0,0.0,2.8893194350000613,0.0,1.593491061907439e-14,0,0.05,24000000.0,False,3899403.6526505984,0.48633;0.48659;0.48694;0.48743;0.48812;0.48908;0.48969;0.49030;0.49098;0.49179;0.49287;0.49451;0.49746;0.50294;0.52136;0.51328;0.47064;0.28925;0.00010;0.00000;0.00000;0.00000;0.00000;0.00000
ok,R0054_S+03,54,3,20315909,95.27713575874076,0.6846500069849774,0.20990340757472864,64.33594377028982,3440.0849264845183,2.9851622355316194,3.599474792806455,0.2436822720668166,0.2542841124838523,0.061638106179342,697.1867067452185,4,1.736441367203573e-13,1.894241574446654e-13,1.5986025915806856e-13,0.3821813304990126,0.4782497524454361,1.2186781942094519e-11,6.866340904754461,2.3720612507898893,0.2132685923319237,3.0915117739194664,4.630522428465043,0.0,313023889.34317917,154.69652739041317,100.39000800531774,1627816.2788803335,16627816.278880334,1549542.8009755872,179.11068708373477,179.11068708373477,179.11068708373477,144.62517252120372,34.48551456253105,313023889.34317935,313023889.3431796,0.0,1.0000000000000007,0.0020870598444650934,0.0008848155935070527,0.5784075582729225,0.0,7.616625670386954e-16,726,0,0.0,0.3817329219999692,0.0,3.321024346743656e-13,0,0.05,24000000.0,False,7372183.7211196665,0.53982;0.54016;0.54063;0.54129;0.54220;0.54347;0.54450;0.54581;0.54780;0.55147;0.56365;0.57212;0.54653;0.51121;0.46549;0.24501;0.00040;0.00000;0.00000;0.00000;0.00000;0.00000;0.00000;0.00000
ok,R0060_S+00,60,0,20321909,53.80722789309199,0.221685287889806,0.10856102505688871,66.11755588342686,3104.5887621360835,1.8727989891120247,2.757667170067638,0.2053392868888083,0.286028341757605,0.0476914030723284,711.9010635747788,4,5.3650667751309464e-14,5.490018578706081e-14,5.2547608486376996e-14,0.21500983626352121,0.2593718359979683,3.629866101786511e-12,3.3052380097657084,2.5833497065799342,1.5800252777752843,1.6294002623580404,2.3674978087305827,0.0,219992895.34263456,177.84081867817375,115.66092900981361,2221688.524254121,17221688.52425412,2138397.085117813,204.74490297504872,204.74490297504872,204.74490297504872,186.70489919866998,18.04000377637874,219992895.34263483,219992895.34263486,0.0,1.0000000000000002,0.0036688008905803563,0.0013987284871645512,0.5738468802021137,0.0,1.3546947659959087e-16,854,0,0.0,0.44052285399993707,0.0,2.7776653676236584e-14,0,0.05,24000000.0,False,6778311.475745879,0.52888;0.52915;0.52952;0.53005;0.53078;0.53180;0.53262;0.53368;0.53525;0.53796;0.54382;0.56673;0.56010;0.51699;0.46166;0.37408;0.03080;0.00000;0.00000;0.00000;0.00000;0.00000;0.00000;0.00000
ok,R0060_S+01,60,1,20321909,53.80722789309199,0.221685287889806,0.10856102505688871,66.11755588342686,3104.5887621360835,1.8727989891120247,2.757667170067638,0.2053392868888083,0.286028341757605,0.0476914030723284,711.9010635747788,4,5.3650667751309464e-14,5.490018578706081e-14,5.2547608486376996e-14,0.21500983626352121,0.2593718359979683,3.629866101786511e-12,3.3052380097657084,2.5833497065799342,0.3422009814084305,0.6668254999307321,1.3173944936502031,0.0,91770328.20040551,115.17258303727587,74.59791823332509,1004482.6436964795,16004482.64369648,963494.9470896684,133.51026574453473,133.51026574453473,133.51026574453473,120.0975121141528,13.412753630381928,91770328.20040554,91770328.20040555,0.0,1.0000000000000002,0.0015339361172413293,0.0005890329308917009,0.6030639029879918,0.0,1.6237450040831178e-16,381,0,0.0,0.21498532600003273,0.0,9.86794503010393e-14,0,0.05,24000000.0,False,7995517.3563035205,0.56839;0.56865;0.56901;0.56950;0.57019;0.57116;0.57254;0.57492;0.58008;0.60050;0.58681;0.54821;0.50077;0.44071;0.31131;0.00045;0.00000;0.00000;0.00000;0.00000;0.00000;0.00000;0.00000;0.00000
ok,R0060_S+02,60,2,20321909,53.80722789309199,0.221685287889806,0.10856102505688871,66.11755588342686,3104.5887621360835,1.8727989891120247,2.757667170067638,0.2053392868888083,0.286028341757605,0.0476914030723284,711.9010635747788,4,5.3650667751309464e-14,5.490018578706081e-14,5.2547608486376996e-14,0.21500983626352121,0.2593718359979683,3.629866101786511e-12,3.3052380097657084,2.5833497065799342,8.30474775647827,7.646454447122462,6.5965182874852895,0.0,889439930.2118703,350.862209399741,233.6693605059594,8361192.245235592,23361192.245235592,8062258.899799112,401.9347842264076,401.9347842264076,401.9347842264076,366.9155265303222,35.01925769608539,889439930.2118695,889439930.2118685,0.0,0.9999999999999989,0.015121048354017027,0.005394520719242702,0.5077475926242117,0.0,1.0722189144117686e-15,7730,0,0.0,4.1171491769999875,0.0,9.360631121867258e-15,0,0.05,24000000.0,False,638807.7547644079,0.44870;0.44903;0.44949;0.45013;0.45103;0.45227;0.45311;0.45388;0.45471;0.45566;0.45684;0.45848;0.46113;0.46616;0.47891;0.50548;0.46809;0.38563;0.05910;0.00000;0.00000;0.00000;0.00000;0.00000
ok,R0060_S+03,60,3,20321909,53.80722789309199,0.221685287889806,0.10856102505688871,66.11755588342686,3104.5887621360835,1.8727989891120247,2.757667170067638,0.2053392868888083,0.286028341757605,0.0476914030723284,711.9010635747788,4,5.3650667751309464e-14,5.490018578706081e-14,5.2547608486376996e-14,0.21500983626352121,0.2593718359979683,3.629866101786511e-12,3.3052380097657084,2.5833497065799342,0.0298236033492843,0.5230826103376272,0.8446486009533366,0.0,55129344.77311387,89.83461960534304,57.779984964198825,615144.9492273163,15615144.949227316,590839.7166949827,102.91826484177996,102.91826484177996,102.91826484177996,91.37053202251148,11.547732819268475,55129344.77311387,55129344.773113795,0.0,0.9999999999999987,0.000991856102074233,0.0003548212260753289,0.6137800660948786,0.0,1.3514727279250043e-15,292,0,0.0,0.15671438399999715,0.0,7.084740183788336e-13,0,0.05,24000000.0,False,8384855.050772684,0.58967;0.58991;0.59025;0.59072;0.59138;0.59229;0.59469;0.60044;0.61326;0.59411;0.55767;0.51252;0.45683;0.36315;0.01458;0.00000;0.00000;0.00000;0.00000;0.00000;0.00000;0.00000;0.00000;0.00000
ok,R0065_S+00,65,0,20326909,88.49771450114886,0.8397985895210437,0.23495776598870197,70.26150614877437,1388.6795005979309,1.5147491109493156,3.953465620222148,0.2314606761458578,0.2616203486415395,0.0780994025566674,675.3851479886341,4,6.365083916266036e-14,2.427999074274749e-13,1.1429433016837371e-14,0.9002955945919477,1.5155109380762015,1.7059487188637387e-11,1.7819478444561716,1.7782006153856127,2.5905334986641506,1.7975468465722086,2.084534573109524,0.0,255325240.68399003,145.93326091556284,93.04180636126769,5344106.351156354,20344106.351156354,5327972.3573044315,161.07077820670338,161.07077820670338,161.07077820670338,73.00844750164546,88.06233070505792,255325240.6839902,255325240.68398944,0.0,0.999999999999997,0.010446651675967804,0.00360170508398692,0.5025463837112809,0.0,3.034797421533047e-15,1160,0,0.0,0.5258732990000681,0.0,1.0966211490556286e-13,0,0.05,24000000.0,False,3655893.648843646,0.43842;0.43881;0.43934;0.44007;0.44107;0.44243;0.44393;0.44554;0.44804;0.45377;0.45641;0.45227;0.46440;0.43099;0.32177;0.27103;0.06441;0.00000;0.00000;0.00000;0.00000;0.00000;0.00000;0.00000
ok,R0065_S+01,65,1,20326909,88.49771450114886,0.8397985895210437,0.23495776598870197,70.26150614877437,1388.6795005979309,1.5147491109493156,3.953465620222148,0.2314606761458578,0.2616203486415395,0.0780994025566674,675.3851479886341,4,6.365083916266036e-14,2.427999074274749e-13,1.1429433016837371e-14,0.9002955945919477,1.5155109380762015,1.7059487188637387e-11,1.7819478444561716,1.7782006153856127,0.0904746739137878,0.7438324421560361,1.5339937995297743,0.0,93422366.21765736,90.86516705810618,57.36729959584563,2145810.0842028037,17145810.084202804,2135315.843677018,102.08134726178447,102.08134726178447,102.08134726178447,36.39356305073104,65.68778421105344,93422366.21765739,93422366.21765673,0.0,0.999999999999993,0.004041582941687503,0.0013572154405216497,0.5367446287443443,0.0,7.018138365300523e-15,404,0,0.0,0.23151611000002958,0.0,1.0693497027686597e-12,0,0.05,24000000.0,False,6854189.915797196,0.49148;0.49195;0.49260;0.49348;0.49469;0.49634;0.49953;0.49971;0.49543;0.50032;0.49278;0.43173;0.33708;0.29641;0.19221;0.00000;0.00000;0.00000;0.00000;0.00000;0.00000;0.00000;0.00000;0.00000
ok,R0065_S+02,65,2,20326909,88.49771450114886,0.8397985895210437,0.23495776598870197,70.26150614877437,1388.6795005979309,1.5147491109493156,3.953465620222148,0.2314606761458578,0.2616203486415395,0.0780994025566674,675.3851479886341,4,6.365083916266036e-14,2.427999074274749e-13,1.1429433016837371e-14,0.9002955945919477,1.5155109380762015,1.7059487188637387e-11,1.7819478444561716,1.7782006153856127,1.929528751716724,2.1905990069303063,2.528095477985712,0.0,262252462.0154518,148.5502089597911,94.77537593082702,5594663.494751196,20594663.494751196,5574667.377976097,166.30119435527618,166.30119435527618,166.30119435527618,70.64555064707139,95.65564370820479,262252462.01545188,262252462.01545262,0.0,1.0000000000000029,0.011198880273671356,0.0036932908012158087,0.5041406648954504,0.0,2.840995481859324e-15,1207,0,0.0,0.7009063049999895,0.0,9.747346673809313e-14,0,0.05,24000000.0,False,3405336.5052488036,0.43592;0.43634;0.43692;0.43771;0.43879;0.44027;0.44183;0.44352;0.44618;0.45281;0.45411;0.44891;0.45961;0.42672;0.32341;0.27404;0.07894;0.00000;0.00000;0.00000;0.00000;0.00000;0.00000;0.00000
ok,R0065_S+03,65,3,20326909,88.49771450114886,0.8397985895210437,0.23495776598870197,70.26150614877437,1388.6795005979309,1.5147491109493156,3.953465620222148,0.2314606761458578,0.2616203486415395,0.0780994025566674,675.3851479886341,4,6.365083916266036e-14,2.427999074274749e-13,1.1429433016837371e-14,0.9002955945919477,1.5155109380762015,1.7059487188637387e-11,1.7819478444561716,1.7782006153856127,2.7384808350993253,3.6152582567482328,4.231070849551848,0.0,417538997.7583824,185.579006719073,120.01300244556907,8936163.97718811,23936163.97718811,8899179.619278044,210.0745061122812,210.0745061122812,210.0745061122812,86.95989088300514,123.11461522927605,417538997.758384,417538997.7583842,0.0,1.0000000000000007,0.01739569755159631,0.005717790135856513,0.48945322411556336,0.0,5.710091282048999e-16,2548,0,0.0,1.1207892390000325,0.0,6.845292946514759e-14,0,0.05,24000000.0,False,63836.02281188965,0.40753;0.40799;0.40862;0.40949;0.41067;0.41230;0.41406;0.41551;0.41734;0.42013;0.42720;0.42962;0.42261;0.42448;0.37738;0.31275;0.24897;0.01680;0.00000;0.00000;0.00000;0.00000;0.00000;0.00000
ok,R0068_S+00,68,0,20329909,189.64448995412243,0.3108431576461734,0.17699284301793128,72.64986449349958,2768.170960610216,2.2122520691703245,2.768472535332629,0.4271881981263243,0.1788431221534,0.0535186648157932,691.5846009073867,4,1.7551845972462726e-13,1.8207916035154484e-13,1.698088862535695e-13,0.26355476176352644,0.3271430533076807,1.3228026326629917e-11,5.442442305119771,4.789224838810952,11.039149210325416,6.559423005981529,3.463076418449939,0.0,830818853.6952548,251.4658417618521,164.72382624288537,4467599.348965079,19467599.34896508,4441613.568255559,273.4183217913293,273.4183217913293,273.4183217913293,270.86945276705177,2.548869024277508,830818853.6952552,830818853.6952543,0.0,0.999999999999999,0.008999253951128668,0.0037160733488445117,0.5826832878021516,0.0,1.0043886499975251e-15,2308,0,0.0,1.1431763059999867,0.0,9.266959855234262e-14,0,0.05,24000000.0,False,4532400.651034921,0.52315;0.52322;0.52331;0.52343;0.52360;0.52383;0.52408;0.52444;0.52502;0.52606;0.52806;0.53207;0.54161;0.57661;0.55323;0.49304;0.40678;0.02765;0.00000;0.00000;0.00000;0.00000;0.00000;0.00000
ok,R0068_S+01,68,1,20329909,189.64448995412243,0.3108431576461734,0.17699284301793128,72.64986449349958,2768.170960610216,2.2122520691703245,2.768472535332629,0.4271881981263243,0.1788431221534,0.0535186648157932,691.5846009073867,4,1.7551845972462726e-13,1.8207916035154484e-13,1.698088862535695e-13,0.26355476176352644,0.3271430533076807,1.3228026326629917e-11,5.442442305119771,4.789224838810952,29.58936070582672,23.129523474733848,15.455764134165753,0.0,2689285352.0710087,440.2979134104494,297.18354833697657,14500595.859488845,29500595.859488845,14332415.851230029,491.1444608725471,491.1444608725471,491.1444608725471,468.59445971720214,22.550001155344944,2689285352.071006,2689285352.0710125,0.0,1.0000000000000024,0.029426159031313404,0.011029140495915917,0.5099451642923104,0.0,2.4823398564614236e-15,16683,0,0.0,7.999607296000022,0.0,2.0492220284589158e-14,0,0.05,24000000.0,True,-5500595.859488845,0.43501;0.43514;0.43533;0.43559;0.43596;0.43647;0.43680;0.43712;0.43747;0.43787;0.43839;0.43913;0.44034;0.44249;0.44683;0.45725;0.50329;0.47590;0.36284;0.00001;0.00000;0.00000;0.00000;0.00000
ok,R0068_S+02,68,2,20329909,189.64448995412243,0.3108431576461734,0.17699284301793128,72.64986449349958,2768.170960610216,2.2122520691703245,2.768472535332629,0.4271881981263243,0.1788431221534,0.0535186648157932,691.5846009073867,4,1.7551845972462726e-13,1.8207916035154484e-13,1.698088862535695e-13,0.26355476176352644,0.3271430533076807,1.3228026326629917e-11,5.442442305119771,4.789224838810952,4.089744635074612,12.226914162190702,19.338517798402272,0.0,1406489751.1692991,322.43062168052296,214.59496797710014,8502234.271064922,23502234.271064922,8321888.065320969,367.69904087914523,367.69904087914523,367.69904087914523,339.7323040497913,27.96673682935392,1406489751.1692908,1406489751.1692882,0.0,0.9999999999999981,0.016297571189746007,0.006114995377792101,0.5551086783187125,0.0,1.8646452047993064e-15,5626,0,0.0,3.0531228880000754,0.0,5.3535547412071583e-14,0,0.05,24000000.0,False,497765.7289350778,0.47702;0.47726;0.47759;0.47805;0.47869;0.47957;0.48016;0.48074;0.48141;0.48223;0.48339;0.48522;0.48854;0.49575;0.52931;0.54009;0.47839;0.37349;0.00041;0.00000;0.00000;0.00000;0.00000;0.00000
ok,R0068_S+03,68,3,20329909,189.64448995412243,0.3108431576461734,0.17699284301793128,72.64986449349958,2768.170960610216,2.2122520691703245,2.768472535332629,0.4271881981263243,0.1788431221534,0.0535186648157932,691.5846009073867,4,1.7551845972462726e-13,1.8207916035154484e-13,1.698088862535695e-13,0.26355476176352644,0.3271430533076807,1.3228026326629917e-11,5.442442305119771,4.789224838810952,1.4832092010398337,3.533948403947822,5.734840525760193,0.0,424134070.26361036,181.00922347277685,117.54291228403088,2540787.647264354,17540787.647264354,2503573.823316887,199.18376203803174,199.18376203803174,199.18376203803174,193.5146244593356,5.669137578696137,424134070.2636097,424134070.26361,0.0,1.0000000000000007,0.004734068732024813,0.0019369613864178464,0.6229014229770963,0.0,7.026627775781474e-16,873,0,0.0,0.4487047290000419,0.0,1.6520957904913575e-13,0,0.05,24000000.0,False,6459212.352735646,0.56327;0.56342;0.56362;0.56391;0.56430;0.56485;0.56548;0.56643;0.56806;0.57119;0.57855;0.61203;0.60478;0.55328;0.49220;0.40574;0.03836;0.00000;0.00000;0.00000;0.00000;0.00000;0.00000;0.00000
ok,R0070_S+00,70,0,20331909,183.02896337911352,0.1327185588867014,0.12135630901399946,49.996656736787855,3854.537455955309,2.920861705256005,2.689714916698615,0.3101033071937578,0.2939075076760082,0.0535994335549314,666.1731259118401,4,2.0707820265674745e-13,2.0999723209518008e-13,2.0387445249121722e-13,0.18031065096050602,0.182308377077573,1.0499159528738286e-11,4.585265160614491,3.471342362705549,8.171770690336073,6.125547563500981,4.802320443451271,0.0,753423447.6919327,351.45498645686445,237.42031754791736,4927400.43945048,19927400.43945048,4837762.42923357,380.7757523407603,380.7757523407603,380.7757523407603,375.12489176385253,5.650860576907746,753423447.6919323,753423447.6919341,0.0,1.0000000000000024,0.008807360449220565,0.0038191993025291577,0.532943627134879,0.0,2.373352393981866e-15,5677,0,0.0,2.792650631000015,0.0,3.537395049043852e-14,0,0.05,24000000.0,False,4072599.56054952,0.48815;0.48826;0.48842;0.48863;0.48893;0.48934;0.48961;0.48990;0.49024;0.49069;0.49136;0.49248;0.49458;0.49908;0.51409;0.53026;0.49341;0.43099;0.02674;0.00000;0.00000;0.00000;0.00000;0.00000
ok,R0070_S+01,70,1,20331909,183.02896337911352,0.1327185588867014,0.12135630901399946,49.996656736787855,3854.537455955309,2.920861705256005,2.689714916698615,0.3101033071937578,0.2939075076760082,0.0535994335549314,666.1731259118401,4,2.0707820265674745e-13,2.0999723209518008e-13,2.0387445249121722e-13,0.18031065096050602,0.182308377077573,1.0499159528738286e-11,4.585265160614491,3.471342362705549,0.6359364487379247,2.9477242802790524,6.092770183390467,0.0,381706170.20173645,251.7034878155667,168.9377836328873,2881618.5582198724,17881618.558219872,2783367.4991845004,278.22682015916916,278.22682015916916,278.22682015916916,265.5689532156375,12.657866943531644,381706170.20173746,381706170.2017379,0.0,1.000000000000001,0.0047654986842592005,0.001977062260235987,0.5623775927394166,0.0,1.0930724887345172e-15,1995,0,0.0,0.8504500000000235,0.0,2.4089308486163667e-13,0,0.05,24000000.0,False,6118381.441780128,0.51639;0.51658;0.51685;0.51722;0.51773;0.51845;0.51895;0.51950;0.52021;0.52122;0.52290;0.52614;0.53560;0.56021;0.53473;0.49214;0.42862;0.03379;0.00000;0.00000;0.00000;0.00000;0.00000;0.00000
ok,R0070_S+02,70,2,20331909,183.02896337911352,0.1327185588867014,0.12135630901399946,49.996656736787855,3854.537455955309,2.920861705256005,2.689714916698615,0.3101033071937578,0.2939075076760082,0.0535994335549314,666.1731259118401,4,2.0707820265674745e-13,2.0999723209518008e-13,2.0387445249121722e-13,0.18031065096050602,0.182308377077573,1.0499159528738286e-11,4.585265160614491,3.471342362705549,1.817254321520594,2.3379571643819363,2.9183094252372377,0.0,279029179.38173044,217.28846755267932,144.3275850017378,1930184.4170011654,16930184.417001165,1888218.2559102178,238.3167962921694,238.3167962921694,238.3167962921694,232.30154395037084,6.015252341798572,279029179.38173,279029179.38173,0.0,1.0,0.0035759194462125837,0.0014541478336510072,0.5748401825006377,0.0,0.0,1158,0,0.0,0.5848501189999524,0.0,6.486371609283015e-14,0,0.05,24000000.0,False,7069815.582998835,0.53488;0.53499;0.53515;0.53538;0.53569;0.53612;0.53651;0.53703;0.53783;0.53923;0.54199;0.54972;0.57334;0.55396;0.51565;0.46748;0.34231;0.00000;0.00000;0.00000;0.00000;0.00000;0.00000;0.00000
ok,R0070_S+03,70,3,20331909,183.02896337911352,0.1327185588867014,0.12135630901399946,49.996656736787855,3854.537455955309,2.920861705256005,2.689714916698615,0.3101033071937578,0.2939075076760082,0.0535994335549314,666.1731259118401,4,2.0707820265674745e-13,2.0999723209518008e-13,2.0387445249121722e-13,0.18031065096050602,0.182308377077573,1.0499159528738286e-11,4.585265160614491,3.471342362705549,8.231150545128447,6.34467425628828,5.606856285485628,0.0,796146220.8350371,358.5804189366113,244.0068143156315,5271970.277719893,20271970.277719893,5164863.930202559,402.8723563966891,402.8723563966891,402.8723563966891,379.8152983598052,23.057058036883916,796146220.8350382,796146220.8350346,0.0,0.9999999999999956,0.010486558788102621,0.004025964354179596,0.5316057752195892,0.0,4.491987266827012e-15,6212,0,0.0,2.846639249000077,0.0,2.8236996979906024e-14,0,0.05,24000000.0,False,3728029.7222801074,0.48468;0.48481;0.48498;0.48522;0.48555;0.48602;0.48632;0.48663;0.48699;0.48745;0.48811;0.48916;0.49108;0.49510;0.50769;0.53023;0.49727;0.43829;0.06846;0.00000;0.00000;0.00000;0.00000;0.00000
ok,R0071_S+00,71,0,20332909,473.9881123312769,0.1799277774852913,0.1711794250402899,38.16893374232774,3331.9757804989654,2.192031256337273,3.7144811636724473,0.6102518326048814,0.2864785202786941,0.0686602405438929,779.4773176034324,4,5.143765935857851e-13,5.258428167887966e-13,5.0468734675349e-13,0.2088598983448392,0.25882271464775874,2.0070859632890556e-11,4.736367983444112,5.332796632555589,5.994343746463978,4.21578917497865,3.9535988362584185,0.0,558716726.6460332,309.37754872383925,202.54754485511225,3611130.2896601,18611130.2896601,3590149.3524459153,335.9677829058839,335.9677829058839,335.9677829058839,333.720735564097,2.2470473417868675,558716726.6460333,558716726.6460339,0.0,1.000000000000001,0.009769801176966226,0.0030360262023518395,0.46624561638473744,0.0,1.066813322973097e-15,2390,0,0.0,1.245752498999991,0.0,1.2380828509364708e-13,0,0.05,24000000.0,False,5388869.7103399,0.41494;0.41498;0.41504;0.41513;0.41525;0.41541;0.41557;0.41580;0.41617;0.41680;0.41800;0.42047;0.42650;0.45685;0.45148;0.41122;0.36297;0.27108;0.00033;0.00000;0.00000;0.00000;0.00000;0.00000
ok,R0071_S+01,71,1,20332909,473.9881123312769,0.1799277774852913,0.1711794250402899,38.16893374232774,3331.9757804989654,2.192031256337273,3.7144811636724473,0.6102518326048814,0.2864785202786941,0.0686602405438929,779.4773176034324,4,5.143765935857851e-13,5.258428167887966e-13,5.0468734675349e-13,0.2088598983448392,0.25882271464775874,2.0070859632890556e-11,4.736367983444112,5.332796632555589,0.8114588233146174,12.588292953987002,22.484066561552076,0.0,1415508982.0127618,486.22908873977633,322.71712309566,9693642.925710801,24693642.9257108,9531252.858365126,528.5973943038653,528.5973943038653,528.5973943038653,520.4998572060393,8.09753709782592,1415508982.0127816,1415508982.0127726,0.0,0.9999999999999936,0.023591995178268425,0.007313985657768948,0.4206429216537164,0.0,6.4004581539119946e-15,13217,0,0.0,6.833018994999975,0.0,4.5283168133971483e-13,0,0.05,24000000.0,True,-693642.925710801,0.36033;0.36046;0.36065;0.36091;0.36127;0.36178;0.36210;0.36240;0.36274;0.36312;0.36360;0.36427;0.36532;0.36721;0.37104;0.38343;0.42016;0.38429;0.32025;0.02488;0.00000;0.00000;0.00000;0.00000
ok,R0071_S+02,71,2,20332909,473.9881123312769,0.1799277774852913,0.1711794250402899,38.16893374232774,3331.9757804989654,2.192031256337273,3.7144811636724473,0.6102518326048814,0.2864785202786941,0.0686602405438929,779.4773176034324,4,5.143765935857851e-13,5.258428167887966e-13,5.0468734675349e-13,0.2088598983448392,0.25882271464775874,2.0070859632890556e-11,4.736367983444112,5.332796632555589,20.19262482458513,20.776455701184627,15.779084667963648,0.0,2238544872.3972015,604.4444173882225,405.5546942101818,14128949.170043364,29128949.170043364,14001060.48373995,654.1413983412175,654.1413983412175,654.1413983412175,648.8430912210051,5.298307120212371,2238544872.3972096,2238544872.3972087,0.0,0.9999999999999996,0.03666098508210761,0.01106378012976611,0.3992812232546726,0.0,4.260242124988009e-16,28358,0,0.0,14.585875967999982,0.0,2.8107730120959884e-14,0,0.05,24000000.0,True,-5128949.170043364,0.33831;0.33838;0.33848;0.33863;0.33883;0.33911;0.33929;0.33945;0.33964;0.33984;0.34009;0.34043;0.34094;0.34181;0.34343;0.34677;0.35576;0.39724;0.36822;0.27629;0.00055;0.00000;0.00000;0.00000
ok,R0071_S+03,71,3,20332909,473.9881123312769,0.1799277774852913,0.1711794250402899,38.16893374232774,3331.9757804989654,2.192031256337273,3.7144811636724473,0.6102518326048814,0.2864785202786941,0.0686602405438929,779.4773176034324,4,5.143765935857851e-13,5.258428167887966e-13,5.0468734675349e-13,0.2088598983448392,0.25882271464775874,2.0070859632890556e-11,4.736367983444112,5.332796632555589,3.2047691628757065,3.934114551288923,5.230643293557395,0.0,487940731.8736107,287.04236915069293,189.39768515878686,3231842.371249214,18231842.371249214,3204942.8877483085,309.5216182445797,309.5216182445797,309.5216182445797,306.5355987942845,2.9860194502952027,487940731.87361115,487940731.87361014,0.0,0.9999999999999979,0.007837291140060215,0.002663019713053401,0.4730971392576489,0.0,2.0766435244928582e-15,1918,0,0.0,0.8719102450000946,0.0,1.2132811264798278e-13,0,0.05,24000000.0,False,5768157.628750786,0.42112;0.42118;0.42127;0.42139;0.42155;0.42179;0.42200;0.42230;0.42277;0.42358;0.42512;0.42838;0.43857;0.47235;0.44419;0.40214;0.35109;0.21297;0.00000;0.00000;0.00000;0.00000;0.00000;0.00000
ok,R0072_S+00,72,0,20333909,143.20012230089014,0.3864567033726394,0.2624482117108802,36.24429895539504,1973.2478075400988,1.7507614065665795,2.254583965657518,0.2476007920280435,0.161710275013843,0.0684257145243818,644.4441266281112,4,2.697327444984862e-13,2.8380854281557934e-13,2.581238924260374e-13,0.30033689866716096,0.3905707417777278,1.028644167190289e-11,1.91395019833025,2.1711205538656126,0.513635125794984,0.4388926030561075,0.3895262519097772,0.0,52940003.37907399,69.62112996409856,45.68051830858444,821601.7320510428,15821601.732051043,817701.5410819072,78.53868605691943,78.53868605691943,78.53868605691943,77.3594160687389,1.1792699881805362,52940003.37907403,52940003.37907309,0.0,0.9999999999999822,0.0015267530627167572,0.0007002725035855497,0.7539364487967584,0.0,1.7732774750510836e-14,319,0,0.0,0.16992321700001867,0.0,2.1846726312052532e-13,0,0.05,24000000.0,False,8178398.267948957,0.72444;0.72452;0.72464;0.72481;0.72504;0.72536;0.72857;0.73744;0.75310;0.72750;0.67831;0.61207;0.51463;0.13432;0.00000;0.00000;0.00000;0.00000;0.00000;0.00000;0.00000;0.00000;0.00000;0.00000
ok,R0072_S+01,72,1,20333909,143.20012230089014,0.3864567033726394,0.2624482117108802,36.24429895539504,1973.2478075400988,1.7507614065665795,2.254583965657518,0.2476007920280435,0.161710275013843,0.0684257145243818,644.4441266281112,4,2.697327444984862e-13,2.8380854281557934e-13,2.581238924260374e-13,0.30033689866716096,0.3905707417777278,1.028644167190289e-11,1.91395019833025,2.1711205538656126,0.0197830389943485,0.3551295000937159,0.6098157403474811,0.0,38844576.43889397,60.287620175521695,39.13086180957258,636528.3724452723,15636528.372445272,630602.6832177993,66.51635192176776,66.51635192176776,66.51635192176776,64.93219594773824,1.5841559740295281,38844576.438893944,38844576.43889426,0.0,1.000000000000008,0.0010768867460442518,0.0005149297087450478,0.759800901034352,0.0,8.055806337933928e-15,283,0,0.0,0.1382355399999824,0.0,2.8371811186263917e-12,0,0.05,24000000.0,False,8363471.627554728,0.73711;0.73726;0.73746;0.73774;0.73813;0.73867;0.74417;0.75774;0.74628;0.70621;0.64955;0.57317;0.42753;0.00161;0.00000;0.00000;0.00000;0.00000;0.00000;0.00000;0.00000;0.00000;0.00000;0.00000
ok,R0072_S+02,72,2,20333909,143.20012230089014,0.3864567033726394,0.2624482117108802,36.24429895539504,1973.2478075400988,1.7507614065665795,2.254583965657518,0.2476007920280435,0.161710275013843,0.0684257145243818,644.4441266281112,4,2.697327444984862e-13,2.8380854281557934e-13,2.581238924260374e-13,0.30033689866716096,0.3905707417777278,1.028644167190289e-11,1.91395019833025,2.1711205538656126,3.291842129067487,3.9450349083038794,4.195607126858377,0.0,450977202.82637066,203.52574104388341,133.49889597930624,6980977.318382498,21980977.318382498,6921529.936153151,222.72388942398132,222.72388942398132,222.72388942398132,219.62559549747363,3.0982939265076936,450977202.82636964,450977202.8263698,0.0,1.0000000000000004,0.011583557641503582,0.00563083737225733,0.660783162709736,0.0,3.9650326713968486e-16,2375,0,0.0,1.0082119450000846,0.0,4.647383623969974e-14,0,0.05,24000000.0,False,2019022.6816175021,0.58665;0.58676;0.58692;0.58713;0.58743;0.58785;0.58822;0.58870;0.58942;0.59064;0.59287;0.59739;0.60860;0.65465;0.62800;0.53807;0.27880;0.00000;0.00000;0.00000;0.00000;0.00000;0.00000;0.00000
ok,R0072_S+03,72,3,20333909,143.20012230089014,0.3864567033726394,0.2624482117108802,36.24429895539504,1973.2478075400988,1.7507614065665795,2.254583965657518,0.2476007920280435,0.161710275013843,0.0684257145243818,644.4441266281112,4,2.697327444984862e-13,2.8380854281557934e-13,2.581238924260374e-13,0.30033689866716096,0.3905707417777278,1.028644167190289e-11,1.91395019833025,2.1711205538656126,1.7547086791923483,1.4307996192167751,1.3073660763261503,0.0,177230415.46018237,127.40922012908939,83.62870777128829,2735625.1034153216,17735625.10341532,2720102.2438639663,143.7090956155977,143.7090956155977,143.7090956155977,141.16624850056306,2.5428471150346468,177230415.46018207,177230415.46018204,0.0,0.9999999999999998,0.005150068417919476,0.0023010043530051548,0.7101865117043666,0.0,1.6815580051715744e-16,675,0,0.0,0.28210487100000137,0.0,1.3788532192726476e-13,0,0.05,24000000.0,False,6264374.896584678,0.65592;0.65598;0.65608;0.65621;0.65639;0.65664;0.65726;0.65841;0.66062;0.66531;0.67898;0.70855;0.66798;0.59727;0.48391;0.06096;0.00000;0.00000;0.00000;0.00000;0.00000;0.00000;0.00000;0.00000
ok,R0074_S+00,74,0,20335909,434.72318682446354,0.7486194667456451,0.13178152017524797,68.90013525570211,2651.1902663482483,1.778922756624401,3.6147728180283543,0.2393723500035111,0.2914480261987409,0.044044331311738,668.3603138299362,4,7.75896825159633e-13,1.821207619305826e-12,2.1168923406151384e-13,0.8479218839774935,1.085845356453412,1.2548145129888668e-10,3.6884283713415345,3.2608829723299806,2.5781170054742044,2.6307946661055217,2.16008654514201,0.0,290684872.65502226,202.6913044293837,131.6014881622011,2498832.6530464254,17498832.653046425,2497439.699983541,222.34656419113446,222.34656419113446,222.34656419113446,202.96296690258654,19.383597288547918,290684872.6550219,290684872.65502536,0.0,1.000000000000012,0.006852982627661484,0.002116164668224513,0.5019061320031253,0.0,1.1892842463375886e-14,987,0,0.0,0.5160560720000831,0.0,1.10556497077484e-12,0,0.05,24000000.0,False,6501167.346953575,0.45147;0.45153;0.45160;0.45170;0.45185;0.45205;0.45238;0.45295;0.45398;0.45603;0.46067;0.48060;0.49448;0.45677;0.41038;0.35127;0.17082;0.00000;0.00000;0.00000;0.00000;0.00000;0.00000;0.00000
ok,R0074_S+01,74,1,20335909,434.72318682446354,0.7486194667456451,0.13178152017524797,68.90013525570211,2651.1902663482483,1.778922756624401,3.6147728180283543,0.2393723500035111,0.2914480261987409,0.044044331311738,668.3603138299362,4,7.75896825159633e-13,1.821207619305826e-12,2.1168923406151384e-13,0.8479218839774935,1.085845356453412,1.2548145129888668e-10,3.6884283713415345,3.2608829723299806,3.531409634159689,5.537506908508127,7.6997612304655165,0.0,661474032.1167907,307.12616210958527,198.62980719744203,5768946.220212996,20768946.220212996,5762752.220027618,332.84452873605056,332.84452873605056,332.84452873605056,289.2117775528503,43.63275118320024,661474032.1167904,661474032.1167867,0.0,0.9999999999999944,0.013643556032960349,0.004670893992733342,0.4673602136032734,0.0,5.586746866310453e-15,3638,0,0.0,1.5079134919999433,0.0,4.404366894661951e-13,0,0.05,24000000.0,False,3231053.779787004,0.40411;0.40420;0.40434;0.40453;0.40479;0.40515;0.40542;0.40574;0.40617;0.40681;0.40790;0.40996;0.41444;0.43140;0.45891;0.42163;0.36573;0.23135;0.00000;0.00000;0.00000;0.00000;0.00000;0.00000
ok,R0074_S+02,74,2,20335909,434.72318682446354,0.7486194667456451,0.13178152017524797,68.90013525570211,2651.1902663482483,1.778922756624401,3.6147728180283543,0.2393723500035111,0.2914480261987409,0.044044331311738,668.3603138299362,4,7.75896825159633e-13,1.821207619305826e-12,2.1168923406151384e-13,0.8479218839774935,1.085845356453412,1.2548145129888668e-10,3.6884283713415345,3.2608829723299806,13.031563576872156,12.566633548021091,8.82177612107721,0.0,1357764684.6337965,429.1813417468699,284.566823659009,11326458.322230615,26326458.322230615,11318299.007525064,473.33626327310446,473.33626327310446,473.33626327310446,421.6658837643557,51.67037950874874,1357764684.6337998,1357764684.6338024,0.0,1.000000000000002,0.03194091986537299,0.009099434885720438,0.4262877472410997,0.0,1.9315603062871864e-15,12343,0,0.0,6.476953260000073,0.0,2.4090584819635167e-13,0,0.05,24000000.0,True,-2326458.3222306147,0.36282;0.36290;0.36300;0.36315;0.36336;0.36365;0.36385;0.36405;0.36428;0.36458;0.36500;0.36566;0.36683;0.36909;0.37402;0.39300;0.42199;0.37216;0.25144;0.00002;0.00000;0.00000;0.00000;0.00000
ok,R0074_S+03,74,3,20335909,434.72318682446354,0.7486194667456451,0.13178152017524797,68.90013525570211,2651.1902663482483,1.778922756624401,3.6147728180283543,0.2393723500035111,0.2914480261987409,0.044044331311738,668.3603138299362,4,7.75896825159633e-13,1.821207619305826e-12,2.1168923406151384e-13,0.8479218839774935,1.085845356453412,1.2548145129888668e-10,3.6884283713415345,3.2608829723299806,8.272609314793787,8.150844144005266,8.803256628389178,0.0,995118032.8093141,373.74294122916695,243.51991567062097,8481192.334669448,23481192.33466945,8473452.354774445,405.6814219007097,405.6814219007097,405.6814219007097,359.1943693580109,46.48705254269885,995118032.8093116,995118032.8093116,0.0,1.0,0.020875529746540663,0.006848886778405184,0.44423866558326086,0.0,0.0,7123,0,0.0,3.5600859079999054,0.0,2.820726868835027e-13,0,0.05,24000000.0,False,518807.66533055156,0.38076;0.38084;0.38097;0.38113;0.38137;0.38170;0.38193;0.38217;0.38247;0.38287;0.38349;0.38455;0.38653;0.39076;0.40514;0.44044;0.40281;0.33558;0.09941;0.00000;0.00000;0.00000;0.00000;0.00000
ok,R0075_S+00,75,0,20336909,42.15585395186302,0.2611236181450147,0.19150770255543756,23.156369708424798,2659.277869900261,1.5517348047276376,2.4630711337684734,0.4510337290394679,0.1562268629916293,0.0793688617740397,736.2176218600899,4,3.765013325701618e-14,3.974778555751694e-14,3.55568403238721e-14,0.3218929020459682,0.3627308653182891,9.2041441746105e-13,1.338977750277931,3.4096524931165932,0.8847576327714737,1.0640000981163986,1.363797625315736,0.0,130670371.13616374,170.75799754911287,105.44250904184796,3160578.7178142965,18160578.717814296,3017695.1825757697,192.93299094727936,192.93299094727936,192.93299094727936,162.6099684195485,30.32302252773087,130670371.13616377,130670371.13616376,0.0,0.9999999999999999,0.004437572962250162,0.0017640222032013898,0.6568413406843621,0.0,1.140362659437161e-16,869,0,0.0,0.47826335299998846,0.0,2.130556980149468e-14,0,0.05,24000000.0,False,5839421.2821857035,0.59623;0.59670;0.59736;0.59827;0.59954;0.60130;0.60270;0.60443;0.60697;0.61129;0.62129;0.64873;0.62927;0.56134;0.47262;0.32120;0.01088;0.00000;0.00000;0.00000;0.00000;0.00000;0.00000;0.00000
ok,R0075_S+01,75,1,20336909,42.15585395186302,0.2611236181450147,0.19150770255543756,23.156369708424798,2659.277869900261,1.5517348047276376,2.4630711337684734,0.4510337290394679,0.1562268629916293,0.0793688617740397,736.2176218600899,4,3.765013325701618e-14,3.974778555751694e-14,3.55568403238721e-14,0.3218929020459682,0.3627308653182891,9.2041441746105e-13,1.338977750277931,3.4096524931165932,0.9882365365548572,0.6473146546469789,0.4643642474755615,0.0,82835364.30950731,134.14202710518174,83.7715834959611,1668457.387333054,16668457.387333054,1629221.6275945678,153.24365903196298,153.24365903196298,153.24365903196298,133.47650434622034,19.76715468574264,82835364.30950728,82835364.30950731,0.0,1.0000000000000004,0.002899651254003117,0.0011269243512907698,0.6716996532758952,0.0,3.597777668525906e-16,523,0,0.0,0.3012952789999872,0.0,2.5268242798444534e-14,0,0.05,24000000.0,False,7331542.612666946,0.64162;0.64187;0.64221;0.64270;0.64337;0.64430;0.64568;0.64799;0.65215;0.65831;0.66942;0.64714;0.58524;0.50425;0.38862;0.07686;0.00000;0.00000;0.00000;0.00000;0.00000;0.00000;0.00000;0.00000
ok,R0075_S+02,75,2,20336909,42.15585395186302,0.2611236181450147,0.19150770255543756,23.156369708424798,2659.277869900261,1.5517348047276376,2.4630711337684734,0.4510337290394679,0.1562268629916293,0.0793688617740397,736.2176218600899,4,3.765013325701618e-14,3.974778555751694e-14,3.55568403238721e-14,0.3218929020459682,0.3627308653182891,9.2041441746105e-13,1.338977750277931,3.4096524931165932,1.6291412846762985,1.0702352971756468,0.6493540077982224,0.0,132097375.56993017,169.56184531817848,106.05417234370677,2588896.933384955,17588896.933384955,2531494.646817751,191.8527423323101,191.8527423323101,191.8527423323101,169.0899857076772,22.762756624632914,132097375.5699301,132097375.56993015,0.0,1.0000000000000004,0.004437572962250162,0.001783171212363672,0.6438519601100071,0.0,3.38413109183064e-16,913,0,0.0,0.49716115599994737,0.0,3.773751786934253e-14,0,0.05,24000000.0,False,6411103.066615045,0.60977;0.61003;0.61040;0.61091;0.61162;0.61260;0.61360;0.61503;0.61742;0.62140;0.62584;0.63939;0.62604;0.56291;0.47554;0.33192;0.00786;0.00000;0.00000;0.00000;0.00000;0.00000;0.00000;0.00000
ok,R0075_S+03,75,3,20336909,42.15585395186302,0.2611236181450147,0.19150770255543756,23.156369708424798,2659.277869900261,1.5517348047276376,2.4630711337684734,0.4510337290394679,0.1562268629916293,0.0793688617740397,736.2176218600899,4,3.765013325701618e-14,3.974778555751694e-14,3.55568403238721e-14,0.3218929020459682,0.3627308653182891,9.2041441746105e-13,1.338977750277931,3.4096524931165932,0.610406301005084,0.6327101617844152,0.7225217196378838,0.0,77538529.38221298,131.4416683660993,81.03739744186154,1797077.5868073553,16797077.586807355,1729764.936016038,150.38485194209642,150.38485194209642,150.38485194209642,125.53230238122221,24.85254956087421,77538529.38221301,77538529.38221303,0.0,1.0000000000000002,0.0027791252183012806,0.0010556826416299302,0.6832467698699113,0.0,1.9217750597764e-16,475,0,0.0,0.26295708999998624,0.0,2.641489221738996e-14,0,0.05,24000000.0,False,7202922.413192645,0.63753;0.63789;0.63839;0.63908;0.64004;0.64138;0.64297;0.64546;0.65007;0.66239;0.67985;0.64399;0.57772;0.49437;0.36893;0.05155;0.00000;0.00000;0.00000;0.00000;0.00000;0.00000;0.00000;0.00000
ok,R0080_S+00,80,0,20341909,208.7612172808604,0.0546148399900664,0.1041066528472467,49.94788061338095,3106.485867944732,1.783215075977075,3.431163671620326,0.5096759355035728,0.2113237954619634,0.0473543431982334,607.4791929674298,4,1.997517862958197e-13,1.9975939499862245e-13,1.9974413776447374e-13,0.010040921386210488,0.010051795652376714,9.977558412792398e-12,2.5220604771780826,6.457814439997386,3.445910475055616,3.5961811469363427,2.855720891703904,0.0,390439010.2277607,331.5687050721646,211.97301602699602,4680412.885274664,19680412.885274664,4641400.084251706,357.25195738456785,357.25195738456785,357.25195738456785,357.1154942453836,0.13646313918422948,390439010.22776043,390439010.2277614,0.0,1.0000000000000024,0.01277137425126292,0.003895788237133672,0.4896148193141986,0.0,2.442569239815277e-15,2626,0,0.0,1.126201951999974,0.0,8.413578505568696e-14,0,0.05,24000000.0,False,4319587.114725336,0.42377;0.42382;0.42390;0.42402;0.42417;0.42439;0.42460;0.42488;0.42532;0.42607;0.42748;0.43032;0.43695;0.46789;0.47822;0.42713;0.36652;0.27668;0.00483;0.00000;0.00000;0.00000;0.00000;0.00000
ok,R0080_S+01,80,1,20341909,208.7612172808604,0.0546148399900664,0.1041066528472467,49.94788061338095,3106.485867944732,1.783215075977075,3.431163671620326,0.5096759355035728,0.2113237954619634,0.0473543431982334,607.4791929674298,4,1.997517862958197e-13,1.9975939499862245e-13,1.9974413776447374e-13,0.010040921386210488,0.010051795652376714,9.977558412792398e-12,2.5220604771780826,6.457814439997386,1.9360893505155747,2.3326029702890265,2.42345004693665,0.0,263984939.98028913,272.5079634363645,174.23355851454514,3216933.753124602,18216933.753124602,3187185.8025194816,292.1076802900797,292.1076802900797,292.1076802900797,291.97688564480086,0.1307946452788542,263984939.9802896,263984939.98028922,0.0,0.9999999999999986,0.008257742938395412,0.002672042538409433,0.5121441313767967,0.0,1.4676223237165213e-15,1382,0,0.0,0.7187369140000328,0.0,1.1588435401874217e-13,0,0.05,24000000.0,False,5783066.246875398,0.45002;0.45008;0.45017;0.45029;0.45046;0.45070;0.45099;0.45144;0.45221;0.45364;0.45652;0.46336;0.49734;0.49934;0.44946;0.39264;0.32236;0.12739;0.00000;0.00000;0.00000;0.00000;0.00000;0.00000
ok,R0080_S+02,80,2,20341909,208.7612172808604,0.0546148399900664,0.1041066528472467,49.94788061338095,3106.485867944732,1.783215075977075,3.431163671620326,0.5096759355035728,0.2113237954619634,0.0473543431982334,607.4791929674298,4,1.997517862958197e-13,1.9975939499862245e-13,1.9974413776447374e-13,0.010040921386210488,0.010051795652376714,9.977558412792398e-12,2.5220604771780826,6.457814439997386,3.283781026070748,7.652527509180691,9.684792063986814,0.0,813440555.3381515,471.03747856396257,306.1957364123591,9980298.36837931,24980298.36837931,9813910.257558744,504.17636152571475,504.17636152571475,504.17636152571475,503.83798415097436,0.3383773747403893,813440555.338153,813440555.3381493,0.0,0.9999999999999954,0.024564165411317757,0.0077556860695930626,0.4453508903654472,0.0,4.543033847799706e-15,9588,0,0.0,4.705472994000047,0.0,4.9260164047841686e-14,0,0.05,24000000.0,True,-980298.3683793098,0.36970;0.36982;0.36999;0.37022;0.37055;0.37100;0.37130;0.37159;0.37193;0.37235;0.37293;0.37383;0.37539;0.37842;0.38532;0.42032;0.43184;0.37362;0.28733;0.01542;0.00000;0.00000;0.00000;0.00000
ok,R0080_S+03,80,3,20341909,208.7612172808604,0.0546148399900664,0.1041066528472467,49.94788061338095,3106.485867944732,1.783215075977075,3.431163671620326,0.5096759355035728,0.2113237954619634,0.0473543431982334,607.4791929674298,4,1.997517862958197e-13,1.9975939499862245e-13,1.9974413776447374e-13,0.010040921386210488,0.010051795652376714,9.977558412792398e-12,2.5220604771780826,6.457814439997386,0.4683369100003108,0.4280704261596849,0.3793960776253036,0.0,50326617.2635887,118.29852599199334,75.99635777265503,611653.0960081872,15611653.096008187,608510.2592417896,129.54197682982064,129.54197682982064,129.54197682982064,129.43686804867338,0.10510878114726552,50326617.26358871,50326617.26359095,0.0,1.0000000000000444,0.0017949159475114129,0.000522331565648097,0.5952267955006749,0.0,4.441336017817943e-14,279,0,0.0,0.12786093800002618,0.0,4.805055847447538e-13,0,0.05,24000000.0,False,8388346.903991813,0.55578;0.55587;0.55599;0.55616;0.55640;0.55673;0.56026;0.57080;0.59515;0.56822;0.52465;0.47563;0.42219;0.36217;0.26876;0.00014;0.00000;0.00000;0.00000;0.00000;0.00000;0.00000;0.00000;0.00000
ok,R0090_S+00,90,0,20351909,416.5257609100893,0.7955493908034322,0.1039129440456306,73.03181163205608,2281.771088460518,1.9158197413073612,2.8645904917419687,0.4004489339824163,0.3230376011737206,0.0772288963958115,629.7491526947207,4,4.615260573387293e-13,9.126505342565722e-13,1.825704468999128e-13,0.7928248522471875,1.1142568253331164,6.665252190372131e-11,2.1820468220984615,3.111132899763679,0.146795789884307,0.5732425912067082,0.7697490344827198,0.0,58767644.182137124,99.02419749083464,64.39373479317238,875680.0224427655,15875680.022442766,874987.4653550833,109.05803479725137,109.05803479725137,109.05803479725137,100.20879515885211,8.849239638399254,58767644.18213716,58767644.18213184,0.0,0.9999999999999095,0.002217955786949486,0.000745272542910353,0.5642562894770164,0.0,9.052114680173921e-14,349,0,0.0,0.18514580700002625,0.0,5.6501517281109745e-12,0,0.05,24000000.0,False,8124319.9775572345,0.53002;0.53009;0.53018;0.53030;0.53048;0.53072;0.53255;0.53692;0.55398;0.55620;0.52384;0.48293;0.43456;0.36847;0.10964;0.00000;0.00000;0.00000;0.00000;0.00000;0.00000;0.00000;0.00000;0.00000
ok,R0090_S+01,90,1,20351909,416.5257609100893,0.7955493908034322,0.1039129440456306,73.03181163205608,2281.771088460518,1.9158197413073612,2.8645904917419687,0.4004489339824163,0.3230376011737206,0.0772288963958115,629.7491526947207,4,4.615260573387293e-13,9.126505342565722e-13,1.825704468999128e-13,0.7928248522471875,1.1142568253331164,6.665252190372131e-11,2.1820468220984615,3.111132899763679,7.097626861368458,4.052980688070628,2.1280514623969684,0.0,523803262.03989685,289.34368025138514,192.35636165524394,7360360.622859158,22360360.622859158,7357369.641804896,319.75804409386296,319.75804409386296,319.75804409386296,301.30581065902106,18.4522334348419,523803262.03989553,523803262.03989583,0.0,1.0000000000000007,0.01858161535086141,0.006229601072963305,0.475617990882038,0.0,5.689602289155927e-16,4848,0,0.0,2.6517205229999945,0.0,6.269317984756685e-13,13,0.05,24000000.0,False,1639639.3771408424,0.41592;0.41595;0.41599;0.41605;0.41612;0.41623;0.41633;0.41648;0.41673;0.41715;0.41793;0.41946;0.42265;0.43080;0.46825;0.45024;0.39090;0.23680;0.00000;0.00000;0.00000;0.00000;0.00000;0.00000
ok,R0090_S+02,90,2,20351909,416.5257609100893,0.7955493908034322,0.1039129440456306,73.03181163205608,2281.771088460518,1.9158197413073612,2.8645904917419687,0.4004489339824163,0.3230376011737206,0.0772288963958115,629.7491526947207,4,4.615260573387293e-13,9.126505342565722e-13,1.825704468999128e-13,0.7928248522471875,1.1142568253331164,6.665252190372131e-11,2.1820468220984615,3.111132899763679,0.9460844461177484,0.6690546091448083,0.429236885523355,0.0,80644497.73618187,115.88817508468459,75.44981905987304,1165260.4774652757,16165260.477465276,1164856.7639413215,127.06998452232739,127.06998452232739,127.06998452232739,121.79618065770276,5.273803864624625,80644497.7361819,80644497.73618296,0.0,1.000000000000013,0.002991686316779238,0.0010194826759873851,0.5551378361057936,0.0,1.3119090259874109e-14,463,0,0.0,0.27233439899998757,0.0,1.7815534340131082e-12,0,0.05,24000000.0,False,7834739.522534724,0.51662;0.51665;0.51670;0.51677;0.51686;0.51699;0.51805;0.52031;0.52576;0.54822;0.54054;0.50367;0.45913;0.40452;0.29844;0.00070;0.00000;0.00000;0.00000;0.00000;0.00000;0.00000;0.00000;0.00000
ok,R0090_S+03,90,3,20351909,416.5257609100893,0.7955493908034322,0.1039129440456306,73.03181163205608,2281.771088460518,1.9158197413073612,2.8645904917419687,0.4004489339824163,0.3230376011737206,0.0772288963958115,629.7491526947207,4,4.615260573387293e-13,9.126505342565722e-13,1.825704468999128e-13,0.7928248522471875,1.1142568253331164,6.665252190372131e-11,2.1820468220984615,3.111132899763679,0.4568405395817608,0.6863389650553386,1.3609289880915738,0.0,98779567.71266799,129.04063178616966,83.5387584056584,1473015.1579004675,16473015.157900468,1471662.0419387147,141.98333916910985,141.98333916910985,141.98333916910985,128.32091292769195,13.662426241417904,98779567.71266791,98779567.71266961,0.0,1.000000000000017,0.0035311516759926804,0.001245375305096194,0.5475851913218556,0.0,1.7197203991010987e-14,515,0,0.0,0.3141517040000963,0.0,1.5552386864387473e-12,0,0.05,24000000.0,False,7526984.8420995325,0.50565;0.50570;0.50578;0.50589;0.50604;0.50626;0.50707;0.50867;0.51215;0.52447;0.54564;0.51551;0.47308;0.42212;0.34411;0.03334;0.00000;0.00000;0.00000;0.00000;0.00000;0.00000;0.00000;0.00000
ok,R0093_S+00,93,0,20354909,345.9405074159287,0.8340488350213403,0.23684074426965562,69.89067666448287,2696.283963245395,1.8375518074635664,2.1113028034878005,0.3945468153719471,0.2118535331240947,0.0737217331883705,718.9248144070824,4,1.2679541392266637e-13,6.221243400800922e-13,5.2909913583807855e-14,0.8683173968354383,1.8202826486755035,4.348069109764249e-11,7.147139623213446,3.211103144011701,27.02951842297634,25.671844215257188,22.26382506726004,0.0,2957151759.4186053,424.14939982806635,261.8745085058816,15611579.911755532,30611579.911755532,15580145.67499715,497.36647846294403,497.36647846294403,497.36647846294403,322.48910830763475,174.87737015530928,2957151759.4185915,2957151759.418603,0.0,1.0000000000000038,0.024478125097639834,0.00962407247332942,0.5618346825619693,0.0,3.869971082960258e-15,16326,0,0.0,8.689924623000024,0.0,6.150583076684915e-14,0,0.05,24000000.0,True,-6611579.911755532,0.46989;0.47038;0.47106;0.47201;0.47333;0.47516;0.47691;0.47812;0.47939;0.48077;0.48235;0.48434;0.48714;0.49176;0.50162;0.51945;0.53038;0.43559;0.20591;0.00056;0.00000;0.00000;0.00000;0.00000
ok,R0093_S+01,93,1,20354909,345.9405074159287,0.8340488350213403,0.23684074426965562,69.89067666448287,2696.283963245395,1.8375518074635664,2.1113028034878005,0.3945468153719471,0.2118535331240947,0.0737217331883705,718.9248144070824,4,1.2679541392266637e-13,6.221243400800922e-13,5.2909913583807855e-14,0.8683173968354383,1.8202826486755035,4.348069109764249e-11,7.147139623213446,3.211103144011701,3.9217462015436952,2.087011690173562,1.0121573386706673,0.0,276954043.09311247,128.25610529737838,79.07438427838748,1338785.5608697087,16338785.560869709,1338255.9892059173,143.7000321640966,143.7000321640966,143.7000321640966,108.07323828007573,35.62679388402087,276954043.0931125,276954043.09311306,0.0,1.000000000000002,0.0023555217363127935,0.0010066349481725162,0.6919967419418296,0.0,1.9369343627822135e-15,600,0,0.0,0.3195099790000313,0.0,5.860442046554177e-13,68,0.05,24000000.0,False,7661214.439130291,0.65123;0.65137;0.65156;0.65183;0.65220;0.65272;0.65355;0.65496;0.65795;0.66346;0.67420;0.64852;0.58961;0.50962;0.34226;0.02738;0.00000;0.00000;0.00000;0.00000;0.00000;0.00000;0.00000;0.00000
ok,R0093_S+02,93,2,20354909,345.9405074159287,0.8340488350213403,0.23684074426965562,69.89067666448287,2696.283963245395,1.8375518074635664,2.1113028034878005,0.3945468153719471,0.2118535331240947,0.0737217331883705,718.9248144070824,4,1.2679541392266637e-13,6.221243400800922e-13,5.2909913583807855e-14,0.8683173968354383,1.8202826486755035,4.348069109764249e-11,7.147139623213446,3.211103144011701,3.062863462665764,3.28977595926366,2.5373929080107724,0.0,350685105.319151,146.9489841733533,89.23040549513188,1843059.6623235047,16843059.662323505,1841039.986144811,171.97779245496545,171.97779245496545,171.97779245496545,114.15198355193375,57.8258089030317,350685105.31915146,350685105.31914985,0.0,0.9999999999999954,0.0030474600014727495,0.0012701013367792974,0.6807413488203192,0.0,4.589089711896752e-15,670,0,0.0,0.2664536700000326,0.0,4.886766722330331e-13,0,0.05,24000000.0,False,7156940.337676495,0.63365;0.63387;0.63418;0.63461;0.63521;0.63604;0.63704;0.63860;0.64134;0.64692;0.65905;0.65963;0.61023;0.53730;0.40818;0.15562;0.00000;0.00000;0.00000;0.00000;0.00000;0.00000;0.00000;0.00000
ok,R0093_S+03,93,3,20354909,345.9405074159287,0.8340488350213403,0.23684074426965562,69.89067666448287,2696.283963245395,1.8375518074635664,2.1113028034878005,0.3945468153719471,0.2118535331240947,0.0737217331883705,718.9248144070824,4,1.2679541392266637e-13,6.221243400800922e-13,5.2909913583807855e-14,0.8683173968354383,1.8202826486755035,4.348069109764249e-11,7.147139623213446,3.211103144011701,1.4815295789580685,1.9039121232186051,1.808812706757355,0.0,204897753.66922063,113.59599916927012,68.20399541780732,1117970.002698416,16117970.002698416,1116587.8180021178,133.3484458428601,133.3484458428601,133.3484458428601,84.29549537640655,49.05295046645354,204897753.66922066,204897753.66922158,0.0,1.0000000000000044,0.001848062225071154,0.0007468456639186449,0.699824512035264,0.0,4.5089415451084904e-15,433,0,0.0,0.17623040000000856,0.0,5.547391512860519e-13,0,0.05,24000000.0,False,7882029.997301584,0.66188;0.66209;0.66238;0.66278;0.66335;0.66414;0.66571;0.66869;0.67550;0.68588;0.67184;0.62085;0.55152;0.43859;0.21912;0.00185;0.00000;0.00000;0.00000;0.00000;0.00000;0.00000;0.00000;0.00000
ok,R0094_S+00,94,0,20355909,429.0396067150892,0.2088109271503465,0.21502527075597566,35.44667060852714,3994.807825262016,1.7792162191824066,3.5886669397481183,0.4629143219882567,0.3055989535538497,0.0529722449895021,741.2559432882634,4,4.478209131498707e-13,4.510389358636458e-13,4.4462539508763886e-13,0.129206717253474,0.13768052141269382,1.5987828591179257e-11,7.078014407475424,5.243285294931289,4.5536846469094,5.986043653079921,6.654321125328797,0.0,678253667.6805238,341.64560558941974,219.10704971040852,2947741.945729479,17947741.94572948,2903420.4142266214,371.27063856789556,371.27063856789556,371.27063856789556,365.9717700102782,5.298868557617368,678253667.6805251,678253667.6805246,0.0,0.9999999999999993,0.008586082560331453,0.0023303701388006524,0.460952045794945,0.0,7.030366084621419e-16,2027,0,0.0,1.0839026090000061,0.0,7.625826458567457e-14,0,0.05,24000000.0,False,6052258.054270521,0.40911;0.40920;0.40933;0.40952;0.40977;0.41013;0.41041;0.41077;0.41130;0.41215;0.41370;0.41684;0.42548;0.45859;0.43815;0.39415;0.34371;0.27150;0.01945;0.00000;0.00000;0.00000;0.00000;0.00000
ok,R0094_S+01,94,1,20355909,429.0396067150892,0.2088109271503465,0.21502527075597566,35.44667060852714,3994.807825262016,1.7792162191824066,3.5886669397481183,0.4629143219882567,0.3055989535538497,0.0529722449895021,741.2559432882634,4,4.478209131498707e-13,4.510389358636458e-13,4.4462539508763886e-13,0.129206717253474,0.13768052141269382,1.5987828591179257e-11,7.078014407475424,5.243285294931289,13.63060872234801,7.453644140196511,3.462566258656652,0.0,968298373.8740226,404.5572628797615,262.20906173175683,3909563.037370313,18909563.037370313,3884857.2848089747,432.6703115225294,432.6703115225294,432.6703115225294,431.02771739911003,1.6425941234193715,968298373.8740245,968298373.8740232,0.0,0.9999999999999987,0.010769258028808022,0.0032897326814866163,0.43923980592401296,0.0,1.3542335920820146e-15,3912,0,0.0,2.042467694999914,0.0,1.1456593926616946e-13,0,0.05,24000000.0,False,5090436.962629687,0.39222;0.39226;0.39232;0.39240;0.39251;0.39267;0.39280;0.39298;0.39326;0.39371;0.39454;0.39616;0.39926;0.40697;0.43619;0.41790;0.37193;0.31557;0.18723;0.00000;0.00000;0.00000;0.00000;0.00000
ok,R0094_S+02,94,2,20355909,429.0396067150892,0.2088109271503465,0.21502527075597566,35.44667060852714,3994.807825262016,1.7792162191824066,3.5886669397481183,0.4629143219882567,0.3055989535538497,0.0529722449895021,741.2559432882634,4,4.478209131498707e-13,4.510389358636458e-13,4.4462539508763886e-13,0.129206717253474,0.13768052141269382,1.5987828591179257e-11,7.078014407475424,5.243285294931289,0.5137332960789809,3.5083825293105453,6.744371553184892,0.0,424705627.62262505,270.6063134007934,173.4106060506752,1966619.6524510495,16966619.65245105,1925977.2581034936,295.7292188269988,295.7292188269988,295.7292188269988,288.1705323678976,7.558686459101239,424705627.62262607,424705627.62262714,0.0,1.0000000000000024,0.0054577495584898885,0.0014738713981680641,0.4809822332425548,0.0,2.526181750787504e-15,1046,0,0.0,0.669151874000022,0.0,5.69901655803268e-13,0,0.05,24000000.0,False,7033380.34754895,0.43215;0.43227;0.43245;0.43269;0.43303;0.43350;0.43394;0.43455;0.43551;0.43723;0.44072;0.45186;0.47971;0.45057;0.40755;0.35947;0.29867;0.09928;0.00000;0.00000;0.00000;0.00000;0.00000;0.00000
ok,R0094_S+03,94,3,20355909,429.0396067150892,0.2088109271503465,0.21502527075597566,35.44667060852714,3994.807825262016,1.7792162191824066,3.5886669397481183,0.4629143219882567,0.3055989535538497,0.0529722449895021,741.2559432882634,4,4.478209131498707e-13,4.510389358636458e-13,4.4462539508763886e-13,0.129206717253474,0.13768052141269382,1.5987828591179257e-11,7.078014407475424,5.243285294931289,0.5434605979910142,1.043539294132227,1.7848155374899255,0.0,133008003.25195058,149.74720513343638,96.8987979628062,600226.4631780963,15600226.463178096,591849.2140706703,165.05319992618848,165.05319992618848,165.05319992618848,159.70824980266104,5.34495012352744,133008003.25195074,133008003.2519467,0.0,0.9999999999999697,0.001758165795824286,0.0004670306290937886,0.5295363689348674,0.0,3.0360689468312046e-14,315,0,0.0,0.13443165600006068,0.0,4.80906820206014e-13,0,0.05,24000000.0,False,8399773.536821904,0.49263;0.49273;0.49286;0.49305;0.49331;0.49367;0.49520;0.49857;0.51099;0.52669;0.49836;0.46064;0.41870;0.37248;0.31741;0.19681;0.00000;0.00000;0.00000;0.00000;0.00000;0.00000;0.00000;0.00000
ok,R0097_S+00,97,0,20358909,248.5346136205516,0.1869023346010395,0.2505979059944401,36.56973114739746,3200.3627350942024,1.774576322858159,3.797592536179648,0.2144376245313847,0.1523478628398872,0.0762472168198322,647.6295613584126,4,2.5562586444012196e-13,2.6353918920519324e-13,2.4769043147506146e-13,0.2506489698080703,0.27889581071973374,9.637557296037027e-12,4.621547949512674,1.6874396218665018,2.489258481137299,2.0507621956740563,1.7726333901861189,0.0,249015264.9808494,164.9633977861698,108.99638171933697,1746221.8862339854,16746221.886233985,1703515.6687510274,188.3850188770489,188.3850188770489,188.3850188770489,172.94773567468968,15.437283202359225,249015264.98084942,249015264.98084933,0.0,0.9999999999999997,0.0032010547114889975,0.001284527178474061,0.6325803838374726,0.0,3.5904211402446273e-16,701,0,0.0,0.41946626499998274,0.0,2.5034279110825148e-14,0,0.05,24000000.0,False,7253778.113766015,0.58805;0.58824;0.58851;0.58888;0.58940;0.59012;0.59090;0.59207;0.59408;0.59811;0.60898;0.63217;0.60215;0.55521;0.49749;0.39011;0.00046;0.00000;0.00000;0.00000;0.00000;0.00000;0.00000;0.00000
ok,R0097_S+01,97,1,20358909,248.5346136205516,0.1869023346010395,0.2505979059944401,36.56973114739746,3200.3627350942024,1.774576322858159,3.797592536179648,0.2144376245313847,0.1523478628398872,0.0762472168198322,647.6295613584126,4,2.5562586444012196e-13,2.6353918920519324e-13,2.4769043147506146e-13,0.2506489698080703,0.27889581071973374,9.637557296037027e-12,4.621547949512674,1.6874396218665018,1.3046971982592086,0.95294626611168,0.5760062038053909,0.0,111778978.4605497,111.72539317791974,72.91441800626082,741711.4762354922,15741711.476235492,730024.3768956009,123.87617149904781,123.87617149904781,123.87617149904781,118.57981837478822,5.296353124259596,111778978.46054965,111778978.4605498,0.0,1.0000000000000013,0.0014002542913035822,0.0005813618220012836,0.6637981705107867,0.0,1.3330915525504422e-15,342,0,0.0,0.19464267399996515,0.0,8.167414165745066e-14,0,0.05,24000000.0,False,8258288.523764508,0.63312;0.63325;0.63345;0.63371;0.63408;0.63460;0.63645;0.63988;0.64863;0.66250;0.63451;0.59305;0.54458;0.48401;0.33652;0.00000;0.00000;0.00000;0.00000;0.00000;0.00000;0.00000;0.00000;0.00000
ok,R0097_S+02,97,2,20358909,248.5346136205516,0.1869023346010395,0.2505979059944401,36.56973114739746,3200.3627350942024,1.774576322858159,3.797592536179648,0.2144376245313847,0.1523478628398872,0.0762472168198322,647.6295613584126,4,2.5562586444012196e-13,2.6353918920519324e-13,2.4769043147506146e-13,0.2506489698080703,0.27889581071973374,9.637557296037027e-12,4.621547949512674,1.6874396218665018,6.405590015672174,4.217043765362181,4.051184804284939,0.0,578838121.7350903,252.01828422732976,166.5090528300426,4098789.1874250546,19098789.187425055,3984022.412584156,286.3078420271053,286.3078420271053,286.3078420271053,264.84126638380434,21.466575643300985,578838121.7350901,578838121.7350909,0.0,1.0000000000000013,0.007292612582114297,0.002928862915371579,0.5921647927962029,0.0,1.2356748984684703e-15,2414,0,0.0,1.264676690999977,0.0,2.468112045509944e-14,0,0.05,24000000.0,False,4901210.812574945,0.53723;0.53747;0.53781;0.53828;0.53893;0.53983;0.54045;0.54114;0.54202;0.54326;0.54529;0.54913;0.55852;0.58824;0.56830;0.51482;0.43213;0.04256;0.00000;0.00000;0.00000;0.00000;0.00000;0.00000
ok,R0097_S+03,97,3,20358909,248.5346136205516,0.1869023346010395,0.2505979059944401,36.56973114739746,3200.3627350942024,1.774576322858159,3.797592536179648,0.2144376245313847,0.1523478628398872,0.0762472168198322,647.6295613584126,4,2.5562586444012196e-13,2.6353918920519324e-13,2.4769043147506146e-13,0.2506489698080703,0.27889581071973374,9.637557296037027e-12,4.621547949512674,1.6874396218665018,6.830730747457464,3.636247194503947,1.9850137564214148,0.0,491193716.5261073,230.44011203873913,153.31878902102153,3201233.5557477176,18201233.555747718,3151397.8508664332,261.98091759581644,261.98091759581644,261.98091759581644,242.4350811567247,19.545836439091744,491193716.5261077,491193716.5261073,0.0,0.9999999999999991,0.006175505051825521,0.002498069232635914,0.5953607100065585,0.0,8.494255919610442e-16,1995,0,0.0,1.093451367000057,0.0,4.3155211274752516e-14,0,0.05,24000000.0,False,5798766.444252282,0.55173;0.55187;0.55207;0.55234;0.55272;0.55325;0.55368;0.55423;0.55503;0.55636;0.55881;0.56279;0.57505;0.59407;0.55662;0.49905;0.39401;0.00062;0.00000;0.00000;0.00000;0.00000;0.00000;0.00000
ok,R0102_S+00,102,0,20363909,261.3943139820355,0.4584751753636757,0.22083870397353772,51.1987497135311,2251.4962738358395,2.7423185790942632,2.6951655787546063,0.567898613104601,0.2114717859022487,0.0443038328208838,776.8730579306912,4,3.0742978598805037e-13,3.362105101838891e-13,2.850857310193028e-13,0.3762171177704582,0.5230412790138881,1.721355776196354e-11,3.723581111911709,7.690963651843323,14.023717554890354,14.643273241225703,11.070247223983593,0.0,1567514828.178871,342.6120858104484,233.29893635106362,12426563.35159178,27426563.35159178,12365355.917234972,378.53306296251765,378.53306296251765,378.53306296251765,364.52534433772024,14.007718624797405,1567514828.1788666,1567514828.1788757,0.0,1.0000000000000058,0.02547633596135187,0.009966718171080264,0.4960303499928986,0.0,5.779789666414284e-15,9547,0,0.0,5.152401151999925,0.0,4.3244379871251514e-14,0,0.05,24000000.0,True,-3426563.351591781,0.42506;0.42513;0.42522;0.42535;0.42552;0.42577;0.42594;0.42612;0.42634;0.42665;0.42714;0.42796;0.42949;0.43262;0.44014;0.48112;0.47448;0.39875;0.02936;0.00000;0.00000;0.00000;0.00000;0.00000
ok,R0102_S+01,102,1,20363909,261.3943139820355,0.4584751753636757,0.22083870397353772,51.1987497135311,2251.4962738358395,2.7423185790942632,2.6951655787546063,0.567898613104601,0.2114717859022487,0.0443038328208838,776.8730579306912,4,3.0742978598805037e-13,3.362105101838891e-13,2.850857310193028e-13,0.3762171177704582,0.5230412790138881,1.721355776196354e-11,3.723581111911709,7.690963651843323,1.2262332382823575,1.204928348958369,1.3993395779976083,0.0,151101779.46515658,109.12316530465284,72.33715710041443,1248370.700607095,16248370.700607095,1244947.986513136,119.87396162381378,119.87396162381378,119.87396162381378,116.45702544797942,3.4169361758343655,151101779.46515656,151101779.4651556,0.0,0.9999999999999937,0.0026103285212198215,0.0010668521386226807,0.6213904749629007,0.0,6.311469790639781e-15,403,0,0.0,0.21854144199994607,0.0,3.792965570498859e-13,0,0.05,24000000.0,False,7751629.299392905,0.57284;0.57290;0.57297;0.57308;0.57323;0.57343;0.57495;0.57825;0.58785;0.61891;0.59407;0.54974;0.50054;0.44307;0.30499;0.00000;0.00000;0.00000;0.00000;0.00000;0.00000;0.00000;0.00000;0.00000
ok,R0102_S+02,102,2,20363909,261.3943139820355,0.4584751753636757,0.22083870397353772,51.1987497135311,2251.4962738358395,2.7423185790942632,2.6951655787546063,0.567898613104601,0.2114717859022487,0.0443038328208838,776.8730579306912,4,3.0742978598805037e-13,3.362105101838891e-13,2.850857310193028e-13,0.3762171177704582,0.5230412790138881,1.721355776196354e-11,3.723581111911709,7.690963651843323,9.800077688857815,10.91349344428006,8.728104127866251,0.0,1161385764.02083,299.66106554493626,200.69292433843574,9309640.297505043,24309640.297505043,9266473.483941875,325.8358623392717,325.8358623392717,325.8358623392717,322.102339317278,3.733523021993733,1161385764.0208313,1161385764.0208304,0.0,0.9999999999999992,0.01954182923564432,0.007595169955275348,0.5128572585417761,0.0,8.211520632942288e-16,5665,0,0.0,2.698738830000025,0.0,6.765749286104255e-14,0,0.05,24000000.0,True,-309640.29750504345,0.44466;0.44473;0.44481;0.44493;0.44509;0.44532;0.44549;0.44569;0.44597;0.44639;0.44711;0.44842;0.45106;0.45711;0.48636;0.50262;0.44659;0.31226;0.00000;0.00000;0.00000;0.00000;0.00000;0.00000
ok,R0102_S+03,102,3,20363909,261.3943139820355,0.4584751753636757,0.22083870397353772,51.1987497135311,2251.4962738358395,2.7423185790942632,2.6951655787546063,0.567898613104601,0.2114717859022487,0.0443038328208838,776.8730579306912,4,3.0742978598805037e-13,3.362105101838891e-13,2.850857310193028e-13,0.3762171177704582,0.5230412790138881,1.721355776196354e-11,3.723581111911709,7.690963651843323,0.4388222196222961,0.3625750407004865,0.5396149634659839,0.0,52898909.191795476,64.66011978924378,42.80106465059976,440578.4693408087,15440578.469340809,439598.43363811634,70.09962057583844,70.09962057583844,70.09962057583844,69.07296036114924,1.0266602146892012,52898909.19179544,52898909.19179928,0.0,1.0000000000000726,0.0008744302949193682,0.0003765040594836486,0.6509773799877138,0.0,7.267634903535918e-14,300,0,0.0,0.16017870700000003,0.0,1.1069338671108189e-12,0,0.05,24000000.0,False,8559421.530659191,0.63399;0.63421;0.63452;0.63495;0.63554;0.63637;0.64806;0.64252;0.61034;0.56852;0.52148;0.46913;0.39555;0.01766;0.00000;0.00000;0.00000;0.00000;0.00000;0.00000;0.00000;0.00000;0.00000;0.00000
ok,R0105_S+00,105,0,20366909,44.03175959298799,0.3471755835583592,0.23779669666020972,46.87817235023421,2420.833595865308,2.488678647985406,2.5562737053914324,0.278467839076023,0.1982041059844296,0.0487723598049931,691.2866055127593,4,3.8425880414020605e-14,4.1924596170137215e-14,3.5487742238861426e-14,0.3790677712489581,0.4909949703824443,1.965348444977662e-12,2.6416997572319816,3.4257252286675044,0.1816960840359673,0.3774636074494452,0.7552400035381179,0.0,51849124.7695932,68.1469090951424,42.626639285811805,771170.4203169812,15771170.420316981,737633.8315395787,79.36350063991974,79.36350063991974,79.36350063991974,62.761455427084464,16.60204521283527,51849124.76959321,51849124.769593254,0.0,1.0000000000000009,0.0007785880720834197,0.00036383180087570983,0.6878845098985168,0.0,8.62183957399397e-16,322,0,0.0,0.15748475700002018,0.0,1.2416218406059225e-13,0,0.05,24000000.0,False,8228829.579683019,0.66038;0.66075;0.66127;0.66198;0.66298;0.66437;0.66869;0.67980;0.67416;0.63843;0.59170;0.53476;0.43054;0.06746;0.00000;0.00000;0.00000;0.00000;0.00000;0.00000;0.00000;0.00000;0.00000;0.00000
ok,R0105_S+01,105,1,20366909,44.03175959298799,0.3471755835583592,0.23779669666020972,46.87817235023421,2420.833595865308,2.488678647985406,2.5562737053914324,0.278467839076023,0.1982041059844296,0.0487723598049931,691.2866055127593,4,3.8425880414020605e-14,4.1924596170137215e-14,3.5487742238861426e-14,0.3790677712489581,0.4909949703824443,1.965348444977662e-12,2.6416997572319816,3.4257252286675044,7.5028890869576115,6.961900341496764,4.765570792789166,0.0,758580019.6473941,255.30170641097118,164.7724698830544,8869343.629112236,23869343.629112236,8537337.171059083,299.4958374070356,299.4958374070356,299.4958374070356,245.18339575422246,54.312441652813135,758580019.6473902,758580019.6473935,0.0,1.0000000000000042,0.011872108402601953,0.005030152331747985,0.5705512550279421,0.0,4.2429944560986654e-15,5701,0,0.0,2.8418146299999307,0.0,7.800728562421128e-15,0,0.05,24000000.0,False,130656.3708877638,0.51405;0.51454;0.51523;0.51620;0.51753;0.51939;0.52075;0.52194;0.52325;0.52478;0.52677;0.52970;0.53471;0.54323;0.56235;0.53643;0.43903;0.05865;0.00000;0.00000;0.00000;0.00000;0.00000;0.00000
ok,R0105_S+02,105,2,20366909,44.03175959298799,0.3471755835583592,0.23779669666020972,46.87817235023421,2420.833595865308,2.488678647985406,2.5562737053914324,0.278467839076023,0.1982041059844296,0.0487723598049931,691.2866055127593,4,3.8425880414020605e-14,4.1924596170137215e-14,3.5487742238861426e-14,0.3790677712489581,0.4909949703824443,1.965348444977662e-12,2.6416997572319816,3.4257252286675044,1.0557635976932789,0.9561245575342902,1.5370633227787651,0.0,139995488.95291585,111.05665913290528,70.12326579408231,1869315.86424781,16869315.86424781,1789331.1447042748,130.85986824086572,130.85986824086572,130.85986824086572,105.3031425641775,25.556725676688217,139995488.9529157,139995488.95291588,0.0,1.0000000000000013,0.0022202047304299218,0.0009751948187791758,0.657008799372336,0.0,1.2772835443741468e-15,504,0,0.0,0.21864493700002186,0.0,2.3986968714684043e-14,0,0.05,24000000.0,False,7130684.13575219,0.61374;0.61413;0.61468;0.61545;0.61652;0.61800;0.61954;0.62182;0.62605;0.64029;0.65044;0.61667;0.56561;0.49734;0.23791;0.00010;0.00000;0.00000;0.00000;0.00000;0.00000;0.00000;0.00000;0.00000
ok,R0105_S+03,105,3,20366909,44.03175959298799,0.3471755835583592,0.23779669666020972,46.87817235023421,2420.833595865308,2.488678647985406,2.5562737053914324,0.278467839076023,0.1982041059844296,0.0487723598049931,691.2866055127593,4,3.8425880414020605e-14,4.1924596170137215e-14,3.5487742238861426e-14,0.3790677712489581,0.4909949703824443,1.965348444977662e-12,2.6416997572319816,3.4257252286675044,2.083748332591586,2.4099919849223137,3.0914226671637666,0.0,299211924.25657994,162.21131541766346,102.83854650120811,4005792.7933691815,19005792.79336918,3811878.7826658525,185.69260769619214,185.69260769619214,185.69260769619214,149.5591488976275,36.13345879856465,299211924.2565795,299211924.2565797,0.0,1.0000000000000007,0.004416791744166086,0.00205705879548911,0.6237327476612243,0.0,5.976163375522286e-16,1265,0,0.0,0.6355698219999795,0.0,1.6918105024527108e-14,0,0.05,24000000.0,False,4994207.206630819,0.56827;0.56878;0.56948;0.57046;0.57183;0.57372;0.57509;0.57658;0.57854;0.58150;0.58695;0.60438;0.61490;0.57363;0.50895;0.30227;0.00504;0.00000;0.00000;0.00000;0.00000;0.00000;0.00000;0.00000
ok,R0106_S+00,106,0,20367909,42.1287285846485,0.2246286639535492,0.1367087421480884,72.56224774311846,3695.5160721989,2.318598896255409,3.036851556131104,0.5964704333221149,0.2332824838544372,0.0565639957518822,702.5047554279747,4,3.697518082043058e-14,3.8026261386655365e-14,3.5947726657085755e-14,0.24004602454545187,0.27212653839590395,2.759270999483066e-12,4.798568232461694,6.327032863150587,3.123395844164732,2.6587423657291294,2.299388613198596,0.0,318791988.59052813,192.5167189232352,123.49783426143327,1827587.8782735765,16827587.878273576,1762786.77753181,220.40232774782174,220.40232774782174,220.40232774782174,186.98216918895363,33.42015855886811,318791988.5905279,318791988.590528,0.0,1.0000000000000004,0.0030063426586940884,0.001053059516877867,0.5472506586407841,0.0,3.7394066920514597e-16,827,0,0.0,0.3700563480000483,0.0,2.133207159516373e-14,0,0.05,24000000.0,False,7172412.1217264235,0.51696;0.51725;0.51764;0.51819;0.51896;0.52002;0.52093;0.52213;0.52398;0.52729;0.53346;0.54497;0.53194;0.48970;0.43797;0.36831;0.10633;0.00000;0.00000;0.00000;0.00000;0.00000;0.00000;0.00000
ok,R0106_S+01,106,1,20367909,42.1287285846485,0.2246286639535492,0.1367087421480884,72.56224774311846,3695.5160721989,2.318598896255409,3.036851556131104,0.5964704333221149,0.2332824838544372,0.0565639957518822,702.5047554279747,4,3.697518082043058e-14,3.8026261386655365e-14,3.5947726657085755e-14,0.24004602454545187,0.27212653839590395,2.759270999483066e-12,4.798568232461694,6.327032863150587,19.42572694047432,18.102653220322424,17.580893030892334,0.0,2173895499.592559,495.18870699476054,327.5594122788085,14451512.803577736,29451512.803577736,13443648.147517405,569.5974999794303,569.5974999794303,569.5974999794303,486.44222928097804,83.15527069845223,2173895499.5925665,2173895499.592559,0.0,0.9999999999999964,0.020022296356173485,0.00670664482817207,0.45174986893594543,0.0,3.5095498070997012e-15,21803,0,0.0,11.228570704000049,0.0,4.436276092541674e-15,0,0.05,24000000.0,True,-5451512.803577736,0.38534;0.38594;0.38677;0.38793;0.38954;0.39179;0.39388;0.39531;0.39678;0.39830;0.39992;0.40173;0.40389;0.40679;0.41142;0.42092;0.44276;0.42876;0.35452;0.05948;0.00000;0.00000;0.00000;0.00000
ok,R0106_S+02,106,2,20367909,42.1287285846485,0.2246286639535492,0.1367087421480884,72.56224774311846,3695.5160721989,2.318598896255409,3.036851556131104,0.5964704333221149,0.2332824838544372,0.0565639957518822,702.5047554279747,4,3.697518082043058e-14,3.8026261386655365e-14,3.5947726657085755e-14,0.24004602454545187,0.27212653839590395,2.759270999483066e-12,4.798568232461694,6.327032863150587,21.448777019647743,15.74371414254333,10.994808534563022,0.0,1900844411.1378589,468.4038067233315,306.37463071026116,10916005.788011022,25916005.788011022,10326351.212343615,528.7401137373004,528.7401137373004,528.7401137373004,454.7637040572959,73.97640968000445,1900844411.137849,1900844411.1378593,0.0,1.0000000000000053,0.018029870220242626,0.005921125572271399,0.45177172353830886,0.0,5.393391926922794e-15,17501,0,0.0,8.987961370999983,0.0,5.985295725646132e-15,0,0.05,24000000.0,True,-1916005.788011022,0.40368;0.40414;0.40478;0.40567;0.40692;0.40864;0.40997;0.41102;0.41212;0.41328;0.41456;0.41609;0.41812;0.42120;0.42617;0.43419;0.44781;0.41811;0.32662;0.01286;0.00000;0.00000;0.00000;0.00000
ok,R0106_S+03,106,3,20367909,42.1287285846485,0.2246286639535492,0.1367087421480884,72.56224774311846,3695.5160721989,2.318598896255409,3.036851556131104,0.5964704333221149,0.2332824838544372,0.0565639957518822,702.5047554279747,4,3.697518082043058e-14,3.8026261386655365e-14,3.5947726657085755e-14,0.24004602454545187,0.27212653839590395,2.759270999483066e-12,4.798568232461694,6.327032863150587,1.3894384793535948,1.1287458399784316,1.2093142242252712,0.0,147038635.04770473,129.42324339665066,83.65004532653545,876477.1608855147,15876477.160885515,847681.1978400107,148.6973739038493,148.6973739038493,148.6973739038493,129.0074153391822,19.68995856466711,147038635.04770467,147038635.04770482,0.0,1.000000000000001,0.0013632719896046613,0.0004889593679067943,0.5842823991549004,0.0,1.0134180849144295e-15,362,0,0.0,0.19625765799992223,0.0,3.9677171526426685e-14,0,0.05,24000000.0,False,8123522.839114485,0.55816;0.55841;0.55875;0.55922;0.55988;0.56080;0.56234;0.56514;0.57181;0.58297;0.56764;0.52848;0.48173;0.42875;0.35042;0.05031;0.00000;0.00000;0.00000;0.00000;0.00000;0.00000;0.00000;0.00000
ok,R0117_S+00,117,0,20378909,38.01480975234772,0.447067488671042,0.22600131091190936,72.35653743885513,3020.984433235779,2.9985622293189502,3.8576028711037753,0.6288232367070885,0.2939099155937219,0.0712294000190038,753.9944373340381,4,3.608317248664683e-14,4.854181187036408e-14,2.853440006724127e-14,0.5792443804008129,0.9265886419455962,3.5123174279478623e-12,5.217565767051711,5.29688502112319,2.788088518032052,1.8304745944027605,1.0689182446339978,0.0,224354077.09229335,138.8697090982172,81.16749548597117,1264509.046049906,16264509.046049906,1218581.5781848487,162.36146358113177,162.36146358113177,162.36146358113177,98.59851252614287,63.7629510549889,224354077.0922933,224354077.09229332,0.0,1.0000000000000002,0.0017452895579264428,0.0006293919868440802,0.4949712877739972,0.0,1.328361078788661e-16,581,0,0.0,0.3209572539999499,0.0,2.7226005202248886e-14,0,0.05,24000000.0,False,7735490.953950094,0.48032;0.48061;0.48102;0.48158;0.48236;0.48345;0.48466;0.48642;0.48735;0.48980;0.48787;0.47046;0.43889;0.39801;0.24062;0.06323;0.00000;0.00000;0.00000;0.00000;0.00000;0.00000;0.00000;0.00000
ok,R0117_S+01,117,1,20378909,38.01480975234772,0.447067488671042,0.22600131091190936,72.35653743885513,3020.984433235779,2.9985622293189502,3.8576028711037753,0.6288232367070885,0.2939099155937219,0.0712294000190038,753.9944373340381,4,3.608317248664683e-14,4.854181187036408e-14,2.853440006724127e-14,0.5792443804008129,0.9265886419455962,3.5123174279478623e-12,5.217565767051711,5.29688502112319,1.7386435014446997,1.6725152284569356,1.127274592883471,0.0,179027579.2839041,125.69344636598504,72.48867688764025,1017378.0925923456,16017378.092592346,995712.8061690442,146.74220729485734,146.74220729485734,146.74220729485734,87.42172537501634,59.320481919841,179027579.28390414,179027579.28390414,0.0,1.0,0.0014047210965943888,0.0005030264185908768,0.5062117542222602,0.0,0.0,471,0,0.0,0.2501161679999768,0.0,3.1908131465975835e-14,0,0.05,24000000.0,False,7982621.907407654,0.48677;0.48709;0.48753;0.48814;0.48900;0.49018;0.49174;0.49406;0.49698;0.49949;0.48884;0.46074;0.42589;0.37220;0.16991;0.02200;0.00000;0.00000;0.00000;0.00000;0.00000;0.00000;0.00000;0.00000
ok,R0117_S+02,117,2,20378909,38.01480975234772,0.447067488671042,0.22600131091190936,72.35653743885513,3020.984433235779,2.9985622293189502,3.8576028711037753,0.6288232367070885,0.2939099155937219,0.0712294000190038,753.9944373340381,4,3.608317248664683e-14,4.854181187036408e-14,2.853440006724127e-14,0.5792443804008129,0.9265886419455962,3.5123174279478623e-12,5.217565767051711,5.29688502112319,1.0029331363160965,1.2007854883026656,2.3709233464818684,0.0,180455901.83400658,132.7802116793266,73.08485042451032,1403996.6065448746,16403996.606544875,1332126.4534149747,150.40866562724312,150.40866562724312,150.40866562724312,85.45337413505096,64.95529149219216,180455901.83400625,180455901.83400607,0.0,0.999999999999999,0.0014047210965943888,0.0005068190748911297,0.5106532458533009,0.0,9.909010041170903e-16,512,0,0.0,0.28686905899996873,0.0,4.776436964295839e-14,0,0.05,24000000.0,False,7596003.393455125,0.47440;0.47486;0.47551;0.47640;0.47766;0.47940;0.48113;0.48382;0.49296;0.49808;0.48797;0.45955;0.42400;0.35900;0.16676;0.04136;0.00000;0.00000;0.00000;0.00000;0.00000;0.00000;0.00000;0.00000
ok,R0117_S+03,117,3,20378909,38.01480975234772,0.447067488671042,0.22600131091190936,72.35653743885513,3020.984433235779,2.9985622293189502,3.8576028711037753,0.6288232367070885,0.2939099155937219,0.0712294000190038,753.9944373340381,4,3.608317248664683e-14,4.854181187036408e-14,2.853440006724127e-14,0.5792443804008129,0.9265886419455962,3.5123174279478623e-12,5.217565767051711,5.29688502112319,0.6487985503523848,0.9156827431066592,0.9231976419139588,0.0,98131470.96365884,95.32187060476257,53.685361423145714,639381.4156335574,15639381.415633557,619938.5350231212,108.52160050433334,108.52160050433334,108.52160050433334,63.04618684915368,45.47541365517966,98131470.96365887,98131470.96365911,0.0,1.0000000000000024,0.0007324157840270766,0.00027653805044115104,0.5285121862227595,0.0,2.4295832596849212e-15,309,0,0.0,0.16549187400005394,0.0,7.496965458701324e-14,0,0.05,24000000.0,False,8360618.584366443,0.50673;0.50708;0.50758;0.50826;0.50922;0.51055;0.51417;0.51907;0.51522;0.49369;0.46300;0.42851;0.37695;0.17781;0.04362;0.00000;0.00000;0.00000;0.00000;0.00000;0.00000;0.00000;0.00000;0.00000
ok,R0119_S+00,119,0,20380909,106.56832917827911,0.621136001703199,0.11510854011111009,75.46493222766938,2496.8700581954395,1.7596883737208695,2.131884040228058,0.4692032079397638,0.1852038241410092,0.0417336064613023,689.3142204587191,4,9.155784961333787e-14,1.257746856378932e-13,5.300998802028702e-14,0.6711748323229213,0.6337833722566238,9.491578127620033e-12,3.003763497786091,6.745688873663504,0.2382796657741913,0.4605473087457683,0.937349366135769,0.0,64542248.109846525,94.31494089751882,57.25533094605144,721197.606506601,15721197.606506601,717635.6555794552,105.85557011475156,105.85557011475156,105.85557011475156,79.83685536422963,26.018714750521923,64542248.10984648,64542248.1098472,0.0,1.000000000000011,0.001611973118311173,0.0005467338005618703,0.7035376559441224,0.0,1.119741470225231e-14,305,0,0.0,0.18178101099999822,0.0,1.0954106114833848e-12,0,0.05,24000000.0,False,8278802.393493399,0.66553;0.66570;0.66593;0.66626;0.66672;0.66735;0.67277;0.68724;0.69337;0.65001;0.58709;0.51344;0.42936;0.30262;0.05224;0.00000;0.00000;0.00000;0.00000;0.00000;0.00000;0.00000;0.00000;0.00000
ok,R0119_S+01,119,1,20380909,106.56832917827911,0.621136001703199,0.11510854011111009,75.46493222766938,2496.8700581954395,1.7596883737208695,2.131884040228058,0.4692032079397638,0.1852038241410092,0.0417336064613023,689.3142204587191,4,9.155784961333787e-14,1.257746856378932e-13,5.300998802028702e-14,0.6711748323229213,0.6337833722566238,9.491578127620033e-12,3.003763497786091,6.745688873663504,0.3555831326080989,0.3731746191056391,0.55486204897186,0.0,50634950.27764479,83.12311094243915,50.64895662073934,547878.2980349697,15547878.29803497,545900.0810713451,91.52283899821208,91.52283899821208,91.52283899821208,73.39660485974537,18.126234138466714,50634950.277644776,50634950.27764644,0.0,1.0000000000000329,0.0012765429701707912,0.0004295557197385445,0.710864260847238,0.0,3.2812898284755566e-14,289,0,0.0,0.14028302499991696,0.0,7.157641809322104e-13,0,0.05,24000000.0,False,8452121.70196503,0.68295;0.68315;0.68341;0.68378;0.68430;0.68502;0.69363;0.70677;0.68241;0.62927;0.56231;0.48560;0.39623;0.22782;0.00000;0.00000;0.00000;0.00000;0.00000;0.00000;0.00000;0.00000;0.00000;0.00000
ok,R0119_S+02,119,2,20380909,106.56832917827911,0.621136001703199,0.11510854011111009,75.46493222766938,2496.8700581954395,1.7596883737208695,2.131884040228058,0.4692032079397638,0.1852038241410092,0.0417336064613023,689.3142204587191,4,9.155784961333787e-14,1.257746856378932e-13,5.300998802028702e-14,0.6711748323229213,0.6337833722566238,9.491578127620033e-12,3.003763497786091,6.745688873663504,2.119747843210948,7.596348871014708,11.448412296966902,0.0,834876386.9645128,333.7736457841118,206.84211743639207,9010276.40064267,24010276.40064267,8926352.3825096,373.52552222466664,373.52552222466664,373.52552222466664,286.0698832824757,87.45563894219094,834876386.964511,834876386.9645097,0.0,0.9999999999999984,0.020184754786781545,0.0065747728882752455,0.5533295588121898,0.0,1.5706542974898326e-15,4440,0,0.0,2.1325220989999707,0.0,1.334118593288602e-13,0,0.05,24000000.0,True,-10276.400642670691,0.45821;0.45846;0.45882;0.45931;0.46000;0.46096;0.46167;0.46237;0.46323;0.46438;0.46614;0.46918;0.47532;0.49448;0.53820;0.50168;0.41369;0.26521;0.01832;0.00000;0.00000;0.00000;0.00000;0.00000
ok,R0119_S+03,119,3,20380909,106.56832917827911,0.621136001703199,0.11510854011111009,75.46493222766938,2496.8700581954395,1.7596883737208695,2.131884040228058,0.4692032079397638,0.1852038241410092,0.0417336064613023,689.3142204587191,4,9.155784961333787e-14,1.257746856378932e-13,5.300998802028702e-14,0.6711748323229213,0.6337833722566238,9.491578127620033e-12,3.003763497786091,6.745688873663504,0.2515012042846323,3.823670610519296,7.110278910738119,0.0,441232474.77045715,245.71722439613842,150.33922693039696,4914218.010572594,19914218.010572594,4871358.118590303,275.60968137308345,275.60968137308345,275.60968137308345,205.32392748926878,70.28575388381466,441232474.77045494,441232474.77045536,0.0,1.0000000000000009,0.010730185064930222,0.0036013947141372575,0.5977594952647207,0.0,9.456069924245576e-16,1644,0,0.0,0.9229818140000816,0.0,1.0835866857387915e-12,0,0.05,24000000.0,False,4085781.9894274063,0.51577;0.51600;0.51631;0.51675;0.51737;0.51822;0.51895;0.51986;0.52120;0.52344;0.52770;0.53835;0.56857;0.57535;0.50434;0.41672;0.27220;0.03313;0.00000;0.00000;0.00000;0.00000;0.00000;0.00000
ok,R0122_S+00,122,0,20383909,370.7667397376344,0.118196151140492,0.1435041239428808,42.29781794233837,1753.9774905435838,1.684034341673193,3.995451343338818,0.294002168403889,0.2197697276117281,0.0608744373968138,697.4309458261073,4,3.270289649904649e-13,3.287729940764511e-13,3.253814353633168e-13,0.11097521019350953,0.12206664992875443,1.3906380247803224e-11,1.1447268454491675,2.8977894266595112,1.218416363857707,1.0026117926566231,0.6005141730406761,0.0,111301380.27395631,144.08221991945848,94.62084773723504,3027369.9711559415,18027369.97115594,3019703.0603324063,155.77974804600305,155.77974804600305,155.77974804600305,155.01796870132512,0.7617793446779331,111301380.27395648,111301380.27395637,0.0,0.9999999999999991,0.008500553667320937,0.0026380197091274145,0.5231461419735596,0.0,9.371683271149942e-16,667,0,0.0,0.3904580989999431,0.0,3.1932834792672947e-13,0,0.05,24000000.0,False,5972630.0288440585,0.46726;0.46728;0.46732;0.46736;0.46743;0.46751;0.46792;0.46875;0.47039;0.47389;0.48358;0.52276;0.49423;0.44762;0.39153;0.27839;0.00000;0.00000;0.00000;0.00000;0.00000;0.00000;0.00000;0.00000
ok,R0122_S+01,122,1,20383909,370.7667397376344,0.118196151140492,0.1435041239428808,42.29781794233837,1753.9774905435838,1.684034341673193,3.995451343338818,0.294002168403889,0.2197697276117281,0.0608744373968138,697.4309458261073,4,3.270289649904649e-13,3.287729940764511e-13,3.253814353633168e-13,0.11097521019350953,0.12206664992875443,1.3906380247803224e-11,1.1447268454491675,2.8977894266595112,0.2923776742429603,0.2247950556733247,0.2327375783299209,0.0,29581711.929388084,74.88655603073138,48.796857565194216,816444.0631007552,15816444.063100755,814150.1958300266,81.63874315926863,81.63874315926863,81.63874315926863,81.47914953886595,0.15959362040267422,29581711.929388084,29581711.92938745,0.0,0.9999999999999786,0.002116094044424274,0.000717006809833974,0.5761039513096526,0.0,2.1408475352955192e-14,280,0,0.0,0.15085908200001086,0.0,5.355102592530552e-13,0,0.05,24000000.0,False,8183555.936899245,0.54308;0.54319;0.54333;0.54353;0.54381;0.54419;0.54965;0.56980;0.56736;0.53364;0.49242;0.44607;0.39080;0.27961;0.00000;0.00000;0.00000;0.00000;0.00000;0.00000;0.00000;0.00000;0.00000;0.00000
ok,R0122_S+02,122,2,20383909,370.7667397376344,0.118196151140492,0.1435041239428808,42.29781794233837,1753.9774905435838,1.684034341673193,3.995451343338818,0.294002168403889,0.2197697276117281,0.0608744373968138,697.4309458261073,4,3.270289649904649e-13,3.287729940764511e-13,3.253814353633168e-13,0.11097521019350953,0.12206664992875443,1.3906380247803224e-11,1.1447268454491675,2.8977894266595112,1.0858832160363456,1.0648889844189666,1.0116138788512588,0.0,124746643.6704063,153.5816719314159,100.19349637912617,3414751.19907292,18414751.19907292,3401495.4660152756,165.77713408463092,165.77713408463092,165.77713408463092,165.4890760920753,0.2880579925556219,124746643.67040633,124746643.67040648,0.0,1.000000000000001,0.008500553667320937,0.0029460753069178365,0.5176594225050546,0.0,1.1945139969631634e-15,758,0,0.0,0.33713099299995974,0.0,1.9180210086072177e-13,0,0.05,24000000.0,False,5585248.80092708,0.46006;0.46009;0.46013;0.46019;0.46028;0.46039;0.46076;0.46145;0.46278;0.46554;0.47215;0.50793;0.50135;0.45628;0.40249;0.31274;0.00417;0.00000;0.00000;0.00000;0.00000;0.00000;0.00000;0.00000
ok,R0122_S+03,122,3,20383909,370.7667397376344,0.118196151140492,0.1435041239428808,42.29781794233837,1753.9774905435838,1.684034341673193,3.995451343338818,0.294002168403889,0.2197697276117281,0.0608744373968138,697.4309458261073,4,3.270289649904649e-13,3.287729940764511e-13,3.253814353633168e-13,0.11097521019350953,0.12206664992875443,1.3906380247803224e-11,1.1447268454491675,2.8977894266595112,0.1180858568611525,2.116611217737699,3.4904870337559792,0.0,225841337.522273,205.3925999191794,134.8351090747393,6265134.93363481,21265134.93363481,6212716.274466887,222.45554499507315,222.45554499507315,222.45554499507315,221.60677562547184,0.8487693696013139,225841337.5222736,225841337.52227354,0.0,0.9999999999999998,0.015426465538602257,0.005194864494575453,0.48760203369011196,0.0,2.6392265220051716e-16,1887,0,0.0,0.8020193119999703,0.0,8.023515066948465e-13,0,0.05,24000000.0,False,2734865.06636519,0.42243;0.42249;0.42258;0.42269;0.42286;0.42308;0.42333;0.42367;0.42423;0.42521;0.42705;0.43096;0.44291;0.48652;0.45218;0.39651;0.29389;0.00081;0.00000;0.00000;0.00000;0.00000;0.00000;0.00000
ok,R0123_S+00,123,0,20384909,321.4425847139357,0.3227390661301139,0.2143192092499832,38.28490237924588,3634.517726807504,2.889778297606506,3.4671367651777976,0.3090864343678438,0.33548850986261,0.0750688086322757,611.3512970812664,4,3.595356848033755e-13,3.770395044343148e-13,3.4565594482933024e-13,0.28925146464821816,0.38502120542667434,1.4434920620386988e-11,5.143923123488035,2.4704249874157664,19.220423188382085,10.936034030695335,6.144282348422249,0.0,1431955273.7191594,457.2463012490689,310.4489725007663,8468377.614918597,23468377.614918597,8346983.212127555,504.4118776639548,504.4118776639548,504.4118776639548,488.18293383400544,16.228943829949344,1431955273.71917,1431955273.7191622,0.0,0.9999999999999946,0.017947919928950083,0.006382071531061073,0.4551126414751366,0.0,5.494454508985292e-15,18692,0,0.0,9.805593541999997,0.0,1.864119221635567e-14,0,0.05,24000000.0,False,531622.385081403,0.41333;0.41345;0.41362;0.41386;0.41418;0.41463;0.41492;0.41519;0.41548;0.41580;0.41620;0.41673;0.41753;0.41891;0.42150;0.42707;0.44950;0.43799;0.37127;0.00154;0.00000;0.00000;0.00000;0.00000
ok,R0123_S+01,123,1,20384909,321.4425847139357,0.3227390661301139,0.2143192092499832,38.28490237924588,3634.517726807504,2.889778297606506,3.4671367651777976,0.3090864343678438,0.33548850986261,0.0750688086322757,611.3512970812664,4,3.595356848033755e-13,3.770395044343148e-13,3.4565594482933024e-13,0.28925146464821816,0.38502120542667434,1.4434920620386988e-11,5.143923123488035,2.4704249874157664,1.924890577799492,1.7746080184665658,1.267800737766087,0.0,195945056.829566,170.78189695124746,114.49100565229084,1188179.0715981014,16188179.071598101,1172343.1606921852,186.79846606423263,186.79846606423263,186.79846606423263,182.80785149062933,3.9906145736032954,195945056.82956612,195945056.82956573,0.0,0.999999999999998,0.0024044787253857908,0.0009311150988049837,0.5253366406046486,0.0,1.977238912319322e-15,672,0,0.0,0.28503355700001975,0.0,6.671151221800699e-14,0,0.05,24000000.0,False,7811820.928401899,0.49588;0.49596;0.49608;0.49624;0.49647;0.49679;0.49723;0.49794;0.49924;0.50193;0.50947;0.52425;0.50417;0.47401;0.43829;0.37610;0.00564;0.00000;0.00000;0.00000;0.00000;0.00000;0.00000;0.00000
ok,R0123_S+02,123,2,20384909,321.4425847139357,0.3227390661301139,0.2143192092499832,38.28490237924588,3634.517726807504,2.889778297606506,3.4671367651777976,0.3090864343678438,0.33548850986261,0.0750688086322757,611.3512970812664,4,3.595356848033755e-13,3.770395044343148e-13,3.4565594482933024e-13,0.28925146464821816,0.38502120542667434,1.4434920620386988e-11,5.143923123488035,2.4704249874157664,7.968441492588528,16.063616472220943,17.99545160023933,0.0,1657859169.8124802,484.3564382893517,333.5713248693313,11771086.706608769,26771086.70660877,11327268.619747594,560.9997142635103,560.9997142635103,560.9997142635103,505.0981004166213,55.901613846889006,1657859169.8124704,1657859169.8124766,0.0,1.0000000000000038,0.019104380778771954,0.007306006961322348,0.45470681284477416,0.0,3.73908904297451e-15,24189,0,0.0,12.689319057000034,0.0,1.916506063660108e-14,0,0.05,24000000.0,True,-2771086.7066087686,0.39897;0.39925;0.39965;0.40020;0.40096;0.40202;0.40282;0.40346;0.40411;0.40480;0.40554;0.40638;0.40742;0.40888;0.41126;0.41603;0.43577;0.44507;0.39375;0.04741;0.00000;0.00000;0.00000;0.00000
ok,R0123_S+03,123,3,20384909,321.4425847139357,0.3227390661301139,0.2143192092499832,38.28490237924588,3634.517726807504,2.889778297606506,3.4671367651777976,0.3090864343678438,0.33548850986261,0.0750688086322757,611.3512970812664,4,3.595356848033755e-13,3.770395044343148e-13,3.4565594482933024e-13,0.28925146464821816,0.38502120542667434,1.4434920620386988e-11,5.143923123488035,2.4704249874157664,4.710308823436531,5.796296372932653,5.542540926047623,0.0,633090667.0909758,304.0360846693727,205.8661174047952,4117252.6247204877,19117252.624720488,4019285.0641241,348.3949600924303,348.3949600924303,348.3949600924303,321.61985879473474,26.775101297695585,633090667.0909718,633090667.0909729,0.0,1.0000000000000018,0.007818727140490133,0.0029384490852135113,0.4877299359814638,0.0,1.6946760736292192e-15,4060,0,0.0,2.011423681999986,0.0,2.5831281585631954e-14,0,0.05,24000000.0,False,4882747.375279512,0.44620;0.44637;0.44660;0.44692;0.44737;0.44799;0.44840;0.44881;0.44930;0.44992;0.45082;0.45229;0.45512;0.46308;0.48616;0.46658;0.42813;0.32290;0.00000;0.00000;0.00000;0.00000;0.00000;0.00000
ok,R0130_S+00,130,0,20391909,119.72298342442907,0.0730732829350746,0.15900060143642664,79.24598400564838,2093.8312216596387,1.511862957330176,3.08046827280068,0.451073009067684,0.2067015685161989,0.0485701880741579,775.7195846955196,4,1.142743701541161e-13,1.1434536450391845e-13,1.142047239835462e-13,0.039701284151879346,0.04106817048118946,9.061410926597559e-12,3.5019081123276976,5.572220659870334,1.0031267260948156,0.954177570515178,0.995427202125321,0.0,116476399.43061195,103.65504213730235,64.83466835407711,1019504.1326755472,16019504.132675547,1012336.9404902626,111.21288822385966,111.21288822385966,111.21288822385966,111.00634729958361,0.2065409242760552,116476399.43061195,116476399.4306112,0.0,0.9999999999999934,0.0026452558915633258,0.0008566409425150045,0.6017535911849101,0.0,6.5245768636500316e-15,282,0,0.0,0.1463574360000166,0.0,2.174849453620005e-13,0,0.05,24000000.0,False,7980495.867324453,0.55496;0.55507;0.55521;0.55541;0.55569;0.55608;0.55973;0.56990;0.59957;0.57556;0.52471;0.46609;0.40070;0.32238;0.15232;0.00000;0.00000;0.00000;0.00000;0.00000;0.00000;0.00000;0.00000;0.00000
ok,R0130_S+01,130,1,20391909,119.72298342442907,0.0730732829350746,0.15900060143642664,79.24598400564838,2093.8312216596387,1.511862957330176,3.08046827280068,0.451073009067684,0.2067015685161989,0.0485701880741579,775.7195846955196,4,1.142743701541161e-13,1.1434536450391845e-13,1.142047239835462e-13,0.039701284151879346,0.04106817048118946,9.061410926597559e-12,3.5019081123276976,5.572220659870334,4.163363172937854,5.242098951042864,8.111191384490565,0.0,690979430.9486668,250.55635107957596,158.2261379700576,6101963.866889264,21101963.866889264,6013652.809850387,271.6133728704439,271.6133728704439,271.6133728704439,270.7426534297602,0.8707194406837289,690979430.9486668,690979430.9486682,0.0,1.000000000000002,0.016687526131890496,0.004849966533188513,0.5014827355290402,0.0,2.070266364724319e-15,1846,0,0.0,0.9081280359999937,0.0,6.674260379240528e-14,0,0.05,24000000.0,False,2898036.1331107356,0.42217;0.42229;0.42246;0.42270;0.42303;0.42349;0.42389;0.42443;0.42526;0.42668;0.42933;0.43501;0.45566;0.49850;0.44618;0.37669;0.28456;0.03533;0.00000;0.00000;0.00000;0.00000;0.00000;0.00000
ok,R0130_S+02,130,2,20391909,119.72298342442907,0.0730732829350746,0.15900060143642664,79.24598400564838,2093.8312216596387,1.511862957330176,3.08046827280068,0.451073009067684,0.2067015685161989,0.0485701880741579,775.7195846955196,4,1.142743701541161e-13,1.1434536450391845e-13,1.142047239835462e-13,0.039701284151879346,0.04106817048118946,9.061410926597559e-12,3.5019081123276976,5.572220659870334,0.2022569850534178,0.4238343998605324,0.6970189686287293,0.0,52192734.11619807,69.15433072488861,43.37137039961061,474660.6287658606,15474660.62876586,470325.88480666094,74.22475010691393,74.22475010691393,74.22475010691393,73.99708310228107,0.22766700463286327,52192734.116198085,52192734.11619895,0.0,1.0000000000000167,0.0011666619678607458,0.0003859655342782169,0.622554574615481,0.0,1.655915069172315e-14,202,0,0.0,0.11819913599993015,0.0,1.0379013607000021e-12,0,0.05,24000000.0,False,8525339.37123414,0.60779;0.60809;0.60851;0.60909;0.60990;0.61103;0.62207;0.60707;0.56555;0.51297;0.45316;0.38666;0.30389;0.06183;0.00000;0.00000;0.00000;0.00000;0.00000;0.00000;0.00000;0.00000;0.00000;0.00000
ok,R0130_S+03,130,3,20391909,119.72298342442907,0.0730732829350746,0.15900060143642664,79.24598400564838,2093.8312216596387,1.511862957330176,3.08046827280068,0.451073009067684,0.2067015685161989,0.0485701880741579,775.7195846955196,4,1.142743701541161e-13,1.1434536450391845e-13,1.142047239835462e-13,0.039701284151879346,0.04106817048118946,9.061410926597559e-12,3.5019081123276976,5.572220659870334,1.3935355962693217,2.1208827789953646,3.2469989769846133,0.0,266717630.29417813,156.71168515853967,98.20186087407822,2383562.1134702377,17383562.113470238,2355639.144983154,168.04920881612765,168.04920881612765,168.04920881612765,167.59132281133907,0.4578860047885769,266717630.29417825,266717630.29417846,0.0,1.0000000000000009,0.005997769111690474,0.00193706188014848,0.5612553963410609,0.0,7.821614809781127e-16,491,0,0.0,0.28905594000002566,0.0,1.6512508559468833e-13,0,0.05,24000000.0,False,6616437.886529762,0.49519;0.49529;0.49543;0.49562;0.49589;0.49626;0.49719;0.49893;0.50242;0.51088;0.55289;0.53786;0.48139;0.41731;0.34306;0.21759;0.00000;0.00000;0.00000;0.00000;0.00000;0.00000;0.00000;0.00000
ok,R0131_S+00,131,0,20392909,35.67794545838571,0.50739383815886,0.141952318060343,67.3292750618179,3223.9562640024637,1.865358144133478,2.0937917526926397,0.2096508639833208,0.1735139879658711,0.0549476872135979,656.0732556838386,4,5.2372437580183686e-14,7.493012626044989e-14,4.197209138543808e-14,0.5928096582004272,1.0938190233693097,5.044991081406576e-12,3.404368708216,2.289277761610012,5.554519004474202,3.3881069113279856,1.7812642158700402,0.0,423025294.0240744,203.70142168274353,128.10213734624358,3079608.4429503903,18079608.44295039,3034478.6122306474,241.4683368024461,241.4683368024461,241.4683368024461,193.99262633632054,47.47571046612555,423025294.0240744,423025294.0240742,0.0,0.9999999999999996,0.004238840540747924,0.0020165288452952614,0.692144479838589,0.0,4.227027008838757e-16,2133,0,0.0,1.1283663459998934,0.0,5.4628636590202937e-14,120,0.05,24000000.0,False,5920391.55704961,0.65720;0.65746;0.65782;0.65833;0.65903;0.66001;0.66074;0.66160;0.66265;0.66385;0.66663;0.67091;0.68212;0.67891;0.62058;0.51968;0.17011;0.00000;0.00000;0.00000;0.00000;0.00000;0.00000;0.00000
ok,R0131_S+01,131,1,20392909,35.67794545838571,0.50739383815886,0.141952318060343,67.3292750618179,3223.9562640024637,1.865358144133478,2.0937917526926397,0.2096508639833208,0.1735139879658711,0.0549476872135979,656.0732556838386,4,5.2372437580183686e-14,7.493012626044989e-14,4.197209138543808e-14,0.5928096582004272,1.0938190233693097,5.044991081406576e-12,3.404368708216,2.289277761610012,2.6925421514903047,4.458183771004323,5.490173732344061,0.0,498645568.6844218,238.90134840225753,139.5263658651553,4502009.614736959,19502009.61473696,4404374.293404315,286.53580296205524,286.53580296205524,286.53580296205524,196.79815229698676,89.73765066506849,498645568.6844202,498645568.6844202,0.0,1.0,0.005008602805445805,0.0023633467448393127,0.6932234945390807,0.0,0.0,2634,0,0.0,1.4461917419999963,0.0,2.208211824707148e-14,0,0.05,24000000.0,False,4497990.385263041,0.63097;0.63151;0.63227;0.63332;0.63478;0.63682;0.63821;0.63962;0.64128;0.64345;0.64671;0.65265;0.66996;0.67871;0.63412;0.54201;0.24890;0.01995;0.00000;0.00000;0.00000;0.00000;0.00000;0.00000
ok,R0131_S+02,131,2,20392909,35.67794545838571,0.50739383815886,0.141952318060343,67.3292750618179,3223.9562640024637,1.865358144133478,2.0937917526926397,0.2096508639833208,0.1735139879658711,0.0549476872135979,656.0732556838386,4,5.2372437580183686e-14,7.493012626044989e-14,4.197209138543808e-14,0.5928096582004272,1.0938190233693097,5.044991081406576e-12,3.404368708216,2.289277761610012,0.0524226783054026,0.8055717009334694,1.4476371629612146,0.0,90950247.44516681,107.44640646897919,59.51935047640893,934866.8452648092,15934866.84526481,913496.644245211,125.77436641366266,125.77436641366266,125.77436641366266,81.25231754968624,44.52204886397642,90950247.44516678,90950247.44516663,0.0,0.9999999999999983,0.0009100500185994677,0.00044160035411044263,0.7506944494921434,0.0,1.6383859981064322e-15,429,0,0.0,0.2766580199998998,0.0,7.768173074827589e-13,0,0.05,24000000.0,False,8065133.154735191,0.72233;0.72268;0.72316;0.72383;0.72476;0.72605;0.72785;0.73102;0.73935;0.74203;0.71495;0.66124;0.58423;0.41232;0.10320;0.00000;0.00000;0.00000;0.00000;0.00000;0.00000;0.00000;0.00000;0.00000
ok,R0131_S+03,131,3,20392909,35.67794545838571,0.50739383815886,0.141952318060343,67.3292750618179,3223.9562640024637,1.865358144133478,2.0937917526926397,0.2096508639833208,0.1735139879658711,0.0549476872135979,656.0732556838386,4,5.2372437580183686e-14,7.493012626044989e-14,4.197209138543808e-14,0.5928096582004272,1.0938190233693097,5.044991081406576e-12,3.404368708216,2.289277761610012,1.392798167822028,2.92612141614581,5.22385813477967,0.0,376433952.671433,214.0470498332484,121.37384319474121,3690958.6970308535,18690958.697030853,3594800.092168562,254.5471454410521,254.5471454410521,254.5471454410521,171.5222979180933,83.0248475229588,376433952.67143184,376433952.6714325,0.0,1.0000000000000018,0.004022369837553836,0.001796020787239898,0.7066206246348756,0.0,1.7417427091163003e-15,1881,0,0.0,0.899359274999938,0.0,3.77925451448168e-14,0,0.05,24000000.0,False,5309041.3029691465,0.64542;0.64599;0.64677;0.64786;0.64938;0.65149;0.65297;0.65453;0.65645;0.65912;0.66352;0.67468;0.69394;0.66803;0.59891;0.46409;0.11006;0.00002;0.00000;0.00000;0.00000;0.00000;0.00000;0.00000
ok,R0142_S+00,142,0,20403909,83.97642190393006,0.1705347291615274,0.22487973691410884,41.463790012967344,1829.803372976913,2.9573817203183275,3.512086113356053,0.6139479035838129,0.3132778025055061,0.0776146734966855,677.4396531835159,4,8.394343246550355e-14,8.477075887013302e-14,8.311686373153402e-14,0.1497502832209644,0.16093964060353386,3.514916945031085e-12,1.65310422867243,4.746122421889964,8.315819019172453,6.074343947241261,4.677178821558924,0.0,752149431.5101566,294.85374900595593,204.52845960714683,14109220.860326339,29109220.86032634,13717734.616216503,318.6490040379774,318.6490040379774,318.6490040379774,311.958347396677,6.690656641300393,752149431.5101624,752149431.5101588,0.0,0.9999999999999952,0.028809811802337118,0.010054754821286295,0.42333863942056815,0.0,4.7547449173005436e-15,10613,0,0.0,5.149057934999973,0.0,1.0301506764130311e-14,0,0.05,24000000.0,True,-5109220.860326339,0.37018;0.37035;0.37059;0.37092;0.37137;0.37200;0.37247;0.37286;0.37329;0.37378;0.37438;0.37523;0.37656;0.37895;0.38404;0.40517;0.41291;0.34535;0.00000;0.00000;0.00000;0.00000;0.00000;0.00000
ok,R0142_S+01,142,1,20403909,83.97642190393006,0.1705347291615274,0.22487973691410884,41.463790012967344,1829.803372976913,2.9573817203183275,3.512086113356053,0.6139479035838129,0.3132778025055061,0.0776146734966855,677.4396531835159,4,8.394343246550355e-14,8.477075887013302e-14,8.311686373153402e-14,0.1497502832209644,0.16093964060353386,3.514916945031085e-12,1.65310422867243,4.746122421889964,3.454074518601604,3.055669353766626,2.2403884234051343,0.0,345166468.67137194,201.43823647785538,138.31732366031576,6462179.758611377,21462179.758611377,6318372.9161470905,224.58993108757028,224.58993108757028,224.58993108757028,212.62974978155677,11.96018130601351,345166468.67137223,345166468.6713724,0.0,1.0000000000000004,0.014298228324628622,0.0049051589779006335,0.4546138020012125,0.0,5.180512899021426e-16,2666,0,0.0,1.4292200690000527,0.0,2.2686299524544148e-14,0,0.05,24000000.0,False,2537820.2413886227,0.40830;0.40843;0.40861;0.40886;0.40920;0.40968;0.41004;0.41043;0.41094;0.41169;0.41291;0.41524;0.42036;0.44308;0.44457;0.40559;0.31248;0.00000;0.00000;0.00000;0.00000;0.00000;0.00000;0.00000
ok,R0142_S+02,142,2,20403909,83.97642190393006,0.1705347291615274,0.22487973691410884,41.463790012967344,1829.803372976913,2.9573817203183275,3.512086113356053,0.6139479035838129,0.3132778025055061,0.0776146734966855,677.4396531835159,4,8.394343246550355e-14,8.477075887013302e-14,8.311686373153402e-14,0.1497502832209644,0.16093964060353386,3.514916945031085e-12,1.65310422867243,4.746122421889964,2.8218174529667417,2.015979010688284,1.5812169541307806,0.0,253210822.29139668,175.2193832790307,118.39955594590072,4703968.383404974,19703968.383404974,4612535.411485206,189.49659213151864,189.49659213151864,189.49659213151864,187.27574582842104,2.220846303097602,253210822.29139686,253210822.2913971,0.0,1.0000000000000009,0.01003205317849013,0.003651815707229708,0.46635742649500583,0.0,9.415813153009261e-16,1593,0,0.0,0.8040642629999866,0.0,2.9728253719137253e-14,0,0.05,24000000.0,False,4296031.616595026,0.42335;0.42346;0.42362;0.42383;0.42412;0.42453;0.42488;0.42532;0.42598;0.42706;0.42908;0.43346;0.45022;0.46100;0.42775;0.37957;0.07681;0.00000;0.00000;0.00000;0.00000;0.00000;0.00000;0.00000
ok,R0142_S+03,142,3,20403909,83.97642190393006,0.1705347291615274,0.22487973691410884,41.463790012967344,1829.803372976913,2.9573817203183275,3.512086113356053,0.6139479035838129,0.3132778025055061,0.0776146734966855,677.4396531835159,4,8.394343246550355e-14,8.477075887013302e-14,8.311686373153402e-14,0.1497502832209644,0.16093964060353386,3.514916945031085e-12,1.65310422867243,4.746122421889964,0.2619474298503813,0.5687399631823125,0.6842274524150892,0.0,59758845.9083787,85.7736735578752,57.427872603146454,1183958.6238913108,16183958.62389131,1157963.1285951976,93.60019116026928,93.60019116026928,93.60019116026928,91.58002848163538,2.020162678633895,59758845.90837874,59758845.90837866,0.0,0.9999999999999987,0.0024723864911910115,0.0008901340397218338,0.5199932341491991,0.0,1.3714519636442823e-15,328,0,0.0,0.15514140200002657,0.0,1.448228438593898e-13,0,0.05,24000000.0,False,7816041.376108689,0.48597;0.48610;0.48628;0.48653;0.48688;0.48737;0.48896;0.49250;0.50658;0.51549;0.48842;0.45608;0.41980;0.36713;0.00193;0.00000;0.00000;0.00000;0.00000;0.00000;0.00000;0.00000;0.00000;0.00000
ok,R0148_S+00,148,0,20409909,517.6164365521529,0.6038195652128459,0.21676313446295672,27.585666395605163,2265.9725290344672,2.5063520914178747,2.4568737093731965,0.2357674515185129,0.2864773397176544,0.050894025371886,729.3451058774426,4,7.500630540554792e-13,7.861881625578215e-13,7.076027687771059e-13,0.31343615959549476,0.3133014163189865,2.168752437649386e-11,1.9368326875084063,2.7795103625120383,6.071875237005435,3.376127280815296,1.6849015598953645,0.0,439159667.1536668,251.18929632243706,170.2908220219561,6820702.412462831,21820702.41246283,6807220.637196481,270.3163139567806,270.3163139567806,270.3163139567806,269.3216288729571,0.9946850838235264,439159667.15366644,439159667.1536672,0.0,1.0000000000000018,0.012855393271853416,0.005831267930598843,0.5476563144531408,0.0,1.764416088349358e-15,4006,0,0.0,1.9903646820000631,0.0,2.30154396499314e-13,0,0.05,24000000.0,False,2179297.5875371695,0.49134;0.49136;0.49138;0.49141;0.49146;0.49152;0.49160;0.49174;0.49198;0.49241;0.49324;0.49489;0.49843;0.50840;0.54495;0.51523;0.44459;0.03741;0.00000;0.00000;0.00000;0.00000;0.00000;0.00000
ok,R0148_S+01,148,1,20409909,517.6164365521529,0.6038195652128459,0.21676313446295672,27.585666395605163,2265.9725290344672,2.5063520914178747,2.4568737093731965,0.2357674515185129,0.2864773397176544,0.050894025371886,729.3451058774426,4,7.500630540554792e-13,7.861881625578215e-13,7.076027687771059e-13,0.31343615959549476,0.3133014163189865,2.168752437649386e-11,1.9368326875084063,2.7795103625120383,1.2182137955016723,1.0436642240924867,0.8855872262896882,0.0,124158061.55438012,135.02668024155548,90.52508142004125,1983752.9963768683,16983752.99637687,1978554.9990063459,146.48525101762792,146.48525101762792,146.48525101762792,144.6364622293124,1.8487887883155167,124158061.5543801,124158061.55438006,0.0,0.9999999999999997,0.00435262668516357,0.0017297140469453205,0.6000620350938298,0.0,3.600530084143046e-16,671,0,0.0,0.3453699559998995,0.0,3.70561332408503e-13,0,0.05,24000000.0,False,7016247.003623132,0.55865;0.55867;0.55870;0.55875;0.55881;0.55890;0.55932;0.56014;0.56179;0.56548;0.57813;0.59912;0.56629;0.52050;0.45549;0.10301;0.00000;0.00000;0.00000;0.00000;0.00000;0.00000;0.00000;0.00000
ok,R0148_S+02,148,2,20409909,517.6164365521529,0.6038195652128459,0.21676313446295672,27.585666395605163,2265.9725290344672,2.5063520914178747,2.4568737093731965,0.2357674515185129,0.2864773397176544,0.050894025371886,729.3451058774426,4,7.500630540554792e-13,7.861881625578215e-13,7.076027687771059e-13,0.31343615959549476,0.3133014163189865,2.168752437649386e-11,1.9368326875084063,2.7795103625120383,0.8236175810876301,1.0035313085930828,1.1819449019168828,0.0,118699722.79715034,132.7741236201179,88.47053968678655,1912402.9250341766,16912402.925034177,1905518.071970947,143.64183132532986,143.64183132532986,143.64183132532986,142.75708744252086,0.8847438828090048,118699722.79715054,118699722.7971505,0.0,0.9999999999999997,0.003705302927825443,0.0016551081534165709,0.6027906101093896,0.0,3.766098397545382e-16,624,0,0.0,0.24118910900006085,0.0,3.598465306015698e-13,0,0.05,24000000.0,False,7087597.074965823,0.56049;0.56052;0.56056;0.56062;0.56070;0.56081;0.56126;0.56215;0.56394;0.56797;0.58370;0.59865;0.56350;0.51698;0.44913;0.06933;0.00000;0.00000;0.00000;0.00000;0.00000;0.00000;0.00000;0.00000
ok,R0148_S+03,148,3,20409909,517.6164365521529,0.6038195652128459,0.21676313446295672,27.585666395605163,2265.9725290344672,2.5063520914178747,2.4568737093731965,0.2357674515185129,0.2864773397176544,0.050894025371886,729.3451058774426,4,7.500630540554792e-13,7.861881625578215e-13,7.076027687771059e-13,0.31343615959549476,0.3133014163189865,2.168752437649386e-11,1.9368326875084063,2.7795103625120383,3.668848626152848,3.3548926489295705,2.7567394210370013,0.0,385810622.0198227,237.04962070686682,159.4847460351318,6077699.687657222,21077699.687657222,6056321.197046686,261.44208001215804,261.44208001215804,261.44208001215804,259.1511659288828,2.290914083275254,385810622.0198241,385810622.01982343,0.0,0.9999999999999983,0.012855393271853416,0.005163294423410194,0.5540197415127273,0.0,1.6994117193994923e-15,3164,0,0.0,1.6265402590000804,0.0,1.305719478714715e-13,0,0.05,24000000.0,False,2922300.312342778,0.49830;0.49833;0.49837;0.49842;0.49850;0.49860;0.49873;0.49891;0.49922;0.49976;0.50080;0.50289;0.50761;0.52595;0.54948;0.50446;0.42136;0.00063;0.00000;0.00000;0.00000;0.00000;0.00000;0.00000
ok,R0149_S+00,149,0,20410909,107.65234205271054,0.0815436859452485,0.17353344105920662,20.968144993623746,3632.290847850752,2.914302225635557,2.4118606312657294,0.2149871844470597,0.3033839810436574,0.0782430194110526,606.3686730895002,4,1.179184787841032e-13,1.186266886279745e-13,1.1720678489373847e-13,0.11909289641965015,0.12549884442805762,2.487381607264826e-12,1.9006392394610483,1.6486111047244985,4.337817802965741,4.667415244046437,5.795696046504584,0.0,583852249.9519558,392.5929204184536,270.9546552152156,11944437.227343526,26944437.227343526,10979112.898787033,447.7029522170083,447.7029522170083,447.7029522170083,409.02656524216803,38.676386974840284,583852249.9519552,583852249.951956,0.0,1.0000000000000013,0.01364901131036512,0.005952072844670376,0.5539274235064069,0.0,1.429240063601941e-15,16685,0,0.0,8.313647806000063,0.0,5.6985395588245465e-15,0,0.05,24000000.0,True,-2944437.2273435257,0.49374;0.49423;0.49490;0.49584;0.49715;0.49897;0.50058;0.50172;0.50290;0.50413;0.50545;0.50693;0.50873;0.51122;0.51528;0.52496;0.55057;0.51994;0.28981;0.00000;0.00000;0.00000;0.00000;0.00000
ok,R0149_S+01,149,1,20410909,107.65234205271054,0.0815436859452485,0.17353344105920662,20.968144993623746,3632.290847850752,2.914302225635557,2.4118606312657294,0.2149871844470597,0.3033839810436574,0.0782430194110526,606.3686730895002,4,1.179184787841032e-13,1.186266886279745e-13,1.1720678489373847e-13,0.11909289641965015,0.12549884442805762,2.487381607264826e-12,1.9006392394610483,1.6486111047244985,0.4638987314332824,0.4049002568648586,0.599835387345038,0.0,57933220.21599648,125.10693890864371,84.79543293340416,1063571.1656697728,16063571.165669773,1005245.7657895051,142.9339431908447,142.9339431908447,142.9339431908447,132.63012645761285,10.303816733231855,57933220.215996444,57933220.215996474,0.0,1.0000000000000004,0.001386059456678238,0.000628861291348868,0.6257957998553728,0.0,5.14425441509746e-16,548,0,0.0,0.28979095699992286,0.0,3.316192264081874e-14,0,0.05,24000000.0,False,7936428.834330227,0.59998;0.60019;0.60048;0.60089;0.60145;0.60224;0.60300;0.60408;0.60591;0.60990;0.62314;0.61600;0.58722;0.54832;0.47958;0.02891;0.00000;0.00000;0.00000;0.00000;0.00000;0.00000;0.00000;0.00000
ok,R0149_S+02,149,2,20410909,107.65234205271054,0.0815436859452485,0.17353344105920662,20.968144993623746,3632.290847850752,2.914302225635557,2.4118606312657294,0.2149871844470597,0.3033839810436574,0.0782430194110526,606.3686730895002,4,1.179184787841032e-13,1.186266886279745e-13,1.1720678489373847e-13,0.11909289641965015,0.12549884442805762,2.487381607264826e-12,1.9006392394610483,1.6486111047244985,0.0637226721994083,0.3244398427762274,0.5216786423252108,0.0,35890504.13204649,99.05622738107208,66.7461212409783,740967.9660424441,15740967.966042444,692786.5470921341,112.32604745041286,112.32604745041286,112.32604745041286,105.04225792072059,7.283789529692271,35890504.13204647,35890504.13204653,0.0,1.0000000000000016,0.0008372884611842631,0.00039067061992419404,0.6337412996809738,0.0,1.660735791174633e-15,418,0,0.0,0.18731952999996793,0.0,2.429651369832516e-13,0,0.05,24000000.0,False,8259032.033957556,0.61191;0.61214;0.61246;0.61291;0.61353;0.61439;0.61543;0.61711;0.62055;0.63165;0.62357;0.59629;0.56043;0.50712;0.16705;0.00000;0.00000;0.00000;0.00000;0.00000;0.00000;0.00000;0.00000;0.00000
ok,R0149_S+03,149,3,20410909,107.65234205271054,0.0815436859452485,0.17353344105920662,20.968144993623746,3632.290847850752,2.914302225635557,2.4118606312657294,0.2149871844470597,0.3033839810436574,0.0782430194110526,606.3686730895002,4,1.179184787841032e-13,1.186266886279745e-13,1.1720678489373847e-13,0.11909289641965015,0.12549884442805762,2.487381607264826e-12,1.9006392394610483,1.6486111047244985,2.5215686580485217,2.4665604493144118,3.13052695516626,0.0,320256625.6985891,296.3118006221176,200.30360125712127,6224114.681312848,21224114.681312848,5784124.714479383,325.867852017253,325.867852017253,325.867852017253,315.7207302426116,10.147121774641448,320256625.69858897,320256625.6985886,0.0,0.9999999999999989,0.007348787928216581,0.0033664615281522752,0.5762409159065018,0.0,1.11669155282029e-15,5936,0,0.0,3.0632088969999813,0.0,1.0428845244286633e-14,0,0.05,24000000.0,False,2775885.318687152,0.52733;0.52773;0.52829;0.52907;0.53015;0.53165;0.53266;0.53358;0.53455;0.53563;0.53691;0.53861;0.54121;0.54614;0.56282;0.56883;0.52641;0.35194;0.00000;0.00000;0.00000;0.00000;0.00000;0.00000
ok,R0150_S+00,150,0,20411909,30.798175168245585,0.2818699195615742,0.26654658507933837,50.71798756965029,2610.602852265284,2.013303740249822,3.2748415388903256,0.3014132197879923,0.1853162227349016,0.0461294219986231,673.6905197128448,4,3.0039629111393415e-14,3.066057547920272e-14,2.941993105012238e-14,0.2095339539047959,0.23110146022516906,1.5550426860325282e-12,2.782552644520266,3.9204465184539585,0.9262274260396176,0.6933818027482802,0.5184033787163591,0.0,84338183.32822043,83.27111944287111,53.398898434839786,819209.4767030943,15819209.476703094,750409.6592518445,95.31820104594392,95.31820104594392,95.31820104594392,81.4076811399568,13.91051990598713,84338183.32822041,84338183.32822046,0.0,1.0000000000000004,0.0011417206231343425,0.00043032462128026394,0.6175403949984075,0.0,5.300503498820887e-16,292,0,0.0,0.16228010299994367,0.0,2.3529860740166584e-14,0,0.05,24000000.0,False,8180790.523296906,0.60429;0.60462;0.60509;0.60574;0.60664;0.60789;0.61075;0.61340;0.61593;0.59472;0.55230;0.50099;0.43961;0.30853;0.00114;0.00000;0.00000;0.00000;0.00000;0.00000;0.00000;0.00000;0.00000;0.00000
ok,R0150_S+01,150,1,20411909,30.798175168245585,0.2818699195615742,0.26654658507933837,50.71798756965029,2610.602852265284,2.013303740249822,3.2748415388903256,0.3014132197879923,0.1853162227349016,0.0461294219986231,673.6905197128448,4,3.0039629111393415e-14,3.066057547920272e-14,2.941993105012238e-14,0.2095339539047959,0.23110146022516906,1.5550426860325282e-12,2.782552644520266,3.9204465184539585,1.1425769330102158,0.934035522581266,1.245738021340571,0.0,131056759.2635387,104.17341279346401,66.66143756206704,1486077.7617185805,16486077.76171858,1391099.664259959,120.71829195900206,120.71829195900206,120.71829195900206,100.84407085509258,19.874221103909477,131056759.2635387,131056759.26353863,0.0,0.9999999999999994,0.0017450823570848927,0.000666824045810082,0.6046973300960878,0.0,5.685002924528025e-16,380,0,0.0,0.21710537900003146,0.0,1.970642553350911e-14,0,0.05,24000000.0,False,7513922.2382814195,0.56875;0.56922;0.56989;0.57082;0.57211;0.57390;0.57598;0.57932;0.58818;0.60315;0.58123;0.53592;0.48171;0.41166;0.17045;0.00000;0.00000;0.00000;0.00000;0.00000;0.00000;0.00000;0.00000;0.00000
ok,R0150_S+02,150,2,20411909,30.798175168245585,0.2818699195615742,0.26654658507933837,50.71798756965029,2610.602852265284,2.013303740249822,3.2748415388903256,0.3014132197879923,0.1853162227349016,0.0461294219986231,673.6905197128448,4,3.0039629111393415e-14,3.066057547920272e-14,2.941993105012238e-14,0.2095339539047959,0.23110146022516906,1.5550426860325282e-12,2.782552644520266,3.9204465184539585,0.1513142450225371,0.3290856211773691,0.5275022090008986,0.0,39758713.160446145,56.94056589923247,36.651151412837905,532263.1398909446,15532263.139890945,498739.1017606985,65.93773823848562,65.93773823848562,65.93773823848562,54.01828104166461,11.919457196821014,39758713.16044616,39758713.16044617,0.0,1.0000000000000002,0.0005173115610154733,0.00020340408095094993,0.6425164700539695,0.0,1.873949130812417e-16,266,0,0.0,0.13431668800001262,0.0,7.85618842330978e-14,0,0.05,24000000.0,False,8467736.860109055,0.62729;0.62779;0.62849;0.62947;0.63082;0.63271;0.63918;0.62703;0.59100;0.54537;0.49303;0.42928;0.25119;0.00058;0.00000;0.00000;0.00000;0.00000;0.00000;0.00000;0.00000;0.00000;0.00000;0.00000
ok,R0150_S+03,150,3,20411909,30.798175168245585,0.2818699195615742,0.26654658507933837,50.71798756965029,2610.602852265284,2.013303740249822,3.2748415388903256,0.3014132197879923,0.1853162227349016,0.0461294219986231,673.6905197128448,4,3.0039629111393415e-14,3.066057547920272e-14,2.941993105012238e-14,0.2095339539047959,0.23110146022516906,1.5550426860325282e-12,2.782552644520266,3.9204465184539585,14.748460435472037,7.868939560142063,4.082290897973356,0.0,1053222706.6793443,295.3002746931175,193.41109872934035,14743027.048694253,29743027.048694253,12575224.462673124,331.5843363044148,331.5843363044148,331.5843363044148,289.37980121528324,42.20453508913158,1053222706.6793479,1053222706.6793458,0.0,0.9999999999999981,0.014557771202690159,0.005080722240375015,0.4781735738113572,0.0,1.924149479033463e-15,8206,0,0.0,4.401051007999968,0.0,7.443206895764291e-15,0,0.05,24000000.0,True,-5743027.048694253,0.44864;0.44912;0.44980;0.45074;0.45204;0.45386;0.45516;0.45631;0.45756;0.45901;0.46083;0.46344;0.46629;0.46575;0.47179;0.47212;0.42286;0.23739;0.00000;0.00000;0.00000;0.00000;0.00000;0.00000
ok,R0155_S+00,155,0,20416909,93.50769594407134,0.804407134576806,0.22490561015268629,62.472391874347856,1452.0091674219716,2.156482658256253,3.679758671628119,0.3285993219336712,0.3459550773936471,0.0779070307957483,733.6441965210009,4,1.6682301449007886e-13,2.8227383404197055e-13,8.004949054273239e-14,0.7450731797780514,0.9926060897069046,1.7634321576144617e-11,1.801766725707007,2.5307034698460424,0.6641935442819068,0.8870350857218708,1.0087326018051854,0.0,100982790.71116817,91.35323149742297,59.77275257649829,1806040.8544893824,16806040.854489382,1800373.1090006419,100.71093877673141,100.71093877673141,100.71093877673141,83.81842576271178,16.892513014019627,100982790.71116814,100982790.7111687,0.0,1.0000000000000056,0.004269020676367984,0.0014538634824942064,0.4889199006748785,0.0,5.6073329067106826e-15,439,0,0.0,0.2199574810000513,0.0,2.2083201041039453e-13,0,0.05,24000000.0,False,7193959.145510618,0.45090;0.45100;0.45114;0.45133;0.45160;0.45196;0.45291;0.45486;0.45936;0.47673;0.48120;0.45224;0.41766;0.37426;0.23223;0.00000;0.00000;0.00000;0.00000;0.00000;0.00000;0.00000;0.00000;0.00000
ok,R0155_S+01,155,1,20416909,93.50769594407134,0.804407134576806,0.22490561015268629,62.472391874347856,1452.0091674219716,2.156482658256253,3.679758671628119,0.3285993219336712,0.3459550773936471,0.0779070307957483,733.6441965210009,4,1.6682301449007886e-13,2.8227383404197055e-13,8.004949054273239e-14,0.7450731797780514,0.9926060897069046,1.7634321576144617e-11,1.801766725707007,2.5307034698460424,1.351263564650737,1.2456740759000116,1.8589900453147776,0.0,175772979.42433742,119.79273175434605,78.8631529246221,3157658.5419339463,18157658.541933946,3145635.1831225343,133.56396170768855,133.56396170768855,133.56396170768855,110.38431883121534,23.17964287647321,175772979.42433745,175772979.42433757,0.0,1.0000000000000007,0.007599818922240039,0.002499306290522424,0.47138587592099357,0.0,6.78200312364254e-16,688,0,0.0,0.38933009100003346,0.0,1.7866481887624268e-13,0,0.05,24000000.0,False,5842341.458066054,0.42574;0.42585;0.42601;0.42622;0.42651;0.42691;0.42747;0.42832;0.42982;0.43286;0.44238;0.46729;0.44816;0.41276;0.36598;0.19088;0.00000;0.00000;0.00000;0.00000;0.00000;0.00000;0.00000;0.00000
ok,R0155_S+02,155,2,20416909,93.50769594407134,0.804407134576806,0.22490561015268629,62.472391874347856,1452.0091674219716,2.156482658256253,3.679758671628119,0.3285993219336712,0.3459550773936471,0.0779070307957483,733.6441965210009,4,1.6682301449007886e-13,2.8227383404197055e-13,8.004949054273239e-14,0.7450731797780514,0.9926060897069046,1.7634321576144617e-11,1.801766725707007,2.5307034698460424,1.5774119477365618,2.059874082886418,3.6544885639044855,0.0,287638632.4303249,154.38286647366274,100.9605558199384,5265154.969450172,20265154.969450172,5237890.183968894,170.67285901762816,170.67285901762816,170.67285901762816,134.8876839014343,35.78517511619387,287638632.43032557,287638632.43032694,0.0,1.0000000000000047,0.011853534634098122,0.004015202027142857,0.4576247856277538,0.0,4.766073382601198e-15,1394,0,0.0,0.6602850269999863,0.0,1.0688608545717042e-13,0,0.05,24000000.0,False,3734845.030549828,0.40169;0.40184;0.40204;0.40233;0.40271;0.40325;0.40377;0.40435;0.40519;0.40655;0.40909;0.41616;0.43551;0.43929;0.40318;0.34300;0.10963;0.00000;0.00000;0.00000;0.00000;0.00000;0.00000;0.00000
ok,R0155_S+03,155,3,20416909,93.50769594407134,0.804407134576806,0.22490561015268629,62.472391874347856,1452.0091674219716,2.156482658256253,3.679758671628119,0.3285993219336712,0.3459550773936471,0.0779070307957483,733.6441965210009,4,1.6682301449007886e-13,2.8227383404197055e-13,8.004949054273239e-14,0.7450731797780514,0.9926060897069046,1.7634321576144617e-11,1.801766725707007,2.5307034698460424,8.194797170566533,7.901405479592222,5.593399861757559,0.0,855589750.2875628,256.97045273282765,174.04461631642474,14598195.895938866,29598195.895938866,14546498.253794983,286.48887450173754,286.48887450173754,286.48887450173754,238.02029298071315,48.46858152102439,855589750.2875689,855589750.2875631,0.0,0.9999999999999932,0.035378201542879656,0.010987406214588229,0.4119746855005897,0.0,6.827168261453576e-15,7967,0,0.0,3.4730752740000526,0.0,4.516483063457686e-14,0,0.05,24000000.0,True,-5598195.895938866,0.34976;0.34989;0.35006;0.35030;0.35063;0.35108;0.35154;0.35187;0.35225;0.35270;0.35329;0.35418;0.35566;0.35843;0.36523;0.38925;0.39095;0.29880;0.00038;0.00000;0.00000;0.00000;0.00000;0.00000
ok,R0158_S+00,158,0,20419909,42.51575546175805,0.4042624565512497,0.13244877889267395,32.603426078780146,2099.320849376504,2.6611266330393057,3.3269659136140737,0.4345755177371496,0.1956530132172938,0.0702349486998651,628.5182248174413,4,5.534847949246782e-14,6.215531744826091e-14,4.7435962778088996e-14,0.4547999452049324,0.46975022102281344,2.0264762978274884e-12,0.873256321091418,3.712472429595304,0.3925706954139195,1.19450568990966,2.5460816890388744,0.0,163040686.5593757,204.29348906883067,133.1958248859411,6761200.274102647,21761200.274102647,6488090.558456302,228.58581187343563,228.58581187343563,228.58581187343563,181.93857513516764,46.64723673826799,163040686.55937493,163040686.55937514,0.0,1.0000000000000013,0.01018009124242757,0.004128409704436509,0.5582483797397675,0.0,1.2795349499334627e-15,2592,0,0.0,1.3661318839999694,0.0,5.0513011371343786e-14,0,0.05,24000000.0,False,2238799.725897353,0.48780;0.48820;0.48876;0.48954;0.49062;0.49213;0.49318;0.49422;0.49546;0.49708;0.49951;0.50403;0.51891;0.54527;0.51587;0.45274;0.20864;0.00000;0.00000;0.00000;0.00000;0.00000;0.00000;0.00000
ok,R0158_S+01,158,1,20419909,42.51575546175805,0.4042624565512497,0.13244877889267395,32.603426078780146,2099.320849376504,2.6611266330393057,3.3269659136140737,0.4345755177371496,0.1956530132172938,0.0702349486998651,628.5182248174413,4,5.534847949246782e-14,6.215531744826091e-14,4.7435962778088996e-14,0.4547999452049324,0.46975022102281344,2.0264762978274884e-12,0.873256321091418,3.712472429595304,0.6079550859090934,0.6627575530751413,0.7202212832147536,0.0,78536370.4289835,140.17613109410905,92.08130470477235,2818774.6789829247,17818774.678982925,2761895.9270049892,153.80628001972025,153.80628001972025,153.80628001972025,134.80590241726523,19.000377602455018,78536370.42898342,78536370.4289834,0.0,0.9999999999999998,0.004662557128177757,0.0020401980859483123,0.5883328637143146,0.0,1.8973580154588432e-16,771,0,0.0,0.3872479959999282,0.0,3.822465395466623e-14,0,0.05,24000000.0,False,6181225.321017075,0.53756;0.53776;0.53804;0.53843;0.53898;0.53974;0.54052;0.54165;0.54356;0.54733;0.55858;0.58513;0.55717;0.51166;0.45029;0.16235;0.00000;0.00000;0.00000;0.00000;0.00000;0.00000;0.00000;0.00000
ok,R0158_S+02,158,2,20419909,42.51575546175805,0.4042624565512497,0.13244877889267395,32.603426078780146,2099.320849376504,2.6611266330393057,3.3269659136140737,0.4345755177371496,0.1956530132172938,0.0702349486998651,628.5182248174413,4,5.534847949246782e-14,6.215531744826091e-14,4.7435962778088996e-14,0.4547999452049324,0.46975022102281344,2.0264762978274884e-12,0.873256321091418,3.712472429595304,1.0588510714449642,0.7913320074795989,0.5549702732589372,0.0,94876084.28358254,153.2354136685013,101.24258062245927,3199576.6184147224,18199576.618414722,3156231.139465131,168.5895284868844,168.5895284868844,168.5895284868844,150.60500441529436,17.984524071590045,94876084.28358261,94876084.2835826,0.0,0.9999999999999999,0.0057219386491664526,0.002452954959653032,0.5766524636332041,0.0,1.5705919259176422e-16,1001,0,0.0,0.4287232980000226,0.0,5.009779260485716e-14,0,0.05,24000000.0,False,5800423.381585278,0.52984;0.52999;0.53020;0.53049;0.53089;0.53145;0.53203;0.53287;0.53427;0.53688;0.54239;0.56222;0.56670;0.52576;0.47204;0.30216;0.00000;0.00000;0.00000;0.00000;0.00000;0.00000;0.00000;0.00000
ok,R0158_S+03,158,3,20419909,42.51575546175805,0.4042624565512497,0.13244877889267395,32.603426078780146,2099.320849376504,2.6611266330393057,3.3269659136140737,0.4345755177371496,0.1956530132172938,0.0702349486998651,628.5182248174413,4,5.534847949246782e-14,6.215531744826091e-14,4.7435962778088996e-14,0.4547999452049324,0.46975022102281344,2.0264762978274884e-12,0.873256321091418,3.712472429595304,2.3072029818088806,1.5853079230633356,1.6712200897978808,0.0,219472496.54675132,232.61525793013547,154.29005561024857,7776112.821237624,22776112.821237624,7597180.152275436,255.40881842113694,255.40881842113694,255.40881842113694,223.6311972049279,31.77762121620904,219472496.54675198,219472496.54675138,0.0,0.9999999999999973,0.012978341126798094,0.005473049790013678,0.5394655212769423,0.0,2.715813858830993e-15,3787,0,0.0,1.8488037010000653,0.0,1.6850026384968653e-14,0,0.05,24000000.0,False,1223887.1787623763,0.47792;0.47816;0.47851;0.47899;0.47966;0.48059;0.48124;0.48189;0.48266;0.48367;0.48517;0.48777;0.49319;0.51134;0.53163;0.48747;0.37348;0.00436;0.00000;0.00000;0.00000;0.00000;0.00000;0.00000
ok,R0159_S+00,159,0,20420909,34.52581299441776,0.8468761416504387,0.10915396534958427,72.36737296514713,3557.148089613569,2.3129917083322216,3.1166924966187217,0.2838803713662335,0.2944589152290018,0.0722642821464354,664.7508163734059,4,8.29850383569846e-14,1.3288422020915306e-13,4.0542730689693116e-14,0.7347255416471208,0.8620992202525939,9.61648192505852e-12,3.5043924167085487,2.357018125144995,4.465568856968363,7.724245272090518,8.714166430835574,0.0,824599321.1461567,367.85871763049505,232.62330908254194,6679834.410333715,21679834.410333715,6509899.444234356,421.0965005336882,421.0965005336882,421.0965005336882,204.67423280820256,216.42226772548563,824599321.146154,824599321.1461552,0.0,1.0000000000000016,0.009939608112086483,0.003756781688511988,0.5224920666844884,0.0,1.4456632026459345e-15,7568,0,0.0,3.890288686999952,0.0,2.0142202020461967e-14,0,0.05,24000000.0,False,2320165.5896662846,0.45681;0.45726;0.45788;0.45874;0.45993;0.46160;0.46286;0.46395;0.46513;0.46649;0.46821;0.47073;0.47654;0.48122;0.48133;0.48406;0.38541;0.30772;0.07792;0.00000;0.00000;0.00000;0.00000;0.00000
ok,R0159_S+01,159,1,20420909,34.52581299441776,0.8468761416504387,0.10915396534958427,72.36737296514713,3557.148089613569,2.3129917083322216,3.1166924966187217,0.2838803713662335,0.2944589152290018,0.0722642821464354,664.7508163734059,4,8.29850383569846e-14,1.3288422020915306e-13,4.0542730689693116e-14,0.7347255416471208,0.8620992202525939,9.61648192505852e-12,3.5043924167085487,2.357018125144995,1.0254436799726447,4.727483520012101,6.444966073689625,0.0,481170295.9666329,284.7150653649611,178.83107964231124,4093121.2747268975,19093121.274726897,3980474.3742420673,321.54168076466175,321.54168076466175,321.54168076466175,148.86488747764892,172.67679328701283,481170295.9666312,481170295.9666318,0.0,1.0000000000000013,0.005781409824923219,0.0022364833670735496,0.5403748327185368,0.0,1.3626175556247675e-15,3234,0,0.0,1.7024849919999951,0.0,8.138903498055065e-14,0,0.05,24000000.0,False,4906878.7252731025,0.48327;0.48371;0.48431;0.48516;0.48633;0.48796;0.48909;0.49023;0.49157;0.49335;0.49626;0.50336;0.50328;0.50764;0.49739;0.40021;0.32048;0.14660;0.00000;0.00000;0.00000;0.00000;0.00000;0.00000
ok,R0159_S+02,159,2,20420909,34.52581299441776,0.8468761416504387,0.10915396534958427,72.36737296514713,3557.148089613569,2.3129917083322216,3.1166924966187217,0.2838803713662335,0.2944589152290018,0.0722642821464354,664.7508163734059,4,8.29850383569846e-14,1.3288422020915306e-13,4.0542730689693116e-14,0.7347255416471208,0.8620992202525939,9.61648192505852e-12,3.5043924167085487,2.357018125144995,0.7109787164371386,0.7098421375125017,1.0342754624248411,0.0,96846184.39202417,124.72574366438724,78.67368217566822,748690.3077360597,15748690.30773606,736577.2038290463,144.10565298715548,144.10565298715548,144.10565298715548,74.46510792190735,69.64054506524813,96846184.39202425,96846184.3920246,0.0,1.0000000000000038,0.0012352266573466323,0.0004611689678138895,0.5900743814806025,0.0,3.692740926216564e-15,396,0,0.0,0.1569951180000544,0.0,1.0945261375712759e-13,0,0.05,24000000.0,False,8251309.69226394,0.56026;0.56050;0.56084;0.56131;0.56196;0.56287;0.56474;0.56901;0.57151;0.57787;0.56147;0.52752;0.48393;0.36610;0.29000;0.02324;0.00000;0.00000;0.00000;0.00000;0.00000;0.00000;0.00000;0.00000
ok,R0159_S+03,159,3,20420909,34.52581299441776,0.8468761416504387,0.10915396534958427,72.36737296514713,3557.148089613569,2.3129917083322216,3.1166924966187217,0.2838803713662335,0.2944589152290018,0.0722642821464354,664.7508163734059,4,8.29850383569846e-14,1.3288422020915306e-13,4.0542730689693116e-14,0.7347255416471208,0.8620992202525939,9.61648192505852e-12,3.5043924167085487,2.357018125144995,1.811515973570094,2.9057806715623955,4.784686691478263,0.0,374824736.67928433,248.03516387320445,156.80215636010556,3110475.529596608,18110475.529596608,3032362.8252130896,284.7158560052905,284.7158560052905,284.7158560052905,139.71825402524854,144.99760198004196,374824736.6792841,374824736.67928374,0.0,0.999999999999999,0.004697229162890733,0.001754044341460938,0.5507165441713864,0.0,9.54120242491747e-16,2043,0,0.0,1.1547232359999953,0.0,4.8538551883750184e-14,0,0.05,24000000.0,False,5889524.470403392,0.49705;0.49744;0.49798;0.49873;0.49978;0.50123;0.50227;0.50339;0.50480;0.50694;0.51220;0.51679;0.51808;0.52142;0.48206;0.35835;0.29189;0.03677;0.00000;0.00000;0.00000;0.00000;0.00000;0.00000
ok,R0172_S+00,172,0,20433909,45.2058451294518,0.651142446312517,0.2204799381475287,62.90001472146179,2334.6087679714856,2.986212267796216,3.3925116021847685,0.6228097197629798,0.3426001048415319,0.0573252139733041,688.7528839369295,4,2.214289438100764e-14,2.3340606981513142e-14,2.0912239451902804e-14,0.3192039716208459,0.3590470454932203,1.4681245227450307e-12,3.228220695722978,6.518699294028112,1.923912917046602,6.451212640440329,12.441066072058485,0.0,821136311.210678,282.85496390546047,183.1037993327902,16960167.076465953,31960167.076465953,14797441.633202396,328.1243350234552,328.1243350234552,328.1243350234552,239.93883560612983,88.18549941732539,821136311.2106805,821136311.2106794,0.0,0.9999999999999987,0.015140433329041927,0.004734931961558497,0.409850145452358,0.0,1.3065840486035449e-15,9470,0,0.0,5.381378092999967,0.0,8.694333827981943e-15,0,0.05,24000000.0,True,-7960167.076465953,0.34021;0.34091;0.34189;0.34324;0.34513;0.34776;0.35191;0.35393;0.35604;0.35826;0.36068;0.36344;0.36694;0.37270;0.38938;0.39661;0.34954;0.13140;0.00000;0.00000;0.00000;0.00000;0.00000;0.00000
ok,R0172_S+01,172,1,20433909,45.2058451294518,0.651142446312517,0.2204799381475287,62.90001472146179,2334.6087679714856,2.986212267796216,3.3925116021847685,0.6228097197629798,0.3426001048415319,0.0573252139733041,688.7528839369295,4,2.214289438100764e-14,2.3340606981513142e-14,2.0912239451902804e-14,0.3192039716208459,0.3590470454932203,1.4681245227450307e-12,3.228220695722978,6.518699294028112,0.2604885509675853,0.6213475862464852,1.094914697512709,0.0,77976890.17746727,86.94538063435358,55.438699447877994,1185976.2695630565,16185976.269563057,1111566.057820674,99.88454315699316,99.88454315699316,99.88454315699316,74.98210928265478,24.902433874338385,77976890.17746726,77976890.17746732,0.0,1.0000000000000007,0.0014568082430630753,0.00047403518413185715,0.49028048753411246,0.0,7.64388585383909e-16,339,0,0.0,0.19559418000005735,0.0,7.912143324601926e-14,0,0.05,24000000.0,False,7814023.7304369435,0.46070;0.46106;0.46156;0.46226;0.46323;0.46457;0.46643;0.47028;0.48231;0.47854;0.44974;0.41631;0.37728;0.25792;0.00900;0.00000;0.00000;0.00000;0.00000;0.00000;0.00000;0.00000;0.00000;0.00000
ok,R0172_S+02,172,2,20433909,45.2058451294518,0.651142446312517,0.2204799381475287,62.90001472146179,2334.6087679714856,2.986212267796216,3.3925116021847685,0.6228097197629798,0.3426001048415319,0.0573252139733041,688.7528839369295,4,2.214289438100764e-14,2.3340606981513142e-14,2.0912239451902804e-14,0.3192039716208459,0.3590470454932203,1.4681245227450307e-12,3.228220695722978,6.518699294028112,1.1143373371432703,1.2485050764248713,1.133013621791075,0.0,137901033.02681503,113.11275110401658,73.75441952163821,1643854.5917177573,16643854.591717757,1565442.499397995,130.18814048679732,130.18814048679732,130.18814048679732,102.32521657288915,27.862923913908176,137901033.0268151,137901033.026815,0.0,0.9999999999999993,0.0024095931677981567,0.0008347448882446534,0.47174979272164186,0.0,6.483415330594412e-16,450,0,0.0,0.23923578699998416,0.0,1.903160262901922e-14,0,0.05,24000000.0,False,7356145.408282243,0.44620;0.44650;0.44692;0.44751;0.44833;0.44946;0.45067;0.45252;0.45587;0.46310;0.46822;0.44514;0.41174;0.37094;0.23282;0.00079;0.00000;0.00000;0.00000;0.00000;0.00000;0.00000;0.00000;0.00000
ok,R0172_S+03,172,3,20433909,45.2058451294518,0.651142446312517,0.2204799381475287,62.90001472146179,2334.6087679714856,2.986212267796216,3.3925116021847685,0.6228097197629798,0.3426001048415319,0.0573252139733041,688.7528839369295,4,2.214289438100764e-14,2.3340606981513142e-14,2.0912239451902804e-14,0.3192039716208459,0.3590470454932203,1.4681245227450307e-12,3.228220695722978,6.518699294028112,5.206439555847614,5.76954507201658,5.178412306439956,0.0,637242495.8674958,246.27522517202354,160.10707812522872,8463653.779714875,23463653.779714875,7816821.868215069,277.8760737463397,277.8760737463397,277.8760737463397,216.84217854258355,61.033895203756174,637242495.8674958,637242495.8674955,0.0,0.9999999999999997,0.011701242469551926,0.0037236941647848893,0.41773146041961284,0.0,3.741410540692154e-16,4896,0,0.0,2.8164952649999577,0.0,5.7371058671476626e-15,0,0.05,24000000.0,False,536346.2202851251,0.37228;0.37280;0.37353;0.37453;0.37594;0.37789;0.37943;0.38067;0.38200;0.38351;0.38535;0.38791;0.39230;0.40187;0.41145;0.38492;0.29905;0.01515;0.00000;0.00000;0.00000;0.00000;0.00000;0.00000
ok,R0173_S+00,173,0,20434909,524.3412361876187,0.443540103734176,0.11829339277406853,35.66543401174388,1621.472644462531,2.625693762592813,2.56584278574136,0.4779332973576615,0.2721429977659487,0.0468714918411135,716.4116100709659,4,4.1964330300394214e-13,5.068332502635663e-13,3.17562465884797e-13,0.5522564305996398,0.5606031154725649,1.8076427842232898e-11,0.705260397400784,6.118004082026344,4.799842903695796,2.912594119012586,1.7706618587566625,0.0,374079801.57715166,289.5864328415113,197.3155719038784,15698940.09736184,30698940.09736184,15686615.216696061,313.5794595795069,313.5794595795069,313.5794595795069,312.0877122059176,1.4917473735892486,374079801.57715064,374079801.5771507,0.0,1.0000000000000002,0.03572874361758778,0.01287548647593246,0.46525860128087526,0.0,1.5933670977179905e-16,8884,0,0.0,4.514922713000033,0.0,2.417945262273285e-13,0,0.05,24000000.0,True,-6698940.09736184,0.39438;0.39439;0.39441;0.39443;0.39446;0.39451;0.39456;0.39463;0.39474;0.39493;0.39527;0.39592;0.39717;0.39971;0.40543;0.43337;0.45455;0.38150;0.00310;0.00000;0.00000;0.00000;0.00000;0.00000
ok,R0173_S+01,173,1,20434909,524.3412361876187,0.443540103734176,0.11829339277406853,35.66543401174388,1621.472644462531,2.625693762592813,2.56584278574136,0.4779332973576615,0.2721429977659487,0.0468714918411135,716.4116100709659,4,4.1964330300394214e-13,5.068332502635663e-13,3.17562465884797e-13,0.5522564305996398,0.5606031154725649,1.8076427842232898e-11,0.705260397400784,6.118004082026344,0.1976191932410493,0.1462401805852193,0.1299688523371292,0.0,18691102.037467554,66.87578498061627,44.15700867723375,835440.4252922144,15835440.425292214,835091.7985471059,72.42735805274594,72.42735805274594,72.42735805274594,72.12248197717625,0.30487607556969465,18691102.03746755,18691102.03746496,0.0,0.9999999999998614,0.0018891520816315176,0.0007422480550240291,0.6012580738656693,0.0,1.3851921370077883e-13,312,0,0.0,0.1728389369999377,0.0,2.146692962317321e-12,0,0.05,24000000.0,False,8164559.574707786,0.57102;0.57111;0.57123;0.57140;0.57164;0.57197;0.57684;0.59425;0.59420;0.56185;0.52090;0.47468;0.41894;0.23229;0.00000;0.00000;0.00000;0.00000;0.00000;0.00000;0.00000;0.00000;0.00000;0.00000
ok,R0173_S+02,173,2,20434909,524.3412361876187,0.443540103734176,0.11829339277406853,35.66543401174388,1621.472644462531,2.625693762592813,2.56584278574136,0.4779332973576615,0.2721429977659487,0.0468714918411135,716.4116100709659,4,4.1964330300394214e-13,5.068332502635663e-13,3.17562465884797e-13,0.5522564305996398,0.5606031154725649,1.8076427842232898e-11,0.705260397400784,6.118004082026344,0.1501460208495387,0.2882837331611392,0.5249176735277203,0.0,38001165.97410719,94.20525723437498,62.95393072384646,1705867.7930934578,16705867.793093458,1704148.7990616672,104.54016544801078,104.54016544801078,104.54016544801078,101.77270933983442,2.7674561081763613,38001165.97410722,38001165.974106625,0.0,0.9999999999999843,0.004137465444351377,0.0014958927328654979,0.579776523148807,0.0,1.568495156596072e-14,428,0,0.0,0.23049518700008775,0.0,2.626820375236446e-12,0,0.05,24000000.0,False,7294132.206906542,0.53164;0.53167;0.53172;0.53179;0.53188;0.53200;0.53311;0.53564;0.54188;0.57069;0.56550;0.52554;0.47963;0.42482;0.29472;0.00000;0.00000;0.00000;0.00000;0.00000;0.00000;0.00000;0.00000;0.00000
ok,R0173_S+03,173,3,20434909,524.3412361876187,0.443540103734176,0.11829339277406853,35.66543401174388,1621.472644462531,2.625693762592813,2.56584278574136,0.4779332973576615,0.2721429977659487,0.0468714918411135,716.4116100709659,4,4.1964330300394214e-13,5.068332502635663e-13,3.17562465884797e-13,0.5522564305996398,0.5606031154725649,1.8076427842232898e-11,0.705260397400784,6.118004082026344,0.088830923157571,0.4011425763232533,0.5970824364359,0.0,42881095.50410702,100.82104271517065,66.85226161865333,1923572.9469762407,16923572.94697624,1921547.000336416,108.5938815404179,108.5938815404179,108.5938815404179,107.59977811726904,0.9941034231488572,42881095.50410704,42881095.50410701,0.0,0.9999999999999993,0.004137465444351377,0.0016842862051402023,0.5749942127645158,0.0,6.949990907961043e-16,449,0,0.0,0.2599686810000321,0.0,4.138740116413851e-12,0,0.05,24000000.0,False,7076427.053023759,0.52486;0.52489;0.52493;0.52499;0.52507;0.52518;0.52608;0.52808;0.53262;0.55105;0.57023;0.53361;0.48869;0.43634;0.34332;0.00000;0.00000;0.00000;0.00000;0.00000;0.00000;0.00000;0.00000;0.00000
ok,R0174_S+00,174,0,20435909,212.86821295111645,0.7634917921285249,0.25898194223357923,51.96077494594884,1408.3295472577174,2.435201179074125,3.365802221662572,0.281545535793454,0.2211534639647758,0.0647779258600913,714.8881348025652,4,1.407806561305057e-13,1.6693654490161065e-13,1.0832464495265604e-13,0.5376846824756485,0.5102501801978716,8.674152239886877e-12,1.646529896629624,2.6077914541587064,3.5107874651243605,2.208357261366818,1.0648129607817178,0.0,267606778.88985395,134.53470246099727,90.43298131040227,5094070.016951669,20094070.01695167,5068969.677397031,146.50193208478566,146.50193208478566,146.50193208478566,140.6470146203078,5.8549174644778645,267606778.88985416,267606778.88985422,0.0,1.0000000000000002,0.010162378228778685,0.004247943227547719,0.5512268413621629,0.0,2.227321931927728e-16,1237,0,0.0,0.6573878970000351,0.0,9.753934432570827e-14,0,0.05,24000000.0,False,3905929.983048331,0.49840;0.49846;0.49854;0.49866;0.49881;0.49902;0.49932;0.49979;0.50058;0.50204;0.50486;0.51092;0.54182;0.53552;0.49014;0.41277;0.00465;0.00000;0.00000;0.00000;0.00000;0.00000;0.00000;0.00000
ok,R0174_S+01,174,1,20435909,212.86821295111645,0.7634917921285249,0.25898194223357923,51.96077494594884,1408.3295472577174,2.435201179074125,3.365802221662572,0.281545535793454,0.2211534639647758,0.0647779258600913,714.8881348025652,4,1.407806561305057e-13,1.6693654490161065e-13,1.0832464495265604e-13,0.5376846824756485,0.5102501801978716,8.674152239886877e-12,1.646529896629624,2.6077914541587064,0.2455554848390174,0.2707622518961198,0.2619078751580941,0.0,30698665.7123523,45.766408305996926,30.64909681594653,610741.7161576599,15610741.71615766,606912.3738224674,50.76070907621229,50.76070907621229,50.76070907621229,46.5829207401192,4.177788336093087,30698665.71235228,30698665.71235299,0.0,1.000000000000023,0.00119004167809049,0.0005090963790820868,0.6247581730450397,0.0,2.3177894885507214e-14,300,0,0.0,0.16872894199991606,0.0,2.455717018703751e-13,0,0.05,24000000.0,False,8389258.28384234,0.61308;0.61331;0.61362;0.61404;0.61462;0.61542;0.62204;0.61807;0.59238;0.55762;0.51719;0.46739;0.29384;0.00000;0.00000;0.00000;0.00000;0.00000;0.00000;0.00000;0.00000;0.00000;0.00000;0.00000
ok,R0174_S+02,174,2,20435909,212.86821295111645,0.7634917921285249,0.25898194223357923,51.96077494594884,1408.3295472577174,2.435201179074125,3.365802221662572,0.281545535793454,0.2211534639647758,0.0647779258600913,714.8881348025652,4,1.407806561305057e-13,1.6693654490161065e-13,1.0832464495265604e-13,0.5376846824756485,0.5102501801978716,8.674152239886877e-12,1.646529896629624,2.6077914541587064,2.937643137678412,4.576222326276337,4.715857811136386,0.0,482425894.03252,180.4501015707416,121.44638820003956,9716968.506627321,24716968.50662732,9577025.526091356,196.3933421760047,196.3933421760047,196.3933421760047,176.7248803722909,19.668461803713797,482425894.03251994,482425894.0325203,0.0,1.0000000000000007,0.017304210523066216,0.0073765181252901536,0.5284290676150322,0.0,7.413115114178269e-16,2923,0,0.0,1.5243729789999634,0.0,3.461650040712106e-14,0,0.05,24000000.0,True,-716968.5066273212,0.46089;0.46105;0.46126;0.46156;0.46196;0.46251;0.46301;0.46347;0.46405;0.46485;0.46609;0.46826;0.47263;0.48717;0.52236;0.48568;0.38404;0.00445;0.00000;0.00000;0.00000;0.00000;0.00000;0.00000
ok,R0174_S+03,174,3,20435909,212.86821295111645,0.7634917921285249,0.25898194223357923,51.96077494594884,1408.3295472577174,2.435201179074125,3.365802221662572,0.281545535793454,0.2211534639647758,0.0647779258600913,714.8881348025652,4,1.407806561305057e-13,1.6693654490161065e-13,1.0832464495265604e-13,0.5376846824756485,0.5102501801978716,8.674152239886877e-12,1.646529896629624,2.6077914541587064,0.1213490781170527,0.270614200077542,0.597874395621139,0.0,39046126.71900925,52.263241674121986,34.5532025471554,819613.4088152014,15819613.408815201,810118.1212817468,56.86238816828902,56.86238816828902,56.86238816828902,50.84984217436156,6.012545993927461,39046126.719009236,39046126.71900925,0.0,1.0000000000000004,0.0014408034258042587,0.0006464594515215722,0.6209888157919918,0.0,3.816296889338621e-16,318,0,0.0,0.20500154999990627,0.0,5.425943460748451e-13,0,0.05,24000000.0,False,8180386.591184799,0.59818;0.59840;0.59870;0.59911;0.59968;0.60046;0.60704;0.61947;0.60402;0.57163;0.53311;0.48775;0.40195;0.00968;0.00000;0.00000;0.00000;0.00000;0.00000;0.00000;0.00000;0.00000;0.00000;0.00000
ok,R0175_S+00,175,0,20436909,880.3879896692389,0.1869722449226948,0.2573343222609908,25.01087337094093,1450.124933587342,1.525339554820104,2.183103866947872,0.580786486617068,0.1786284827305132,0.0426200208269448,744.3657022402556,4,9.139974583669695e-13,9.249428710295094e-13,9.037473287836837e-13,0.16140764586900647,0.18245563651738717,2.3133629022673605e-11,0.8938931470350882,8.176248749037057,0.3965595533939576,0.2929788821082107,0.2855702489189731,0.0,38465112.27436077,84.62564243819075,51.596771176951165,1347649.090489246,16347649.090489246,1347199.125072822,91.03915418277523,91.03915418277523,91.03915418277523,90.9903048799428,0.04884930283243705,38465112.27436079,38465112.27435827,0.0,0.9999999999999345,0.003795767109937212,0.001198510903528547,0.6601100211237548,0.0,6.546961890551515e-14,283,0,0.0,0.17389775699996335,0.0,2.5503567841774762e-12,0,0.05,24000000.0,False,7652350.909510754,0.60509;0.60519;0.60534;0.60553;0.60580;0.60617;0.61101;0.62700;0.65965;0.62231;0.55593;0.47976;0.39846;0.30750;0.13761;0.00000;0.00000;0.00000;0.00000;0.00000;0.00000;0.00000;0.00000;0.00000
ok,R0175_S+01,175,1,20436909,880.3879896692389,0.1869722449226948,0.2573343222609908,25.01087337094093,1450.124933587342,1.525339554820104,2.183103866947872,0.580786486617068,0.1786284827305132,0.0426200208269448,744.3657022402556,4,9.139974583669695e-13,9.249428710295094e-13,9.037473287836837e-13,0.16140764586900647,0.18245563651738717,2.3133629022673605e-11,0.8938931470350882,8.176248749037057,0.1129385112885255,0.7625156652317003,1.104209808800431,0.0,78091805.22894396,119.47649766167098,73.55473419802121,2728576.7622813433,17728576.762281343,2726507.307491116,130.34626666418006,130.34626666418006,130.34626666418006,130.1677591226626,0.17850754151746173,78091805.22894399,78091805.22894228,0.0,0.999999999999978,0.008188224906158016,0.002399395205740228,0.6223391064467051,0.0,2.1943833059929552e-14,407,0,0.0,0.2498148739999806,0.0,5.996985259236152e-12,0,0.05,24000000.0,False,6271423.237718657,0.54086;0.54090;0.54095;0.54102;0.54112;0.54125;0.54258;0.54572;0.55257;0.57583;0.61954;0.56419;0.48879;0.40742;0.31754;0.16901;0.00000;0.00000;0.00000;0.00000;0.00000;0.00000;0.00000;0.00000
ok,R0175_S+02,175,2,20436909,880.3879896692389,0.1869722449226948,0.2573343222609908,25.01087337094093,1450.124933587342,1.525339554820104,2.183103866947872,0.580786486617068,0.1786284827305132,0.0426200208269448,744.3657022402556,4,9.139974583669695e-13,9.249428710295094e-13,9.037473287836837e-13,0.16140764586900647,0.18245563651738717,2.3133629022673605e-11,0.8938931470350882,8.176248749037057,0.6163066400215818,0.4648972971126003,0.4322597568596816,0.0,59701602.33697594,105.06898260157782,64.283773921533,2084155.377384685,17084155.377384685,2083399.4833899103,112.50694512969426,112.50694512969426,112.50694512969426,112.4384573684656,0.06848776122865274,59701602.33697595,59701602.336980455,0.0,1.0000000000000755,0.005574998090678623,0.0018462238426758808,0.6391251870118884,0.0,7.550218226466514e-14,325,0,0.0,0.20370005800009494,0.0,2.274231997979475e-12,0,0.05,24000000.0,False,6915844.622615315,0.56594;0.56599;0.56606;0.56615;0.56628;0.56646;0.56857;0.57381;0.58774;0.63533;0.60329;0.53319;0.45516;0.37159;0.27201;0.03188;0.00000;0.00000;0.00000;0.00000;0.00000;0.00000;0.00000;0.00000
ok,R0175_S+03,175,3,20436909,880.3879896692389,0.1869722449226948,0.2573343222609908,25.01087337094093,1450.124933587342,1.525339554820104,2.183103866947872,0.580786486617068,0.1786284827305132,0.0426200208269448,744.3657022402556,4,9.139974583669695e-13,9.249428710295094e-13,9.037473287836837e-13,0.16140764586900647,0.18245563651738717,2.3133629022673605e-11,0.8938931470350882,8.176248749037057,4.19197421910796,2.8555233331389176,2.3347026979789405,0.0,370099653.27065784,254.35665056683,160.32289512975893,12353395.308796477,27353395.308796477,12346295.117513038,274.92349290911403,274.92349290911403,274.92349290911403,274.61925222583096,0.3042406832830693,370099653.27065885,370099653.2706586,0.0,0.9999999999999993,0.03810388907557648,0.010354900539080912,0.49817771020715435,0.0,6.442010334097876e-16,2968,0,0.0,1.4876733439999725,0.0,4.972155662028549e-13,0,0.05,24000000.0,True,-3353395.3087964766,0.38712;0.38713;0.38714;0.38715;0.38718;0.38721;0.38732;0.38753;0.38793;0.38867;0.39010;0.39293;0.39902;0.41668;0.49535;0.44439;0.35678;0.24376;0.00011;0.00000;0.00000;0.00000;0.00000;0.00000
ok,R0178_S+00,178,0,20439909,38.35466687422125,0.6384913880062224,0.18905579091818966,27.687966769587785,2768.2816922662614,2.7268051345003013,3.021015569541514,0.3189211482527253,0.3395563220019219,0.0547179443642744,715.4914998274049,4,7.323193098195076e-14,1.794026629225632e-13,4.6844365203340746e-14,0.7577310136977018,1.5934444102111074,4.967294969375488e-12,1.5648200678790682,3.4970737876726634,0.1621689114821029,0.2487682037052396,0.5236989190634448,0.0,36868587.64309081,103.15032005036328,57.99700966599591,765957.1357430816,15765957.135743082,759984.0145289153,116.66598670855083,116.66598670855083,116.66598670855083,75.98971008912086,40.67627661942997,36868587.6430908,36868587.643090725,0.0,0.999999999999998,0.0010314414209948485,0.00040667785556139103,0.5478522309160989,0.0,2.0208478472378024e-15,402,0,0.0,0.24937882500000796,0.0,3.9487917236149656e-13,0,0.05,24000000.0,False,8234042.864256918,0.51973;0.52001;0.52039;0.52092;0.52167;0.52270;0.52514;0.53274;0.54044;0.52727;0.49804;0.46298;0.41963;0.26884;0.07260;0.00000;0.00000;0.00000;0.00000;0.00000;0.00000;0.00000;0.00000;0.00000
ok,R0178_S+01,178,1,20439909,38.35466687422125,0.6384913880062224,0.18905579091818966,27.687966769587785,2768.2816922662614,2.7268051345003013,3.021015569541514,0.3189211482527253,0.3395563220019219,0.0547179443642744,715.4914998274049,4,7.323193098195076e-14,1.794026629225632e-13,4.6844365203340746e-14,0.7577310136977018,1.5934444102111074,4.967294969375488e-12,1.5648200678790682,3.4970737876726634,0.3405103391646771,0.4455194858604192,0.7118206270828723,0.0,59085706.78430303,127.31419325822985,73.3735723136538,1167996.767998157,16167996.767998157,1159398.449790528,144.58309342110934,144.58309342110934,144.58309342110934,100.8053831860029,43.77771023510644,59085706.78430309,59085706.7843034,0.0,1.000000000000005,0.0017180222262236783,0.0006497815397896561,0.5353051843624801,0.0,5.170011853950272e-15,509,0,0.0,0.2679497750000337,0.0,2.0469278266530464e-13,0,0.05,24000000.0,False,7832003.232001843,0.50279;0.50307;0.50345;0.50398;0.50471;0.50574;0.50707;0.50939;0.51560;0.52866;0.51905;0.48943;0.45279;0.40412;0.17180;0.02172;0.00000;0.00000;0.00000;0.00000;0.00000;0.00000;0.00000;0.00000
ok,R0178_S+02,178,2,20439909,38.35466687422125,0.6384913880062224,0.18905579091818966,27.687966769587785,2768.2816922662614,2.7268051345003013,3.021015569541514,0.3189211482527253,0.3395563220019219,0.0547179443642744,715.4914998274049,4,7.323193098195076e-14,1.794026629225632e-13,4.6844365203340746e-14,0.7577310136977018,1.5934444102111074,4.967294969375488e-12,1.5648200678790682,3.4970737876726634,0.0411162163287438,0.2790867447991966,0.464411685615726,0.0,30950693.970097404,95.88987022254925,53.18771305260423,660509.9376108777,15660509.937610878,655533.9317602664,110.99820512943445,110.99820512943445,110.99820512943445,68.38698933399931,42.61121579543514,30950693.97009737,30950693.970097512,0.0,1.0000000000000047,0.0009207616003911138,0.0003416664922922155,0.5507483223789414,0.0,4.573759524691762e-15,350,0,0.0,0.18412804699994467,0.0,1.527633044392443e-12,0,0.05,24000000.0,False,8339490.062389122,0.52550;0.52578;0.52618;0.52672;0.52749;0.52854;0.53166;0.54013;0.53951;0.51989;0.48863;0.45205;0.40254;0.15822;0.04013;0.00000;0.00000;0.00000;0.00000;0.00000;0.00000;0.00000;0.00000;0.00000
ok,R0178_S+03,178,3,20439909,38.35466687422125,0.6384913880062224,0.18905579091818966,27.687966769587785,2768.2816922662614,2.7268051345003013,3.021015569541514,0.3189211482527253,0.3395563220019219,0.0547179443642744,715.4914998274049,4,7.323193098195076e-14,1.794026629225632e-13,4.6844365203340746e-14,0.7577310136977018,1.5934444102111074,4.967294969375488e-12,1.5648200678790682,3.4970737876726634,0.372326205425612,2.6898854245325707,4.251695176956756,0.0,288511681.8123736,300.7529548052194,163.53813297554274,6559020.716646105,21559020.716646105,6464166.894213058,338.54575713251484,338.54575713251484,338.54575713251484,205.24982708859648,133.29593004391836,288511681.81237143,288511681.81237173,0.0,1.000000000000001,0.008440685681793353,0.003063527868647407,0.4827571878564449,0.0,1.0329676150540322e-15,5503,0,0.0,2.621364011999958,0.0,1.8543049353260367e-13,0,0.05,24000000.0,False,2440979.283353895,0.42541;0.42595;0.42670;0.42774;0.42919;0.43121;0.43268;0.43398;0.43541;0.43709;0.43928;0.44268;0.45092;0.46791;0.45251;0.42029;0.26772;0.08711;0.00000;0.00000;0.00000;0.00000;0.00000;0.00000
ok,R0180_S+00,180,0,20441909,833.4753543401545,0.1721307891240889,0.14054401133142486,29.584837005610936,3951.929341679265,1.771094267359428,2.8276275133802526,0.5552908602032571,0.3466617935037339,0.0551955536439935,684.6093380407794,4,7.791574851486798e-13,7.881382892816739e-13,7.699433268224168e-13,0.16196749362353668,0.17115927028646413,2.331694282627936e-11,3.8062802372327686,6.036256439620133,1.050131770979181,1.026011336127325,1.184941526174767,0.0,128640005.52904637,209.60468652257163,134.08731187922888,1052316.656156579,16052316.656156579,1049031.8912263326,228.44932675557513,228.44932675557513,228.44932675557513,225.92893202669177,2.5203947288833604,128640005.52904642,128640005.52904731,0.0,1.0000000000000069,0.0035010951830047607,0.0009113449773239217,0.5153751337811827,0.0,6.950168168556102e-15,487,0,0.0,0.22910576599997512,0.0,5.204408362719075e-13,0,0.05,24000000.0,False,7947683.343843421,0.47213;0.47215;0.47219;0.47225;0.47232;0.47242;0.47296;0.47401;0.47621;0.48152;0.50443;0.50496;0.46684;0.42141;0.37060;0.31027;0.19047;0.00001;0.00000;0.00000;0.00000;0.00000;0.00000;0.00000
ok,R0180_S+01,180,1,20441909,833.4753543401545,0.1721307891240889,0.14054401133142486,29.584837005610936,3951.929341679265,1.771094267359428,2.8276275133802526,0.5552908602032571,0.3466617935037339,0.0551955536439935,684.6093380407794,4,7.791574851486798e-13,7.881382892816739e-13,7.699433268224168e-13,0.16196749362353668,0.17115927028646413,2.331694282627936e-11,3.8062802372327686,6.036256439620133,7.213216905506084,8.800917068664097,12.646754822816035,0.0,1130586080.3747153,616.5009393563163,397.55061600881004,9075772.370519977,24075772.370519977,9013793.801973656,661.3151789674139,661.3151789674139,661.3151789674139,657.3424846056371,3.972694361776803,1130586080.3747082,1130586080.3747158,0.0,1.0000000000000067,0.026809616321303086,0.007421112161862622,0.40982985612848777,0.0,6.748176599451324e-15,14637,0,0.0,7.706822111000065,0.0,1.1129887601384086e-13,0,0.05,24000000.0,True,-75772.37051997706,0.34347;0.34352;0.34360;0.34370;0.34384;0.34404;0.34417;0.34431;0.34447;0.34467;0.34497;0.34545;0.34630;0.34792;0.35127;0.35996;0.40425;0.38548;0.32777;0.23339;0.00275;0.00000;0.00000;0.00000
ok,R0180_S+02,180,2,20441909,833.4753543401545,0.1721307891240889,0.14054401133142486,29.584837005610936,3951.929341679265,1.771094267359428,2.8276275133802526,0.5552908602032571,0.3466617935037339,0.0551955536439935,684.6093380407794,4,7.791574851486798e-13,7.881382892816739e-13,7.699433268224168e-13,0.16196749362353668,0.17115927028646413,2.331694282627936e-11,3.8062802372327686,6.036256439620133,11.57919115300692,11.678994508123727,10.052131081741146,0.0,1313992064.5560637,659.4320306367744,428.58354320577564,10345144.227762647,25345144.227762647,10293791.482453108,713.9166503517762,713.9166503517762,713.9166503517762,707.4866932443603,6.42995710741593,1313992064.5560527,1313992064.5560544,0.0,1.0000000000000013,0.0336141736751762,0.008514190972026001,0.4014755037584598,0.0,1.270121866584335e-15,19073,0,0.0,10.028361541000095,0.0,7.159580151059312e-14,0,0.05,24000000.0,True,-1345144.227762647,0.33469;0.33473;0.33479;0.33486;0.33497;0.33512;0.33521;0.33531;0.33543;0.33559;0.33582;0.33619;0.33684;0.33808;0.34057;0.34625;0.37143;0.39427;0.34227;0.26294;0.02241;0.00000;0.00000;0.00000
ok,R0180_S+03,180,3,20441909,833.4753543401545,0.1721307891240889,0.14054401133142486,29.584837005610936,3951.929341679265,1.771094267359428,2.8276275133802526,0.5552908602032571,0.3466617935037339,0.0551955536439935,684.6093380407794,4,7.791574851486798e-13,7.881382892816739e-13,7.699433268224168e-13,0.16196749362353668,0.17115927028646413,2.331694282627936e-11,3.8062802372327686,6.036256439620133,1.3533699303603426,1.0798267180797247,1.4615566971056615,0.0,153636335.22174236,229.68054409607544,146.53956402833012,1256999.4230707772,16256999.423070777,1252793.9189638272,245.6589194159571,245.6589194159571,245.6589194159571,244.38430812712647,1.274611288830613,153636335.22174245,153636335.22174284,0.0,1.0000000000000024,0.0035010951830047607,0.001086217458248861,0.5080044100534866,0.0,2.5217354376545318e-15,589,0,0.0,0.26666803700004493,0.0,4.132548837799624e-13,0,0.05,24000000.0,False,7743000.576929223,0.46288;0.46291;0.46295;0.46300;0.46307;0.46317;0.46358;0.46438;0.46597;0.46946;0.48112;0.50673;0.47792;0.43409;0.38475;0.32801;0.24061;0.00221;0.00000;0.00000;0.00000;0.00000;0.00000;0.00000
ok,R0181_S+00,181,0,20442909,233.21792435599025,0.8119895609452652,0.2746675145146945,42.72917671758948,3898.665737484965,2.604884196813705,3.810458873741765,0.5158215362197525,0.2424416866433733,0.0444033193058234,777.9744362947714,4,2.3322327714504676e-13,7.290974204306722e-13,5.466139923329019e-14,0.8833759088383477,1.224272655236025,3.1153732521920826e-11,9.451994560562856,6.9700402260526975,24.763860506897945,15.44466037246969,9.19256823033634,0.0,1948724762.1104927,469.9059643098357,295.0756986593139,6702409.577066898,21702409.5770669,6679129.470529158,522.8336428011055,522.8336428011055,522.8336428011055,215.01862219320316,307.81502060790234,1948724762.110494,1948724762.1104956,0.0,1.0000000000000009,0.01268703235461798,0.004214783606305112,0.4530087489964798,0.0,8.564216384788301e-16,11346,0,0.0,5.51294636199998,0.0,7.531406442314817e-14,0,0.05,24000000.0,False,2297590.4229331017,0.40237;0.40272;0.40321;0.40389;0.40483;0.40614;0.40710;0.40794;0.40884;0.40986;0.41112;0.41284;0.41586;0.41986;0.41639;0.41872;0.37652;0.29626;0.22104;0.01020;0.00000;0.00000;0.00000;0.00000
ok,R0181_S+01,181,1,20442909,233.21792435599025,0.8119895609452652,0.2746675145146945,42.72917671758948,3898.665737484965,2.604884196813705,3.810458873741765,0.5158215362197525,0.2424416866433733,0.0444033193058234,777.9744362947714,4,2.3322327714504676e-13,7.290974204306722e-13,5.466139923329019e-14,0.8833759088383477,1.224272655236025,3.1153732521920826e-11,9.451994560562856,6.9700402260526975,1.1652405421551997,2.473677453926877,3.202737914232166,0.0,269882800.69416595,180.28799242067615,110.77522347917473,1025198.4742391519,16025198.474239152,1019746.4216470979,201.8107261686362,201.8107261686362,201.8107261686362,70.90450535440327,130.90622081423294,269882800.69416606,269882800.69416696,0.0,1.0000000000000033,0.0018089248223747125,0.0006135579308526814,0.5424468292956861,0.0,3.3128071493671367e-15,556,0,0.0,0.3248025540000299,0.0,5.258184839653974e-13,0,0.05,24000000.0,False,7974801.525760848,0.50162;0.50189;0.50226;0.50277;0.50349;0.50449;0.50648;0.51071;0.51043;0.50987;0.51356;0.48853;0.44631;0.33871;0.29557;0.20741;0.02211;0.00000;0.00000;0.00000;0.00000;0.00000;0.00000;0.00000
ok,R0181_S+02,181,2,20442909,233.21792435599025,0.8119895609452652,0.2746675145146945,42.72917671758948,3898.665737484965,2.604884196813705,3.810458873741765,0.5158215362197525,0.2424416866433733,0.0444033193058234,777.9744362947714,4,2.3322327714504676e-13,7.290974204306722e-13,5.466139923329019e-14,0.8833759088383477,1.224272655236025,3.1153732521920826e-11,9.451994560562856,6.9700402260526975,5.845841399478839,5.273112757785125,8.543113612804602,0.0,775609587.3258948,305.61160576872743,187.39459416935628,2916871.4657559097,17916871.46575591,2896539.974080924,337.4052902100677,337.4052902100677,337.4052902100677,124.95600184816621,212.44928836190147,775609587.3258952,775609587.3258938,0.0,0.9999999999999981,0.005143179743716989,0.0017353281396995577,0.49832550404002784,0.0,1.8443705415522455e-15,2120,0,0.0,1.0995747650000567,0.0,1.1138991474556633e-13,0,0.05,24000000.0,False,6083128.53424409,0.44799;0.44833;0.44880;0.44946;0.45038;0.45165;0.45260;0.45369;0.45525;0.45823;0.46441;0.46229;0.46277;0.46484;0.42524;0.31702;0.27639;0.15107;0.00023;0.00000;0.00000;0.00000;0.00000;0.00000
ok,R0181_S+03,181,3,20442909,233.21792435599025,0.8119895609452652,0.2746675145146945,42.72917671758948,3898.665737484965,2.604884196813705,3.810458873741765,0.5158215362197525,0.2424416866433733,0.0444033193058234,777.9744362947714,4,2.3322327714504676e-13,7.290974204306722e-13,5.466139923329019e-14,0.8833759088383477,1.224272655236025,3.1153732521920826e-11,9.451994560562856,6.9700402260526975,0.8515223730276321,3.2476225581851117,5.563657220659552,0.0,381168556.48490644,218.85184155671325,132.71337779897723,1508307.413529627,16508307.413529627,1497320.6364803296,241.18678338026567,241.18678338026567,241.18678338026567,79.24967462341172,161.93710875685395,381168556.48490703,381168556.4849086,0.0,1.000000000000004,0.0024596226025727403,0.0008631738680254423,0.5264139690423517,0.0,4.065709875052403e-15,838,0,0.0,0.3981704270000819,0.0,8.758506309724028e-13,0,0.05,24000000.0,False,7491692.586470373,0.48247;0.48278;0.48321;0.48380;0.48464;0.48580;0.48718;0.48990;0.49501;0.49224;0.49184;0.49280;0.46627;0.39274;0.31368;0.26618;0.14751;0.00000;0.00000;0.00000;0.00000;0.00000;0.00000;0.00000
ok,R0185_S+00,185,0,20446909,838.5253919276971,0.6175347568072793,0.2717403635288863,69.09585421208033,1800.5356279462444,1.906864065339109,2.672370306427708,0.4257801403051481,0.1662508451088247,0.050065855979379,643.2579351084062,4,6.11904342608831e-13,9.251510652220918e-13,3.8038339380244623e-13,0.6815300638465639,0.9049948527971677,6.392410312673645e-11,3.4491749296138132,5.102640895390072,3.75621580937494,4.442552507843686,4.1700544551654,0.0,487912951.90223265,168.8949509291698,109.03489970292283,4427940.128653854,19427940.128653854,4423827.163077399,185.4472281520455,185.4472281520455,185.4472281520455,181.1264523654904,4.320775786555117,487912951.902232,487912951.9022299,0.0,0.9999999999999957,0.01015896714131051,0.0037946482896468302,0.5979946043065941,0.0,4.275685978421612e-15,1042,0,0.0,0.5085152689999859,0.0,4.330321088901874e-13,0,0.05,24000000.0,False,4572059.871346146,0.52190;0.52193;0.52199;0.52206;0.52216;0.52230;0.52268;0.52338;0.52470;0.52734;0.53313;0.55483;0.59291;0.54118;0.47241;0.37804;0.05277;0.00000;0.00000;0.00000;0.00000;0.00000;0.00000;0.00000
ok,R0185_S+01,185,1,20446909,838.5253919276971,0.6175347568072793,0.2717403635288863,69.09585421208033,1800.5356279462444,1.906864065339109,2.672370306427708,0.4257801403051481,0.1662508451088247,0.050065855979379,643.2579351084062,4,6.11904342608831e-13,9.251510652220918e-13,3.8038339380244623e-13,0.6815300638465639,0.9049948527971677,6.392410312673645e-11,3.4491749296138132,5.102640895390072,2.66289010098136,4.851304007308372,9.51368949146802,0.0,671698924.3596439,196.70250753188597,127.93346016025862,6158782.988017902,21158782.9880179,6148431.131293029,218.90363665784525,218.90363665784525,218.90363665784525,206.30149549262657,12.602141165218683,671698924.3596447,671698924.3596377,0.0,0.9999999999999897,0.014515040676975831,0.0051417655765673195,0.576738039751292,0.0,1.0293508807590865e-14,1681,0,0.0,0.9134473249999928,0.0,4.1590360072471996e-13,0,0.05,24000000.0,False,2841217.011982098,0.49536;0.49542;0.49551;0.49563;0.49580;0.49604;0.49635;0.49684;0.49767;0.49920;0.50221;0.50904;0.53951;0.56724;0.50736;0.42963;0.26427;0.00001;0.00000;0.00000;0.00000;0.00000;0.00000;0.00000
ok,R0185_S+02,185,2,20446909,838.5253919276971,0.6175347568072793,0.2717403635288863,69.09585421208033,1800.5356279462444,1.906864065339109,2.672370306427708,0.4257801403051481,0.1662508451088247,0.050065855979379,643.2579351084062,4,6.11904342608831e-13,9.251510652220918e-13,3.8038339380244623e-13,0.6815300638465639,0.9049948527971677,6.392410312673645e-11,3.4491749296138132,5.102640895390072,0.3267562952337896,0.7200776879405375,1.2416675974123248,0.0,90274521.84940165,72.72823725048966,46.873089565117795,842714.8113405816,15842714.811340582,841898.1847732253,81.15081358216656,81.15081358216656,81.15081358216656,76.45883042351481,4.691983158651752,90274521.84940153,90274521.84940678,0.0,1.0000000000000582,0.0019734672132688314,0.000727685192717344,0.6793902593227559,0.0,5.810286925678297e-14,328,0,0.0,0.18466036099994199,0.0,2.6372382236875188e-12,0,0.05,24000000.0,False,8157285.188659418,0.64277;0.64291;0.64310;0.64336;0.64372;0.64423;0.65120;0.67368;0.66638;0.62216;0.56660;0.50317;0.42684;0.25669;0.00000;0.00000;0.00000;0.00000;0.00000;0.00000;0.00000;0.00000;0.00000;0.00000
ok,R0185_S+03,185,3,20446909,838.5253919276971,0.6175347568072793,0.2717403635288863,69.09585421208033,1800.5356279462444,1.906864065339109,2.672370306427708,0.4257801403051481,0.1662508451088247,0.050065855979379,643.2579351084062,4,6.11904342608831e-13,9.251510652220918e-13,3.8038339380244623e-13,0.6815300638465639,0.9049948527971677,6.392410312673645e-11,3.4491749296138132,5.102640895390072,19.14346505484736,16.75813487092489,9.63070530835573,0.0,1796112844.5706465,315.93843097211766,209.35829255571429,15497091.26177229,30497091.26177229,15483179.9178067,341.88609197111055,341.88609197111055,341.88609197111055,337.33186679226634,4.554225178844206,1796112844.5706491,1796112844.5706482,0.0,0.9999999999999994,0.0336358166091797,0.012588246496143714,0.506626960057289,0.0,5.30965701453029e-16,8112,0,0.0,3.6078525880000143,0.0,1.902525414378206e-13,0,0.05,24000000.0,True,-6497091.26177229,0.41676;0.41680;0.41685;0.41692;0.41701;0.41714;0.41726;0.41740;0.41761;0.41794;0.41852;0.41959;0.42167;0.42600;0.43669;0.49389;0.47111;0.36992;0.01439;0.00000;0.00000;0.00000;0.00000;0.00000
ok,R0188_S+00,188,0,20449909,888.0152215920001,0.7530449116650046,0.2272051476277476,77.02730129625073,2316.0612786613774,1.6277729870413096,3.0022552843309334,0.5198018302521903,0.2158669516399207,0.0446005150564625,614.5694382657418,4,2.764267475287055e-13,1.0090752669653607e-12,9.183235497358644e-14,0.8731084094882992,1.512785962955003,7.77263446191355e-11,5.053213344871799,6.992768979382523,3.991748244237492,6.116266591524471,6.63686158784393,0.0,660535140.2819817,243.27911252353232,149.992244507117,4487384.788462289,19487384.78846229,4484065.974555153,268.63169842079765,268.63169842079765,268.63169842079765,221.5328053643334,47.09889305646425,660535140.281982,660535140.2819865,0.0,1.0000000000000069,0.011164817470704917,0.003495825987801131,0.5083309937685578,0.0,6.8580045582372104e-15,1461,0,0.0,0.8415942489999679,0.0,5.445350431810171e-13,0,0.05,24000000.0,False,4512615.211537711,0.43485;0.43500;0.43522;0.43551;0.43592;0.43650;0.43703;0.43776;0.43891;0.44092;0.44492;0.45512;0.49593;0.47918;0.41886;0.34975;0.24629;0.00969;0.00000;0.00000;0.00000;0.00000;0.00000;0.00000
ok,R0188_S+01,188,1,20449909,888.0152215920001,0.7530449116650046,0.2272051476277476,77.02730129625073,2316.0612786613774,1.6277729870413096,3.0022552843309334,0.5198018302521903,0.2158669516399207,0.0446005150564625,614.5694382657418,4,2.764267475287055e-13,1.0090752669653607e-12,9.183235497358644e-14,0.8731084094882992,1.512785962955003,7.77263446191355e-11,5.053213344871799,6.992768979382523,1.8266805477379595,2.7090900749571576,3.073150064107323,0.0,300149094.33229584,164.7168113708737,101.01414108389449,2056851.4911823757,17056851.491182376,2055614.220204901,180.9947492416458,180.9947492416458,180.9947492416458,152.36322613261044,28.631523109035356,300149094.33229584,300149094.3322936,0.0,0.9999999999999927,0.005279984986850293,0.0016243598341821148,0.5583091852918807,0.0,7.347587909920128e-15,550,0,0.0,0.3046352509999224,0.0,1.093579240095505e-12,0,0.05,24000000.0,False,6943148.508817624,0.49369;0.49381;0.49399;0.49423;0.49457;0.49505;0.49610;0.49803;0.50196;0.51270;0.54930;0.52462;0.46859;0.40653;0.33563;0.21022;0.00346;0.00000;0.00000;0.00000;0.00000;0.00000;0.00000;0.00000
ok,R0188_S+02,188,2,20449909,888.0152215920001,0.7530449116650046,0.2272051476277476,77.02730129625073,2316.0612786613774,1.6277729870413096,3.0022552843309334,0.5198018302521903,0.2158669516399207,0.0446005150564625,614.5694382657418,4,2.764267475287055e-13,1.0090752669653607e-12,9.183235497358644e-14,0.8731084094882992,1.512785962955003,7.77263446191355e-11,5.053213344871799,6.992768979382523,2.045397255653857,2.047379160464038,2.011463099921986,0.0,240793936.18922517,146.72617336519815,90.39077636357297,1621377.1977632586,16621377.197763259,1620621.6023619436,161.12765992334582,161.12765992334582,161.12765992334582,139.62195586620518,21.505704057140633,240793936.18922544,240793936.18922532,0.0,0.9999999999999996,0.004288122492563015,0.0013081572234646662,0.5712624500280069,0.0,4.950676559276055e-16,444,0,0.0,0.21622588000002452,0.0,9.825052982248657e-13,0,0.05,24000000.0,False,7378622.802236741,0.51054;0.51065;0.51080;0.51101;0.51130;0.51170;0.51310;0.51587;0.52217;0.54613;0.55617;0.50738;0.44914;0.38522;0.30839;0.13034;0.00000;0.00000;0.00000;0.00000;0.00000;0.00000;0.00000;0.00000
ok,R0188_S+03,188,3,20449909,888.0152215920001,0.7530449116650046,0.2272051476277476,77.02730129625073,2316.0612786613774,1.6277729870413096,3.0022552843309334,0.5198018302521903,0.2158669516399207,0.0446005150564625,614.5694382657418,4,2.764267475287055e-13,1.0090752669653607e-12,9.183235497358644e-14,0.8731084094882992,1.512785962955003,7.77263446191355e-11,5.053213344871799,6.992768979382523,0.6088736744773502,0.9848102794794634,1.0192947998438606,0.0,103074172.9011752,96.67004251085297,59.1183559099334,709874.9464776963,15709874.946477696,709555.3083971608,106.37767319147808,106.37767319147808,106.37767319147808,87.81007058242344,18.567602609054646,103074172.90117517,103074172.90117756,0.0,1.000000000000023,0.0018655415683601476,0.0005648832568199762,0.6073530573409557,0.0,2.313077780698294e-14,298,0,0.0,0.17547183900001073,0.0,2.778978270036204e-12,0,0.05,24000000.0,False,8290125.053522304,0.56728;0.56745;0.56770;0.56804;0.56851;0.56917;0.57602;0.59598;0.58888;0.54496;0.49110;0.43138;0.36570;0.27785;0.05683;0.00000;0.00000;0.00000;0.00000;0.00000;0.00000;0.00000;0.00000;0.00000
ok,R0194_S+00,194,0,20455909,664.7339257640075,0.1281361291045281,0.19242609119032641,53.11926324477496,3686.4890430233127,2.3266313609608247,2.388837843791096,0.2626200887845999,0.1682402020952803,0.0444605350718777,776.7785311267166,4,6.52091509416228e-13,6.544677695543844e-13,6.496332720089909e-13,0.094673789998589,0.09657583607212157,3.4764845736180066e-11,9.044137769196933,3.544088100064901,7.682381082577305,5.904494697420823,5.7341942800057,0.0,762158250.656971,240.11392569642516,157.20411402031047,2599216.1215160824,17599216.121516082,2580458.5093365535,261.53220405056936,261.53220405056936,261.53220405056936,260.8197049862753,0.7124990642940361,762158250.6569724,762158250.6569717,0.0,0.9999999999999991,0.004645176254409423,0.002191662176928688,0.6750011910733948,0.0,9.384609255205787e-16,1471,0,0.0,0.8386552800000118,0.0,1.5085030488818044e-13,0,0.05,24000000.0,False,6400783.878483918,0.62061;0.62066;0.62073;0.62083;0.62097;0.62116;0.62142;0.62183;0.62254;0.62388;0.62658;0.63282;0.65738;0.66635;0.61716;0.55172;0.44368;0.01039;0.00000;0.00000;0.00000;0.00000;0.00000;0.00000
ok,R0194_S+01,194,1,20455909,664.7339257640075,0.1281361291045281,0.19242609119032641,53.11926324477496,3686.4890430233127,2.3266313609608247,2.388837843791096,0.2626200887845999,0.1682402020952803,0.0444605350718777,776.7785311267166,4,6.52091509416228e-13,6.544677695543844e-13,6.496332720089909e-13,0.094673789998589,0.09657583607212157,3.4764845736180066e-11,9.044137769196933,3.544088100064901,16.064795841350765,15.825858551447716,11.477692806687342,0.0,1710751191.9781172,353.14273029063224,235.60756976667335,5756364.848387372,20756364.84838737,5710127.379312586,396.42813964918224,396.42813964918224,396.42813964918224,393.9723278827505,2.4558117664317365,1710751191.9781182,1710751191.9781184,0.0,1.0000000000000002,0.011371957561782676,0.0047729508870019135,0.62915728327453,0.0,1.3936484757078109e-16,5236,0,0.0,2.693654856999956,0.0,6.997116945540967e-14,0,0.05,24000000.0,False,3243635.1516126283,0.56506;0.56512;0.56521;0.56533;0.56550;0.56573;0.56591;0.56612;0.56642;0.56687;0.56765;0.56909;0.57194;0.57838;0.60321;0.62381;0.56734;0.47555;0.08036;0.00000;0.00000;0.00000;0.00000;0.00000
ok,R0194_S+02,194,2,20455909,664.7339257640075,0.1281361291045281,0.19242609119032641,53.11926324477496,3686.4890430233127,2.3266313609608247,2.388837843791096,0.2626200887845999,0.1682402020952803,0.0444605350718777,776.7785311267166,4,6.52091509416228e-13,6.544677695543844e-13,6.496332720089909e-13,0.094673789998589,0.09657583607212157,3.4764845736180066e-11,9.044137769196933,3.544088100064901,3.675431082006728,3.1337938422770626,2.664477774625565,0.0,373709150.36387736,168.95010282661127,109.99371129011952,1275304.569330005,16275304.569330005,1267856.2325914353,185.31525832211307,185.31525832211307,185.31525832211307,184.82617322767425,0.48908509443882053,373709150.36387724,373709150.3638755,0.0,0.9999999999999953,0.002373435003557273,0.0010885484175258279,0.7083598431933563,0.0,4.6253475377931456e-15,603,0,0.0,0.3358833730000015,0.0,2.1897940131336314e-13,0,0.05,24000000.0,False,7724695.430669995,0.66378;0.66382;0.66388;0.66396;0.66407;0.66423;0.66477;0.66581;0.66787;0.67247;0.68827;0.70459;0.66656;0.61290;0.54660;0.43041;0.00350;0.00000;0.00000;0.00000;0.00000;0.00000;0.00000;0.00000
ok,R0194_S+03,194,3,20455909,664.7339257640075,0.1281361291045281,0.19242609119032641,53.11926324477496,3686.4890430233127,2.3266313609608247,2.388837843791096,0.2626200887845999,0.1682402020952803,0.0444605350718777,776.7785311267166,4,6.52091509416228e-13,6.544677695543844e-13,6.496332720089909e-13,0.094673789998589,0.09657583607212157,3.4764845736180066e-11,9.044137769196933,3.544088100064901,1.1047261133422892,6.155426986374616,10.955886727664517,0.0,718568123.070715,233.66226971582276,152.6313299874902,2576524.1998612694,17576524.19986127,2540808.57593308,258.04459878038057,258.04459878038057,258.04459878038057,256.2177665915499,1.8268321888306787,718568123.0707145,718568123.0707165,0.0,1.0000000000000029,0.004645176254409423,0.0020692582046114554,0.6781567122418155,0.0,2.820272507640653e-15,1403,0,0.0,0.7769943750000721,0.0,4.627448117822597e-13,0,0.05,24000000.0,False,6423475.800138731,0.62164;0.62174;0.62187;0.62206;0.62232;0.62268;0.62304;0.62356;0.62440;0.62589;0.62884;0.63569;0.66477;0.66401;0.61203;0.54496;0.42563;0.00177;0.00000;0.00000;0.00000;0.00000;0.00000;0.00000
ok,R0196_S+00,196,0,20457909,150.80338981140196,0.3891715554609303,0.18707622394654624,52.90996709031835,1616.3677590083953,2.1319025046026834,2.6967028345944213,0.5883370121275149,0.3298401903799987,0.0760539734010633,647.0110502455997,4,1.4830071743927239e-13,1.6132673256846618e-13,1.3804258306058627e-13,0.3683947628286147,0.501531631537105,8.535792110986136e-12,1.4247798644951664,4.641469623355321,1.097755410799151,1.1356226853567155,0.833112746358416,0.0,120963864.2646609,123.13177837536533,80.99325539238585,2614508.4983656257,17614508.498365626,2606928.6844493635,132.5496919183317,132.5496919183317,132.5496919183317,131.30676498548578,1.2429269328459043,120963864.26466095,120963864.26466165,0.0,1.0000000000000058,0.006140091368019205,0.0022419199892884205,0.5150722788734714,0.0,5.7897834230767486e-15,567,0,0.0,0.22808003199997984,0.0,2.411521874728717e-13,0,0.05,24000000.0,False,6385491.501634374,0.46483;0.46486;0.46491;0.46499;0.46508;0.46522;0.46575;0.46682;0.46898;0.47382;0.49309;0.50850;0.47047;0.42360;0.36428;0.16436;0.00000;0.00000;0.00000;0.00000;0.00000;0.00000;0.00000;0.00000
ok,R0196_S+01,196,1,20457909,150.80338981140196,0.3891715554609303,0.18707622394654624,52.90996709031835,1616.3677590083953,2.1319025046026834,2.6967028345944213,0.5883370121275149,0.3298401903799987,0.0760539734010633,647.0110502455997,4,1.4830071743927239e-13,1.6132673256846618e-13,1.3804258306058627e-13,0.3683947628286147,0.501531631537105,8.535792110986136e-12,1.4247798644951664,4.641469623355321,3.304270579780235,1.84961068023206,1.2638980319210786,0.0,253162139.72889578,177.8759861034759,117.24515572787523,5370445.774996143,20370445.774996143,5356374.935066041,192.31929719323307,192.31929719323307,192.31929719323307,191.1178383869273,1.2014588063057658,253162139.72889602,253162139.72889593,0.0,0.9999999999999997,0.013441751624797929,0.0045660885252544695,0.48004666253138234,0.0,3.5316089229941436e-16,1461,0,0.0,0.760726616999932,0.0,1.4541567544877628e-13,0,0.05,24000000.0,False,3629554.225003857,0.42294;0.42297;0.42302;0.42308;0.42316;0.42327;0.42347;0.42382;0.42444;0.42561;0.42794;0.43310;0.45398;0.47345;0.43099;0.37354;0.21467;0.00000;0.00000;0.00000;0.00000;0.00000;0.00000;0.00000
ok,R0196_S+02,196,2,20457909,150.80338981140196,0.3891715554609303,0.18707622394654624,52.90996709031835,1616.3677590083953,2.1319025046026834,2.6967028345944213,0.5883370121275149,0.3298401903799987,0.0760539734010633,647.0110502455997,4,1.4830071743927239e-13,1.6132673256846618e-13,1.3804258306058627e-13,0.3683947628286147,0.501531631537105,8.535792110986136e-12,1.4247798644951664,4.641469623355321,0.7274302156089285,0.6010857672129047,0.4975815747168425,0.0,72034070.35222813,94.60066577636547,62.50192780676385,1562572.8999305144,16562572.899930514,1558594.23943205,104.69901923832896,104.69901923832896,104.69901923832896,103.09073474069773,1.6082844976312316,72034070.35222813,72034070.35222876,0.0,1.0000000000000087,0.004149867120704189,0.0013490402145991459,0.5342596065414184,0.0,8.688232763765279e-15,348,0,0.0,0.15848196399997505,0.0,2.29089838524829e-13,0,0.05,24000000.0,False,7437427.100069486,0.49255;0.49259;0.49266;0.49274;0.49286;0.49303;0.49421;0.49691;0.50375;0.52991;0.51753;0.47871;0.43343;0.37857;0.25608;0.00000;0.00000;0.00000;0.00000;0.00000;0.00000;0.00000;0.00000;0.00000
ok,R0196_S+03,196,3,20457909,150.80338981140196,0.3891715554609303,0.18707622394654624,52.90996709031835,1616.3677590083953,2.1319025046026834,2.6967028345944213,0.5883370121275149,0.3298401903799987,0.0760539734010633,647.0110502455997,4,1.4830071743927239e-13,1.6132673256846618e-13,1.3804258306058627e-13,0.3683947628286147,0.501531631537105,8.535792110986136e-12,1.4247798644951664,4.641469623355321,0.4197552582982337,0.3526981473193633,0.2336193648897512,0.0,39686552.578203365,70.17111444523968,46.39010505369741,859070.1344830133,15859070.134483013,857442.1478896756,77.64855345905742,77.64855345905742,77.64855345905742,76.43856544248281,1.2099880165746129,39686552.57820335,39686552.57820319,0.0,0.9999999999999959,0.002305806949272223,0.0007484575178944241,0.5520931271777165,0.0,4.130184218176421e-15,280,0,0.0,0.12594903199999408,0.0,4.456018992081871e-13,0,0.05,24000000.0,False,8140929.865516987,0.52306;0.52314;0.52325;0.52341;0.52363;0.52393;0.52762;0.54027;0.54817;0.52025;0.48166;0.43704;0.38398;0.27392;0.00000;0.00000;0.00000;0.00000;0.00000;0.00000;0.00000;0.00000;0.00000;0.00000
ok,R0197_S+00,197,0,20458909,501.9709492064922,0.2200740928292854,0.1844237421756389,54.97985934672884,1932.4395418109111,1.9548134023623096,3.87757904398884,0.5919623224093895,0.2704671568842348,0.0758951331751818,739.3941229602212,4,5.075514230053317e-13,5.311453445185497e-13,4.846560667293712e-13,0.2966690535881913,0.3387626298188605,2.920229633429969e-11,2.453173414668838,4.679844129475471,0.9210058591970284,0.8119523751749043,0.5088499578076493,0.0,88432607.75690797,101.22774666186669,66.43761641529979,1125811.4912872668,16125811.491287267,1124250.8115818128,108.31218053216115,108.31218053216115,108.31218053216115,107.95520574983401,0.35697478232714275,88432607.75690795,88432607.7569069,0.0,0.999999999999988,0.002862285420759349,0.0009938865309489576,0.5214236320584184,0.0,1.1963714195463593e-14,329,0,0.0,0.15096491299993886,0.0,7.016923427651769e-13,0,0.05,24000000.0,False,7874188.508712733,0.47940;0.47944;0.47950;0.47958;0.47969;0.47985;0.48180;0.48651;0.50760;0.51378;0.47944;0.43954;0.39546;0.34206;0.17990;0.00000;0.00000;0.00000;0.00000;0.00000;0.00000;0.00000;0.00000;0.00000
ok,R0197_S+01,197,1,20458909,501.9709492064922,0.2200740928292854,0.1844237421756389,54.97985934672884,1932.4395418109111,1.9548134023623096,3.87757904398884,0.5919623224093895,0.2704671568842348,0.0758951331751818,739.3941229602212,4,5.075514230053317e-13,5.311453445185497e-13,4.846560667293712e-13,0.2966690535881913,0.3387626298188605,2.920229633429969e-11,2.453173414668838,4.679844129475471,0.5325309099461174,0.4169579266763113,0.4193883054752059,0.0,53998096.624325395,79.68003661973046,51.92654866437054,691652.289400896,15691652.289400896,690504.1211046204,86.08675728053899,86.08675728053899,86.08675728053899,85.76489679638523,0.3218604841537598,53998096.62432538,53998096.62432381,0.0,0.9999999999999709,0.0019112321341130077,0.0006095987978378345,0.5362947523796866,0.0,2.911347999704736e-14,267,0,0.0,0.14345806400001493,0.0,1.0883966285519173e-12,0,0.05,24000000.0,False,8308347.710599104,0.50576;0.50586;0.50601;0.50621;0.50650;0.50689;0.51361;0.53368;0.52223;0.48871;0.44986;0.40715;0.35789;0.26475;0.00000;0.00000;0.00000;0.00000;0.00000;0.00000;0.00000;0.00000;0.00000;0.00000
ok,R0197_S+02,197,2,20458909,501.9709492064922,0.2200740928292854,0.1844237421756389,54.97985934672884,1932.4395418109111,1.9548134023623096,3.87757904398884,0.5919623224093895,0.2704671568842348,0.0758951331751818,739.3941229602212,4,5.075514230053317e-13,5.311453445185497e-13,4.846560667293712e-13,0.2966690535881913,0.3387626298188605,2.920229633429969e-11,2.453173414668838,4.679844129475471,3.5719805663148705,3.211931845024898,2.730031514948936,0.0,375296546.0603105,206.67916748310313,136.88804002139815,4730477.325333342,19730477.325333342,4718410.812124342,222.89955452239496,222.89955452239496,222.89955452239496,220.02940820129305,2.870146321101913,375296546.0603103,375296546.06031,0.0,0.9999999999999992,0.013105447727383222,0.004069170283355301,0.45757080735035177,0.0,7.941006305692477e-16,1520,0,0.0,0.6982026319999477,0.0,2.0625434671244812e-13,0,0.05,24000000.0,False,4269522.674666658,0.40022;0.40024;0.40027;0.40032;0.40038;0.40046;0.40064;0.40095;0.40152;0.40262;0.40489;0.41028;0.43914;0.44676;0.40431;0.35234;0.23679;0.00000;0.00000;0.00000;0.00000;0.00000;0.00000;0.00000
ok,R0197_S+03,197,3,20458909,501.9709492064922,0.2200740928292854,0.1844237421756389,54.97985934672884,1932.4395418109111,1.9548134023623096,3.87757904398884,0.5919623224093895,0.2704671568842348,0.0758951331751818,739.3941229602212,4,5.075514230053317e-13,5.311453445185497e-13,4.846560667293712e-13,0.2966690535881913,0.3387626298188605,2.920229633429969e-11,2.453173414668838,4.679844129475471,1.2240291757092097,1.1809685383262605,2.058447231151918,0.0,176069512.75280693,143.35169500539993,93.80458292554698,2262973.182113234,17262973.182113234,2255494.114478737,156.1025538651933,156.1025538651933,156.1025538651933,154.77938631626205,1.3231675489312522,176069512.75280687,176069512.7528091,0.0,1.0000000000000127,0.006419652716508778,0.0019567577733606784,0.4931491638679822,0.0,1.2694839351405632e-14,550,0,0.0,0.30384578499990766,0.0,3.300844261672847e-13,0,0.05,24000000.0,False,6737026.817886766,0.44193;0.44196;0.44201;0.44207;0.44216;0.44228;0.44285;0.44396;0.44624;0.45170;0.48197;0.48061;0.44146;0.39729;0.34385;0.18624;0.00000;0.00000;0.00000;0.00000;0.00000;0.00000;0.00000;0.00000
ok,R0206_S+00,206,0,20467909,30.05816229083316,0.6226782878011441,0.11265854285110184,38.568332144648906,2765.014331864906,1.588945766912865,2.5085939675083857,0.3131042772204574,0.2405136472469096,0.0638775006387753,751.0295310376611,4,2.2394728035012282e-14,2.4767830937833356e-14,2.055709266847721e-14,0.3949346513174644,0.5511459744904389,9.552539301128678e-13,1.5022388419933959,2.940981792550552,0.6748715131845091,1.5570342357690956,2.113104232979357,0.0,171397608.75730956,207.45196498723664,125.88034895479589,4427190.148667179,19427190.14866718,4217253.409607463,244.63146116318998,244.63146116318998,244.63146116318998,183.51016712203494,61.12129404115504,171397608.7573088,171397608.75730926,0.0,1.0000000000000027,0.005680720455310296,0.0021304683485956944,0.5854855885469145,0.0,2.608174285840887e-15,1660,0,0.0,0.7930420999999797,0.0,1.7977630875411998e-14,0,0.05,24000000.0,False,4572809.851332821,0.52334;0.52393;0.52476;0.52590;0.52749;0.52971;0.53125;0.53285;0.53483;0.53755;0.54199;0.55261;0.57603;0.55277;0.48757;0.39092;0.13201;0.00032;0.00000;0.00000;0.00000;0.00000;0.00000;0.00000
ok,R0206_S+01,206,1,20467909,30.05816229083316,0.6226782878011441,0.11265854285110184,38.568332144648906,2765.014331864906,1.588945766912865,2.5085939675083857,0.3131042772204574,0.2405136472469096,0.0638775006387753,751.0295310376611,4,2.2394728035012282e-14,2.4767830937833356e-14,2.055709266847721e-14,0.3949346513174644,0.5511459744904389,9.552539301128678e-13,1.5022388419933959,2.940981792550552,1.503048056983081,1.0058514075033005,0.5056264462658385,0.0,118914003.60144281,167.12164032878698,104.47036730078203,2352090.7921972945,17352090.792197295,2272871.239974167,195.1983842125395,195.1983842125395,195.1983842125395,159.62153443442384,35.57684977811567,118914003.60144277,118914003.6014428,0.0,1.0000000000000002,0.0038843580068077224,0.001490485114576828,0.592899096869669,0.0,2.506207972576724e-16,978,0,0.0,0.5408657670000139,0.0,4.267596792430796e-14,0,0.05,24000000.0,False,6647909.2078027055,0.56795;0.56818;0.56851;0.56897;0.56960;0.57048;0.57136;0.57262;0.57459;0.57645;0.57901;0.58937;0.57542;0.52096;0.44424;0.29795;0.00924;0.00000;0.00000;0.00000;0.00000;0.00000;0.00000;0.00000
ok,R0206_S+02,206,2,20467909,30.05816229083316,0.6226782878011441,0.11265854285110184,38.568332144648906,2765.014331864906,1.588945766912865,2.5085939675083857,0.3131042772204574,0.2405136472469096,0.0638775006387753,751.0295310376611,4,2.2394728035012282e-14,2.4767830937833356e-14,2.055709266847721e-14,0.3949346513174644,0.5511459744904389,9.552539301128678e-13,1.5022388419933959,2.940981792550552,0.7196387747662697,0.592931033422982,0.4671328629799527,0.0,70203931.26961161,129.80212378118642,80.09288124579122,1434932.7010744251,16434932.701074425,1403600.3193951454,153.33310253618328,153.33310253618328,153.33310253618328,122.93021541261197,30.402887123571304,70203931.26961155,70203931.26961151,0.0,0.9999999999999993,0.0024127252840550817,0.0008862672788686027,0.6222047919342479,0.0,6.367661008877619e-16,512,0,0.0,0.28544461199999205,0.0,2.388072091998894e-14,0,0.05,24000000.0,False,7565067.298925575,0.59366;0.59393;0.59431;0.59484;0.59557;0.59659;0.59792;0.60009;0.60404;0.61110;0.61922;0.58984;0.53410;0.46182;0.34196;0.04197;0.00000;0.00000;0.00000;0.00000;0.00000;0.00000;0.00000;0.00000
ok,R0206_S+03,206,3,20467909,30.05816229083316,0.6226782878011441,0.11265854285110184,38.568332144648906,2765.014331864906,1.588945766912865,2.5085939675083857,0.3131042772204574,0.2405136472469096,0.0638775006387753,751.0295310376611,4,2.2394728035012282e-14,2.4767830937833356e-14,2.055709266847721e-14,0.3949346513174644,0.5511459744904389,9.552539301128678e-13,1.5022388419933959,2.940981792550552,1.7063112356025905,1.974211113495134,1.7890973815835474,0.0,215760089.51618412,228.75392594178442,141.17556845612694,4786500.584174316,19786500.584174316,4622920.277776193,269.4641753222148,269.4641753222148,269.4641753222148,212.73307507318881,56.731100249026014,215760089.51618388,215760089.5161839,0.0,1.0000000000000002,0.007383135433484937,0.0026654830998662023,0.5712745600399892,0.0,1.381271321054948e-16,2194,0,0.0,1.1897297120000303,0.0,1.3552748427952777e-14,0,0.05,24000000.0,False,4213499.415825684,0.51663;0.51711;0.51779;0.51872;0.52003;0.52185;0.52309;0.52440;0.52600;0.52817;0.53161;0.53809;0.55422;0.56233;0.51314;0.43268;0.25620;0.00515;0.00000;0.00000;0.00000;0.00000;0.00000;0.00000
ok,R0210_S+00,210,0,20471909,777.9373451076278,0.1167270458886483,0.19202573855437421,27.70482484673033,2929.3937025925834,1.681410396620425,3.816033432121441,0.3021050235448907,0.2870952047642026,0.0610816344549747,696.3933341926958,4,7.047937947944299e-13,7.084236595133828e-13,7.011690901020552e-13,0.11059552872908729,0.1168110726008554,1.9626753404097996e-11,2.7487448414978144,2.967553434748859,0.2295327743847049,0.6829537250528268,1.594650476685412,0.0,98899032.29712175,152.5866311599545,98.78957372184661,1175546.5462525282,16175546.546252528,1163927.5936418828,164.28235206491811,164.28235206491811,164.28235206491811,163.30498867742764,0.9773633874904704,98899032.29712185,98899032.29712272,0.0,1.0000000000000087,0.002929219057748365,0.0009789813046539556,0.5287184904078154,0.0,8.738885802710892e-15,426,0,0.0,0.22195752899995114,0.0,7.647916360854182e-13,0,0.05,24000000.0,False,7824453.453747472,0.48564;0.48570;0.48579;0.48592;0.48609;0.48634;0.48715;0.48873;0.49217;0.50451;0.52733;0.49714;0.45759;0.41272;0.35747;0.22397;0.00000;0.00000;0.00000;0.00000;0.00000;0.00000;0.00000;0.00000
ok,R0210_S+01,210,1,20471909,777.9373451076278,0.1167270458886483,0.19202573855437421,27.70482484673033,2929.3937025925834,1.681410396620425,3.816033432121441,0.3021050235448907,0.2870952047642026,0.0610816344549747,696.3933341926958,4,7.047937947944299e-13,7.084236595133828e-13,7.011690901020552e-13,0.11059552872908729,0.1168110726008554,1.9626753404097996e-11,2.7487448414978144,2.967553434748859,0.5066157564148911,1.1759851197610884,1.6838267468339423,0.0,132795470.44487238,175.2091612942147,114.56008167514709,1554227.9343869742,16554227.934386974,1541314.049663227,191.6251345537624,191.6251345537624,191.6251345537624,188.35113928723945,3.2739952665229453,132795470.44487232,132795470.444872,0.0,0.9999999999999977,0.0045123208190401744,0.0013094680551598587,0.5180609738785112,0.0,2.356438694953122e-15,562,0,0.0,0.3000706479999735,0.0,4.1461337843506794e-13,0,0.05,24000000.0,False,7445772.065613026,0.47148;0.47153;0.47161;0.47171;0.47185;0.47205;0.47258;0.47354;0.47546;0.47983;0.49975;0.51127;0.47580;0.43340;0.38403;0.30972;0.02811;0.00000;0.00000;0.00000;0.00000;0.00000;0.00000;0.00000
ok,R0210_S+02,210,2,20471909,777.9373451076278,0.1167270458886483,0.19202573855437421,27.70482484673033,2929.3937025925834,1.681410396620425,3.816033432121441,0.3021050235448907,0.2870952047642026,0.0610816344549747,696.3933341926958,4,7.047937947944299e-13,7.084236595133828e-13,7.011690901020552e-13,0.11059552872908729,0.1168110726008554,1.9626753404097996e-11,2.7487448414978144,2.967553434748859,8.435742101373993,5.243744307029049,3.102568136967312,0.0,662001705.6512244,390.28187257255485,255.70898637876684,7327761.694048796,22327761.694048796,7294546.233649746,423.09663906351193,423.09663906351193,423.09663906351193,421.86110077378055,1.2355382897313802,662001705.651224,662001705.6512246,0.0,1.0000000000000009,0.02047236917932415,0.006166868366997155,0.44161178564839165,0.0,9.00369957759495e-16,6667,0,0.0,3.484911559000011,0.0,1.0240455666331013e-13,0,0.05,24000000.0,False,1672238.3059512042,0.38450;0.38453;0.38458;0.38464;0.38472;0.38484;0.38493;0.38505;0.38522;0.38550;0.38599;0.38690;0.38871;0.39261;0.40507;0.44092;0.40638;0.34618;0.15742;0.00000;0.00000;0.00000;0.00000;0.00000
ok,R0210_S+03,210,3,20471909,777.9373451076278,0.1167270458886483,0.19202573855437421,27.70482484673033,2929.3937025925834,1.681410396620425,3.816033432121441,0.3021050235448907,0.2870952047642026,0.0610816344549747,696.3933341926958,4,7.047937947944299e-13,7.084236595133828e-13,7.011690901020552e-13,0.11059552872908729,0.1168110726008554,1.9626753404097996e-11,2.7487448414978144,2.967553434748859,6.349587776022759,11.359021074343811,12.615924908176904,0.0,1196211883.1732645,512.5810698980549,343.6642698754034,13474443.78202397,28474443.78202397,13318522.200721186,550.2340452697912,550.2340452697912,550.2340452697912,545.6027224963406,4.63132277345062,1196211883.173268,1196211883.1732652,0.0,0.9999999999999976,0.033454016988767224,0.010576733530735424,0.4145389637254798,0.0,2.391735936972245e-15,18597,0,0.0,10.006110476000003,0.0,5.155949095511471e-14,0,0.05,24000000.0,True,-4474443.78202397,0.34747;0.34755;0.34767;0.34783;0.34806;0.34837;0.34857;0.34877;0.34898;0.34923;0.34956;0.35004;0.35081;0.35219;0.35491;0.36122;0.39324;0.40002;0.33609;0.09096;0.00000;0.00000;0.00000;0.00000
ok,R0213_S+00,213,0,20474909,225.70792302065655,0.5945995735351115,0.10584240469495446,73.01905897405767,2826.752828789849,1.6576606831855234,2.1780369184230137,0.2051490945694917,0.2527330134691556,0.0527791216688059,748.0428882545482,4,1.9550623511852053e-13,2.0607644951796101e-13,1.8608967569300487e-13,0.3095781794550878,0.38514654196057857,1.504750842051641e-11,3.890126477995957,2.332161901330857,0.3467896791803178,0.9788954279743683,1.279488845364242,0.0,102766296.90501414,108.35883002676151,69.47756510953323,859731.3336954657,15859731.333695466,852688.5807136912,118.7709440212083,118.7709440212083,118.7709440212083,115.98607955535456,2.7848644658537296,102766296.90501417,102766296.90501398,0.0,0.9999999999999981,0.0015886636022868037,0.0007023519770289058,0.6772997819927706,0.0,1.8850060900712264e-15,353,0,0.0,0.17823259099998268,0.0,4.468046143790294e-13,0,0.05,24000000.0,False,8140268.666304534,0.64608;0.64616;0.64626;0.64640;0.64659;0.64686;0.64801;0.65037;0.65613;0.67455;0.66097;0.61821;0.55942;0.47681;0.26677;0.00000;0.00000;0.00000;0.00000;0.00000;0.00000;0.00000;0.00000;0.00000
ok,R0213_S+01,213,1,20474909,225.70792302065655,0.5945995735351115,0.10584240469495446,73.01905897405767,2826.752828789849,1.6576606831855234,2.1780369184230137,0.2051490945694917,0.2527330134691556,0.0527791216688059,748.0428882545482,4,1.9550623511852053e-13,2.0607644951796101e-13,1.8608967569300487e-13,0.3095781794550878,0.38514654196057857,1.504750842051641e-11,3.890126477995957,2.332161901330857,2.2020995656799043,3.410505449068543,3.5610440731272743,0.0,361872935.5694336,203.23896460812156,130.52179634608757,2955470.064813707,17955470.064813707,2932250.7317423224,223.20331632807122,223.20331632807122,223.20331632807122,218.98637725542753,4.216939072643697,361872935.5694332,361872935.56943315,0.0,0.9999999999999999,0.005765353757476208,0.0024240439320752398,0.6331519115020272,0.0,1.6471152970198892e-16,1258,0,0.0,0.5925871929999857,0.0,9.747723279536625e-14,0,0.05,24000000.0,False,6044529.935186293,0.58216;0.58224;0.58235;0.58250;0.58271;0.58301;0.58335;0.58388;0.58478;0.58643;0.58979;0.59803;0.62730;0.61184;0.55175;0.46340;0.21444;0.00000;0.00000;0.00000;0.00000;0.00000;0.00000;0.00000
ok,R0213_S+02,213,2,20474909,225.70792302065655,0.5945995735351115,0.10584240469495446,73.01905897405767,2826.752828789849,1.6576606831855234,2.1780369184230137,0.2051490945694917,0.2527330134691556,0.0527791216688059,748.0428882545482,4,1.9550623511852053e-13,2.0607644951796101e-13,1.8608967569300487e-13,0.3095781794550878,0.38514654196057857,1.504750842051641e-11,3.890126477995957,2.332161901330857,1.6575982882881188,2.781034279495121,5.587213173187803,0.0,395489536.94408476,210.8523193498042,136.5014165022066,3333246.095627062,18333246.095627062,3296046.4676703215,238.63186491927218,238.63186491927218,238.63186491927218,223.81529442549612,14.816570493776055,395489536.9440833,395489536.9440839,0.0,1.0000000000000016,0.006810155438980464,0.0026424212004901864,0.6299589432064243,0.0,1.6578215888983097e-15,1469,0,0.0,0.6836816100000078,0.0,1.1840576497319592e-13,0,0.05,24000000.0,False,5666753.904372938,0.57495;0.57507;0.57523;0.57545;0.57575;0.57618;0.57657;0.57712;0.57799;0.57950;0.58241;0.58896;0.61452;0.61726;0.56104;0.47790;0.27874;0.00004;0.00000;0.00000;0.00000;0.00000;0.00000;0.00000
ok,R0213_S+03,213,3,20474909,225.70792302065655,0.5945995735351115,0.10584240469495446,73.01905897405767,2826.752828789849,1.6576606831855234,2.1780369184230137,0.2051490945694917,0.2527330134691556,0.0527791216688059,748.0428882545482,4,1.9550623511852053e-13,2.0607644951796101e-13,1.8608967569300487e-13,0.3095781794550878,0.38514654196057857,1.504750842051641e-11,3.890126477995957,2.332161901330857,24.080211705709885,17.26988630849555,10.59404630197929,0.0,2049040660.840539,469.70158427553065,311.37210241632005,15525973.718980432,30525973.71898043,15430225.554277577,518.2778792187962,518.2778792187962,518.2778792187962,510.19406377900594,8.083815439790271,2049040660.8405428,2049040660.8405404,0.0,0.9999999999999989,0.032152697213380835,0.01222314025765718,0.5350079913917344,0.0,1.1635619715021181e-15,19348,0,0.0,10.18569474200001,0.0,3.184697855748065e-14,0,0.05,24000000.0,True,-6525973.718980432,0.45765;0.45774;0.45786;0.45802;0.45825;0.45858;0.45878;0.45899;0.45923;0.45953;0.45994;0.46057;0.46164;0.46363;0.46762;0.47649;0.51239;0.51715;0.39915;0.00776;0.00000;0.00000;0.00000;0.00000
ok,R0217_S+00,217,0,20478909,66.8990392787296,0.4049351735772135,0.10599064199806621,40.0477250051851,3990.208706084561,2.7434226100240604,3.5150274269835347,0.4790122467873757,0.2501119505876992,0.0741559595381292,675.421628835303,4,9.860848306025997e-14,1.2111320919422157e-13,8.50509397653115e-14,0.5012278700479802,0.8213244380094527,4.850308496305641e-12,2.82908358435244,3.8757147754881043,1.2835723105410308,0.8786940610620112,0.5049676541692809,0.0,105214380.61464082,164.02971706064292,108.31867991614081,974729.6761233974,15974729.676123397,967706.7347481251,191.18538712125147,191.18538712125147,191.18538712125147,166.44726219297664,24.73812492827483,105214380.6146408,105214380.61464065,0.0,0.9999999999999986,0.001878690345736315,0.0007274492936995979,0.570794204756066,0.0,1.4162665889204624e-15,606,0,0.0,0.26977719100000286,0.0,7.381412214463461e-14,0,0.05,24000000.0,False,8025270.323876603,0.54247;0.54259;0.54276;0.54299;0.54332;0.54377;0.54447;0.54566;0.54770;0.55102;0.56262;0.55969;0.52837;0.49025;0.44521;0.35280;0.00130;0.00000;0.00000;0.00000;0.00000;0.00000;0.00000;0.00000
ok,R0217_S+01,217,1,20478909,66.8990392787296,0.4049351735772135,0.10599064199806621,40.0477250051851,3990.208706084561,2.7434226100240604,3.5150274269835347,0.4790122467873757,0.2501119505876992,0.0741559595381292,675.421628835303,4,9.860848306025997e-14,1.2111320919422157e-13,8.50509397653115e-14,0.5012278700479802,0.8213244380094527,4.850308496305641e-12,2.82908358435244,3.8757147754881043,1.1324866237050155,5.928901974763105,9.841460932723908,0.0,666766705.456932,446.04985081750254,274.7802861218142,9040338.63976127,24040338.63976127,8665692.378822897,529.3902489129578,529.3902489129578,529.3902489129578,379.58653065419304,149.80371825876472,666766705.4569227,666766705.4569262,0.0,1.0000000000000053,0.011888350452523629,0.004400874996915958,0.4997598114827737,0.0,5.3636131757249054e-15,14464,0,0.0,7.599111407000009,0.0,4.435844073131648e-14,0,0.05,24000000.0,True,-40338.63976126909,0.43257;0.43310;0.43384;0.43486;0.43629;0.43828;0.43977;0.44099;0.44225;0.44360;0.44508;0.44684;0.44915;0.45270;0.46098;0.48478;0.47570;0.42810;0.20877;0.01017;0.00000;0.00000;0.00000;0.00000
ok,R0217_S+02,217,2,20478909,66.8990392787296,0.4049351735772135,0.10599064199806621,40.0477250051851,3990.208706084561,2.7434226100240604,3.5150274269835347,0.4790122467873757,0.2501119505876992,0.0741559595381292,675.421628835303,4,9.860848306025997e-14,1.2111320919422157e-13,8.50509397653115e-14,0.5012278700479802,0.8213244380094527,4.850308496305641e-12,2.82908358435244,3.8757147754881043,0.1797437157122303,3.194141663087633,5.3100009979107,0.0,342553265.90210164,319.6772288236673,196.5112442122573,4511731.081176657,19511731.081176657,4355021.285431776,378.97704959575157,378.97704959575157,378.97704959575157,272.240778372029,106.73627122372255,342553265.90210193,342553265.902102,0.0,1.0000000000000002,0.006025600030966464,0.0023209222236591407,0.5243921687011751,0.0,1.740010991237345e-16,4443,0,0.0,2.3436478260000513,0.0,2.1429757956637022e-13,0,0.05,24000000.0,False,4488268.918823343,0.46987;0.47031;0.47093;0.47180;0.47300;0.47467;0.47577;0.47683;0.47800;0.47937;0.48117;0.48387;0.48909;0.50668;0.51115;0.47931;0.42835;0.21713;0.00841;0.00000;0.00000;0.00000;0.00000;0.00000
ok,R0217_S+03,217,3,20478909,66.8990392787296,0.4049351735772135,0.10599064199806621,40.0477250051851,3990.208706084561,2.7434226100240604,3.5150274269835347,0.4790122467873757,0.2501119505876992,0.0741559595381292,675.421628835303,4,9.860848306025997e-14,1.2111320919422157e-13,8.50509397653115e-14,0.5012278700479802,0.8213244380094527,4.850308496305641e-12,2.82908358435244,3.8757147754881043,4.770177909865477,4.161679942642146,2.837683424190977,0.0,464273094.7419297,350.4003487663137,228.29988835900053,4650250.804414257,19650250.804414257,4583706.110638231,409.46227346006253,409.46227346006253,409.46227346006253,338.82585875830125,70.63641470176128,464273094.74192834,464273094.7419291,0.0,1.0000000000000018,0.008752441360904167,0.0031194394925138642,0.5103509011021227,0.0,1.6689754173904765e-15,5875,0,0.0,2.958879771999932,0.0,2.6425380550565368e-14,0,0.05,24000000.0,False,4349749.195585743,0.46654;0.46678;0.46712;0.46760;0.46825;0.46917;0.46976;0.47034;0.47099;0.47178;0.47284;0.47445;0.47732;0.48309;0.50159;0.49767;0.45670;0.38631;0.04051;0.00000;0.00000;0.00000;0.00000;0.00000
