status,scenario_id,realisation_id,schedule_id,seed,k_median_mD,V_DP,phi_mean,h_total_m,r_e_m,n_g,n_a,krg0,S_ar,mu_g_cP,rho_g,n_layers,k_geom_mean_m2,k_arith_mean_m2,k_harm_mean_m2,V_DP_layers,CV_k_layers,kh_total,q_ref_kg_s,endpoint_mobility_ratio,q1_kg_s,q2_kg_s,q3_kg_s,q4_kg_s,planned_mass_kg,r_plume_m95_m,r_plume_m50_m,dp_bh_max_Pa,p_bh_max_Pa,dp_cell_max_Pa,r_plume_max_m,r_plume_end_m,r_plume_layer_max_m,r_plume_layer_min_m,r_plume_spread_m,mass_injected_kg,mass_retained_kg,mass_lost_kg,retention_fraction,sweep_efficiency,storage_efficiency,sg_max,sg_min,mass_balance_error,n_steps,n_clipped,max_clip,wall_time_s,max_bhp_spread_Pa,max_rate_rel_err,n_steps_layer_closed,sg_threshold,p_limit_Pa,p_limit_exceeded,p_margin_Pa,final_Sg_profile
ok,R1000_S+00,1000,0,20262004,10.553501743024862,0.37508607011925393,0.2121331179299222,75.97799290506207,1444.293720283034,2.9259000249291116,2.5118312121556787,0.6303714763084818,0.34566236665545447,0.07699597875440857,601.4541939153696,4,1.4196271358412799e-14,1.4493622941780687e-14,1.3903340584268467e-14,0.21036522240914213,0.23252743346233712,1.1011963810392583e-12,1.0869418669020652,4.912242066452505,5.301164135085631,2.8532480864781906,1.4650257806273363,1.1364972175330663,424289376.6124614,178.05580617940225,121.59947691662697,8902494.306598984,23902494.306598984,8251547.70967273,196.90634360333524,196.90634360333524,196.90634360333524,184.57005480770565,12.3362887956296,424289376.61246204,424289376.6124615,0.0,0.9999999999999988,0.017714353346367423,0.006206184783870943,0.45176058570078514,0.0,1.2643300364045917e-15,3456,0,0.0,1.8124389649999557,0.0,1.5606781780747138e-14,0,0.05,24000000.0,False,97505.6934010163,0.41798;0.41813;0.41833;0.41861;0.41900;0.41953;0.42001;0.42045;0.42101;0.42179;0.42303;0.42508;0.42842;0.43507;0.45035;0.42813;0.34270;0.00041;0.00000;0.00000;0.00000;0.00000;0.00000;0.00000
ok,R1000_S+01,1000,1,20262004,10.553501743024862,0.37508607011925393,0.2121331179299222,75.97799290506207,1444.293720283034,2.9259000249291116,2.5118312121556787,0.6303714763084818,0.34566236665545447,0.07699597875440857,601.4541939153696,4,1.4196271358412799e-14,1.4493622941780687e-14,1.3903340584268467e-14,0.21036522240914213,0.23252743346233712,1.1011963810392583e-12,1.0869418669020652,4.912242066452505,1.1499242165755654,1.365012134580577,2.0199293455734235,3.1146758495541045,301751465.37625194,151.89975018053573,101.98941517867107,8237225.691633865,23237225.691633865,7701897.856462814,167.34763438809532,167.34763438809532,167.34763438809532,152.7454853883851,14.60214899971021,301751465.3762518,301751465.37625223,0.0,1.0000000000000013,0.012712081993121271,0.004504070713995505,0.4820589825518331,0.0,1.3827025260920938e-15,1838,0,0.0,1.0617239609999842,0.0,1.6624766817555623e-14,0,0.05,24000000.0,False,762774.3083661348,0.42137;0.42179;0.42236;0.42314;0.42421;0.42569;0.42703;0.42810;0.42933;0.43090;0.43315;0.43695;0.44790;0.47837;0.45051;0.39679;0.10823;0.00000;0.00000;0.00000;0.00000;0.00000;0.00000;0.00000
ok,R1000_S+02,1000,2,20262004,10.553501743024862,0.37508607011925393,0.2121331179299222,75.97799290506207,1444.293720283034,2.9259000249291116,2.5118312121556787,0.6303714763084818,0.34566236665545447,0.07699597875440857,601.4541939153696,4,1.4196271358412799e-14,1.4493622941780687e-14,1.3903340584268467e-14,0.21036522240914213,0.23252743346233712,1.1011963810392583e-12,1.0869418669020652,4.912242066452505,1.4886916579550242,0.9612074109011283,0.4934273312597264,0.08535141903081887,119472253.93187979,95.11390285955663,64.0483280779437,2485328.5325029828,17485328.532502983,2385729.303529147,102.84808262342752,102.84808262342752,102.84808262342752,100.84963713173629,1.9984454916912284,119472253.93187974,119472253.93187985,0.0,1.0000000000000009,0.004617778254396354,0.0018406122048220766,0.5035188078454077,0.0,8.730740814215125e-16,570,0,0.0,0.3573346530000663,0.0,1.636902889521943e-13,25,0.05,24000000.0,False,6514671.467497017,0.48439;0.48442;0.48445;0.48450;0.48457;0.48466;0.48492;0.48502;0.48611;0.48829;0.49617;0.50054;0.47166;0.42957;0.35295;0.00000;0.00000;0.00000;0.00000;0.00000;0.00000;0.00000;0.00000;0.00000
ok,R1000_S+03,1000,3,20262004,10.553501743024862,0.37508607011925393,0.2121331179299222,75.97799290506207,1444.293720283034,2.9259000249291116,2.5118312121556787,0.6303714763084818,0.34566236665545447,0.07699597875440857,601.4541939153696,4,1.4196271358412799e-14,1.4493622941780687e-14,1.3903340584268467e-14,0.21036522240914213,0.23252743346233712,1.1011963810392583e-12,1.0869418669020652,4.912242066452505,0.5690338622368356,0.3870251095101822,0.2591301648173777,0.18534902815842208,55247028.98382098,64.73379013130531,43.419467882548204,1110900.7742565423,16110900.774256542,1095594.0060558189,70.52946947951644,70.52946947951644,70.52946947951644,68.41838923531799,2.1110802441984475,55247028.98382099,55247028.983820826,0.0,0.999999999999997,0.002256822289091124,0.0008609734526508262,0.5341156003327403,0.0,2.9669065675970707e-15,301,0,0.0,0.2369388470000331,0.0,6.614246356317839e-14,0,0.05,24000000.0,False,7889099.225743458,0.51724;0.51735;0.51750;0.51771;0.51799;0.51837;0.51998;0.52333;0.53134;0.52756;0.49978;0.46343;0.41927;0.28829;0.00000;0.00000;0.00000;0.00000;0.00000;0.00000;0.00000;0.00000;0.00000;0.00000
ok,R1001_S+00,1001,0,20263004,11.01045403891203,0.4117029120430255,0.14188100773289444,22.818635162281012,3546.9976880787194,2.8314679607871933,2.211686565659051,0.23938857517796772,0.3284227567769512,0.06899930609905106,736.1301522512226,4,9.818107592358878e-15,1.057936090241413e-14,9.254804366440989e-15,0.3457497171175694,0.48922945049214484,2.4140657668228803e-13,0.7012649866711446,2.081660718451138,0.22560209320699254,0.17032821005544826,0.10991061718329613,0.044349314590536155,21703354.201475862,85.69886441305147,51.1678271497355,1328256.8943166155,16328256.894316616,957762.9882196374,102.2620643350566,102.2620643350566,102.2620643350566,73.05776804765873,29.20429628739788,21703354.201475862,21703354.201475848,0.0,0.9999999999999993,0.0005423064867382665,0.00022973507822591748,0.6075509657608669,0.0,6.865833297248751e-16,381,0,0.0,0.24574281599996084,0.0,4.870189741823031e-14,0,0.05,24000000.0,False,7671743.105683384,0.60528;0.60540;0.60555;0.60577;0.60608;0.60650;0.60252;0.60080;0.59821;0.59406;0.57708;0.54349;0.48913;0.19720;0.01276;0.00000;0.00000;0.00000;0.00000;0.00000;0.00000;0.00000;0.00000;0.00000
ok,R1001_S+01,1001,1,20263004,11.01045403891203,0.4117029120430255,0.14188100773289444,22.818635162281012,3546.9976880787194,2.8314679607871933,2.211686565659051,0.23938857517796772,0.3284227567769512,0.06899930609905106,736.1301522512226,4,9.818107592358878e-15,1.057936090241413e-14,9.254804366440989e-15,0.3457497171175694,0.48922945049214484,2.4140657668228803e-13,0.7012649866711446,2.081660718451138,0.2778232464016348,0.29751329190339826,0.5177100323185507,0.9384134676470919,80135004.12966333,169.91694006179813,99.23615448090786,5762583.563477725,20762583.563477725,4933354.388052624,201.18146365614132,201.18146365614132,201.18146365614132,134.36268156355146,66.81878209258986,80135004.12966359,80135004.12966354,0.0,0.9999999999999994,0.0019634528799682854,0.0008414489792415244,0.5726844375023513,0.0,5.57852140485447e-16,1876,0,0.0,1.0292914679999967,0.0,7.708117097214908e-15,0,0.05,24000000.0,False,3237416.436522275,0.51747;0.51839;0.51967;0.52146;0.52395;0.52741;0.53004;0.53227;0.53468;0.53740;0.54078;0.55139;0.56418;0.54149;0.48403;0.18004;0.01864;0.00000;0.00000;0.00000;0.00000;0.00000;0.00000;0.00000
ok,R1001_S+02,1001,2,20263004,11.01045403891203,0.4117029120430255,0.14188100773289444,22.818635162281012,3546.9976880787194,2.8314679607871933,2.211686565659051,0.23938857517796772,0.3284227567769512,0.06899930609905106,736.1301522512226,4,9.818107592358878e-15,1.057936090241413e-14,9.254804366440989e-15,0.3457497171175694,0.48922945049214484,2.4140657668228803e-13,0.7012649866711446,2.081660718451138,0.2317136868032228,0.2563181000852632,0.3142542149969949,0.405522031538418,47644403.49447254,129.9829197824052,76.0318392434035,2472534.6320578083,17472534.63205781,2187321.044275131,149.68325498565008,149.68325498565008,149.68325498565008,104.83045642090072,44.852798564749364,47644403.49447258,47644403.49447258,0.0,1.0,0.0012088027432949004,0.000502531465303245,0.5870935943257187,0.0,0.0,816,0,0.0,0.47721813999999085,0.0,8.659705101620105e-15,0,0.05,24000000.0,False,6527465.367942192,0.55475;0.55538;0.55626;0.55749;0.55919;0.56156;0.56322;0.56493;0.56701;0.57068;0.58095;0.57852;0.55054;0.50083;0.27043;0.04292;0.00000;0.00000;0.00000;0.00000;0.00000;0.00000;0.00000;0.00000
ok,R1001_S+03,1001,3,20263004,11.01045403891203,0.4117029120430255,0.14188100773289444,22.818635162281012,3546.9976880787194,2.8314679607871933,2.211686565659051,0.23938857517796772,0.3284227567769512,0.06899930609905106,736.1301522512226,4,9.818107592358878e-15,1.057936090241413e-14,9.254804366440989e-15,0.3457497171175694,0.48922945049214484,2.4140657668228803e-13,0.7012649866711446,2.081660718451138,0.05428356490723041,0.22274313634600743,0.3558296382740993,0.45354307069150585,42855197.5349027,124.19729811795851,72.2596743874629,2646801.651323445,17646801.651323445,2316560.511092428,145.69171972560926,145.69171972560926,145.69171972560926,100.45930930525742,45.23241042035184,42855197.53490266,42855197.53490269,0.0,1.0000000000000007,0.001057223006497064,0.0004522843659504083,0.5848819752576939,0.0,6.954190880446493e-16,817,0,0.0,0.534542930999919,0.0,3.583778367702784e-14,0,0.05,24000000.0,False,6353198.348676555,0.55223;0.55292;0.55387;0.55519;0.55704;0.55961;0.56137;0.56317;0.56535;0.56870;0.57871;0.57464;0.54408;0.48821;0.19575;0.02489;0.00000;0.00000;0.00000;0.00000;0.00000;0.00000;0.00000;0.00000
ok,R1002_S+00,1002,0,20264004,18.711649165647728,0.3861825612746403,0.12708941148784467,59.09449636435166,3346.2910293772784,2.6942800754158567,3.4808608458349743,0.5921619180041146,0.1802928348482241,0.07904128973052199,635.0900843245108,4,1.8412488615300116e-14,1.9208447764302185e-14,1.7458692406788815e-14,0.3008495296260758,0.29439124303820824,1.1351135465723944e-12,2.062325575448644,4.495082911903319,1.6845323304863669,1.8962506987745706,1.8775449511831601,1.6284150877121355,279550753.8095589,206.20617289819964,133.5840155820364,3667431.581812516,18667431.581812516,3379540.5676727183,229.03066467323623,229.03066467323623,229.03066467323623,178.56161699892357,50.46904767431266,279550753.809559,279550753.80955875,0.0,0.9999999999999991,0.003935181355813184,0.0016335819658095504,0.5581076888420655,0.0,8.528633024684406e-16,1666,0,0.0,0.9475221499999407,0.0,1.0148263366182104e-14,0,0.05,24000000.0,False,5332568.418187484,0.51638;0.51693;0.51771;0.51879;0.52029;0.52238;0.52379;0.52522;0.52693;0.52920;0.53264;0.53792;0.54960;0.54470;0.50354;0.44193;0.22985;0.00000;0.00000;0.00000;0.00000;0.00000;0.00000;0.00000
ok,R1002_S+01,1002,1,20264004,18.711649165647728,0.3861825612746403,0.12708941148784467,59.09449636435166,3346.2910293772784,2.6942800754158567,3.4808608458349743,0.5921619180041146,0.1802928348482241,0.07904128973052199,635.0900843245108,4,1.8412488615300116e-14,1.9208447764302185e-14,1.7458692406788815e-14,0.3008495296260758,0.29439124303820824,1.1351135465723944e-12,2.062325575448644,4.495082911903319,0.13667745798767422,0.22733234448481127,0.3693228583790852,0.562648999670496,51122588.562613964,87.86390170131214,56.80570246221869,873657.0749217123,15873657.074921712,804353.7375080753,100.09033798756717,100.09033798756717,100.09033798756717,74.36016876537471,25.73016922219246,51122588.56261391,51122588.56261383,0.0,0.9999999999999984,0.0007600671282884504,0.0003035670368844876,0.6293932855236924,0.0,1.6031345217541867e-15,331,0,0.0,0.23090883500003656,0.0,6.675204737888971e-14,0,0.05,24000000.0,False,8126342.925078288,0.59467;0.59515;0.59582;0.59675;0.59805;0.59986;0.60248;0.60995;0.62554;0.60482;0.56669;0.52362;0.47278;0.33046;0.01274;0.00000;0.00000;0.00000;0.00000;0.00000;0.00000;0.00000;0.00000;0.00000
ok,R1002_S+02,1002,2,20264004,18.711649165647728,0.3861825612746403,0.12708941148784467,59.09449636435166,3346.2910293772784,2.6942800754158567,3.4808608458349743,0.5921619180041146,0.1802928348482241,0.07904128973052199,635.0900843245108,4,1.8412488615300116e-14,1.9208447764302185e-14,1.7458692406788815e-14,0.3008495296260758,0.29439124303820824,1.1351135465723944e-12,2.062325575448644,4.495082911903319,0.11859670863766626,0.28188568281423265,0.6546008440746486,1.2367421924189144,90405637.65616462,118.30445076537296,75.71716346951611,1843127.5437892638,16843127.543789264,1657119.8373046238,130.5860640075862,130.5860640075862,130.5860640075862,100.68437159361426,29.901692413971944,90405637.65616451,90405637.65616453,0.0,1.0000000000000002,0.0013063216314713934,0.0005353160540796903,0.6026039650381511,0.0,1.648255748222311e-16,529,0,0.0,0.2814188249999461,0.0,6.154302429483658e-14,0,0.05,24000000.0,False,7156872.456210736,0.55648;0.55713;0.55803;0.55929;0.56104;0.56347;0.56536;0.56772;0.57146;0.58394;0.59578;0.56140;0.51723;0.46297;0.30240;0.00389;0.00000;0.00000;0.00000;0.00000;0.00000;0.00000;0.00000;0.00000
ok,R1002_S+03,1002,3,20264004,18.711649165647728,0.3861825612746403,0.12708941148784467,59.09449636435166,3346.2910293772784,2.6942800754158567,3.4808608458349743,0.5921619180041146,0.1802928348482241,0.07904128973052199,635.0900843245108,4,1.8412488615300116e-14,1.9208447764302185e-14,1.7458692406788815e-14,0.3008495296260758,0.29439124303820824,1.1351135465723944e-12,2.062325575448644,4.495082911903319,10.502736831082387,7.3461767399361015,3.8181494963667553,0.26982147709699494,865344284.6261908,361.3821583703932,239.857688977889,18177242.664682686,33177242.664682686,14983911.657182347,407.42026226688716,407.42026226688716,407.42026226688716,325.71859499945714,81.70166726743003,865344284.6261958,865344284.6261938,0.0,0.9999999999999977,0.013077577768921338,0.0048595452656308635,0.49289683140020785,0.0,2.3419094091997116e-15,15940,0,0.0,8.182181083000046,0.0,3.445108137246249e-14,427,0.05,24000000.0,True,-9177242.664682686,0.46952;0.46968;0.46990;0.47022;0.47065;0.47126;0.47030;0.47057;0.46848;0.46835;0.47000;0.47091;0.47023;0.47309;0.47201;0.47737;0.47557;0.41000;0.07428;0.00000;0.00000;0.00000;0.00000;0.00000
ok,R1003_S+00,1003,0,20265004,10.440866181600729,0.11370311466773213,0.11494362590196798,69.0921711837463,3876.3506801869107,1.8496622828719764,3.7532912461260945,0.2833792935801229,0.15563973713542584,0.0674420306676613,637.9872297268694,4,9.63129249889904e-15,9.684963935215668e-15,9.578341426230205e-15,0.11449163091073844,0.12194045042213882,6.691551861203301e-13,1.7427818247984703,2.5210921804227726,0.4658040670981905,0.45884445900803666,0.7224672760433551,1.2566725182041463,114545737.87299353,127.72912904496025,82.66745955707829,3111086.2015003823,18111086.201500382,2655165.4111619256,146.91184904916312,146.91184904916312,146.91184904916312,133.00432294987033,13.907526099292795,114545737.87299366,114545737.87299371,0.0,1.0000000000000004,0.0012989803418333205,0.00047623683670407836,0.603907099242091,0.0,3.902675421333391e-16,593,0,0.0,0.33050482299995565,0.0,1.1004735976277935e-14,0,0.05,24000000.0,False,5888913.798499618,0.53980;0.54089;0.54243;0.54455;0.54752;0.55164;0.55446;0.55735;0.56077;0.56690;0.59804;0.58246;0.53498;0.47772;0.38632;0.03029;0.00000;0.00000;0.00000;0.00000;0.00000;0.00000;0.00000;0.00000
ok,R1003_S+01,1003,1,20265004,10.440866181600729,0.11370311466773213,0.11494362590196798,69.0921711837463,3876.3506801869107,1.8496622828719764,3.7532912461260945,0.2833792935801229,0.15563973713542584,0.0674420306676613,637.9872297268694,4,9.63129249889904e-15,9.684963935215668e-15,9.578341426230205e-15,0.11449163091073844,0.12194045042213882,6.691551861203301e-13,1.7427818247984703,2.5210921804227726,2.979907432158462,3.194932424433567,4.276096029142569,6.223398246285469,657752458.5057956,309.17042470843404,202.66887032907061,19626997.22174114,34626997.22174114,16219756.38273678,343.9010032313969,343.9010032313969,343.9010032313969,318.47694943383596,25.42405379756093,657752458.5057898,657752458.505788,0.0,0.9999999999999973,0.0074472352600418335,0.00266375879792071,0.5203942181315833,0.0,2.7185597258333607e-15,8181,0,0.0,4.142822680999984,0.0,2.5997854463058677e-15,0,0.05,24000000.0,True,-10626997.22174114,0.41488;0.41610;0.41780;0.42015;0.42343;0.42800;0.43608;0.43994;0.44397;0.44821;0.45276;0.45777;0.46363;0.47175;0.49904;0.51188;0.45463;0.31422;0.00042;0.00000;0.00000;0.00000;0.00000;0.00000
ok,R1003_S+02,1003,2,20265004,10.440866181600729,0.11370311466773213,0.11494362590196798,69.0921711837463,3876.3506801869107,1.8496622828719764,3.7532912461260945,0.2833792935801229,0.15563973713542584,0.0674420306676613,637.9872297268694,4,9.63129249889904e-15,9.684963935215668e-15,9.578341426230205e-15,0.11449163091073844,0.12194045042213882,6.691551861203301e-13,1.7427818247984703,2.5210921804227726,1.2744462125924036,0.7277503484884583,0.5035410456941369,0.6018183042094397,122583758.02060315,130.7851063530177,85.59144230650033,2946722.659507349,17946722.65950735,2393256.0639102496,150.82270627946116,150.82270627946116,150.82270627946116,136.22176502122014,14.600941258241022,122583758.02060302,122583758.02060308,0.0,1.0000000000000004,0.0012989803418333205,0.0005094574660036631,0.5966400977054771,0.0,4.862360702416441e-16,635,0,0.0,0.41330654000000777,0.0,9.478431421190392e-15,0,0.05,24000000.0,False,6053277.340492651,0.57233;0.57307;0.57411;0.57554;0.57754;0.58033;0.58242;0.58495;0.58975;0.59553;0.58796;0.57217;0.53769;0.48382;0.40121;0.06066;0.00000;0.00000;0.00000;0.00000;0.00000;0.00000;0.00000;0.00000
ok,R1003_S+03,1003,3,20265004,10.440866181600729,0.11370311466773213,0.11494362590196798,69.0921711837463,3876.3506801869107,1.8496622828719764,3.7532912461260945,0.2833792935801229,0.15563973713542584,0.0674420306676613,637.9872297268694,4,9.63129249889904e-15,9.684963935215668e-15,9.578341426230205e-15,0.11449163091073844,0.12194045042213882,6.691551861203301e-13,1.7427818247984703,2.5210921804227726,2.9990828127197147,2.1005621317120418,1.6735553620272576,1.7180625036653616,334954844.07097626,219.99058026889094,142.9482720307011,7407201.562480994,22407201.562480994,6084784.652642027,244.3952792706849,244.3952792706849,244.3952792706849,227.72610510809392,16.66917416259099,334954844.0709766,334954844.07097656,0.0,0.9999999999999998,0.003558859052902309,0.0013777416152462776,0.5413506161960034,0.0,1.779482990929979e-16,2509,0,0.0,1.2555128300000433,0.0,4.509218935246152e-15,0,0.05,24000000.0,False,1592798.4375190064,0.50336;0.50438;0.50580;0.50778;0.51054;0.51438;0.51701;0.51946;0.52212;0.52516;0.52900;0.53483;0.54021;0.53652;0.51007;0.45123;0.30395;0.00000;0.00000;0.00000;0.00000;0.00000;0.00000;0.00000
ok,R1004_S+00,1004,0,20266004,10.946346532411374,0.4094561856853219,0.26432260212917963,75.15144333365762,3657.794471797101,2.2707060579641123,3.7980841077046588,0.6353594218785661,0.22269740787257086,0.06636592405529493,630.2815808802538,4,9.171568409555058e-15,9.730574630111001e-15,8.688840861408168e-15,0.3232613457372703,0.4124138923814493,7.312667279187133e-13,2.253994197694826,5.744147445449827,3.3584391957202775,5.074672776288184,5.235179778501654,3.8399602023606856,690648014.7848945,241.5750777927974,144.131449180263,10226478.347655065,25226478.347655065,8615842.509233087,284.5793509080284,284.5793509080284,284.5793509080284,187.72172670538737,96.85762420264103,690648014.7848927,690648014.7848935,0.0,1.000000000000001,0.003953071231722027,0.0012906445229309824,0.44024266010185337,0.0,1.208234888093277e-15,4127,0,0.0,2.2047510479999346,0.0,4.395022979423781e-15,0,0.05,24000000.0,True,-1226478.3476550654,0.40508;0.40610;0.40752;0.40949;0.41223;0.41606;0.41921;0.42166;0.42422;0.42694;0.42977;0.43109;0.42971;0.43534;0.42366;0.37396;0.19940;0.02237;0.00000;0.00000;0.00000;0.00000;0.00000;0.00000
ok,R1004_S+01,1004,1,20266004,10.946346532411374,0.4094561856853219,0.26432260212917963,75.15144333365762,3657.794471797101,2.2707060579641123,3.7980841077046588,0.6353594218785661,0.22269740787257086,0.06636592405529493,630.2815808802538,4,9.171568409555058e-15,9.730574630111001e-15,8.688840861408168e-15,0.3232613457372703,0.4124138923814493,7.312667279187133e-13,2.253994197694826,5.744147445449827,0.8428465891899167,0.6107217734438587,0.4355024592288176,0.31718864654479345,87030317.25026616,84.52980352418602,49.812770246683,1676617.3726003617,16676617.372600362,1208641.7547460403,98.58129495855535,98.58129495855535,98.58129495855535,67.0065845228953,31.57471043566005,87030317.25026621,87030317.25026625,0.0,1.0000000000000004,0.0005037024930037981,0.0001650312565307266,0.5448445135733727,0.0,5.136541494269485e-16,307,0,0.0,0.15637283900002785,0.0,2.99462230672351e-14,0,0.05,24000000.0,False,7323382.627399638,0.54091;0.54122;0.54166;0.54228;0.54313;0.54432;0.53999;0.53377;0.52375;0.50319;0.46808;0.42367;0.36333;0.15615;0.00781;0.00000;0.00000;0.00000;0.00000;0.00000;0.00000;0.00000;0.00000;0.00000
ok,R1004_S+02,1004,2,20266004,10.946346532411374,0.4094561856853219,0.26432260212917963,75.15144333365762,3657.794471797101,2.2707060579641123,3.7980841077046588,0.6353594218785661,0.22269740787257086,0.06636592405529493,630.2815808802538,4,9.171568409555058e-15,9.730574630111001e-15,8.688840861408168e-15,0.3232613457372703,0.4124138923814493,7.312667279187133e-13,2.253994197694826,5.744147445449827,2.546809583071311,1.6015824226676432,1.2103307468851958,1.3730545557239688,265548419.48240823,148.39296033011632,87.89641714086135,4778945.3409913,19778945.3409913,3523664.307399042,173.83272666818004,173.83272666818004,173.83272666818004,117.66886129219908,56.16386537598096,265548419.48240834,265548419.48240817,0.0,0.9999999999999993,0.001540426773687221,0.0005013830660665549,0.49267568532004896,0.0,6.733760068115098e-16,921,0,0.0,0.4634330379999483,0.0,1.0953238710919144e-14,0,0.05,24000000.0,False,4221054.6590087,0.47072;0.47147;0.47251;0.47396;0.47597;0.47878;0.48072;0.48284;0.48593;0.49041;0.48727;0.47460;0.44967;0.40701;0.32487;0.09037;0.00000;0.00000;0.00000;0.00000;0.00000;0.00000;0.00000;0.00000
ok,R1004_S+03,1004,3,20266004,10.946346532411374,0.4094561856853219,0.26432260212917963,75.15144333365762,3657.794471797101,2.2707060579641123,3.7980841077046588,0.6353594218785661,0.22269740787257086,0.06636592405529493,630.2815808802538,4,9.171568409555058e-15,9.730574630111001e-15,8.688840861408168e-15,0.3232613457372703,0.4124138923814493,7.312667279187133e-13,2.253994197694826,5.744147445449827,4.810655814130605,4.480567713082275,3.3962444297056282,1.5576859640006655,561928586.7184987,217.00319982327898,129.73311194044217,8704955.75005947,23704955.75005947,7102248.906533778,255.36231714538155,255.36231714538155,255.36231714538155,170.01250446562344,85.34981267975812,561928586.7184978,561928586.7184982,0.0,1.0000000000000009,0.0032778391539994207,0.0010533925516554466,0.4630140194725879,0.0,8.485725223336966e-16,3135,0,0.0,1.5896710060000032,0.0,6.843678206614288e-15,0,0.05,24000000.0,False,295044.24994052947,0.44934;0.45002;0.45097;0.45228;0.45411;0.45666;0.45828;0.45973;0.46088;0.45914;0.44887;0.44178;0.44031;0.43642;0.41074;0.34565;0.12158;0.00055;0.00000;0.00000;0.00000;0.00000;0.00000;0.00000
ok,R1005_S+00,1005,0,20267004,24.882124685256034,0.07166291367852073,0.1457357310959629,31.794683791732822,1664.7437516533942,2.9771050763505924,2.5182904934358423,0.3781805267980204,0.26423282780169677,0.0632501884639368,702.8947870682915,4,2.6003819546606278e-14,2.6010716746318664e-14,2.599684494443814e-14,0.026317787712061835,0.026439914026472028,8.270025141455315e-13,0.6407444444537672,3.5874725686894666,1.9200017774463536,1.081251814836172,0.6348763626546404,0.5808754209017587,166348211.06071806,177.53958220190796,120.87153307825236,7107527.355321325,22107527.355321325,6955274.935736269,194.69984035673315,194.69984035673315,194.69984035673315,194.25143056611034,0.4484097906228044,166348211.06071797,166348211.06071776,0.0,0.9999999999999988,0.01314936356482339,0.005499796073106016,0.5427340836130359,0.0,1.2540937794499105e-15,2535,0,0.0,1.385028559000034,0.0,2.4271092412077996e-14,0,0.05,24000000.0,False,1892472.6446786746,0.49724;0.49736;0.49753;0.49777;0.49809;0.49854;0.49892;0.49934;0.49991;0.50079;0.50228;0.50511;0.51111;0.52950;0.53592;0.48585;0.25450;0.00000;0.00000;0.00000;0.00000;0.00000;0.00000;0.00000
ok,R1005_S+01,1005,1,20267004,24.882124685256034,0.07166291367852073,0.1457357310959629,31.794683791732822,1664.7437516533942,2.9771050763505924,2.5182904934358423,0.3781805267980204,0.26423282780169677,0.0632501884639368,702.8947870682915,4,2.6003819546606278e-14,2.6010716746318664e-14,2.599684494443814e-14,0.026317787712061835,0.026439914026472028,8.270025141455315e-13,0.6407444444537672,3.5874725686894666,0.3503007863569674,1.0791273108153057,1.6285420847064103,1.9985451080302803,199464358.6410389,192.23409555345594,132.31129085693726,10345267.027065031,25345267.02706503,9757527.944080286,213.34426901709648,213.34426901709648,213.34426901709648,211.57408817008383,1.7701808470126537,199464358.64103967,199464358.64103943,0.0,0.9999999999999988,0.016010655003696368,0.006516171650943411,0.5424627854004075,0.0,1.1952941403964087e-15,3434,0,0.0,1.8147254619999558,0.0,2.980437715936168e-14,0,0.05,24000000.0,True,-1345267.0270650312,0.47679;0.47713;0.47761;0.47827;0.47918;0.48043;0.48146;0.48231;0.48326;0.48440;0.48594;0.48830;0.49258;0.50435;0.54223;0.50360;0.39642;0.00002;0.00000;0.00000;0.00000;0.00000;0.00000;0.00000
ok,R1005_S+02,1005,2,20267004,24.882124685256034,0.07166291367852073,0.1457357310959629,31.794683791732822,1664.7437516533942,2.9771050763505924,2.5182904934358423,0.3781805267980204,0.26423282780169677,0.0632501884639368,702.8947870682915,4,2.6003819546606278e-14,2.6010716746318664e-14,2.599684494443814e-14,0.026317787712061835,0.026439914026472028,8.270025141455315e-13,0.6407444444537672,3.5874725686894666,1.8330938167346467,1.8115095907001488,2.042082724081022,2.524813216877266,323919014.79606193,244.86445020277304,168.69647290441569,16009872.71579444,31009872.71579444,15151943.574990645,264.8181013506232,264.8181013506232,264.8181013506232,263.99498880313945,0.8231125474837313,323919014.79606247,323919014.7960631,0.0,1.000000000000002,0.023736561545702563,0.010135930055386197,0.519292037858267,0.0,2.024120420785087e-15,7396,0,0.0,3.7406914519999646,0.0,8.979861827778712e-15,0,0.05,24000000.0,True,-7009872.71579444,0.44978;0.45011;0.45056;0.45119;0.45206;0.45326;0.45434;0.45513;0.45596;0.45689;0.45800;0.45947;0.46168;0.46554;0.47449;0.51374;0.48696;0.25783;0.00000;0.00000;0.00000;0.00000;0.00000;0.00000
ok,R1005_S+03,1005,3,20267004,24.882124685256034,0.07166291367852073,0.1457357310959629,31.794683791732822,1664.7437516533942,2.9771050763505924,2.5182904934358423,0.3781805267980204,0.26423282780169677,0.0632501884639368,702.8947870682915,4,2.6003819546606278e-14,2.6010716746318664e-14,2.599684494443814e-14,0.026317787712061835,0.026439914026472028,8.270025141455315e-13,0.6407444444537672,3.5874725686894666,0.2538902791836672,0.19139122414471413,0.14097163103297308,0.10263149984844416,27174432.165673923,71.79540598740141,48.65817898898024,1163625.6551000606,16163625.65510006,1147555.515055634,79.69864323942987,79.69864323942987,79.69864323942987,79.46977219450847,0.2288710449214051,27174432.16567394,27174432.165674027,0.0,1.000000000000003,0.0022354479367104746,0.0009477993835913261,0.6182364746369665,0.0,3.1530254741754995e-15,324,0,0.0,0.15994907699996475,0.0,6.497225990625178e-14,0,0.05,24000000.0,False,7836374.344899939,0.59167;0.59176;0.59189;0.59206;0.59229;0.59262;0.59431;0.59773;0.60859;0.61543;0.58717;0.54799;0.49995;0.38978;0.00000;0.00000;0.00000;0.00000;0.00000;0.00000;0.00000;0.00000;0.00000;0.00000
ok,R1006_S+00,1006,0,20268004,10.307468567883152,0.29499927887658206,0.21221948068652546,22.674368934804583,1705.3657956971076,2.036853968052312,2.531914660571057,0.6322072335217306,0.29158096801768296,0.06285440021080851,671.5893839687982,4,9.962187568555028e-15,1.0841066386636264e-14,9.122373901901762e-15,0.3837842607021599,0.4596355133052923,2.4581433889729957e-13,0.42754937673200444,6.03496873473958,0.34180807308879846,0.4153047013001521,0.449214351088834,0.443537022454844,65082191.0434984,133.66288065956604,83.73308823648,3793891.456442211,18793891.45644221,3662418.773544185,151.09272563714407,151.09272563714407,151.09272563714407,119.67784692602793,31.414878711116145,65082191.04349844,65082191.04349842,0.0,0.9999999999999997,0.006257715862190421,0.002147771827024112,0.5097234020339746,0.0,3.4343868011192857e-16,732,0,0.0,0.41730579399995804,0.0,2.0337859252054914e-14,0,0.05,24000000.0,False,5206108.543557789,0.46188;0.46225;0.46277;0.46349;0.46448;0.46585;0.46713;0.46874;0.47120;0.47567;0.48671;0.50503;0.47655;0.42251;0.35191;0.15137;0.00000;0.00000;0.00000;0.00000;0.00000;0.00000;0.00000;0.00000
ok,R1006_S+01,1006,1,20268004,10.307468567883152,0.29499927887658206,0.21221948068652546,22.674368934804583,1705.3657956971076,2.036853968052312,2.531914660571057,0.6322072335217306,0.29158096801768296,0.06285440021080851,671.5893839687982,4,9.962187568555028e-15,1.0841066386636264e-14,9.122373901901762e-15,0.3837842607021599,0.4596355133052923,2.4581433889729957e-13,0.42754937673200444,6.03496873473958,0.05831320463420795,0.08397038613326294,0.09099094039936294,0.07937486743250799,12333080.826548237,58.04562201096617,36.25687496557919,706971.1285823025,15706971.128582302,692139.2531129718,66.75899795696476,66.75899795696476,66.75899795696476,50.6207987641815,16.13819919278326,12333080.826548237,12333080.82654822,0.0,0.9999999999999987,0.0011775612608082842,0.0004156148649999732,0.5768120527907622,0.0,1.359255370076938e-15,210,0,0.0,0.1089162870000564,0.0,7.507619887346746e-14,0,0.05,24000000.0,False,8293028.8714176975,0.56187;0.56215;0.56253;0.56306;0.56379;0.56480;0.56953;0.56927;0.54190;0.49855;0.44743;0.38806;0.26674;0.01337;0.00000;0.00000;0.00000;0.00000;0.00000;0.00000;0.00000;0.00000;0.00000;0.00000
ok,R1006_S+02,1006,2,20268004,10.307468567883152,0.29499927887658206,0.21221948068652546,22.674368934804583,1705.3657956971076,2.036853968052312,2.531914660571057,0.6322072335217306,0.29158096801768296,0.06285440021080851,671.5893839687982,4,9.962187568555028e-15,1.0841066386636264e-14,9.122373901901762e-15,0.3837842607021599,0.4596355133052923,2.4581433889729957e-13,0.42754937673200444,6.03496873473958,0.7233799802298538,0.696484247394761,0.9356707603268923,1.4409395190262482,149759529.87675148,204.0565006663058,127.98493391121681,10314054.964720018,25314054.96472002,9668068.908993162,235.7891144410222,235.7891144410222,235.7891144410222,177.83257312608566,57.956541314936544,149759529.87675145,149759529.87675154,0.0,1.0000000000000007,0.014687258187508304,0.004783286905232057,0.47156710719777967,0.0,5.9700352449467325e-16,2720,0,0.0,1.3946199819999947,0.0,1.1072362491624214e-14,0,0.05,24000000.0,True,-1314054.9647200182,0.39389;0.39454;0.39544;0.39669;0.39840;0.40078;0.40285;0.40448;0.40630;0.40849;0.41142;0.41610;0.42963;0.45854;0.43758;0.37400;0.22142;0.00386;0.00000;0.00000;0.00000;0.00000;0.00000;0.00000
ok,R1006_S+03,1006,3,20268004,10.307468567883152,0.29499927887658206,0.21221948068652546,22.674368934804583,1705.3657956971076,2.036853968052312,2.531914660571057,0.6322072335217306,0.29158096801768296,0.06285440021080851,671.5893839687982,4,9.962187568555028e-15,1.0841066386636264e-14,9.122373901901762e-15,0.3837842607021599,0.4596355133052923,2.4581433889729957e-13,0.42754937673200444,6.03496873473958,0.01,0.15682044665511863,0.2739277183020224,0.33244227964085254,30500043.46805705,93.50653244178264,57.28703980882103,2130539.9052020498,17130539.90520205,2040451.8346456438,108.46393353002402,108.46393353002402,108.46393353002402,78.98752365745767,29.47640987256635,30500043.468057077,30500043.468057085,0.0,1.0000000000000002,0.0030204102511460483,0.0010201446624237879,0.5397775782373472,0.0,2.442809829017744e-16,381,0,0.0,0.21211564700001873,0.0,2.4005821747456784e-13,0,0.05,24000000.0,False,6869460.09479795,0.49943;0.49982;0.50037;0.50113;0.50218;0.50362;0.50560;0.50886;0.51683;0.53255;0.51518;0.46764;0.41121;0.32918;0.10702;0.00000;0.00000;0.00000;0.00000;0.00000;0.00000;0.00000;0.00000;0.00000
ok,R1007_S+00,1007,0,20269004,12.030486690113943,0.6019214219768985,0.1443560832924608,74.9116803521981,2124.3744027729945,2.5238099216916945,2.0979197197257724,0.3657020955219744,0.3109189995829219,0.07559394453858795,658.0228496050437,4,1.0596701530556336e-14,1.1592517823473932e-14,9.386538369528966e-15,0.4140393726892385,0.4082299399659274,8.684149896692387e-13,1.5163833906506485,2.9026300803919303,1.5814139145777975,1.397233165907933,1.4492805073392288,1.7375559388716846,243209828.6776025,156.35431169222602,99.83510583646569,4806918.967216693,19806918.967216693,4490011.719237756,171.6012025008955,171.6012025008955,171.6012025008955,125.18777942387767,46.41342307701784,243209828.67760304,243209828.6776029,0.0,0.9999999999999993,0.005275940767310509,0.0023423135485845558,0.5690766062628075,0.0,6.126874590089249e-16,1418,0,0.0,0.7653653669999585,0.0,1.1845962317148781e-14,0,0.05,24000000.0,False,4193081.032783307,0.52201;0.52250;0.52319;0.52414;0.52547;0.52731;0.52863;0.53000;0.53171;0.53415;0.53850;0.54889;0.55987;0.53541;0.46936;0.27399;0.00000;0.00000;0.00000;0.00000;0.00000;0.00000;0.00000;0.00000
ok,R1007_S+01,1007,1,20269004,12.030486690113943,0.6019214219768985,0.1443560832924608,74.9116803521981,2124.3744027729945,2.5238099216916945,2.0979197197257724,0.3657020955219744,0.3109189995829219,0.07559394453858795,658.0228496050437,4,1.0596701530556336e-14,1.1592517823473932e-14,9.386538369528966e-15,0.4140393726892385,0.4082299399659274,8.684149896692387e-13,1.5163833906506485,2.9026300803919303,3.3829584631201923,3.6350791635796793,3.747981838236888,3.7216664870918192,571495747.7496715,238.1782765647973,154.061593370415,11412227.10437354,26412227.10437354,10552753.581537597,265.18005157878144,265.18005157878144,265.18005157878144,189.41712295886555,75.7629286199159,571495747.7496722,571495747.7496717,0.0,0.9999999999999991,0.01354951109028275,0.0053039908183849455,0.5331742096097687,0.0,8.343669398778979e-16,5520,0,0.0,2.908067797000058,0.0,4.9074260206738955e-15,0,0.05,24000000.0,True,-2412227.1043735407,0.47002;0.47065;0.47153;0.47276;0.47446;0.47683;0.47885;0.48039;0.48204;0.48388;0.48612;0.48919;0.49423;0.50509;0.51885;0.49165;0.32405;0.01286;0.00000;0.00000;0.00000;0.00000;0.00000;0.00000
ok,R1007_S+02,1007,2,20269004,12.030486690113943,0.6019214219768985,0.1443560832924608,74.9116803521981,2124.3744027729945,2.5238099216916945,2.0979197197257724,0.3657020955219744,0.3109189995829219,0.07559394453858795,658.0228496050437,4,1.0596701530556336e-14,1.1592517823473932e-14,9.386538369528966e-15,0.4140393726892385,0.4082299399659274,8.684149896692387e-13,1.5163833906506485,2.9026300803919303,3.846923357680673,3.8391829226923604,5.5094019882190395,8.857580554260714,869928194.7950739,293.6559480553111,191.253942069658,23007198.352385774,38007198.352385774,20401133.221088387,329.50935878376634,329.50935878376634,329.50935878376634,229.9401794931254,99.56917929064093,869928194.7950723,869928194.7950702,0.0,0.9999999999999976,0.02042259235689269,0.007815900868963015,0.521072962079749,0.0,2.4666026745110125e-15,11685,0,0.0,6.173463037000033,0.0,4.302547748597435e-15,0,0.05,24000000.0,True,-14007198.352385774,0.42547;0.42621;0.42725;0.42869;0.43070;0.43349;0.43894;0.44130;0.44375;0.44634;0.44915;0.45234;0.45633;0.46253;0.47829;0.49678;0.44736;0.24010;0.00000;0.00000;0.00000;0.00000;0.00000;0.00000
ok,R1007_S+03,1007,3,20269004,12.030486690113943,0.6019214219768985,0.1443560832924608,74.9116803521981,2124.3744027729945,2.5238099216916945,2.0979197197257724,0.3657020955219744,0.3109189995829219,0.07559394453858795,658.0228496050437,4,1.0596701530556336e-14,1.1592517823473932e-14,9.386538369528966e-15,0.4140393726892385,0.4082299399659274,8.684149896692387e-13,1.5163833906506485,2.9026300803919303,0.2585018587320029,0.3708328150483284,0.7865558853932931,1.5056710697668974,115246841.57681675,107.92377215286442,68.68533411634454,2994763.0093116052,17994763.009311605,2740041.3671926185,122.84891640973902,122.84891640973902,122.84891640973902,82.77812148236781,40.07079492737121,115246841.5768172,115246841.5768171,0.0,0.9999999999999991,0.002625271349514159,0.0011264458750898866,0.5933250825985785,0.0,9.050844858720708e-16,646,0,0.0,0.4133811340000193,0.0,3.725815508219654e-14,0,0.05,24000000.0,False,6005236.990688395,0.54828;0.54882;0.54957;0.55062;0.55208;0.55410;0.55568;0.55757;0.56030;0.56748;0.57879;0.57434;0.52895;0.43774;0.24771;0.00000;0.00000;0.00000;0.00000;0.00000;0.00000;0.00000;0.00000;0.00000
ok,R1008_S+00,1008,0,20270004,20.83983345222651,0.44090390698394866,0.24244560171630905,65.95018372486658,1836.4096835210587,2.6189316968846446,2.9424248340717005,0.31066433967341106,0.23789354534930934,0.07318222518983078,759.7405581789716,4,2.4703758892883436e-14,2.7071288604544694e-14,2.2015219292053962e-14,0.4108531807577076,0.4344082666133744,1.7853564571386088e-12,2.2376984863117095,2.5470475012277722,0.8398277665770677,0.6531116954777941,0.4031280658571008,0.08987687771498792,78339548.96876632,65.23085761799196,42.76639655775481,899495.372813521,15899495.372813521,875302.7457800917,74.11235774532412,74.11235774532412,74.11235774532412,60.90342609631587,13.20893164900825,78339548.96876635,78339548.96876633,0.0,0.9999999999999998,0.001369611267470607,0.0006043430388892988,0.6240691167503356,0.0,1.9021249662528293e-16,315,0,0.0,0.19547435100002986,0.0,7.056971004963311e-14,11,0.05,24000000.0,False,8100504.627186479,0.61036;0.61044;0.61056;0.61071;0.61093;0.61123;0.61220;0.61578;0.62177;0.60397;0.56800;0.52349;0.45062;0.06209;0.00000;0.00000;0.00000;0.00000;0.00000;0.00000;0.00000;0.00000;0.00000;0.00000
ok,R1008_S+01,1008,1,20270004,20.83983345222651,0.44090390698394866,0.24244560171630905,65.95018372486658,1836.4096835210587,2.6189316968846446,2.9424248340717005,0.31066433967341106,0.23789354534930934,0.07318222518983078,759.7405581789716,4,2.4703758892883436e-14,2.7071288604544694e-14,2.2015219292053962e-14,0.4108531807577076,0.4344082666133744,1.7853564571386088e-12,2.2376984863117095,2.5470475012277722,1.3055308504800511,1.5145853948036017,1.3491515643140377,0.809229359011359,196386777.81012115,104.58111264478788,67.88694605639103,2293037.7521917485,17293037.75219175,2191830.991409354,116.28306389428138,116.28306389428138,116.28306389428138,93.22555472616942,23.057509168111963,196386777.8101211,196386777.81012115,0.0,1.0000000000000002,0.003386829889724729,0.001498743267850109,0.5973870643492203,0.0,3.0350640424998515e-16,598,0,0.0,0.3917453579999801,0.0,3.216555405851154e-14,0,0.05,24000000.0,False,6706962.2478082515,0.56435;0.56461;0.56497;0.56546;0.56615;0.56710;0.56823;0.56995;0.57240;0.57555;0.59048;0.58224;0.54215;0.48612;0.27792;0.00000;0.00000;0.00000;0.00000;0.00000;0.00000;0.00000;0.00000;0.00000
ok,R1008_S+02,1008,2,20270004,20.83983345222651,0.44090390698394866,0.24244560171630905,65.95018372486658,1836.4096835210587,2.6189316968846446,2.9424248340717005,0.31066433967341106,0.23789354534930934,0.07318222518983078,759.7405581789716,4,2.4703758892883436e-14,2.7071288604544694e-14,2.2015219292053962e-14,0.4108531807577076,0.4344082666133744,1.7853564571386088e-12,2.2376984863117095,2.5470475012277722,11.244294841918066,9.631661874926357,7.480127589550086,4.789691985789253,1307501437.3977728,265.9620957697379,177.01732485434485,16238505.00908254,31238505.00908254,15171982.20088438,305.4839927710951,305.4839927710951,305.4839927710951,230.7879965081409,74.69599626295417,1307501437.3977711,1307501437.3977716,0.0,1.0000000000000004,0.02179849292697461,0.009088760770316218,0.5174441489490597,0.0,3.646934103201758e-16,11379,0,0.0,6.271614561999968,0.0,4.952910572335484e-15,0,0.05,24000000.0,True,-7238505.009082541,0.45415;0.45458;0.45516;0.45597;0.45710;0.45866;0.46021;0.46125;0.46236;0.46358;0.46501;0.46685;0.46956;0.47330;0.48162;0.49909;0.47003;0.22320;0.00000;0.00000;0.00000;0.00000;0.00000;0.00000
ok,R1008_S+03,1008,3,20270004,20.83983345222651,0.44090390698394866,0.24244560171630905,65.95018372486658,1836.4096835210587,2.6189316968846446,2.9424248340717005,0.31066433967341106,0.23789354534930934,0.07318222518983078,759.7405581789716,4,2.4703758892883436e-14,2.7071288604544694e-14,2.2015219292053962e-14,0.4108531807577076,0.4344082666133744,1.7853564571386088e-12,2.2376984863117095,2.5470475012277722,13.4528343282374,7.035050247024625,3.4547143991935254,2.711826784744101,1051437132.9231486,238.94446518800362,159.03118363580552,15672256.193943575,30672256.193943575,13498959.963604398,271.2068199898083,271.2068199898083,271.2068199898083,210.50911297352442,60.697707016283886,1051437132.9231442,1051437132.923147,0.0,1.0000000000000027,0.017843387275952582,0.007460283648604981,0.5170875188214792,0.0,2.6076819752839984e-15,8716,0,0.0,4.719244923000019,0.0,8.261949627005978e-15,0,0.05,24000000.0,True,-6672256.193943575,0.47227;0.47259;0.47303;0.47365;0.47450;0.47567;0.47661;0.47738;0.47824;0.47925;0.48056;0.48248;0.48531;0.48975;0.49812;0.50440;0.42628;0.04180;0.00000;0.00000;0.00000;0.00000;0.00000;0.00000
ok,R1009_S+00,1009,0,20271004,16.11314800931876,0.17050660000558954,0.14459714442967306,78.17929461519319,2927.678913228643,1.8721388566329142,3.008158860722185,0.22708637697494896,0.18944758747392704,0.05589327515630261,705.2173916149276,4,1.4026133715328195e-14,1.4215913821729396e-14,1.3838952448120815e-14,0.1728051588803543,0.18811303159928622,1.1113901148931796e-12,2.641744275257085,2.4377141222078738,0.5600507471512267,0.5093485866960157,0.5496048507480941,0.6808195393074621,90721146.43679371,88.30429141140868,56.669595542609486,1095612.5169999376,16095612.516999938,1003187.7182090245,99.88809507719546,99.88809507719546,99.88809507719546,88.28443249940158,11.603662577793884,90721146.4367936,90721146.4367937,0.0,1.000000000000001,0.0011163542545182506,0.00042052074283454926,0.6573528344057382,0.0,1.1497664266137355e-15,330,0,0.0,0.15991829099993993,0.0,1.720190129663067e-14,0,0.05,24000000.0,False,7904387.483000062,0.62588;0.62641;0.62715;0.62818;0.62960;0.63159;0.63405;0.63930;0.65377;0.64773;0.61035;0.56032;0.49829;0.38294;0.01648;0.00000;0.00000;0.00000;0.00000;0.00000;0.00000;0.00000;0.00000;0.00000
ok,R1009_S+01,1009,1,20271004,16.11314800931876,0.17050660000558954,0.14459714442967306,78.17929461519319,2927.678913228643,1.8721388566329142,3.008158860722185,0.22708637697494896,0.18944758747392704,0.05589327515630261,705.2173916149276,4,1.4026133715328195e-14,1.4215913821729396e-14,1.3838952448120815e-14,0.1728051588803543,0.18811303159928622,1.1113901148931796e-12,2.641744275257085,2.4377141222078738,1.3538485566782235,2.560059245439912,3.6452078724740686,4.609294437780694,480007273.7027737,203.97944582599294,131.85610246860458,7489919.725686494,22489919.725686494,6565402.008200042,228.976424539322,228.976424539322,228.976424539322,203.86966533036303,25.106759208958977,480007273.70277345,480007273.7027738,0.0,1.0000000000000007,0.005064195044946446,0.0021788004801532443,0.5841939222231385,0.0,7.450467695908113e-16,2229,0,0.0,1.249122826999951,0.0,8.132530355631761e-15,0,0.05,24000000.0,False,1510080.2743135057,0.50843;0.50947;0.51091;0.51292;0.51572;0.51962;0.52263;0.52517;0.52792;0.53108;0.53502;0.54080;0.55791;0.57846;0.53314;0.45649;0.20007;0.00000;0.00000;0.00000;0.00000;0.00000;0.00000;0.00000
ok,R1009_S+02,1009,2,20271004,16.11314800931876,0.17050660000558954,0.14459714442967306,78.17929461519319,2927.678913228643,1.8721388566329142,3.008158860722185,0.22708637697494896,0.18944758747392704,0.05589327515630261,705.2173916149276,4,1.4026133715328195e-14,1.4215913821729396e-14,1.3838952448120815e-14,0.1728051588803543,0.18811303159928622,1.1113901148931796e-12,2.641744275257085,2.4377141222078738,5.156131530749845,3.0248991860937475,1.7974485491960943,1.4737796200568862,451757256.2798515,195.34337984808937,128.19258724668788,6581088.619008303,21581088.619008303,5554334.69988668,224.14156429623583,224.14156429623583,224.14156429623583,201.96520663178129,22.176357664454542,451757256.2798526,451757256.27985156,0.0,0.9999999999999977,0.005064195044946446,0.002053748306769191,0.5696398477952226,0.0,2.374911727577002e-15,2136,0,0.0,1.1533505529999957,0.0,1.120609994968812e-14,0,0.05,24000000.0,False,2418911.3809916973,0.55010;0.55060;0.55129;0.55225;0.55358;0.55544;0.55672;0.55809;0.55980;0.56217;0.56485;0.56689;0.56605;0.56064;0.52439;0.44762;0.15867;0.00000;0.00000;0.00000;0.00000;0.00000;0.00000;0.00000
ok,R1009_S+03,1009,3,20271004,16.11314800931876,0.17050660000558954,0.14459714442967306,78.17929461519319,2927.678913228643,1.8721388566329142,3.008158860722185,0.22708637697494896,0.18944758747392704,0.05589327515630261,705.2173916149276,4,1.4026133715328195e-14,1.4215913821729396e-14,1.3838952448120815e-14,0.1728051588803543,0.18811303159928622,1.1113901148931796e-12,2.641744275257085,2.4377141222078738,6.342611641251639,4.833943611825725,4.356594652131838,4.910564762169977,806443212.4841065,263.3139884766941,171.81411001309078,9736166.167705357,24736166.167705357,8707412.133141909,300.50388913173157,300.50388913173157,300.50388913173157,268.2922149743966,32.21167415733498,806443212.4841064,806443212.4841063,0.0,0.9999999999999999,0.009681811968631254,0.003598682055658873,0.5507198057935322,0.0,1.4782105882394125e-16,5000,0,0.0,2.6252518439999903,0.0,4.3524903210114204e-15,0,0.05,24000000.0,True,-736166.1677053571,0.48790;0.48882;0.49010;0.49188;0.49436;0.49781;0.50049;0.50268;0.50500;0.50755;0.51052;0.51438;0.52062;0.53446;0.54742;0.51592;0.43191;0.09819;0.00000;0.00000;0.00000;0.00000;0.00000;0.00000
ok,R1010_S+00,1010,0,20272004,10.16425455810906,0.5841203840085847,0.20257577899626758,22.298046724932863,3301.526157645583,1.6762026432572035,2.2638841678923014,0.4164649876484382,0.26499494115812283,0.07267585482817548,624.8561497240845,4,1.9062052320836915e-14,3.0414852316274384e-14,1.0235265515254064e-14,0.7219432359824859,0.8639700080725743,6.781917980802188e-13,0.5783227396762648,3.438266989495225,3.3285152655871357,2.697759680161755,1.912547398057251,0.9728784192736251,351539860.00120753,357.3201500517753,210.98629651304668,7527549.542253412,22527549.542253412,7177332.197992474,409.2218704831522,409.2218704831522,409.2218704831522,167.42693479737477,241.79493568577743,351539860.0012065,351539860.0012067,0.0,1.0000000000000004,0.009825146988187794,0.0034569412338949623,0.5249332648079803,0.0,5.086590588206929e-16,7310,0,0.0,3.709721592000051,0.0,1.685183187819895e-14,0,0.05,24000000.0,False,1472450.4577465877,0.48664;0.48720;0.48799;0.48907;0.49059;0.49270;0.49426;0.49564;0.49716;0.49894;0.50083;0.50236;0.50373;0.49881;0.48597;0.43948;0.33110;0.21007;0.03974;0.00000;0.00000;0.00000;0.00000;0.00000
ok,R1010_S+01,1010,1,20272004,10.16425455810906,0.5841203840085847,0.20257577899626758,22.298046724932863,3301.526157645583,1.6762026432572035,2.2638841678923014,0.4164649876484382,0.26499494115812283,0.07267585482817548,624.8561497240845,4,1.9062052320836915e-14,3.0414852316274384e-14,1.0235265515254064e-14,0.7219432359824859,0.8639700080725743,6.781917980802188e-13,0.5783227396762648,3.438266989495225,2.212972066517731,1.5496099220438058,0.8368484396553221,0.07468761935228084,184379934.62245983,260.8362757747255,152.40812769704098,4427485.950868063,19427485.950868063,4170841.3395254314,299.76785921213207,299.76785921213207,299.76785921213207,120.33633813353845,179.43152107859362,184379934.6224597,184379934.62245995,0.0,1.0000000000000013,0.005076744053501925,0.0018559765769028728,0.5787910225723465,0.0,1.2930831090148365e-15,2943,0,0.0,1.724142137000058,0.0,3.265458777812722e-14,95,0.05,24000000.0,False,4572514.049131937,0.54634;0.54666;0.54711;0.54773;0.54860;0.54980;0.55051;0.55004;0.54400;0.53857;0.54014;0.54022;0.52943;0.51035;0.44837;0.33240;0.21035;0.05240;0.00000;0.00000;0.00000;0.00000;0.00000;0.00000
ok,R1010_S+02,1010,2,20272004,10.16425455810906,0.5841203840085847,0.20257577899626758,22.298046724932863,3301.526157645583,1.6762026432572035,2.2638841678923014,0.4164649876484382,0.26499494115812283,0.07267585482817548,624.8561497240845,4,1.9062052320836915e-14,3.0414852316274384e-14,1.0235265515254064e-14,0.7219432359824859,0.8639700080725743,6.781917980802188e-13,0.5783227396762648,3.438266989495225,2.2694825593003065,2.2069942901363326,1.477955062930101,0.08236487768161187,238133522.97703734,299.7100875396817,174.128691991539,5813694.919965375,20813694.919965375,5413883.954649791,339.7591578199512,339.7591578199512,339.7591578199512,133.76744965368295,205.99170816626827,238133522.97703755,238133522.9770376,0.0,1.0000000000000002,0.006836208876393258,0.002377507270724636,0.5683333348972133,0.0,2.502992608106592e-16,4156,0,0.0,2.117789564000077,0.0,2.529259465114288e-14,95,0.05,24000000.0,False,3186305.080034625,0.52778;0.52818;0.52872;0.52948;0.53054;0.53202;0.53289;0.53314;0.52866;0.51833;0.51768;0.52249;0.52040;0.50742;0.47592;0.35730;0.27170;0.13503;0.00043;0.00000;0.00000;0.00000;0.00000;0.00000
ok,R1010_S+03,1010,3,20272004,10.16425455810906,0.5841203840085847,0.20257577899626758,22.298046724932863,3301.526157645583,1.6762026432572035,2.2638841678923014,0.4164649876484382,0.26499494115812283,0.07267585482817548,624.8561497240845,4,1.9062052320836915e-14,3.0414852316274384e-14,1.0235265515254064e-14,0.7219432359824859,0.8639700080725743,6.781917980802188e-13,0.5783227396762648,3.438266989495225,1.5896924729324153,2.0542575315546903,1.9150350439829777,1.1720250102172787,265518153.78504038,314.51395319519503,183.27647970247688,6025328.258884151,21025328.25888415,5690736.373197615,358.53554861091663,358.53554861091663,358.53554861091663,139.75754555780793,218.7780030531087,265518153.78503942,265518153.7850406,0.0,1.0000000000000044,0.007483515070868572,0.002641369256348417,0.5459640268051184,0.0,4.3774429603073196e-15,4379,0,0.0,2.41092473599997,0.0,1.3179176955987511e-14,0,0.05,24000000.0,False,2974671.7411158495,0.49992;0.50053;0.50140;0.50260;0.50426;0.50659;0.50825;0.50983;0.51165;0.51390;0.51609;0.52080;0.51894;0.50884;0.48664;0.37262;0.29440;0.15519;0.00163;0.00000;0.00000;0.00000;0.00000;0.00000
ok,R1011_S+00,1011,0,20273004,11.687378112844822,0.2585143127773478,0.2581480437710794,79.92017531086628,1487.974400422987,2.9412266429904186,2.3885375275360112,0.6314286074098245,0.2968445115142164,0.05440032673835797,611.1638665520469,4,1.1361934833659676e-14,1.1444928691308678e-14,1.1280228377168545e-14,0.12988210055332583,0.13976289637506192,9.146807074297527e-13,1.4050000836668441,6.964244282355761,0.6489130049019554,0.5848081830888364,0.35570360750931007,0.019387800920793476,63462830.49101506,59.917963962871234,40.07047382117785,1092322.5848847162,16092322.584884716,1051380.3540873546,67.17146715165852,67.17146715165852,67.17146715165852,63.371460714246986,3.8000064374115325,63462830.49101507,63462830.49101521,0.0,1.0000000000000022,0.0018015353287969807,0.0007175627940429629,0.5625838426800459,0.0,2.2306132620667564e-15,279,0,0.0,0.1461370149999084,0.0,4.037208815392705e-13,11,0.05,24000000.0,False,7907677.415115284,0.55070;0.55076;0.55085;0.55096;0.55112;0.55133;0.55305;0.55490;0.56206;0.54520;0.50901;0.46568;0.41094;0.12901;0.00000;0.00000;0.00000;0.00000;0.00000;0.00000;0.00000;0.00000;0.00000;0.00000
ok,R1011_S+01,1011,1,20273004,11.687378112844822,0.2585143127773478,0.2581480437710794,79.92017531086628,1487.974400422987,2.9412266429904186,2.3885375275360112,0.6314286074098245,0.2968445115142164,0.05440032673835797,611.1638665520469,4,1.1361934833659676e-14,1.1444928691308678e-14,1.1280228377168545e-14,0.12988210055332583,0.13976289637506192,9.146807074297527e-13,1.4050000836668441,6.964244282355761,0.9716873393778935,0.5132419063262719,0.2528089141087631,0.19038836272536713,76058806.93456814,65.67640865685676,43.89775635010304,1556165.5755617563,16556165.575561756,1211309.4428377785,71.90802456114304,71.90802456114304,71.90802456114304,69.66210382538775,2.2459207357552913,76058806.93456818,76058806.93456812,0.0,0.9999999999999992,0.0021852187773683056,0.000858566806803652,0.5525343876886728,0.0,7.83665260837805e-16,290,0,0.0,0.15810628799999904,0.0,6.821558615532345e-14,0,0.05,24000000.0,False,7443834.424438244,0.54699;0.54710;0.54725;0.54745;0.54773;0.54812;0.54943;0.55051;0.55190;0.54736;0.51958;0.47856;0.42893;0.29290;0.00000;0.00000;0.00000;0.00000;0.00000;0.00000;0.00000;0.00000;0.00000;0.00000
ok,R1011_S+02,1011,2,20273004,11.687378112844822,0.2585143127773478,0.2581480437710794,79.92017531086628,1487.974400422987,2.9412266429904186,2.3885375275360112,0.6314286074098245,0.2968445115142164,0.05440032673835797,611.1638665520469,4,1.1361934833659676e-14,1.1444928691308678e-14,1.1280228377168545e-14,0.12988210055332583,0.13976289637506192,9.146807074297527e-13,1.4050000836668441,6.964244282355761,0.5467819376733081,0.8592220930834249,1.604306929922629,2.7820364481909206,228490728.23770604,114.75634428396592,76.44716037393262,5364121.338034034,20364121.338034034,4968039.347399205,126.43772355954587,126.43772355954587,126.43772355954587,118.30160533954343,8.136118220002444,228490728.237706,228490728.23770607,0.0,1.0000000000000002,0.006604726939508072,0.0025288738876434497,0.5234431604852539,0.0,2.608624220120742e-16,811,0,0.0,0.4333389690000331,0.0,2.605506993449725e-14,0,0.05,24000000.0,False,3635878.661965966,0.46417;0.46466;0.46533;0.46624;0.46751;0.46924;0.47079;0.47226;0.47418;0.47704;0.48224;0.50974;0.50962;0.46644;0.40955;0.14208;0.00000;0.00000;0.00000;0.00000;0.00000;0.00000;0.00000;0.00000
ok,R1011_S+03,1011,3,20273004,11.687378112844822,0.2585143127773478,0.2581480437710794,79.92017531086628,1487.974400422987,2.9412266429904186,2.3885375275360112,0.6314286074098245,0.2968445115142164,0.05440032673835797,611.1638665520469,4,1.1361934833659676e-14,1.1444928691308678e-14,1.1280228377168545e-14,0.12988210055332583,0.13976289637506192,9.146807074297527e-13,1.4050000836668441,6.964244282355761,0.3656476040658709,0.3044650056765832,0.1993133811316445,0.050192730431054794,36276199.699324384,45.186032165666035,30.27804135155202,616124.7755260114,15616124.775526011,582512.4663714878,50.59916957031667,50.59916957031667,50.59916957031667,47.693341359991194,2.905828210325474,36276199.69932438,36276199.6993244,0.0,1.0000000000000007,0.0010605778759963074,0.0004116386200505817,0.5798895595287495,0.0,6.161544477104577e-16,246,0,0.0,0.12624003999997058,0.0,2.3482375832106416e-13,0,0.05,24000000.0,False,8383875.224473989,0.57757;0.57760;0.57764;0.57769;0.57777;0.57788;0.57925;0.57407;0.54962;0.51343;0.47100;0.41947;0.21194;0.00000;0.00000;0.00000;0.00000;0.00000;0.00000;0.00000;0.00000;0.00000;0.00000;0.00000
ok,R1012_S+00,1012,0,20274004,27.414152080841713,0.36124040759001896,0.11940516464994833,45.55584446265971,1638.310962409074,2.9938149240125655,2.561778146437325,0.49113477839312825,0.33235601996451997,0.05522865529088609,696.7042479441008,4,2.7436564141305496e-14,3.002558446273196e-14,2.5066567584264147e-14,0.39223697361830434,0.46881972576230824,1.3678408556846687e-12,0.7668410891049232,5.33565167364315,0.1115586109356352,0.28364150377639213,0.45873539253798545,0.6368402772204153,58806632.37000497,106.74810888248021,71.38117924771707,2438386.844432488,17438386.844432488,2395085.342766706,119.01506464813853,119.01506464813853,119.01506464813853,108.90525561783733,10.109809030301207,58806632.37000497,58806632.37000513,0.0,1.0000000000000029,0.004552986860504632,0.0018017873875400367,0.5287612563298469,0.0,2.7873177994788545e-15,553,0,0.0,0.28908172800004195,0.0,1.8823502219743483e-13,0,0.05,24000000.0,False,6561613.155567512,0.48518;0.48532;0.48551;0.48577;0.48613;0.48663;0.48739;0.48864;0.49099;0.49639;0.52138;0.51596;0.48028;0.43787;0.36832;0.00236;0.00000;0.00000;0.00000;0.00000;0.00000;0.00000;0.00000;0.00000
ok,R1012_S+01,1012,1,20274004,27.414152080841713,0.36124040759001896,0.11940516464994833,45.55584446265971,1638.310962409074,2.9938149240125655,2.561778146437325,0.49113477839312825,0.33235601996451997,0.05522865529088609,696.7042479441008,4,2.7436564141305496e-14,3.002558446273196e-14,2.5066567584264147e-14,0.39223697361830434,0.46881972576230824,1.3678408556846687e-12,0.7668410891049232,5.33565167364315,0.2067589473909393,0.3497167569801087,0.7195577146545449,1.3162818204142481,102259059.2501834,140.24852206053473,94.22611206921303,4413671.074799545,19413671.074799545,4303354.4174067825,158.67110326440567,158.67110326440567,158.67110326440567,143.97536435810036,14.695738906305309,102259059.25018334,102259059.25018345,0.0,1.000000000000001,0.008205457882701902,0.0030858386941370565,0.5085308016838339,0.0,1.0200380203160002e-15,1081,0,0.0,0.5740683859999081,0.0,1.11062642606164e-13,0,0.05,24000000.0,False,4586328.925200455,0.45580;0.45600;0.45627;0.45664;0.45716;0.45787;0.45853;0.45930;0.46043;0.46231;0.46591;0.47852;0.50480;0.47474;0.43040;0.33030;0.00043;0.00000;0.00000;0.00000;0.00000;0.00000;0.00000;0.00000
ok,R1012_S+02,1012,2,20274004,27.414152080841713,0.36124040759001896,0.11940516464994833,45.55584446265971,1638.310962409074,2.9938149240125655,2.561778146437325,0.49113477839312825,0.33235601996451997,0.05522865529088609,696.7042479441008,4,2.7436564141305496e-14,3.002558446273196e-14,2.5066567584264147e-14,0.39223697361830434,0.46881972576230824,1.3678408556846687e-12,0.7668410891049232,5.33565167364315,0.06973309456189046,0.21325492520671374,0.3127133433826495,0.3681083490896979,38019401.71876882,85.37688062958986,57.35921170995785,1544277.030850174,16544277.030850174,1522609.9816245213,96.46904857771574,96.46904857771574,96.46904857771574,88.79104162827072,7.67800694944502,38019401.71876882,38019401.71876879,0.0,0.9999999999999992,0.003074387699815171,0.0011735219569116476,0.5433438928819084,0.0,7.838714193385892e-16,380,0,0.0,0.18728388299996368,0.0,2.8597213659009665e-13,0,0.05,24000000.0,False,7455722.969149826,0.50664;0.50676;0.50692;0.50714;0.50744;0.50786;0.50906;0.51153;0.51788;0.54058;0.52681;0.49244;0.45274;0.39972;0.07403;0.00000;0.00000;0.00000;0.00000;0.00000;0.00000;0.00000;0.00000;0.00000
ok,R1012_S+03,1012,3,20274004,27.414152080841713,0.36124040759001896,0.11940516464994833,45.55584446265971,1638.310962409074,2.9938149240125655,2.561778146437325,0.49113477839312825,0.33235601996451997,0.05522865529088609,696.7042479441008,4,2.7436564141305496e-14,3.002558446273196e-14,2.5066567584264147e-14,0.39223697361830434,0.46881972576230824,1.3678408556846687e-12,0.7668410891049232,5.33565167364315,0.7534179816251865,0.8636491561592889,1.142943673623339,1.591301534017337,171646218.08998597,181.67813506647437,122.00557862102072,7021428.023366563,22021428.023366563,6864994.029200971,198.1504472758446,198.1504472758446,198.1504472758446,188.36325288806128,9.78719438778333,171646218.08998498,171646218.08998525,0.0,1.0000000000000016,0.013307257678317539,0.0050609295056164745,0.48818361306435065,0.0,1.5626379915265238e-15,2221,0,0.0,1.0397117940000271,0.0,3.883330455351371e-14,0,0.05,24000000.0,False,1978571.976633437,0.43102;0.43120;0.43145;0.43180;0.43228;0.43295;0.43349;0.43403;0.43471;0.43570;0.43728;0.44024;0.44770;0.48070;0.46680;0.41953;0.25478;0.00000;0.00000;0.00000;0.00000;0.00000;0.00000;0.00000
ok,R1013_S+00,1013,0,20275004,12.590010180032225,0.6683572872408495,0.2624505139457089,54.785963569032184,2332.5536271230158,1.7900618016486254,3.21663382516787,0.4718994945581925,0.16162175786712718,0.05656752795696816,656.2870020944468,4,1.4159473335504826e-14,1.595491422307629e-14,1.250136298513833e-14,0.4382280089966252,0.5490588169720624,8.74105349372491e-13,1.5873059900873288,5.0053397587093515,2.0937183671549318,4.305187679602256,6.407303802440715,8.40006673567031,836523992.4432964,289.67555802686104,173.83610096645495,16012904.07069907,31012904.07069907,14445789.733679414,336.9479143845372,336.9479143845372,336.9479143845372,215.3909244827374,121.55698990179982,836523992.4433037,836523992.4433014,0.0,0.9999999999999973,0.013994660168166664,0.004867223598367473,0.4904347620730737,0.0,2.707604948483716e-15,6808,0,0.0,3.497381658999984,0.0,1.1011102958865857e-14,0,0.05,24000000.0,True,-7012904.07069907,0.39180;0.39285;0.39432;0.39637;0.39921;0.40317;0.40783;0.41064;0.41360;0.41681;0.42047;0.42503;0.43219;0.45101;0.46800;0.43448;0.31994;0.10931;0.00000;0.00000;0.00000;0.00000;0.00000;0.00000
ok,R1013_S+01,1013,1,20275004,12.590010180032225,0.6683572872408495,0.2624505139457089,54.785963569032184,2332.5536271230158,1.7900618016486254,3.21663382516787,0.4718994945581925,0.16162175786712718,0.05656752795696816,656.2870020944468,4,1.4159473335504826e-14,1.595491422307629e-14,1.250136298513833e-14,0.4382280089966252,0.5490588169720624,8.74105349372491e-13,1.5873059900873288,5.0053397587093515,1.1028896625201965,1.0731059973367028,1.7350225971474171,3.0886394619523387,276115498.03968316,167.75561660232,98.42462980184855,5172239.522213008,20172239.52221301,4754308.970148463,196.59707481251013,196.59707481251013,196.59707481251013,123.93280002750937,72.66427478500076,276115498.03968287,276115498.0396832,0.0,1.0000000000000013,0.0049387005285163,0.001675323918688281,0.5575988129952912,0.0,1.295211138785647e-15,1106,0,0.0,0.6374671720000151,0.0,1.2467303282554288e-14,0,0.05,24000000.0,False,3827760.4777869917,0.48048;0.48137;0.48261;0.48433;0.48673;0.49007;0.49253;0.49501;0.49810;0.50273;0.51809;0.53934;0.51882;0.45875;0.37345;0.19583;0.01018;0.00000;0.00000;0.00000;0.00000;0.00000;0.00000;0.00000
ok,R1013_S+02,1013,2,20275004,12.590010180032225,0.6683572872408495,0.2624505139457089,54.785963569032184,2332.5536271230158,1.7900618016486254,3.21663382516787,0.4718994945581925,0.16162175786712718,0.05656752795696816,656.2870020944468,4,1.4159473335504826e-14,1.595491422307629e-14,1.250136298513833e-14,0.4382280089966252,0.5490588169720624,8.74105349372491e-13,1.5873059900873288,5.0053397587093515,3.7298473140027997,3.053936824111656,4.108125859441571,6.892414419992545,701538245.2990385,263.49267607665905,158.3948583504915,12966377.501712821,27966377.50171282,11755657.707754616,305.88553865882085,305.88553865882085,305.88553865882085,197.49555561790967,108.38998304091118,701538245.2990404,701538245.2990404,0.0,1.0,0.011362985209611612,0.0041238659403830995,0.5063638636000644,0.0,0.0,4803,0,0.0,2.4808238370000026,0.0,6.710216232836174e-15,0,0.05,24000000.0,True,-3966377.5017128214,0.40856;0.40960;0.41105;0.41307;0.41588;0.41979;0.42363;0.42629;0.42912;0.43226;0.43601;0.44109;0.45399;0.47763;0.47567;0.41534;0.27051;0.05722;0.00000;0.00000;0.00000;0.00000;0.00000;0.00000
ok,R1013_S+03,1013,3,20275004,12.590010180032225,0.6683572872408495,0.2624505139457089,54.785963569032184,2332.5536271230158,1.7900618016486254,3.21663382516787,0.4718994945581925,0.16162175786712718,0.05656752795696816,656.2870020944468,4,1.4159473335504826e-14,1.595491422307629e-14,1.250136298513833e-14,0.4382280089966252,0.5490588169720624,8.74105349372491e-13,1.5873059900873288,5.0053397587093515,0.4912527179682607,1.497976922146406,1.9790067454707858,1.9343421879413993,232839016.98991373,153.00957542429262,90.22014062025589,3644298.13628269,18644298.13628269,3423056.3713281527,178.70958722219723,178.70958722219723,178.70958722219723,114.67516597271147,64.03442124948576,232839016.98991397,232839016.98991376,0.0,0.9999999999999991,0.004009984761576247,0.0014175685151066424,0.557574748161397,0.0,8.959677781275977e-16,882,0,0.0,0.49877709000008963,0.0,2.853417603232106e-14,0,0.05,24000000.0,False,5355701.86371731,0.50567;0.50638;0.50737;0.50875;0.51067;0.51334;0.51538;0.51778;0.52115;0.52698;0.53923;0.54448;0.50516;0.44089;0.33507;0.13416;0.00110;0.00000;0.00000;0.00000;0.00000;0.00000;0.00000;0.00000
ok,R1014_S+00,1014,0,20276004,23.93330472951061,0.7326965120861729,0.26991195165632814,36.71171131683886,3067.4591664831905,1.675136658560099,2.164850055190314,0.5458656778657682,0.27678350672969754,0.07066541193801221,649.4436493865492,4,1.0393059410079764e-14,1.2947265982554407e-14,8.873518645110487e-15,0.51320534239508,0.8474071367935093,4.753162910938655e-13,1.9196102551814855,4.634790879118646,2.026442188195761,1.295560512574308,1.184483143077194,1.6932100797044205,244559405.09634325,222.58428971194397,114.0504086684545,4566732.42702958,19566732.42702958,4273923.75694748,257.2662325566723,257.2662325566723,257.2662325566723,141.49910464496494,115.76712791170738,244559405.09634322,244559405.09634364,0.0,1.0000000000000018,0.0037111625031669014,0.0012619807097612994,0.54074695060576,0.0,1.7060579341177547e-15,1842,0,0.0,1.0138676560000022,0.0,1.2364774433044996e-14,0,0.05,24000000.0,False,4433267.57297042,0.49500;0.49579;0.49689;0.49843;0.50056;0.50353;0.50566;0.50778;0.51034;0.51411;0.52395;0.53266;0.51797;0.47237;0.39673;0.23497;0.07448;0.00201;0.00000;0.00000;0.00000;0.00000;0.00000;0.00000
ok,R1014_S+01,1014,1,20276004,23.93330472951061,0.7326965120861729,0.26991195165632814,36.71171131683886,3067.4591664831905,1.675136658560099,2.164850055190314,0.5458656778657682,0.27678350672969754,0.07066541193801221,649.4436493865492,4,1.0393059410079764e-14,1.2947265982554407e-14,8.873518645110487e-15,0.51320534239508,0.8474071367935093,4.753162910938655e-13,1.9196102551814855,4.634790879118646,0.36455211863774656,0.4819889215776148,0.9876074954017102,1.8814078401100331,146567552.3533071,178.83037287424312,88.55372023157759,4181623.774311181,19181623.77431118,3822002.4559654035,206.0095311295979,206.0095311295979,206.0095311295979,106.14453214671076,99.86499898288713,146567552.3533071,146567552.3533072,0.0,1.0000000000000007,0.0023328761092258126,0.000761432375502257,0.5641670323471477,0.0,6.100051868749692e-16,1013,0,0.0,0.6721403579999787,0.0,2.433675478106572e-14,0,0.05,24000000.0,False,4818376.225688819,0.50245;0.50332;0.50453;0.50622;0.50856;0.51183;0.51420;0.51661;0.51959;0.52574;0.54753;0.53171;0.48935;0.41340;0.26846;0.08611;0.02395;0.00000;0.00000;0.00000;0.00000;0.00000;0.00000;0.00000
ok,R1014_S+02,1014,2,20276004,23.93330472951061,0.7326965120861729,0.26991195165632814,36.71171131683886,3067.4591664831905,1.675136658560099,2.164850055190314,0.5458656778657682,0.27678350672969754,0.07066541193801221,649.4436493865492,4,1.0393059410079764e-14,1.2947265982554407e-14,8.873518645110487e-15,0.51320534239508,0.8474071367935093,4.753162910938655e-13,1.9196102551814855,4.634790879118646,0.3894276768617726,0.7012055424768922,0.7759480982156843,0.6136553440781489,97837895.59141713,142.58457732626468,71.590930043377,1815682.7930959277,16815682.793095928,1696041.6281587817,165.11737745313613,165.11737745313613,165.11737745313613,87.4009872681852,77.71639018495092,97837895.59141718,97837895.5914171,0.0,0.9999999999999992,0.0015096888494088752,0.0005104178923528157,0.5820597440779989,0.0,7.615229816510311e-16,537,0,0.0,0.29079220500000247,0.0,1.8081103563210305e-14,0,0.05,24000000.0,False,7184317.206904072,0.56074;0.56125;0.56195;0.56294;0.56431;0.56621;0.56799;0.57006;0.57112;0.57493;0.55934;0.51665;0.44907;0.34915;0.14041;0.05379;0.00000;0.00000;0.00000;0.00000;0.00000;0.00000;0.00000;0.00000
ok,R1014_S+03,1014,3,20276004,23.93330472951061,0.7326965120861729,0.26991195165632814,36.71171131683886,3067.4591664831905,1.675136658560099,2.164850055190314,0.5458656778657682,0.27678350672969754,0.07066541193801221,649.4436493865492,4,1.0393059410079764e-14,1.2947265982554407e-14,8.873518645110487e-15,0.51320534239508,0.8474071367935093,4.753162910938655e-13,1.9196102551814855,4.634790879118646,0.08713156043646939,0.41352874723966804,0.7480456445941159,1.0906822524998134,92281846.51356484,142.3333266655583,69.99328298384586,2464676.6520100273,17464676.652010027,2281980.9353529736,164.33873914064776,164.33873914064776,164.33873914064776,83.75097517964365,80.58776396100411,92281846.51356488,92281846.51356491,0.0,1.0000000000000002,0.001396079252806783,0.0004814902310190711,0.5817072465380098,0.0,3.229489169716012e-16,581,0,0.0,0.332028293999997,0.0,8.808516123533497e-14,0,0.05,24000000.0,False,6535323.347989973,0.53904;0.53972;0.54068;0.54200;0.54384;0.54641;0.54846;0.55100;0.55661;0.56974;0.55187;0.50893;0.43881;0.32647;0.11263;0.05217;0.00000;0.00000;0.00000;0.00000;0.00000;0.00000;0.00000;0.00000
ok,R1015_S+00,1015,0,20277004,21.784477018337515,0.0940071841457458,0.2328486708873315,59.0225491118203,1468.7157566082042,1.521148350164824,3.6095315459625956,0.24852354152088257,0.1546868125926191,0.07854665305783025,713.658121072822,4,2.2005163330032533e-14,2.2103035982534876e-14,2.190826562932707e-14,0.10297941124913146,0.10907105858776653,1.3045775267994961e-12,1.3863206634688685,1.8984147523478019,2.8448772512539406,2.4939990090210693,1.659554799520381,0.34154462275187664,289540020.74944204,141.05518208725283,92.85301355393257,6159166.934488252,21159166.93448825,5853198.221896771,154.10156680713797,154.10156680713797,154.10156680713797,150.47027754951475,3.631289257623223,289540020.7494422,289540020.7494425,0.0,1.000000000000001,0.010346945605824203,0.004149291088162348,0.5591304718418777,0.0,1.029298896593131e-15,1273,0,0.0,0.7467802500000289,0.0,3.8059433077744355e-14,0,0.05,24000000.0,False,2840833.065511748,0.51488;0.51498;0.51511;0.51529;0.51554;0.51588;0.51634;0.51696;0.51666;0.51405;0.51599;0.52422;0.54871;0.54384;0.48565;0.38778;0.02093;0.00000;0.00000;0.00000;0.00000;0.00000;0.00000;0.00000
ok,R1015_S+01,1015,1,20277004,21.784477018337515,0.0940071841457458,0.2328486708873315,59.0225491118203,1468.7157566082042,1.521148350164824,3.6095315459625956,0.24852354152088257,0.1546868125926191,0.07854665305783025,713.658121072822,4,2.2005163330032533e-14,2.2103035982534876e-14,2.190826562932707e-14,0.10297941124913146,0.10907105858776653,1.3045775267994961e-12,1.3863206634688685,1.8984147523478019,2.5789686711739117,1.6089522932088198,1.1477972288695308,1.1955034781560447,257637101.27204353,132.0888348381839,87.47082933326858,5386583.033453237,20386583.033453237,5169910.888704974,147.97306432413345,147.97306432413345,147.97306432413345,142.72795169523053,5.245112628902916,257637101.2720433,257637101.2720431,0.0,0.9999999999999993,0.009821128061382012,0.0037112934000424003,0.5668297211640559,0.0,6.940535095423204e-16,1038,0,0.0,0.6274624310000263,0.0,1.4368208313111594e-14,0,0.05,24000000.0,False,3613416.9665467627,0.51307;0.51338;0.51382;0.51441;0.51523;0.51636;0.51743;0.51863;0.52037;0.52322;0.52875;0.54161;0.56546;0.53528;0.47215;0.35343;0.00110;0.00000;0.00000;0.00000;0.00000;0.00000;0.00000;0.00000
ok,R1015_S+02,1015,2,20277004,21.784477018337515,0.0940071841457458,0.2328486708873315,59.0225491118203,1468.7157566082042,1.521148350164824,3.6095315459625956,0.24852354152088257,0.1546868125926191,0.07854665305783025,713.658121072822,4,2.2005163330032533e-14,2.2103035982534876e-14,2.190826562932707e-14,0.10297941124913146,0.10907105858776653,1.3045775267994961e-12,1.3863206634688685,1.8984147523478019,0.1157798481935771,1.6307102512112863,3.1704669199498356,4.540240345270346,373058064.44236416,159.04121588730072,105.59863668690798,10806364.583528928,25806364.58352893,9837305.297653824,179.7259835356522,179.7259835356522,179.7259835356522,166.73194279532416,12.994040740328046,373058064.4423644,373058064.4423628,0.0,0.9999999999999957,0.013809635881708329,0.00527485166341708,0.5531554097364625,0.0,4.313873796941279e-15,1945,0,0.0,1.0788514209999676,0.0,6.23184079768698e-14,0,0.05,24000000.0,True,-1806364.5835289285,0.46511;0.46587;0.46690;0.46832;0.47027;0.47294;0.47551;0.47744;0.47962;0.48225;0.48581;0.49145;0.50480;0.54977;0.51269;0.43613;0.18347;0.00000;0.00000;0.00000;0.00000;0.00000;0.00000;0.00000
ok,R1015_S+03,1015,3,20277004,21.784477018337515,0.0940071841457458,0.2328486708873315,59.0225491118203,1468.7157566082042,1.521148350164824,3.6095315459625956,0.24852354152088257,0.1546868125926191,0.07854665305783025,713.658121072822,4,2.2005163330032533e-14,2.2103035982534876e-14,2.190826562932707e-14,0.10297941124913146,0.10907105858776653,1.3045775267994961e-12,1.3863206634688685,1.8984147523478019,5.609421532177611,4.784253818395044,3.446745965001872,1.596897971998096,608955933.9368773,203.19990070213856,135.2200135420559,12545798.890287317,27545798.890287317,11813117.81387014,221.8251442015428,221.8251442015428,221.8251442015428,217.39234504427256,4.432799157270239,608955933.9368787,608955933.9368777,0.0,0.9999999999999984,0.021222733311520553,0.008305593875128447,0.5183326363664146,0.0,1.5660809974225542e-15,4076,0,0.0,2.065904807000038,0.0,9.690659000724178e-15,0,0.05,24000000.0,True,-3545798.8902873173,0.45539;0.45564;0.45598;0.45644;0.45708;0.45795;0.45869;0.45936;0.46015;0.46120;0.46274;0.46517;0.46675;0.47479;0.50783;0.49547;0.40805;0.05523;0.00000;0.00000;0.00000;0.00000;0.00000;0.00000
ok,R1016_S+00,1016,0,20278004,19.159695798279582,0.30538137287060185,0.22283417143145734,41.221962670591495,1978.6224722537852,2.0899324682750273,3.255166782741715,0.30710435012612874,0.27207979873571986,0.05977044335049283,660.8615795774298,4,2.300531923370233e-14,2.3162368245262234e-14,2.2842860801926767e-14,0.12730197348234518,0.13189375128249112,9.547982791686938e-13,1.2174518417235658,3.0828382683254416,2.417052772972811,2.410505685702149,1.8499303113524288,0.7353266499236506,292413329.87080866,188.80247057105237,126.25662035347551,6191749.247475475,21191749.247475475,5775721.289220441,211.48343397519227,211.48343397519227,211.48343397519227,197.91402859039422,13.569405384798046,292413329.8708083,292413329.8708083,0.0,1.0,0.010505064853902846,0.0037477555411991018,0.48952560234916376,0.0,0.0,2187,0,0.0,1.1121372949999113,0.0,1.7149566199476468e-14,0,0.05,24000000.0,False,2808250.752524525,0.45366;0.45387;0.45415;0.45455;0.45511;0.45588;0.45646;0.45715;0.45809;0.45954;0.46044;0.45955;0.46976;0.48906;0.45523;0.39204;0.10872;0.00000;0.00000;0.00000;0.00000;0.00000;0.00000;0.00000
ok,R1016_S+01,1016,1,20278004,19.159695798279582,0.30538137287060185,0.22283417143145734,41.221962670591495,1978.6224722537852,2.0899324682750273,3.255166782741715,0.30710435012612874,0.27207979873571986,0.05977044335049283,660.8615795774298,4,2.300531923370233e-14,2.3162368245262234e-14,2.2842860801926767e-14,0.12730197348234518,0.13189375128249112,9.547982791686938e-13,1.2174518417235658,3.0828382683254416,0.4981345762040607,0.5527364911266403,0.45195469529002147,0.19578918869420406,67005263.98451991,91.12923334094562,60.00150406542694,1358336.3728923872,16358336.372892387,1287208.2660001349,99.19155687198284,99.19155687198284,99.19155687198284,96.20003090931041,2.9915259626724264,67005263.984519966,67005263.98451989,0.0,0.9999999999999989,0.0022834019490673356,0.0008882061197548501,0.5541230906614346,0.0,1.111939593081092e-15,339,0,0.0,0.18872819600005641,0.0,3.677884886770658e-14,0,0.05,24000000.0,False,7641663.627107613,0.53290;0.53306;0.53328;0.53358;0.53400;0.53459;0.53557;0.53422;0.53953;0.55364;0.53224;0.49181;0.44362;0.37328;0.01860;0.00000;0.00000;0.00000;0.00000;0.00000;0.00000;0.00000;0.00000;0.00000
ok,R1016_S+02,1016,2,20278004,19.159695798279582,0.30538137287060185,0.22283417143145734,41.221962670591495,1978.6224722537852,2.0899324682750273,3.255166782741715,0.30710435012612874,0.27207979873571986,0.05977044335049283,660.8615795774298,4,2.300531923370233e-14,2.3162368245262234e-14,2.2842860801926767e-14,0.12730197348234518,0.13189375128249112,9.547982791686938e-13,1.2174518417235658,3.0828382683254416,6.660291871800184,4.210973333404407,2.8315837653684564,2.5221231676923312,640026475.9381545,278.68216867286225,188.12407732921525,13221186.718924992,28221186.71892499,12223500.524303786,303.23757172448114,303.23757172448114,303.23757172448114,292.1851317576385,11.052439966842655,640026475.9381545,640026475.9381529,0.0,0.9999999999999976,0.021237468206444055,0.007812737579760018,0.44945262605562153,0.0,2.4213385264860592e-15,8411,0,0.0,4.097873636999907,0.0,5.568145268073661e-15,0,0.05,24000000.0,True,-4221186.718924992,0.39911;0.39950;0.40005;0.40082;0.40189;0.40337;0.40447;0.40539;0.40639;0.40752;0.40890;0.41080;0.41381;0.41903;0.43022;0.44673;0.40560;0.20673;0.00000;0.00000;0.00000;0.00000;0.00000;0.00000
ok,R1016_S+03,1016,3,20278004,19.159695798279582,0.30538137287060185,0.22283417143145734,41.221962670591495,1978.6224722537852,2.0899324682750273,3.255166782741715,0.30710435012612874,0.27207979873571986,0.05977044335049283,660.8615795774298,4,2.300531923370233e-14,2.3162368245262234e-14,2.2842860801926767e-14,0.12730197348234518,0.13189375128249112,9.547982791686938e-13,1.2174518417235658,3.0828382683254416,0.09852201863110809,0.1438064574668321,0.26404219516283833,0.45922923171912683,38090019.372848324,68.49090380296883,45.21836988675434,1043873.4228912592,16043873.42289126,973197.9480340686,77.62245416253633,77.62245416253633,77.62245416253633,71.1165923149317,6.505861847604635,38090019.372848324,38090019.37284836,0.0,1.0000000000000009,0.0013833274359451046,0.0005071577627114035,0.575937338361116,0.0,9.780226841043324e-16,286,0,0.0,0.15482328600000983,0.0,6.875772135811954e-14,0,0.05,24000000.0,False,7956126.577108741,0.54248;0.54289;0.54345;0.54423;0.54533;0.54684;0.55040;0.56445;0.57006;0.53834;0.49800;0.45127;0.38758;0.06419;0.00000;0.00000;0.00000;0.00000;0.00000;0.00000;0.00000;0.00000;0.00000;0.00000
ok,R1017_S+00,1017,0,20279004,24.927683248856557,0.2844084537368811,0.21415384218580946,47.1911668786541,3430.0519462630023,2.02237617549609,3.087861876815957,0.46715819045318735,0.17802023414825774,0.07798024093601365,705.8943662180187,4,2.500860070314625e-14,2.5523083558289795e-14,2.4460203751402538e-14,0.21225476530263443,0.22257866504544419,1.2044640954570868e-12,2.7255770767168754,3.5944350890363004,1.9805653846958944,8.623321459948574,12.415711495237328,13.35773549056216,1434976687.6095228,385.25117980695137,250.59543859024174,19934312.66224639,34934312.66224639,17290215.797102083,436.01848683603953,436.01848683603953,436.01848683603953,354.17707034104956,81.84141649498997,1434976687.609526,1434976687.609527,0.0,1.0000000000000009,0.013594365247346371,0.005114031122584128,0.5083383368632499,0.0,8.307402522989245e-16,14695,0,0.0,7.679454267999972,0.0,1.0510653244626499e-14,0,0.05,24000000.0,True,-10934312.662246391,0.41480;0.41581;0.41722;0.41917;0.42189;0.42568;0.43168;0.43464;0.43770;0.44089;0.44428;0.44798;0.45227;0.45775;0.46633;0.48882;0.49341;0.41975;0.14649;0.00000;0.00000;0.00000;0.00000;0.00000
ok,R1017_S+01,1017,1,20279004,24.927683248856557,0.2844084537368811,0.21415384218580946,47.1911668786541,3430.0519462630023,2.02237617549609,3.087861876815957,0.46715819045318735,0.17802023414825774,0.07798024093601365,705.8943662180187,4,2.500860070314625e-14,2.5523083558289795e-14,2.4460203751402538e-14,0.21225476530263443,0.22257866504544419,1.2044640954570868e-12,2.7255770767168754,3.5944350890363004,5.195838023678378,3.694770715182328,1.9458654782336906,0.13481995662408575,432784641.270673,210.0054563199433,135.64195607551324,5303913.911642447,20303913.911642447,4564297.946019582,242.75579948691143,242.75579948691143,242.75579948691143,201.42830878683145,41.32749070007998,432784641.27067316,432784641.27067316,0.0,1.0,0.004003360282049903,0.0016101043803131555,0.5761780728619699,0.0,0.0,2095,0,0.0,1.1355000590000373,0.0,1.1083753239943576e-13,54,0.05,24000000.0,False,3696086.088357553,0.55522;0.55550;0.55589;0.55643;0.55719;0.55824;0.55785;0.55504;0.55242;0.55161;0.55421;0.54917;0.55005;0.54621;0.50901;0.43997;0.23297;0.00006;0.00000;0.00000;0.00000;0.00000;0.00000;0.00000
ok,R1017_S+02,1017,2,20279004,24.927683248856557,0.2844084537368811,0.21415384218580946,47.1911668786541,3430.0519462630023,2.02237617549609,3.087861876815957,0.46715819045318735,0.17802023414825774,0.07798024093601365,705.8943662180187,4,2.500860070314625e-14,2.5523083558289795e-14,2.4460203751402538e-14,0.21225476530263443,0.22257866504544419,1.2044640954570868e-12,2.7255770767168754,3.5944350890363004,13.48356944838851,8.073473357472313,5.7331059376752345,6.462467188997275,1331439440.6906424,367.6074552370928,240.95517247825393,15699975.339202955,30699975.339202955,13133322.60565177,424.1033001464417,424.1033001464417,424.1033001464417,349.6082098291557,74.49509031728599,1331439440.6906433,1331439440.6906414,0.0,0.9999999999999986,0.012854772765815302,0.004766398825081412,0.5040271359412539,0.0,1.4325462912703874e-15,12383,0,0.0,6.094365713999991,0.0,4.4853805914196935e-15,0,0.05,24000000.0,True,-6699975.339202955,0.45158;0.45238;0.45349;0.45505;0.45721;0.46022;0.46282;0.46474;0.46673;0.46884;0.47117;0.47392;0.47755;0.48358;0.49392;0.49856;0.48111;0.40648;0.09720;0.00000;0.00000;0.00000;0.00000;0.00000
ok,R1017_S+03,1017,3,20279004,24.927683248856557,0.2844084537368811,0.21415384218580946,47.1911668786541,3430.0519462630023,2.02237617549609,3.087861876815957,0.46715819045318735,0.17802023414825774,0.07798024093601365,705.8943662180187,4,2.500860070314625e-14,2.5523083558289795e-14,2.4460203751402538e-14,0.21225476530263443,0.22257866504544419,1.2044640954570868e-12,2.7255770767168754,3.5944350890363004,0.07629244367010148,0.622925662288802,1.041126038751578,1.3308935730584288,121151114.25283019,110.8336221164263,70.98004405996164,1525818.0111195538,16525818.011119554,1388268.1707984935,128.0631398455003,128.0631398455003,128.0631398455003,103.43359685893881,24.62954298656149,121151114.2528302,121151114.25283009,0.0,0.999999999999999,0.0011257679910654603,0.00045696979583139936,0.6300686668210632,0.0,9.839718791360304e-16,419,0,0.0,0.24790348799990625,0.0,1.1586451484737202e-13,0,0.05,24000000.0,False,7474181.988880446,0.59133;0.59196;0.59284;0.59405;0.59575;0.59810;0.60012;0.60281;0.60782;0.62424;0.61475;0.57002;0.51513;0.44573;0.25458;0.00081;0.00000;0.00000;0.00000;0.00000;0.00000;0.00000;0.00000;0.00000
ok,R1018_S+00,1018,0,20280004,13.072169709076793,0.8087022814035599,0.2476400212691726,66.11617043506607,3774.945950822033,1.7463480480771607,3.5044819195804875,0.6161056279394377,0.2623976315889977,0.07391344941751352,609.4985639532874,4,4.482958117642709e-15,7.491894903632575e-15,2.6677886685530312e-15,0.7147522285754604,1.0152365387614166,4.953354003301741e-13,2.2185777166110214,5.001300570827806,2.2178269369651957,1.2266863139270945,0.5778980094397536,0.2714620235031727,169380419.42744777,173.18467526506302,94.91499600212808,5078296.955113515,20078296.955113515,4323130.391143907,192.18337353539522,192.18337353539522,192.18337353539522,59.471862114195005,132.7115114212002,169380419.42744774,169380419.42744783,0.0,1.0000000000000004,0.0011860549137463533,0.00037650253642599176,0.49857846545331097,0.0,5.278471234473619e-16,1124,0,0.0,0.6727701400000115,0.0,1.9839534892921743e-14,0,0.05,24000000.0,False,3921703.0448864847,0.49057;0.49085;0.49123;0.49177;0.49252;0.49356;0.48802;0.47801;0.46742;0.45510;0.43492;0.40473;0.34210;0.24383;0.17059;0.09931;0.00919;0.00000;0.00000;0.00000;0.00000;0.00000;0.00000;0.00000
ok,R1018_S+01,1018,1,20280004,13.072169709076793,0.8087022814035599,0.2476400212691726,66.11617043506607,3774.945950822033,1.7463480480771607,3.5044819195804875,0.6161056279394377,0.2623976315889977,0.07391344941751352,609.4985639532874,4,4.482958117642709e-15,7.491894903632575e-15,2.6677886685530312e-15,0.7147522285754604,1.0152365387614166,4.953354003301741e-13,2.2185777166110214,5.001300570827806,1.31194554805447,6.6055155531289484,11.516685691811077,16.045455964100853,1399563889.9591403,511.56398838201545,292.8735693217292,52174663.5944162,67174663.5944162,42850512.462122746,571.9739398243031,571.9739398243031,571.9739398243031,171.89736468803525,400.0765751362678,1399563889.9591475,1399563889.9591308,0.0,0.9999999999999881,0.010884681800195412,0.002956420296381676,0.3686340493780302,0.0,1.192464356707326e-14,36279,0,0.0,17.703459838999947,0.0,8.462066451488292e-15,0,0.05,24000000.0,True,-43174663.5944162,0.26047;0.26090;0.26150;0.26234;0.26351;0.26514;0.27969;0.28459;0.28898;0.29367;0.29875;0.30437;0.31110;0.32382;0.33237;0.30957;0.23540;0.17389;0.12484;0.03253;0.00000;0.00000;0.00000;0.00000
ok,R1018_S+02,1018,2,20280004,13.072169709076793,0.8087022814035599,0.2476400212691726,66.11617043506607,3774.945950822033,1.7463480480771607,3.5044819195804875,0.6161056279394377,0.2623976315889977,0.07391344941751352,609.4985639532874,4,4.482958117642709e-15,7.491894903632575e-15,2.6677886685530312e-15,0.7147522285754604,1.0152365387614166,4.953354003301741e-13,2.2185777166110214,5.001300570827806,0.29379931536039006,0.5338003588779756,1.1691089033522324,2.1997249487831607,165536713.31486565,173.8031417999304,94.59093516893816,5211990.412379682,20211990.412379682,4521700.029207721,192.49631204493923,192.49631204493923,192.49631204493923,56.25287424756309,136.24343779737615,165536713.31486592,165536713.31486595,0.0,1.0000000000000002,0.0013210574177015412,0.00036794722854507054,0.4734648155936724,0.0,1.8003451796828042e-16,1042,0,0.0,0.4690608710000106,0.0,1.9568224988144938e-14,0,0.05,24000000.0,False,3788009.587620318,0.41096;0.41205;0.41356;0.41566;0.41859;0.42267;0.42583;0.42935;0.43889;0.44167;0.42571;0.40638;0.33769;0.23448;0.16894;0.09165;0.00956;0.00000;0.00000;0.00000;0.00000;0.00000;0.00000;0.00000
ok,R1018_S+03,1018,3,20280004,13.072169709076793,0.8087022814035599,0.2476400212691726,66.11617043506607,3774.945950822033,1.7463480480771607,3.5044819195804875,0.6161056279394377,0.2623976315889977,0.07391344941751352,609.4985639532874,4,4.482958117642709e-15,7.491894903632575e-15,2.6677886685530312e-15,0.7147522285754604,1.0152365387614166,4.953354003301741e-13,2.2185777166110214,5.001300570827806,6.013709721202295,5.133640110106825,4.38126838212671,3.7565945372619476,760743787.3767753,371.545700812816,207.17054272308354,15379588.776502866,30379588.776502866,12807483.172757454,413.5626331588129,413.5626331588129,413.5626331588129,127.76711054290031,285.7955226159126,760743787.3767724,760743787.3767747,0.0,1.0000000000000029,0.005714871192434889,0.0016503797044578887,0.39344558049656086,0.0,2.9773184336805796e-15,10519,0,0.0,5.277311749999967,0.0,3.236729903967066e-15,0,0.05,24000000.0,True,-6379588.776502866,0.35721;0.35830;0.35982;0.36193;0.36486;0.36895;0.37327;0.37610;0.37906;0.38214;0.38473;0.38667;0.38714;0.37748;0.34537;0.25666;0.17776;0.12987;0.03678;0.00000;0.00000;0.00000;0.00000;0.00000
ok,R1019_S+00,1019,0,20281004,26.484787169040832,0.0674513934537904,0.1675043422744814,47.45585104584298,2068.9643601672265,1.8781121062200992,2.5090437156614174,0.3862898787406895,0.26422655818217355,0.0766056075534777,779.5930144471167,4,2.5117919647742853e-14,2.5183459750991295e-14,2.505287539415319e-14,0.07991056546447806,0.08351277137896652,1.1951025147620246e-12,1.6420313013885288,3.025547797954795,0.20004101483059006,0.254699915380005,0.2974171893031214,0.32819283659993903,42616604.16581537,69.28688193895883,45.192904739190205,766582.5902071316,15766582.590207132,740421.2767622359,76.55481755836779,76.55481755836779,76.55481755836779,73.88748572402974,2.667331834338043,42616604.16581534,42616604.16581556,0.0,1.0000000000000053,0.0012497322498949619,0.0005083594472811252,0.6344911144161632,0.0,5.244843466129759e-15,238,0,0.0,0.126386350999951,0.0,7.267542998071191e-14,0,0.05,24000000.0,False,8233417.409792868,0.60942;0.60964;0.60995;0.61039;0.61099;0.61182;0.61597;0.62828;0.62806;0.59469;0.54807;0.49073;0.41118;0.08174;0.00000;0.00000;0.00000;0.00000;0.00000;0.00000;0.00000;0.00000;0.00000;0.00000
ok,R1019_S+01,1019,1,20281004,26.484787169040832,0.0674513934537904,0.1675043422744814,47.45585104584298,2068.9643601672265,1.8781121062200992,2.5090437156614174,0.3862898787406895,0.26422655818217355,0.0766056075534777,779.5930144471167,4,2.5117919647742853e-14,2.5183459750991295e-14,2.505287539415319e-14,0.07991056546447806,0.08351277137896652,1.1951025147620246e-12,1.6420313013885288,3.025547797954795,0.9056543812631028,0.7428134103996279,0.6144097241988814,0.5204433226608632,109793657.11719608,112.06530886306744,72.6809974817886,1778946.113283895,16778946.113283895,1731830.4275081847,122.4003013915304,122.4003013915304,122.4003013915304,120.8972049688301,1.5030964227003096,109793657.11719602,109793657.1171961,0.0,1.0000000000000007,0.0032830164941742078,0.0012976881056568853,0.599658848267712,0.0,6.78598453913501e-16,444,0,0.0,0.2436562990000084,0.0,3.68663913066348e-14,0,0.05,24000000.0,False,7221053.886716105,0.56573;0.56590;0.56614;0.56647;0.56693;0.56757;0.56873;0.57080;0.57467;0.58379;0.59903;0.56885;0.51662;0.44907;0.30816;0.00000;0.00000;0.00000;0.00000;0.00000;0.00000;0.00000;0.00000;0.00000
ok,R1019_S+02,1019,2,20281004,26.484787169040832,0.0674513934537904,0.1675043422744814,47.45585104584298,2068.9643601672265,1.8781121062200992,2.5090437156614174,0.3862898787406895,0.26422655818217355,0.0766056075534777,779.5930144471167,4,2.5117919647742853e-14,2.5183459750991295e-14,2.505287539415319e-14,0.07991056546447806,0.08351277137896652,1.1951025147620246e-12,1.6420313013885288,3.025547797954795,4.555074312286605,4.775012284518091,5.676080643230684,7.258279388424383,878265626.1528522,311.45459521897425,207.33690555752034,17016768.841341935,32016768.841341935,15884063.410391428,340.40360952857804,340.40360952857804,340.40360952857804,333.7215444950933,6.682065033484719,878265626.1528475,878265626.1528472,0.0,0.9999999999999996,0.025311550905327683,0.009426503760694734,0.4995907161540278,0.0,4.071978431159784e-16,8893,0,0.0,4.833447736000039,0.0,6.5316876620134174e-15,0,0.05,24000000.0,True,-8016768.841341935,0.41483;0.41539;0.41617;0.41725;0.41875;0.42084;0.42262;0.42394;0.42533;0.42684;0.42858;0.43078;0.43392;0.43921;0.45193;0.49667;0.45807;0.32749;0.00012;0.00000;0.00000;0.00000;0.00000;0.00000
ok,R1019_S+03,1019,3,20281004,26.484787169040832,0.0674513934537904,0.1675043422744814,47.45585104584298,2068.9643601672265,1.8781121062200992,2.5090437156614174,0.3862898787406895,0.26422655818217355,0.0766056075534777,779.5930144471167,4,2.5117919647742853e-14,2.5183459750991295e-14,2.505287539415319e-14,0.07991056546447806,0.08351277137896652,1.1951025147620246e-12,1.6420313013885288,3.025547797954795,1.2636034242785208,0.8854506028938514,0.5290108593615857,0.19428419368172367,113305554.16726801,113.68904572451868,73.88974006503467,1730870.11268601,16730870.11268601,1683940.9362073243,123.29994070342073,123.29994070342073,123.29994070342073,122.28165257653342,1.0182881268873132,113305554.16726789,113305554.16726795,0.0,1.0000000000000004,0.0032830164941742078,0.0013385482089345163,0.5915816110663482,0.0,5.260522770790122e-16,484,0,0.0,0.25564780499996687,0.0,7.526392205913382e-14,0,0.05,24000000.0,False,7269129.88731399,0.56974;0.56981;0.56992;0.57006;0.57026;0.57054;0.57132;0.57100;0.57263;0.57824;0.59143;0.56998;0.51935;0.45285;0.32209;0.00000;0.00000;0.00000;0.00000;0.00000;0.00000;0.00000;0.00000;0.00000
ok,R1020_S+00,1020,0,20282004,15.96023592820726,0.13240982503649812,0.21086105872329347,40.24157176328613,3616.5799473439356,2.9180192131930505,3.588564622021482,0.20003881664705295,0.22327448958111615,0.054910966017214145,639.7415607011357,4,1.6239045796553044e-14,1.624682706385772e-14,1.623126989786369e-14,0.035111015501677056,0.03574074167117565,6.537978572159297e-13,1.5812038012381062,2.185779976090849,0.672881672154245,1.0195889828383777,1.0004387964212405,0.6154311129028331,130504110.2406007,123.8050701360513,83.93960581045106,3342269.896420777,18342269.896420777,2770978.331495587,135.92118296578914,135.92118296578914,135.92118296578914,132.41671588876005,3.5044670770290907,130504110.24060072,130504110.24060076,0.0,1.0000000000000004,0.0013140236974986336,0.0005810993802402712,0.5715249290720528,0.0,3.4254464092453856e-16,766,0,0.0,0.3665960629999745,0.0,8.340020349892545e-15,0,0.05,24000000.0,False,5657730.103579223,0.55203;0.55278;0.55383;0.55529;0.55732;0.56015;0.56208;0.56418;0.56656;0.56450;0.56114;0.57065;0.55347;0.51360;0.44616;0.01624;0.00000;0.00000;0.00000;0.00000;0.00000;0.00000;0.00000;0.00000
ok,R1020_S+01,1020,1,20282004,15.96023592820726,0.13240982503649812,0.21086105872329347,40.24157176328613,3616.5799473439356,2.9180192131930505,3.588564622021482,0.20003881664705295,0.22327448958111615,0.054910966017214145,639.7415607011357,4,1.6239045796553044e-14,1.624682706385772e-14,1.623126989786369e-14,0.035111015501677056,0.03574074167117565,6.537978572159297e-13,1.5812038012381062,2.185779976090849,1.512897939888554,1.4587548245038988,1.0757175298554396,0.363786055943177,174006884.54598713,142.0321059461139,97.31851248389447,5199647.469780065,20199647.469780065,4024062.246747542,161.59907726052322,161.59907726052322,161.59907726052322,153.30626383931445,8.292813421208763,174006884.54598692,174006884.54598704,0.0,1.0000000000000007,0.0019322401903585883,0.0007730470720929372,0.5682816099884729,0.0,6.850837532194099e-16,1220,0,0.0,0.6021496939999906,0.0,1.2965154696139593e-14,0,0.05,24000000.0,False,3800352.530219935,0.56030;0.56078;0.56146;0.56241;0.56372;0.56555;0.56679;0.56790;0.56437;0.55091;0.54975;0.55079;0.55323;0.53115;0.48351;0.23624;0.00000;0.00000;0.00000;0.00000;0.00000;0.00000;0.00000;0.00000
ok,R1020_S+02,1020,2,20282004,15.96023592820726,0.13240982503649812,0.21086105872329347,40.24157176328613,3616.5799473439356,2.9180192131930505,3.588564622021482,0.20003881664705295,0.22327448958111615,0.054910966017214145,639.7415607011357,4,1.6239045796553044e-14,1.624682706385772e-14,1.623126989786369e-14,0.035111015501677056,0.03574074167117565,6.537978572159297e-13,1.5812038012381062,2.185779976090849,9.24906972551587,5.676301392849781,3.597873244900017,3.0137852816665753,849571208.4036422,322.3358001403262,221.30844470144004,44943568.97653272,59943568.97653272,34619625.61140455,357.1087771811144,357.1087771811144,357.1087771811144,348.04451166778244,9.064265513331975,849571208.40364,849571208.4036431,0.0,1.0000000000000036,0.00921607589333941,0.003645092848561123,0.49049757553268475,0.0,3.6482421928401035e-15,20346,0,0.0,9.64695149499994,0.0,2.025280602641133e-15,0,0.05,24000000.0,True,-35943568.97653272,0.45239;0.45325;0.45445;0.45612;0.45844;0.46167;0.46683;0.46939;0.47204;0.47482;0.47776;0.48096;0.48456;0.48811;0.48988;0.48830;0.48488;0.42177;0.00031;0.00000;0.00000;0.00000;0.00000;0.00000
ok,R1020_S+03,1020,3,20282004,15.96023592820726,0.13240982503649812,0.21086105872329347,40.24157176328613,3616.5799473439356,2.9180192131930505,3.588564622021482,0.20003881664705295,0.22327448958111615,0.054910966017214145,639.7415607011357,4,1.6239045796553044e-14,1.624682706385772e-14,1.623126989786369e-14,0.035111015501677056,0.03574074167117565,6.537978572159297e-13,1.5812038012381062,2.185779976090849,0.7554871873479929,1.0315552029530508,1.8860798953809632,3.319061264631731,275820664.509226,181.11178477113552,123.37295484154761,13409628.796871293,28409628.796871293,10660142.853455633,203.47015479478634,203.47015479478634,203.47015479478634,195.73348935043828,7.736665444348063,275820664.5092258,275820664.5092261,0.0,1.000000000000001,0.003019353765669374,0.001218896160809941,0.5526705988365547,0.0,1.0804963594995062e-15,2799,0,0.0,1.5499277019999909,0.0,5.875809530546633e-15,0,0.05,24000000.0,True,-4409628.796871293,0.46631;0.46753;0.46923;0.47160;0.47489;0.47947;0.48587;0.48943;0.49318;0.49720;0.50166;0.50705;0.51675;0.55116;0.52198;0.46138;0.06634;0.00000;0.00000;0.00000;0.00000;0.00000;0.00000;0.00000
ok,R1021_S+00,1021,0,20283004,11.204090832863216,0.4292765509179707,0.22988747117500813,38.84989617800817,2503.513512055714,1.804579330869212,3.655829751091791,0.4823482783069663,0.15461082732072265,0.05796347923107466,654.4165611004418,4,1.1143975748709637e-14,1.329795743009817e-14,9.549301255426131e-15,0.49095054397022453,0.7119859100644341,5.166242655388863e-13,1.0360609571870785,4.992953680893356,0.24516494824274002,0.19283061179899866,0.17244663452878412,0.18401301643209636,31338874.708420314,75.97465674200163,42.654252673395554,664840.3257845491,15664840.32578455,640943.9868714847,88.48281424646754,88.48281424646754,88.48281424646754,52.66524192090268,35.81757232556486,31338874.708420303,31338874.70842023,0.0,0.9999999999999977,0.0007576087451091103,0.0002713383803397225,0.6089632702549802,0.0,2.3774244181530757e-15,290,0,0.0,0.15942242900007386,0.0,3.894371548941972e-14,0,0.05,24000000.0,False,8335159.674215451,0.59537;0.59587;0.59657;0.59755;0.59891;0.60079;0.60459;0.59638;0.56719;0.52233;0.46919;0.40619;0.26618;0.07544;0.00000;0.00000;0.00000;0.00000;0.00000;0.00000;0.00000;0.00000;0.00000;0.00000
ok,R1021_S+01,1021,1,20283004,11.204090832863216,0.4292765509179707,0.22988747117500813,38.84989617800817,2503.513512055714,1.804579330869212,3.655829751091791,0.4823482783069663,0.15461082732072265,0.05796347923107466,654.4165611004418,4,1.1143975748709637e-14,1.329795743009817e-14,9.549301255426131e-15,0.49095054397022453,0.7119859100644341,5.166242655388863e-13,1.0360609571870785,4.992953680893356,0.39016108396147714,0.2447339067065123,0.11793413912421374,0.01,30091320.68291304,74.89282119898658,41.869004435525405,937955.8439894635,15937955.843989464,786097.4764602184,87.68402727763697,87.68402727763697,87.68402727763697,52.443812506903704,35.24021477073327,30091320.68291303,30091320.68291304,0.0,1.0000000000000002,0.0007576087451091103,0.00026057255904063284,0.6020436758812641,0.0,2.475989896034887e-16,292,0,0.0,0.18906783099998847,0.0,1.8358826306488437e-13,14,0.05,24000000.0,False,8062044.1560105365,0.59982;0.59982;0.59982;0.59981;0.59981;0.59980;0.59422;0.58419;0.56017;0.51842;0.46550;0.40152;0.25614;0.06913;0.00000;0.00000;0.00000;0.00000;0.00000;0.00000;0.00000;0.00000;0.00000;0.00000
ok,R1021_S+02,1021,2,20283004,11.204090832863216,0.4292765509179707,0.22988747117500813,38.84989617800817,2503.513512055714,1.804579330869212,3.655829751091791,0.4823482783069663,0.15461082732072265,0.05796347923107466,654.4165611004418,4,1.1143975748709637e-14,1.329795743009817e-14,9.549301255426131e-15,0.49095054397022453,0.7119859100644341,5.166242655388863e-13,1.0360609571870785,4.992953680893356,0.015065103708988802,0.20320620627160096,0.40092508460441173,0.5971168204207618,47979907.392332345,99.36909306414222,53.24163583289053,1580188.188882541,16580188.18888254,1466677.5193447247,114.9912097976669,114.9912097976669,114.9912097976669,63.23692167929086,51.75428811837604,47979907.392332405,47979907.39233237,0.0,0.9999999999999992,0.0012656595373602328,0.00041449843164537576,0.5840797343137158,0.0,7.764271548088163e-16,352,0,0.0,0.20644527000001744,0.0,2.581499465723395e-13,0,0.05,24000000.0,False,7419811.811117459,0.54227;0.54298;0.54399;0.54538;0.54732;0.55001;0.55363;0.56265;0.56812;0.54823;0.50178;0.44476;0.36515;0.18167;0.05262;0.00000;0.00000;0.00000;0.00000;0.00000;0.00000;0.00000;0.00000;0.00000
ok,R1021_S+03,1021,3,20283004,11.204090832863216,0.4292765509179707,0.22988747117500813,38.84989617800817,2503.513512055714,1.804579330869212,3.655829751091791,0.4823482783069663,0.15461082732072265,0.05796347923107466,654.4165611004418,4,1.1143975748709637e-14,1.329795743009817e-14,9.549301255426131e-15,0.49095054397022453,0.7119859100644341,5.166242655388863e-13,1.0360609571870785,4.992953680893356,0.026853253586032334,0.36315223036620514,0.6566120849767119,0.9072328174175526,77073536.19021046,125.52610037554275,67.62678703841752,2479475.317747712,17479475.317747712,2289520.882673107,146.4616642873131,146.4616642873131,146.4616642873131,79.79689051415785,66.66477377315526,77073536.19021042,77073536.19021043,0.0,1.0000000000000002,0.0019290331377888107,0.000663534456524656,0.5614908914487238,0.0,1.9333693418546358e-16,523,0,0.0,0.31250569199994516,0.0,1.8231261993556212e-13,0,0.05,24000000.0,False,6520524.682252288,0.51244;0.51324;0.51436;0.51591;0.51806;0.52106;0.52367;0.52723;0.53635;0.54661;0.53145;0.48660;0.42653;0.32273;0.13273;0.01988;0.00000;0.00000;0.00000;0.00000;0.00000;0.00000;0.00000;0.00000
ok,R1022_S+00,1022,0,20284004,11.265826997436259,0.664155194848318,0.16476495154109863,47.93992894043412,2967.088507388756,2.4679741850960717,3.258994759977165,0.6237284539484452,0.20455015933978163,0.07759161571561322,649.244005856913,4,1.4631279797425047e-14,2.0902783264131326e-14,1.0075546293270837e-14,0.6411201285432234,0.9078363062518829,1.0020779443397514e-12,1.2607649799739802,4.823163803428338,1.1531242468760783,0.943996452526311,0.6445673630233779,0.25483697836727875,118203923.28416328,149.35001346281987,87.24652642466651,1818822.4119539782,16818822.41195398,1718985.793538509,171.80110430418807,171.80110430418807,171.80110430418807,86.71627486985679,85.08482943433128,118203923.28416313,118203923.2841632,0.0,1.0000000000000007,0.002201533433364126,0.000823985925698149,0.5670390034568689,0.0,6.303158465402689e-16,751,0,0.0,0.4519879009999386,0.0,3.2041568249414686e-14,30,0.05,24000000.0,False,7181177.588046022,0.55333;0.55362;0.55402;0.55458;0.55536;0.55644;0.55763;0.55831;0.55717;0.55794;0.55536;0.54208;0.50414;0.43626;0.30042;0.12431;0.00000;0.00000;0.00000;0.00000;0.00000;0.00000;0.00000;0.00000
ok,R1022_S+01,1022,1,20284004,11.265826997436259,0.664155194848318,0.16476495154109863,47.93992894043412,2967.088507388756,2.4679741850960717,3.258994759977165,0.6237284539484452,0.20455015933978163,0.07759161571561322,649.244005856913,4,1.4631279797425047e-14,2.0902783264131326e-14,1.0075546293270837e-14,0.6411201285432234,0.9078363062518829,1.0020779443397514e-12,1.2607649799739802,4.823163803428338,0.7776272462424704,0.8642251875330006,0.8719227126712671,0.8007198216572698,130746883.0067988,161.14052297763783,92.7300550471323,2133728.3104889765,17133728.310488977,2058182.8638515174,185.19750689672128,185.19750689672128,185.19750689672128,87.03915346442449,98.15835343229679,130746883.00679883,130746883.00679888,0.0,1.0000000000000004,0.002345627680926936,0.0009099416871054289,0.570731408076408,0.0,3.419085989164146e-16,781,0,0.0,0.40191712000000734,0.0,2.180164798733913e-14,0,0.05,24000000.0,False,6866271.689511023,0.53486;0.53538;0.53610;0.53710;0.53849;0.54042;0.54208;0.54428;0.54780;0.55374;0.55462;0.54533;0.50936;0.44312;0.30977;0.15113;0.00280;0.00000;0.00000;0.00000;0.00000;0.00000;0.00000;0.00000
ok,R1022_S+02,1022,2,20284004,11.265826997436259,0.664155194848318,0.16476495154109863,47.93992894043412,2967.088507388756,2.4679741850960717,3.258994759977165,0.6237284539484452,0.20455015933978163,0.07759161571561322,649.244005856913,4,1.4631279797425047e-14,2.0902783264131326e-14,1.0075546293270837e-14,0.6411201285432234,0.9078363062518829,1.0020779443397514e-12,1.2607649799739802,4.823163803428338,3.125318279728403,2.0060693503775835,1.5003715040166647,1.608224740645648,325042643.9079851,251.40982656784507,146.59294601461195,5067097.901590843,20067097.901590843,4878385.341616899,287.22457308359606,287.22457308359606,287.22457308359606,143.52618163053538,143.69839145306068,325042643.90798515,325042643.90798527,0.0,1.0000000000000004,0.0056808594268898584,0.002220833226423245,0.5260202287354354,0.0,3.667496920328019e-16,3416,0,0.0,1.8728494169999976,0.0,1.2573442751345231e-14,0,0.05,24000000.0,False,3932902.0984091572,0.48329;0.48392;0.48479;0.48601;0.48771;0.49006;0.49172;0.49333;0.49520;0.49763;0.50146;0.50696;0.51000;0.50255;0.47229;0.34949;0.21654;0.03495;0.00000;0.00000;0.00000;0.00000;0.00000;0.00000
ok,R1022_S+03,1022,3,20284004,11.265826997436259,0.664155194848318,0.16476495154109863,47.93992894043412,2967.088507388756,2.4679741850960717,3.258994759977165,0.6237284539484452,0.20455015933978163,0.07759161571561322,649.244005856913,4,1.4631279797425047e-14,2.0902783264131326e-14,1.0075546293270837e-14,0.6411201285432234,0.9078363062518829,1.0020779443397514e-12,1.2607649799739802,4.823163803428338,1.5349856735413183,0.9604362646105827,0.7844030352011849,1.0068859853131253,169097887.186506,181.64082987726107,105.17261299334052,2738157.0412771255,17738157.041277125,2633078.153823912,207.66349319413183,207.66349319413183,207.66349319413183,103.03604117109224,104.6274520230396,169097887.18650588,169097887.18650606,0.0,1.000000000000001,0.002967407591420186,0.0011726658517308872,0.5588116826241186,0.0,1.0574581226372728e-15,1149,0,0.0,0.662132253999971,0.0,2.261410983494786e-14,0,0.05,24000000.0,False,6261842.9587228745,0.52047;0.52103;0.52179;0.52286;0.52434;0.52641;0.52800;0.52990;0.53286;0.53855;0.54390;0.54191;0.52215;0.47698;0.34990;0.21923;0.03819;0.00000;0.00000;0.00000;0.00000;0.00000;0.00000;0.00000
ok,R1023_S+00,1023,0,20285004,25.60607106071753,0.6409883071159591,0.1817465355695662,24.018751313347373,3143.0161591451456,2.226943717582911,3.2109615528679094,0.5749075897664064,0.26303358113503894,0.06017677007536366,617.7229566530336,4,1.813753241795915e-14,2.3439402302931867e-14,1.537520807314379e-14,0.5328753193258576,0.9350586844571823,5.629851748476222e-13,1.0801265639255988,5.732187909517995,0.31684809806537834,0.21816717095705868,0.16969568545330663,0.17143364155412216,34561275.87959012,119.36571197918516,67.27363101136565,839629.6578704454,15839629.657870445,824697.697898278,137.58896535175234,137.58896535175234,137.58896535175234,96.72823980971619,40.86072554203615,34561275.879590124,34561275.8795901,0.0,0.9999999999999993,0.0012046053892227292,0.0004107820784233881,0.5492800530307628,0.0,6.467279121478013e-16,361,0,0.0,0.20582814300007612,0.0,4.9728316778266434e-14,0,0.05,24000000.0,False,8160370.342129555,0.53293;0.53323;0.53366;0.53425;0.53508;0.53623;0.53840;0.54258;0.54720;0.53865;0.50990;0.46832;0.41996;0.35399;0.09982;0.00467;0.00000;0.00000;0.00000;0.00000;0.00000;0.00000;0.00000;0.00000
ok,R1023_S+01,1023,1,20285004,25.60607106071753,0.6409883071159591,0.1817465355695662,24.018751313347373,3143.0161591451456,2.226943717582911,3.2109615528679094,0.5749075897664064,0.26303358113503894,0.06017677007536366,617.7229566530336,4,1.813753241795915e-14,2.3439402302931867e-14,1.537520807314379e-14,0.5328753193258576,0.9350586844571823,5.629851748476222e-13,1.0801265639255988,5.732187909517995,4.420108300319822,4.028893862801486,2.7300336879576466,0.5235277757883048,461631027.3890328,453.46014436749164,252.59497261195452,14610251.595867109,29610251.59586711,13374070.756856725,513.5134435251119,513.5134435251119,513.5134435251119,338.7803092638856,174.73313426122633,461631027.3890302,461631027.3890334,0.0,1.0000000000000069,0.01580187032100879,0.005137399571634975,0.42337480583075093,0.0,6.843227568482915e-15,21421,0,0.0,11.432557548999966,0.0,8.827005094550347e-15,573,0.05,24000000.0,True,-5610251.595867109,0.40058;0.40096;0.40148;0.40221;0.40322;0.40463;0.40561;0.40648;0.40741;0.40844;0.40959;0.40973;0.40216;0.39842;0.40489;0.41379;0.39816;0.33456;0.08742;0.00620;0.00000;0.00000;0.00000;0.00000
ok,R1023_S+02,1023,2,20285004,25.60607106071753,0.6409883071159591,0.1817465355695662,24.018751313347373,3143.0161591451456,2.226943717582911,3.2109615528679094,0.5749075897664064,0.26303358113503894,0.06017677007536366,617.7229566530336,4,1.813753241795915e-14,2.3439402302931867e-14,1.537520807314379e-14,0.5328753193258576,0.9350586844571823,5.629851748476222e-13,1.0801265639255988,5.732187909517995,3.5851423341659303,3.296523604610938,2.232088588487077,0.3918372857943478,374967080.24971044,409.23824864224883,226.97846048672648,11630319.362864122,26630319.36286412,10699931.418498904,462.70840584234173,462.70840584234173,462.70840584234173,308.8958409597897,153.812564882552,374967080.2497128,374967080.2497104,0.0,0.9999999999999934,0.012701302341339718,0.004226733794601758,0.43545408072422537,0.0,6.517346627238718e-15,14577,0,0.0,7.42912107199993,0.0,1.059717105656744e-14,364,0.05,24000000.0,True,-2630319.362864122,0.41534;0.41567;0.41614;0.41678;0.41768;0.41893;0.41975;0.42054;0.42140;0.42239;0.42308;0.41788;0.40903;0.41318;0.42037;0.42107;0.38995;0.27503;0.07290;0.00000;0.00000;0.00000;0.00000;0.00000
ok,R1023_S+03,1023,3,20285004,25.60607106071753,0.6409883071159591,0.1817465355695662,24.018751313347373,3143.0161591451456,2.226943717582911,3.2109615528679094,0.5749075897664064,0.26303358113503894,0.06017677007536366,617.7229566530336,4,1.813753241795915e-14,2.3439402302931867e-14,1.537520807314379e-14,0.5328753193258576,0.9350586844571823,5.629851748476222e-13,1.0801265639255988,5.732187909517995,4.280561889764492,3.194279439943314,2.105404087713157,1.0139358330740176,417908667.7882754,416.93279242788384,239.29215524646315,11951772.294556342,26951772.294556342,11001673.988485575,484.6980298617399,484.6980298617399,484.6980298617399,329.794885550986,154.90314431075387,417908667.78827584,417908667.78827524,0.0,0.9999999999999986,0.014592149472713058,0.004691233990691007,0.42821759894684247,0.0,1.4262600747392969e-15,17072,0,0.0,8.480959081999913,0.0,1.1757460961105268e-14,0,0.05,24000000.0,True,-2951772.294556342,0.39679;0.39727;0.39794;0.39886;0.40016;0.40195;0.40332;0.40444;0.40563;0.40690;0.40744;0.40849;0.41070;0.41100;0.41530;0.42024;0.39847;0.32116;0.07711;0.00001;0.00000;0.00000;0.00000;0.00000
ok,R1024_S+00,1024,0,20286004,13.251151805613711,0.45889519363438686,0.18437593505374572,47.679734008531966,2662.205087996752,2.51414165728957,3.316009098293243,0.4587408044182427,0.29869307847658677,0.07688152605594234,773.9997843381886,4,1.91046076866139e-14,2.0880920115344238e-14,1.772656757292545e-14,0.3756960436182444,0.5173420284405266,9.95596716953018e-13,1.6164982938899721,3.5801121123775013,0.03869973752321161,0.6229387551578713,1.0983194363064095,1.4004314269191311,124667878.92244858,131.25148869318653,79.01538955951634,2351437.301693056,17351437.301693056,2168023.2003108896,154.15455057301125,154.15455057301125,154.15455057301125,111.91242627350873,42.24212429950252,124667878.92244875,124667878.92244883,0.0,1.0000000000000007,0.002180750045082947,0.0008145057959898344,0.5218479087475768,0.0,5.976343434509347e-16,645,0,0.0,0.4112790600000835,0.0,1.5124718673031496e-13,0,0.05,24000000.0,False,6648562.698306944,0.48247;0.48304;0.48384;0.48495;0.48650;0.48865;0.49030;0.49229;0.49516;0.50181;0.51525;0.50225;0.46607;0.41968;0.28276;0.04342;0.00000;0.00000;0.00000;0.00000;0.00000;0.00000;0.00000;0.00000
ok,R1024_S+01,1024,1,20286004,13.251151805613711,0.45889519363438686,0.18437593505374572,47.679734008531966,2662.205087996752,2.51414165728957,3.316009098293243,0.4587408044182427,0.29869307847658677,0.07688152605594234,773.9997843381886,4,1.91046076866139e-14,2.0880920115344238e-14,1.772656757292545e-14,0.3756960436182444,0.5173420284405266,9.95596716953018e-13,1.6164982938899721,3.5801121123775013,3.4186094501434003,2.1862856891105373,1.0884443215483057,0.1250853474567042,268966403.41139066,184.95718493685303,116.57806361790061,4718168.441827446,19718168.441827446,4114866.0620307922,215.44970518625144,215.44970518625144,215.44970518625144,170.79417207734974,44.65553310890169,268966403.4113904,268966403.4113904,0.0,1.0,0.004735510471099722,0.0017378871210261086,0.48958285398006557,0.0,0.0,2081,0,0.0,1.2062044999998989,0.0,4.813562099436138e-14,49,0.05,24000000.0,False,4281831.558172554,0.47570;0.47591;0.47620;0.47660;0.47716;0.47794;0.47858;0.47877;0.47506;0.47413;0.47549;0.47423;0.47785;0.46715;0.42969;0.35318;0.05525;0.00000;0.00000;0.00000;0.00000;0.00000;0.00000;0.00000
ok,R1024_S+02,1024,2,20286004,13.251151805613711,0.45889519363438686,0.18437593505374572,47.679734008531966,2662.205087996752,2.51414165728957,3.316009098293243,0.4587408044182427,0.29869307847658677,0.07688152605594234,773.9997843381886,4,1.91046076866139e-14,2.0880920115344238e-14,1.772656757292545e-14,0.3756960436182444,0.5173420284405266,9.95596716953018e-13,1.6164982938899721,3.5801121123775013,1.1552391697466193,1.0879004904938732,0.7230641939832649,0.060730280214794194,119403470.80119754,123.77640622358896,77.17285388964663,1737012.9142065514,16737012.914206551,1605177.6920525562,143.7588145850912,143.7588145850912,143.7588145850912,112.56942386980187,31.18939071528932,119403470.80119747,119403470.80119756,0.0,1.0000000000000007,0.002180750045082947,0.0007806448657692182,0.5210416344489344,0.0,7.487803039824978e-16,589,0,0.0,0.3383662119999826,0.0,4.4908566127521935e-14,20,0.05,24000000.0,False,7262987.085793449,0.50931;0.50947;0.50970;0.51002;0.51046;0.51108;0.50813;0.50542;0.50850;0.51011;0.51505;0.49967;0.46406;0.41785;0.28810;0.01552;0.00000;0.00000;0.00000;0.00000;0.00000;0.00000;0.00000;0.00000
ok,R1024_S+03,1024,3,20286004,13.251151805613711,0.45889519363438686,0.18437593505374572,47.679734008531966,2662.205087996752,2.51414165728957,3.316009098293243,0.4587408044182427,0.29869307847658677,0.07688152605594234,773.9997843381886,4,1.91046076866139e-14,2.0880920115344238e-14,1.772656757292545e-14,0.3756960436182444,0.5173420284405266,9.95596716953018e-13,1.6164982938899721,3.5801121123775013,0.18287508102999586,2.5043348730019317,4.911006806939137,7.217340302135107,584429279.4683492,285.78280982893955,173.3807093205577,14004097.835602798,29004097.835602798,12345356.52194196,330.16939878926667,330.16939878926667,330.16939878926667,237.86689032656298,92.30250846270368,584429279.4683572,584429279.4683583,0.0,1.0000000000000018,0.010223370387537,0.003679840875853745,0.46555803383840416,0.0,1.8357800398587328e-15,8202,0,0.0,4.18880053099997,0.0,6.14895591876991e-14,0,0.05,24000000.0,True,-5004097.835602798,0.38995;0.39082;0.39203;0.39371;0.39605;0.39932;0.40342;0.40578;0.40825;0.41089;0.41383;0.41732;0.42198;0.43252;0.45219;0.43536;0.36386;0.09491;0.00000;0.00000;0.00000;0.00000;0.00000;0.00000
ok,R1025_S+00,1025,0,20287004,17.540134939727103,0.4258402851617983,0.12189924942264123,60.07697223618035,1624.0818921054604,2.86260951034099,3.7618312749128817,0.4683930328983042,0.20873902949225998,0.04418283310499935,768.258195517644,4,3.122425050264069e-14,4.1296230341095007e-14,2.4991797369325362e-14,0.5690616017960488,0.8951556648111132,2.480952483660873e-12,1.0265147450403582,6.360746923383302,0.420804130492851,1.9487552381264948,4.279222546180772,7.412206054655681,554663792.4311229,274.9336990472969,180.44480772164474,18097526.363102444,33097526.363102444,17614135.00638673,316.217671488639,316.217671488639,316.217671488639,255.85556442903157,60.36210705960741,554663792.4311259,554663792.4311285,0.0,1.0000000000000047,0.02852618813951603,0.01046752819042064,0.459951727761601,0.0,4.728277572657392e-15,11066,0,0.0,5.479326429000025,0.0,7.304051843339029e-14,0,0.05,24000000.0,True,-9097526.363102444,0.38050;0.38089;0.38143;0.38218;0.38321;0.38463;0.38633;0.38733;0.38837;0.38951;0.39080;0.39241;0.39467;0.39841;0.40812;0.43726;0.42640;0.27582;0.00199;0.00000;0.00000;0.00000;0.00000;0.00000
ok,R1025_S+01,1025,1,20287004,17.540134939727103,0.4258402851617983,0.12189924942264123,60.07697223618035,1624.0818921054604,2.86260951034099,3.7618312749128817,0.4683930328983042,0.20873902949225998,0.04418283310499935,768.258195517644,4,3.122425050264069e-14,4.1296230341095007e-14,2.4991797369325362e-14,0.5690616017960488,0.8951556648111132,2.480952483660873e-12,1.0265147450403582,6.360746923383302,0.018233521337325538,0.32338943776744433,0.5585205392484076,0.6410825172065404,60796742.635784194,90.53555543728075,59.44842108054576,1758197.118183883,16758197.118183883,1741498.0369958468,103.95149263767173,103.95149263767173,103.95149263767173,89.05626126265716,14.895231375014575,60796742.635784216,60796742.6357843,0.0,1.0000000000000013,0.003301412541464972,0.0012844488463854798,0.5535868648077429,0.0,1.3480391056004305e-15,437,0,0.0,0.2555705580000449,0.0,9.319166967085058e-13,0,0.05,24000000.0,False,7241802.881816117,0.50808;0.50825;0.50850;0.50883;0.50929;0.50993;0.51137;0.51421;0.52158;0.54774;0.53315;0.49687;0.45678;0.40637;0.15087;0.00000;0.00000;0.00000;0.00000;0.00000;0.00000;0.00000;0.00000;0.00000
ok,R1025_S+02,1025,2,20287004,17.540134939727103,0.4258402851617983,0.12189924942264123,60.07697223618035,1624.0818921054604,2.86260951034099,3.7618312749128817,0.4683930328983042,0.20873902949225998,0.04418283310499935,768.258195517644,4,3.122425050264069e-14,4.1296230341095007e-14,2.4991797369325362e-14,0.5690616017960488,0.8951556648111132,2.480952483660873e-12,1.0265147450403582,6.360746923383302,0.16281444924792612,0.3049142659426126,0.3368275261965868,0.2585542300098487,41936518.765196435,74.30934847114813,49.32255038514384,1120627.697239142,16120627.697239142,1115029.4501988534,81.90750501941345,81.90750501941345,81.90750501941345,77.30445256301508,4.603052456398373,41936518.765196435,41936518.765196435,0.0,1.0,0.0024267793658415775,0.0008902090722924821,0.569523276369257,0.0,0.0,339,0,0.0,0.20719870599998558,0.0,1.9440531182206515e-13,0,0.05,24000000.0,False,7879372.302760858,0.53136;0.53149;0.53167;0.53192;0.53226;0.53274;0.53538;0.54232;0.56487;0.54775;0.51300;0.47467;0.43140;0.34872;0.00021;0.00000;0.00000;0.00000;0.00000;0.00000;0.00000;0.00000;0.00000;0.00000
ok,R1025_S+03,1025,3,20287004,17.540134939727103,0.4258402851617983,0.12189924942264123,60.07697223618035,1624.0818921054604,2.86260951034099,3.7618312749128817,0.4683930328983042,0.20873902949225998,0.04418283310499935,768.258195517644,4,3.122425050264069e-14,4.1296230341095007e-14,2.4991797369325362e-14,0.5690616017960488,0.8951556648111132,2.480952483660873e-12,1.0265147450403582,6.360746923383302,0.23682078099960363,0.26380533921856403,0.27876802952663493,0.2817088519238161,41857330.106822,74.29526166612575,49.27666888558931,1128261.2034658603,16128261.20346586,1122022.5804880392,82.41187998820719,82.41187998820719,82.41187998820719,77.0003951438703,5.411484844336883,41857330.10682198,41857330.10682202,0.0,1.000000000000001,0.0024267793658415775,0.0008885412923757798,0.5696181095366715,0.0,1.0679965365076432e-15,363,0,0.0,0.18851320099997793,0.0,1.6166047663159698e-13,0,0.05,24000000.0,False,7871738.79653414,0.53112;0.53126;0.53145;0.53172;0.53208;0.53258;0.53535;0.54341;0.56587;0.54752;0.51280;0.47449;0.43117;0.34745;0.00022;0.00000;0.00000;0.00000;0.00000;0.00000;0.00000;0.00000;0.00000;0.00000
ok,R1026_S+00,1026,0,20288004,20.115212410843604,0.22454463889687765,0.16076887073641294,69.93313369532171,2182.4282283977604,1.706224103404408,3.987377915754009,0.2511907917792523,0.3477942122504264,0.04161912836425158,695.4779453436761,4,1.936364454020287e-14,1.9458705446820437e-14,1.9262157664155443e-14,0.10986426238228963,0.1101277118211642,1.3608082495503786e-12,2.043812578078757,3.6212789885577323,5.746226896170018,3.8785188419203775,2.8242444154921924,2.5834036168854624,592982837.0636532,271.62912530998756,179.64418505541784,7614140.704711486,22614140.704711486,7230561.876836941,291.85360959270565,291.85360959270565,291.85360959270565,282.640106187822,9.213503404883625,592982837.063654,592982837.0636532,0.0,0.9999999999999988,0.01622518768314993,0.0047900993655830785,0.3782606181910364,0.0,1.2061997288935163e-15,4228,0,0.0,2.0098759529998915,0.0,9.690349836052948e-15,0,0.05,24000000.0,False,1385859.2952885143,0.33778;0.33809;0.33852;0.33912;0.33995;0.34111;0.34189;0.34264;0.34350;0.34456;0.34603;0.34837;0.35265;0.36203;0.37719;0.35196;0.29894;0.11530;0.00000;0.00000;0.00000;0.00000;0.00000;0.00000
ok,R1026_S+01,1026,1,20288004,20.115212410843604,0.22454463889687765,0.16076887073641294,69.93313369532171,2182.4282283977604,1.706224103404408,3.987377915754009,0.2511907917792523,0.3477942122504264,0.04161912836425158,695.4779453436761,4,1.936364454020287e-14,1.9458705446820437e-14,1.9262157664155443e-14,0.10986426238228963,0.1101277118211642,1.3608082495503786e-12,2.043812578078757,3.6212789885577323,5.58356934665899,4.880974640199748,3.2554295225153727,0.7069339936058648,569098220.2700511,267.42346854140516,176.1599538156552,7788924.2575041205,22788924.25750412,7200284.909839965,287.30285308814064,287.30285308814064,287.30285308814064,279.41808846936493,7.884764618775705,569098220.2700508,569098220.2700511,0.0,1.0000000000000007,0.01622518768314993,0.004607032447413619,0.3778756086504827,0.0,6.284115042261786e-16,4216,0,0.0,2.203969637,0.0,3.263895131083431e-14,0,0.05,24000000.0,False,1211075.7424958795,0.35010;0.35020;0.35034;0.35054;0.35081;0.35118;0.35146;0.35180;0.35226;0.35292;0.35180;0.34865;0.35231;0.36035;0.37728;0.34954;0.29474;0.09454;0.00000;0.00000;0.00000;0.00000;0.00000;0.00000
ok,R1026_S+02,1026,2,20288004,20.115212410843604,0.22454463889687765,0.16076887073641294,69.93313369532171,2182.4282283977604,1.706224103404408,3.987377915754009,0.2511907917792523,0.3477942122504264,0.04161912836425158,695.4779453436761,4,1.936364454020287e-14,1.9458705446820437e-14,1.9262157664155443e-14,0.10986426238228963,0.1101277118211642,1.3608082495503786e-12,2.043812578078757,3.6212789885577323,5.94561754871161,7.736313863318356,7.3604982872867355,4.818170820616743,1020123108.7098147,355.78915386793017,236.14320256922534,14211101.348812032,29211101.348812032,12912332.507974848,385.476519466944,385.476519466944,385.476519466944,360.242398240061,25.23412122688302,1020123108.7098174,1020123108.7098182,0.0,1.0000000000000009,0.030106572056471066,0.007936560343279601,0.3613082656954329,0.0,8.180042386362991e-16,10733,0,0.0,5.8835380790000045,0.0,5.007966565441772e-15,0,0.05,24000000.0,True,-5211101.3488120325,0.30575;0.30614;0.30667;0.30742;0.30846;0.30991;0.31103;0.31193;0.31287;0.31390;0.31509;0.31658;0.31874;0.32223;0.32696;0.35245;0.34406;0.28387;0.04463;0.00000;0.00000;0.00000;0.00000;0.00000
ok,R1026_S+03,1026,3,20288004,20.115212410843604,0.22454463889687765,0.16076887073641294,69.93313369532171,2182.4282283977604,1.706224103404408,3.987377915754009,0.2511907917792523,0.3477942122504264,0.04161912836425158,695.4779453436761,4,1.936364454020287e-14,1.9458705446820437e-14,1.9262157664155443e-14,0.10986426238228963,0.1101277118211642,1.3608082495503786e-12,2.043812578078757,3.6212789885577323,1.7002527206186766,2.0227606293127325,1.8096450411732776,1.0609059562003125,260096332.8081403,180.55744098914155,118.29538291427868,3359920.5400020704,18359920.54000207,3136619.9207878932,195.24079906384017,195.24079906384017,195.24079906384017,187.8764683447116,7.36433071912856,260096332.80814016,260096332.80814046,0.0,1.000000000000001,0.007525015687062601,0.0021673350936342994,0.4166806944416922,0.0,1.1458186305794235e-15,1042,0,0.0,0.6828621449999446,0.0,1.9758844520425053e-14,0,0.05,24000000.0,False,5640079.45999793,0.38273;0.38296;0.38327;0.38371;0.38431;0.38515;0.38584;0.38672;0.38805;0.39027;0.39200;0.40060;0.41458;0.38410;0.34104;0.28133;0.03089;0.00000;0.00000;0.00000;0.00000;0.00000;0.00000;0.00000
ok,R1027_S+00,1027,0,20289004,29.780453651960126,0.8401542398547912,0.22565949560886356,35.28156318503919,3298.7142602188633,2.8900991139248804,2.624270246917088,0.31251561876593353,0.24572970250833406,0.061649271111507496,753.202004239694,4,1.4619265827776557e-13,2.1602942102436428e-13,8.680094655656639e-14,0.6836271905813831,0.8467647046558129,7.621855667698542e-12,2.4065479813134703,3.04155049814627,0.05386507380085618,0.9371586319163346,1.635940956001403,1.916226644202981,179215267.44468835,147.19074171447315,92.16155434631855,1375842.4028673396,16375842.40286734,1354413.967732355,170.9776344273421,170.9776344273421,170.9776344273421,100.93727319977332,70.0403612275688,179215267.44468814,179215267.4446881,0.0,0.9999999999999999,0.001967337987541279,0.0008646423754714942,0.6348253063719463,0.0,1.6629343477610418e-16,671,0,0.0,0.42735330200002863,0.0,1.2217494836755753e-12,0,0.05,24000000.0,False,7624157.59713266,0.59829;0.59853;0.59886;0.59933;0.59997;0.60087;0.60186;0.60336;0.60620;0.61328;0.62085;0.61711;0.58101;0.53200;0.37969;0.20081;0.00000;0.00000;0.00000;0.00000;0.00000;0.00000;0.00000;0.00000
ok,R1027_S+01,1027,1,20289004,29.780453651960126,0.8401542398547912,0.22565949560886356,35.28156318503919,3298.7142602188633,2.8900991139248804,2.624270246917088,0.31251561876593353,0.24572970250833406,0.061649271111507496,753.202004239694,4,1.4619265827776557e-13,2.1602942102436428e-13,8.680094655656639e-14,0.6836271905813831,0.8467647046558129,7.621855667698542e-12,2.4065479813134703,3.04155049814627,0.2696393925586208,0.3767671648007692,0.48901513304649297,0.6063832972957919,68708981.34986797,90.03867586348592,56.68748218391896,499684.18684947863,15499684.186849479,494294.51943333074,101.58152714716485,101.58152714716485,101.58152714716485,65.47124451329924,36.11028263386561,68708981.34986793,68708981.34986779,0.0,0.999999999999998,0.0007153989011130032,0.0003337730623126761,0.6649119295723019,0.0,1.951862014395687e-15,382,0,0.0,0.19835620900005324,0.0,3.216347146258418e-13,0,0.05,24000000.0,False,8500315.813150521,0.64058;0.64077;0.64102;0.64138;0.64188;0.64257;0.64569;0.65183;0.65832;0.63805;0.60430;0.56340;0.50652;0.34364;0.01318;0.00000;0.00000;0.00000;0.00000;0.00000;0.00000;0.00000;0.00000;0.00000
ok,R1027_S+02,1027,2,20289004,29.780453651960126,0.8401542398547912,0.22565949560886356,35.28156318503919,3298.7142602188633,2.8900991139248804,2.624270246917088,0.31251561876593353,0.24572970250833406,0.061649271111507496,753.202004239694,4,1.4619265827776557e-13,2.1602942102436428e-13,8.680094655656639e-14,0.6836271905813831,0.8467647046558129,7.621855667698542e-12,2.4065479813134703,3.04155049814627,2.1936907243628263,1.7475514889089514,1.0662578183637357,0.14980971272717897,203440397.48587516,150.24233621949142,97.31280047198808,1347135.2701298539,16347135.270129854,1337004.666157769,173.13409241310217,173.13409241310217,173.13409241310217,126.16563336842549,46.96845904467668,203440397.485875,203440397.4858755,0.0,1.0000000000000024,0.0022106722295624232,0.000980675627579841,0.6303124176904414,0.0,2.343866626765867e-15,751,0,0.0,0.4338734599999725,0.0,1.0929395598418772e-13,60,0.05,24000000.0,False,7652864.729870146,0.60076;0.60084;0.60095;0.60109;0.60130;0.60159;0.60182;0.60279;0.60422;0.60646;0.61531;0.62252;0.59265;0.54936;0.48570;0.26843;0.00002;0.00000;0.00000;0.00000;0.00000;0.00000;0.00000;0.00000
ok,R1027_S+03,1027,3,20289004,29.780453651960126,0.8401542398547912,0.22565949560886356,35.28156318503919,3298.7142602188633,2.8900991139248804,2.624270246917088,0.31251561876593353,0.24572970250833406,0.061649271111507496,753.202004239694,4,1.4619265827776557e-13,2.1602942102436428e-13,8.680094655656639e-14,0.6836271905813831,0.8467647046558129,7.621855667698542e-12,2.4065479813134703,3.04155049814627,0.44427261957120956,0.42979737863593875,0.3604508564799916,0.2362330531033682,58016829.400612175,81.48435198572707,51.89899794585324,377336.5900641717,15377336.590064172,375666.9238139149,90.73438751190417,90.73438751190417,90.73438751190417,65.23311330035777,25.501274211546402,58016829.40061214,58016829.40061248,0.0,1.000000000000006,0.0006247675058389209,0.0002820402300991615,0.6685249240310961,0.0,5.9073670691642446e-15,374,0,0.0,0.14524930699997185,0.0,2.844991102468213e-13,0,0.05,24000000.0,False,8622663.409935828,0.65021;0.65034;0.65052;0.65078;0.65113;0.65162;0.65450;0.66150;0.65766;0.63146;0.59625;0.55398;0.49445;0.30678;0.00025;0.00000;0.00000;0.00000;0.00000;0.00000;0.00000;0.00000;0.00000;0.00000
ok,R1028_S+00,1028,0,20290004,23.265584349448996,0.49943524910671055,0.2505977445656817,72.26672424130618,2650.842693723669,2.1943056380440162,2.9625955409845997,0.44357144547187566,0.33323098925237826,0.041665148860117726,685.6951407529169,4,2.1988623261019497e-14,2.3052103513306493e-14,2.1164889229110095e-14,0.2870575223967754,0.3874530156892204,1.6659000077781653e-12,3.423884077709116,6.387661500421995,4.820781692594899,4.3092640756978655,3.415450762556482,2.1393417531707457,579272815.7897366,206.4534166815875,134.4110797105445,3638174.5432859473,18638174.543285947,3470511.030410815,240.1919530395931,240.1919530395931,240.1919530395931,210.60867195214186,29.58328108745124,579272815.7897353,579272815.7897367,0.0,1.0000000000000024,0.006445477620117959,0.002061771799980695,0.44228618194208574,0.0,2.469495263055159e-15,1740,0,0.0,0.8804718059999459,0.0,2.043329964355377e-14,0,0.05,24000000.0,False,5361825.456714053,0.41920;0.41948;0.41986;0.42039;0.42112;0.42215;0.42291;0.42379;0.42500;0.42686;0.42825;0.42980;0.43901;0.43165;0.39227;0.33758;0.17427;0.00000;0.00000;0.00000;0.00000;0.00000;0.00000;0.00000
ok,R1028_S+01,1028,1,20290004,23.265584349448996,0.49943524910671055,0.2505977445656817,72.26672424130618,2650.842693723669,2.1943056380440162,2.9625955409845997,0.44357144547187566,0.33323098925237826,0.041665148860117726,685.6951407529169,4,2.1988623261019497e-14,2.3052103513306493e-14,2.1164889229110095e-14,0.2870575223967754,0.3874530156892204,1.6659000077781653e-12,3.423884077709116,6.387661500421995,1.9659891068313537,2.0515998781288363,2.1512867759657928,2.265049800342223,332693061.6153469,160.3504010579561,101.37245494959251,2387001.248387631,17387001.24838763,2286037.9074865542,188.30418786225823,188.30418786225823,188.30418786225823,156.2688911888076,32.03529667345063,332693061.6153467,332693061.6153465,0.0,0.9999999999999993,0.0038367680255854478,0.0011963879701058396,0.47400509145510256,0.0,7.166322554006775e-16,732,0,0.0,0.440743694000048,0.0,2.0612147123881257e-14,0,0.05,24000000.0,False,6612998.751612369,0.43922;0.43957;0.44006;0.44073;0.44168;0.44299;0.44405;0.44541;0.44749;0.45130;0.46147;0.47112;0.44351;0.40005;0.34761;0.22908;0.00062;0.00000;0.00000;0.00000;0.00000;0.00000;0.00000;0.00000
ok,R1028_S+02,1028,2,20290004,23.265584349448996,0.49943524910671055,0.2505977445656817,72.26672424130618,2650.842693723669,2.1943056380440162,2.9625955409845997,0.44357144547187566,0.33323098925237826,0.041665148860117726,685.6951407529169,4,2.1988623261019497e-14,2.3052103513306493e-14,2.1164889229110095e-14,0.2870575223967754,0.3874530156892204,1.6659000077781653e-12,3.423884077709116,6.387661500421995,1.0599857647575541,0.9296538292892574,1.0708446079677072,1.483558100792904,179248836.7188444,117.92673253886372,74.20431926839875,1390878.7288769782,16390878.728876978,1330818.45721367,138.156281866241,138.156281866241,138.156281866241,114.09234746961695,24.063934396624035,179248836.71884435,179248836.71884453,0.0,1.0000000000000009,0.002027244695223864,0.0006488220827420452,0.5014068129642316,0.0,9.975737505434714e-16,386,0,0.0,0.2598087139999734,0.0,3.406666984224618e-14,0,0.05,24000000.0,False,7609121.271123022,0.46754;0.46786;0.46831;0.46893;0.46980;0.47100;0.47245;0.47485;0.48170;0.49868;0.48405;0.44686;0.40320;0.35197;0.24366;0.00239;0.00000;0.00000;0.00000;0.00000;0.00000;0.00000;0.00000;0.00000
ok,R1028_S+03,1028,3,20290004,23.265584349448996,0.49943524910671055,0.2505977445656817,72.26672424130618,2650.842693723669,2.1943056380440162,2.9625955409845997,0.44357144547187566,0.33323098925237826,0.041665148860117726,685.6951407529169,4,2.1988623261019497e-14,2.3052103513306493e-14,2.1164889229110095e-14,0.2870575223967754,0.3874530156892204,1.6659000077781653e-12,3.423884077709116,6.387661500421995,3.3365653223964635,8.357919438102597,14.480472509750461,21.704224537340057,1888690084.7639859,387.63537958854175,246.54695695156417,20864980.02742806,35864980.02742806,18639961.93803829,450.8948537523011,450.8948537523011,450.8948537523011,364.50625398036993,86.38859977193118,1888690084.7639956,1888690084.7639985,0.0,1.0000000000000016,0.02102761230333267,0.006368336031166762,0.39814272506780707,0.0,1.514818641924651e-15,16125,0,0.0,8.19684105500005,0.0,1.3547067429380515e-14,0,0.05,24000000.0,True,-11864980.02742806,0.31418;0.31491;0.31593;0.31735;0.31932;0.32206;0.32668;0.32884;0.33107;0.33339;0.33586;0.33860;0.34183;0.34610;0.35324;0.38334;0.37884;0.31828;0.08053;0.00000;0.00000;0.00000;0.00000;0.00000
ok,R1029_S+00,1029,0,20291004,21.563734374915068,0.5235647853111887,0.2050897535573623,46.99070083455092,3358.0407408283554,2.7569259858710184,3.4503792270826055,0.26392483160931485,0.2928028590708034,0.05806788679252304,603.875432995089,4,1.6749358023347986e-14,2.3281111970336253e-14,1.2617804502685461e-14,0.60661657317767,0.947314952332054,1.0939957676937531e-12,2.0540636654529716,2.7270649529815345,1.3333490293156736,1.2147524805635495,0.7850654042749962,0.044287800450013355,133230456.12699318,167.5324737027674,89.54695733854912,2537388.874680061,17537388.87468006,2264754.2488999814,193.84371944243094,193.84371944243094,193.84371944243094,88.8021058399765,105.04161360245443,133230456.12699318,133230456.12699316,0.0,0.9999999999999999,0.0017068161799106162,0.0006398219604205999,0.537345898526321,0.0,1.1184500621722785e-16,1177,0,0.0,0.7038319989999309,0.0,3.991510606126743e-14,25,0.05,24000000.0,False,6462611.125319939,0.51908;0.51922;0.51943;0.51971;0.52010;0.52064;0.51544;0.51128;0.51376;0.51497;0.51430;0.50504;0.48269;0.43158;0.25610;0.10727;0.00596;0.00000;0.00000;0.00000;0.00000;0.00000;0.00000;0.00000
ok,R1029_S+01,1029,1,20291004,21.563734374915068,0.5235647853111887,0.2050897535573623,46.99070083455092,3358.0407408283554,2.7569259858710184,3.4503792270826055,0.26392483160931485,0.2928028590708034,0.05806788679252304,603.875432995089,4,1.6749358023347986e-14,2.3281111970336253e-14,1.2617804502685461e-14,0.60661657317767,0.947314952332054,1.0939957676937531e-12,2.0540636654529716,2.7270649529815345,1.3947148252349182,1.5806343541243533,2.1405352192264266,3.074417420541138,323082835.8590963,263.5749762173522,141.43858228966405,7813122.6783824675,22813122.678382467,6878618.493410688,303.46117910037356,303.46117910037356,303.46117910037356,130.5911612441193,172.87001785625426,323082835.85909665,323082835.8590966,0.0,0.9999999999999998,0.004125958027070224,0.0015292693371482438,0.5065854350562712,0.0,1.844871907753883e-16,4476,0,0.0,2.1137152659999856,0.0,8.637539387355869e-15,0,0.05,24000000.0,False,1186877.3216175325,0.44167;0.44267;0.44405;0.44598;0.44866;0.45239;0.45553;0.45803;0.46072;0.46379;0.46774;0.47736;0.48561;0.47816;0.45053;0.31046;0.15694;0.04925;0.00000;0.00000;0.00000;0.00000;0.00000;0.00000
ok,R1029_S+02,1029,2,20291004,21.563734374915068,0.5235647853111887,0.2050897535573623,46.99070083455092,3358.0407408283554,2.7569259858710184,3.4503792270826055,0.26392483160931485,0.2928028590708034,0.05806788679252304,603.875432995089,4,1.6749358023347986e-14,2.3281111970336253e-14,1.2617804502685461e-14,0.60661657317767,0.947314952332054,1.0939957676937531e-12,2.0540636654529716,2.7270649529815345,0.7094535429757307,1.565962666314716,2.855566730658146,4.578265736006021,383000732.5203816,291.3421025538039,155.73398575887626,11534188.183549087,26534188.183549087,9925220.042911358,335.76921878964396,335.76921878964396,335.76921878964396,141.53013957182296,194.239079217821,383000732.52038383,383000732.5203836,0.0,0.9999999999999993,0.004892631519153658,0.0018036341899973565,0.4974352330771236,0.0,6.225016269097437e-16,6988,0,0.0,3.96832770900005,0.0,1.015140975939741e-14,0,0.05,24000000.0,True,-2534188.1835490875,0.42238;0.42343;0.42489;0.42692;0.42975;0.43369;0.43832;0.44119;0.44424;0.44756;0.45137;0.45706;0.47045;0.47274;0.45299;0.33625;0.19515;0.08729;0.00001;0.00000;0.00000;0.00000;0.00000;0.00000
ok,R1029_S+03,1029,3,20291004,21.563734374915068,0.5235647853111887,0.2050897535573623,46.99070083455092,3358.0407408283554,2.7569259858710184,3.4503792270826055,0.26392483160931485,0.2928028590708034,0.05806788679252304,603.875432995089,4,1.6749358023347986e-14,2.3281111970336253e-14,1.2617804502685461e-14,0.60661657317767,0.947314952332054,1.0939957676937531e-12,2.0540636654529716,2.7270649529815345,6.276296463923347,4.546273917323821,2.489445240599632,0.1677228256949698,531735242.5401802,337.74378186865533,182.3199465681967,14098871.622545414,29098871.622545414,11630123.6103115,382.54123444624923,382.54123444624923,382.54123444624923,175.68135454081224,206.859879905437,531735242.54018015,531735242.5401796,0.0,0.999999999999999,0.006414957138379247,0.0024798920758725717,0.4952574695574276,0.0,1.0088513231055582e-15,13514,0,0.0,7.256530182999995,0.0,2.615412934680656e-14,113,0.05,24000000.0,True,-5098871.622545414,0.47064;0.47093;0.47134;0.47191;0.47271;0.47381;0.47228;0.46890;0.46754;0.46176;0.45547;0.45802;0.45941;0.45931;0.45434;0.42624;0.27330;0.11531;0.01165;0.00000;0.00000;0.00000;0.00000;0.00000
ok,R1030_S+00,1030,0,20292004,12.061831253261504,0.22640400475185235,0.24299095256134726,54.008503162186045,3894.6115398526695,2.0064009385908665,2.54995084924719,0.6457422949299665,0.1646132345672582,0.06683606081381778,722.3389736047695,4,1.0721460588411104e-14,1.0763573671525884e-14,1.067961527796889e-14,0.09716455385827938,0.10236952768843509,5.813245026750284e-13,2.017623897560475,5.796951110528029,0.3878153449777801,0.6418936046840824,1.209103144616667,2.0894439647755334,170736716.7615056,115.28866154744418,73.63743284005785,3057529.7475052327,18057529.747505233,2732619.6496524513,133.33777042774972,133.33777042774972,133.33777042774972,119.46734858328625,13.870421844463465,170736716.76150575,170736716.76150566,0.0,0.9999999999999994,0.0009734885566569067,0.00037629426547609315,0.6210664328832166,0.0,5.236540145490464e-16,519,0,0.0,0.2769609669999227,0.0,2.342525466643951e-14,0,0.05,24000000.0,False,5942470.252494767,0.56258;0.56346;0.56468;0.56639;0.56876;0.57207;0.57434;0.57665;0.57949;0.58783;0.61800;0.58074;0.51703;0.44098;0.29915;0.00036;0.00000;0.00000;0.00000;0.00000;0.00000;0.00000;0.00000;0.00000
ok,R1030_S+01,1030,1,20292004,12.061831253261504,0.22640400475185235,0.24299095256134726,54.008503162186045,3894.6115398526695,2.0064009385908665,2.54995084924719,0.6457422949299665,0.1646132345672582,0.06683606081381778,722.3389736047695,4,1.0721460588411104e-14,1.0763573671525884e-14,1.067961527796889e-14,0.09716455385827938,0.10236952768843509,5.813245026750284e-13,2.017623897560475,5.796951110528029,3.3401681876439464,4.567810059447114,4.430009845150786,2.926767544754962,602148815.6126132,219.63042495970578,140.68902958546585,7098301.653191309,22098301.65319131,6225584.598248392,244.8924864249902,244.8924864249902,244.8924864249902,223.53167678681166,21.36080963817855,602148815.6126132,602148815.6126128,0.0,0.9999999999999994,0.0035447128080370593,0.0013122694708420808,0.5406378475718855,0.0,5.939194089230266e-16,2245,0,0.0,1.0542661289999842,0.0,5.627224310562581e-15,0,0.05,24000000.0,False,1901698.3468086906,0.51976;0.52065;0.52190;0.52363;0.52604;0.52940;0.53168;0.53374;0.53591;0.53822;0.53991;0.53491;0.53034;0.53778;0.50676;0.43291;0.28027;0.00000;0.00000;0.00000;0.00000;0.00000;0.00000;0.00000
ok,R1030_S+02,1030,2,20292004,12.061831253261504,0.22640400475185235,0.24299095256134726,54.008503162186045,3894.6115398526695,2.0064009385908665,2.54995084924719,0.6457422949299665,0.1646132345672582,0.06683606081381778,722.3389736047695,4,1.0721460588411104e-14,1.0763573671525884e-14,1.067961527796889e-14,0.09716455385827938,0.10236952768843509,5.813245026750284e-13,2.017623897560475,5.796951110528029,0.17758740718260416,3.126915329263804,5.268507663449946,6.118173292226504,579523123.1031704,216.29728915739778,138.95968505204863,9902885.32563974,24902885.32563974,8565218.821381398,242.64505509952363,242.64505509952363,242.64505509952363,217.49499260082143,25.150062498702198,579523123.1031685,579523123.1031697,0.0,1.000000000000002,0.0033670041431776887,0.0012636001118457615,0.5350290111691787,0.0,2.0570238666656145e-15,2593,0,0.0,1.3693356599999333,0.0,4.74075616702682e-14,0,0.05,24000000.0,True,-902885.3256397396,0.46908;0.47034;0.47209;0.47452;0.47791;0.48263;0.48690;0.48996;0.49314;0.49654;0.50029;0.50481;0.51285;0.53253;0.50440;0.42844;0.26420;0.00000;0.00000;0.00000;0.00000;0.00000;0.00000;0.00000
ok,R1030_S+03,1030,3,20292004,12.061831253261504,0.22640400475185235,0.24299095256134726,54.008503162186045,3894.6115398526695,2.0064009385908665,2.54995084924719,0.6457422949299665,0.1646132345672582,0.06683606081381778,722.3389736047695,4,1.0721460588411104e-14,1.0763573671525884e-14,1.067961527796889e-14,0.09716455385827938,0.10236952768843509,5.813245026750284e-13,2.017623897560475,5.796951110528029,8.46139968911441,4.743914952131501,2.9160101620777694,2.9776853189532133,753398652.2934567,246.94673472473931,159.23606211374408,13415225.135899026,28415225.135899026,11363102.288116805,274.68645809384213,274.68645809384213,274.68645809384213,253.43122630770455,21.255231786137585,753398652.2934554,753398652.2934563,0.0,1.0000000000000013,0.004725509387323999,0.0016352469051998373,0.5395724667919328,0.0,1.2658296023003576e-15,3724,0,0.0,1.5765956760000108,0.0,6.660609440606734e-15,0,0.05,24000000.0,True,-4415225.135899026,0.51275;0.51361;0.51480;0.51647;0.51879;0.52202;0.52428;0.52630;0.52848;0.53097;0.53404;0.53785;0.53426;0.51820;0.49762;0.45603;0.35818;0.01585;0.00000;0.00000;0.00000;0.00000;0.00000;0.00000
ok,R1031_S+00,1031,0,20293004,17.958602506386082,0.6634552883370809,0.19369211169167025,41.6175331229424,3553.6043651454215,2.065113021986087,2.2335328181660214,0.637037333434933,0.2632856852440141,0.05657157518205751,768.5864745021067,4,1.768109750050888e-14,2.302089499064351e-14,1.2812621772225707e-14,0.5995832364038067,0.7025514846431197,9.580728597928853e-13,2.074725691565464,6.756439056732986,1.1042005130452532,1.0276192907316484,1.0570924575682972,1.1926200135551996,172838303.647996,171.8746767896655,98.76418571511543,1672205.3790034372,16672205.379003437,1610914.107823154,196.04984794652438,196.04984794652438,196.04984794652438,98.83599914008208,97.2138488064423,172838303.64799595,172838303.647996,0.0,1.0000000000000004,0.0020150384530163786,0.0006964284681361344,0.5823223276937269,0.0,3.448578441083406e-16,589,0,0.0,0.29040248000001156,0.0,2.4813737798780257e-14,0,0.05,24000000.0,False,7327794.620996563,0.54945;0.54982;0.55034;0.55107;0.55208;0.55348;0.55489;0.55698;0.56132;0.56716;0.56663;0.54873;0.50067;0.43308;0.30338;0.17768;0.01561;0.00000;0.00000;0.00000;0.00000;0.00000;0.00000;0.00000
ok,R1031_S+01,1031,1,20293004,17.958602506386082,0.6634552883370809,0.19369211169167025,41.6175331229424,3553.6043651454215,2.065113021986087,2.2335328181660214,0.637037333434933,0.2632856852440141,0.05657157518205751,768.5864745021067,4,1.768109750050888e-14,2.302089499064351e-14,1.2812621772225707e-14,0.5995832364038067,0.7025514846431197,9.580728597928853e-13,2.074725691565464,6.756439056732986,0.2027454117491966,0.4438338876307377,1.0578595952520071,2.0448225346130053,147897115.5994254,163.67299313684381,93.01283308141784,2085362.9624853395,17085362.96248534,1962534.3058468848,182.9619758523924,182.9619758523924,182.9619758523924,84.17989944875075,98.78207640364167,147897115.59942538,147897115.59942523,0.0,0.999999999999999,0.0017102208663119687,0.0005965529606532849,0.5834064660472779,0.0,1.007535619166974e-15,629,0,0.0,0.38770643700001983,0.0,1.0747901292147591e-13,0,0.05,24000000.0,False,6914637.0375146605,0.53636;0.53687;0.53759;0.53858;0.53996;0.54187;0.54353;0.54572;0.55150;0.55683;0.55364;0.53710;0.48231;0.39656;0.27428;0.15024;0.00292;0.00000;0.00000;0.00000;0.00000;0.00000;0.00000;0.00000
ok,R1031_S+02,1031,2,20293004,17.958602506386082,0.6634552883370809,0.19369211169167025,41.6175331229424,3553.6043651454215,2.065113021986087,2.2335328181660214,0.637037333434933,0.2632856852440141,0.05657157518205751,768.5864745021067,4,1.768109750050888e-14,2.302089499064351e-14,1.2812621772225707e-14,0.5995832364038067,0.7025514846431197,9.580728597928853e-13,2.074725691565464,6.756439056732986,0.8800452432181463,0.511708760433244,0.2724441515307177,0.1622514165105678,72047956.25456098,109.21238390488149,63.00094782325561,890612.305823518,15890612.305823518,721618.026909776,123.6262232559274,123.6262232559274,123.6262232559274,66.24169318035622,57.38453007557118,72047956.25456098,72047956.25456092,0.0,0.9999999999999992,0.0008272022868632772,0.0002919716553941753,0.6163651169643162,0.0,8.2729126367991e-16,313,0,0.0,0.19169476299998678,0.0,1.5202192401308845e-13,0,0.05,24000000.0,False,8109387.694176482,0.61309;0.61320;0.61336;0.61357;0.61387;0.61428;0.61285;0.60887;0.59975;0.57941;0.54046;0.48439;0.41080;0.27576;0.13161;0.00001;0.00000;0.00000;0.00000;0.00000;0.00000;0.00000;0.00000;0.00000
ok,R1031_S+03,1031,3,20293004,17.958602506386082,0.6634552883370809,0.19369211169167025,41.6175331229424,3553.6043651454215,2.065113021986087,2.2335328181660214,0.637037333434933,0.2632856852440141,0.05657157518205751,768.5864745021067,4,1.768109750050888e-14,2.302089499064351e-14,1.2812621772225707e-14,0.5995832364038067,0.7025514846431197,9.580728597928853e-13,2.074725691565464,6.756439056732986,1.751864173998081,3.2508852385166978,3.9161796807998686,3.747747500847591,499662391.6099178,294.60993628370807,170.039037567459,5105136.159025367,20105136.159025367,4837121.642883483,329.981487175022,329.981487175022,329.981487175022,164.01204901660097,165.969438158421,499662391.60991704,499662391.6099172,0.0,1.0000000000000004,0.006018442097187149,0.001977088497468028,0.5239728215264613,0.0,3.578695081493559e-16,2864,0,0.0,1.4811845959999346,0.0,1.4269995432860625e-14,0,0.05,24000000.0,False,3894863.8409746327,0.47308;0.47371;0.47457;0.47577;0.47744;0.47977;0.48140;0.48296;0.48475;0.48702;0.49032;0.49673;0.50248;0.49875;0.47166;0.38981;0.26242;0.12496;0.00000;0.00000;0.00000;0.00000;0.00000;0.00000
ok,R1032_S+00,1032,0,20294004,29.69156574752299,0.12812437367412094,0.13968280959847812,50.81841438652768,2689.2563076190945,2.6879973536774493,3.7365441338912575,0.2255371920188641,0.28879604963193045,0.07010056772137846,676.3946152925331,4,2.9431100122608105e-14,2.988595448046187e-14,2.8999998605405644e-14,0.18175885797531877,0.20574293501965749,1.5187568191250152e-12,1.9718608757113862,1.9304025574966837,0.6436972463497549,0.6292663830416035,0.9945347889273157,1.7395024640068917,158064163.8050966,152.75803780101785,102.62896537599794,3746717.39012827,18746717.39012827,3340242.904292509,175.0771883367283,175.0771883367283,175.0771883367283,155.37278217679255,19.704406159935758,158064163.80509672,158064163.80509678,0.0,1.0000000000000004,0.0035472891142114904,0.0014248472283658986,0.5325548323123126,0.0,3.770914503358711e-16,1110,0,0.0,0.4416413229999989,0.0,1.241810310534592e-14,0,0.05,24000000.0,False,5253282.60987173,0.47906;0.47968;0.48056;0.48177;0.48347;0.48582;0.48742;0.48907;0.49105;0.49371;0.49823;0.51930;0.52170;0.48917;0.44689;0.30511;0.00000;0.00000;0.00000;0.00000;0.00000;0.00000;0.00000;0.00000
ok,R1032_S+01,1032,1,20294004,29.69156574752299,0.12812437367412094,0.13968280959847812,50.81841438652768,2689.2563076190945,2.6879973536774493,3.7365441338912575,0.2255371920188641,0.28879604963193045,0.07010056772137846,676.3946152925331,4,2.9431100122608105e-14,2.988595448046187e-14,2.8999998605405644e-14,0.18175885797531877,0.20574293501965749,1.5187568191250152e-12,1.9718608757113862,1.9304025574966837,8.652016281144933,6.048208840555869,5.157202691063812,5.9789978326687585,1019169482.4354103,384.6935443343724,263.396355292787,20980364.10946969,35980364.10946969,18851671.351924255,445.03880783234507,445.03880783234507,445.03880783234507,389.4881862417444,55.550621590600656,1019169482.4354068,1019169482.4354084,0.0,1.0000000000000016,0.022870077181135255,0.008446147823127229,0.45927153150687977,0.0,1.520572182417535e-15,26573,0,0.0,13.867431676000024,0.0,3.3361911255326386e-15,0,0.05,24000000.0,True,-11980364.10946969,0.39387;0.39441;0.39515;0.39618;0.39762;0.39962;0.40309;0.40469;0.40634;0.40806;0.40987;0.41184;0.41411;0.41698;0.42120;0.43017;0.45166;0.43452;0.17969;0.00000;0.00000;0.00000;0.00000;0.00000
ok,R1032_S+02,1032,2,20294004,29.69156574752299,0.12812437367412094,0.13968280959847812,50.81841438652768,2689.2563076190945,2.6879973536774493,3.7365441338912575,0.2255371920188641,0.28879604963193045,0.07010056772137846,676.3946152925331,4,2.9431100122608105e-14,2.988595448046187e-14,2.8999998605405644e-14,0.18175885797531877,0.20574293501965749,1.5187568191250152e-12,1.9718608757113862,1.9304025574966837,1.4372147095850736,1.1248651988477978,0.8110939098470166,0.4959008425827295,152623388.14704767,149.25757638804657,100.86476840139211,2317720.376757495,17317720.376757495,2140174.0025513284,172.0670427093416,172.0670427093416,172.0670427093416,155.3160594852588,16.750983224082802,152623388.14704782,152623388.1470476,0.0,0.9999999999999987,0.0035472891142114904,0.001376683384499757,0.5235803579652496,0.0,1.3668695161771143e-15,996,0,0.0,0.41442491999998765,0.0,2.5435718821646268e-14,0,0.05,24000000.0,False,6682279.623242505,0.50085;0.50109;0.50143;0.50190;0.50256;0.50348;0.50424;0.50522;0.50671;0.50807;0.51000;0.51889;0.51688;0.48687;0.44432;0.28938;0.00000;0.00000;0.00000;0.00000;0.00000;0.00000;0.00000;0.00000
ok,R1032_S+03,1032,3,20294004,29.69156574752299,0.12812437367412094,0.13968280959847812,50.81841438652768,2689.2563076190945,2.6879973536774493,3.7365441338912575,0.2255371920188641,0.28879604963193045,0.07010056772137846,676.3946152925331,4,2.9431100122608105e-14,2.988595448046187e-14,2.8999998605405644e-14,0.18175885797531877,0.20574293501965749,1.5187568191250152e-12,1.9718608757113862,1.9304025574966837,2.599734619411348,2.2143302533242877,3.3188766944649593,5.9133739428333625,554085007.9243095,284.494687085021,193.40661702583358,15268213.376972638,30268213.376972638,13256461.600194905,329.3026293127701,329.3026293127701,329.3026293127701,289.9532743877152,39.349354925054854,554085007.9243084,554085007.9243093,0.0,1.0000000000000016,0.012743413675135548,0.004797962127631349,0.4903233419672554,0.0,1.5060234709859936e-15,9235,0,0.0,5.106590102000041,0.0,5.4314010153680135e-15,0,0.05,24000000.0,True,-6268213.376972638,0.41173;0.41248;0.41351;0.41496;0.41697;0.41976;0.42350;0.42557;0.42771;0.42998;0.43245;0.43528;0.43882;0.44408;0.46261;0.48252;0.44182;0.23900;0.00000;0.00000;0.00000;0.00000;0.00000;0.00000
ok,R1033_S+00,1033,0,20295004,28.20741083504772,0.5576143349965412,0.21982848053304066,30.44166622861256,1383.893714636797,2.2328285858297456,2.0803610051245696,0.5885939408488337,0.2812661534127667,0.0764810225649975,601.6961857824273,4,2.263244597403379e-14,3.1004320442425525e-14,1.7622202461416273e-14,0.5911053181150682,0.9499454207616153,9.438231745532675e-13,0.5588731212270769,4.617568550540361,2.4752096718786736,1.8897189791369375,1.6508186957797775,1.758508821807194,306671083.0828661,226.32257377102127,151.4836822116804,16168392.335195214,31168392.335195214,15992271.776800636,257.6338850872053,257.6338850872053,257.6338850872053,225.21229879553033,32.42158629167494,306671083.0828667,306671083.08286643,0.0,0.999999999999999,0.029658110088372606,0.011083129229963826,0.4938305008536413,0.0,9.718008652169633e-16,6038,0,0.0,3.4763797790000126,0.0,1.5016604737899012e-14,0,0.05,24000000.0,True,-7168392.335195214,0.41750;0.41777;0.41814;0.41865;0.41934;0.42029;0.42132;0.42202;0.42280;0.42373;0.42495;0.42675;0.42976;0.43565;0.45177;0.48856;0.44308;0.26328;0.00000;0.00000;0.00000;0.00000;0.00000;0.00000
ok,R1033_S+01,1033,1,20295004,28.20741083504772,0.5576143349965412,0.21982848053304066,30.44166622861256,1383.893714636797,2.2328285858297456,2.0803610051245696,0.5885939408488337,0.2812661534127667,0.0764810225649975,601.6961857824273,4,2.263244597403379e-14,3.1004320442425525e-14,1.7622202461416273e-14,0.5911053181150682,0.9499454207616153,9.438231745532675e-13,0.5588731212270769,4.617568550540361,0.5512688718198315,1.3878575872213805,2.059341383535491,2.5657202607621605,258937528.11240813,215.72080190133767,139.27854891061486,15259047.490230538,30259047.490230538,14993661.381984971,250.39680200935024,250.39680200935024,250.39680200935024,195.37698367127408,55.01981833807616,258937528.11240956,258937528.1124093,0.0,0.999999999999999,0.025103187284536466,0.009519895262019367,0.5112864532514995,0.0,1.0358517880529784e-15,4982,0,0.0,2.762017998000033,0.0,2.9229474989773225e-14,0,0.05,24000000.0,True,-6259047.490230538,0.42310;0.42350;0.42406;0.42481;0.42585;0.42727;0.42878;0.42980;0.43092;0.43224;0.43393;0.43639;0.44049;0.44937;0.48110;0.48902;0.41497;0.15124;0.00000;0.00000;0.00000;0.00000;0.00000;0.00000
ok,R1033_S+02,1033,2,20295004,28.20741083504772,0.5576143349965412,0.21982848053304066,30.44166622861256,1383.893714636797,2.2328285858297456,2.0803610051245696,0.5885939408488337,0.2812661534127667,0.0764810225649975,601.6961857824273,4,2.263244597403379e-14,3.1004320442425525e-14,1.7622202461416273e-14,0.5911053181150682,0.9499454207616153,9.438231745532675e-13,0.5588731212270769,4.617568550540361,2.908462712691801,1.748308020533954,1.301952632842756,1.569396549618207,296961746.31409395,223.28945119590477,149.13259452788387,15448818.59653357,30448818.59653357,15293158.73006282,254.7433196591709,254.7433196591709,254.7433196591709,222.63866379277167,32.10465586639924,296961746.3140942,296961746.3140929,0.0,0.9999999999999956,0.029658110088372606,0.010774688380080628,0.49377846200690445,0.0,4.415727619245744e-15,6038,0,0.0,3.3964372980000235,0.0,1.7837843339528046e-14,0,0.05,24000000.0,True,-6448818.59653357,0.42082;0.42107;0.42143;0.42191;0.42256;0.42347;0.42433;0.42498;0.42571;0.42661;0.42781;0.42964;0.43276;0.43910;0.45616;0.48911;0.43923;0.24698;0.00000;0.00000;0.00000;0.00000;0.00000;0.00000
ok,R1033_S+03,1033,3,20295004,28.20741083504772,0.5576143349965412,0.21982848053304066,30.44166622861256,1383.893714636797,2.2328285858297456,2.0803610051245696,0.5885939408488337,0.2812661534127667,0.0764810225649975,601.6961857824273,4,2.263244597403379e-14,3.1004320442425525e-14,1.7622202461416273e-14,0.5911053181150682,0.9499454207616153,9.438231745532675e-13,0.5588731212270769,4.617568550540361,1.5509519009982369,2.4979669071712407,2.539668399548085,1.676056378128768,326015395.5308802,235.49886383840646,156.234114621916,16985647.502212323,31985647.502212323,16830644.013561245,266.89233042687573,266.89233042687573,266.89233042687573,230.12235509712258,36.76997532975315,326015395.53088146,326015395.5308805,0.0,0.9999999999999971,0.03147688130863492,0.011693621180049787,0.4914686093724965,0.0,2.925243192436641e-15,6833,0,0.0,3.537832543000036,0.0,1.6488276784187525e-14,0,0.05,24000000.0,True,-7985647.502212323,0.41356;0.41383;0.41420;0.41471;0.41540;0.41635;0.41729;0.41796;0.41870;0.41958;0.42071;0.42236;0.42504;0.42995;0.44123;0.48264;0.45071;0.29676;0.00000;0.00000;0.00000;0.00000;0.00000;0.00000
ok,R1034_S+00,1034,0,20296004,19.449935836728603,0.43058531332529176,0.15399011948079525,60.46917746530488,2849.248197472285,2.990677331779197,3.4888247358037354,0.27379313192706956,0.3341401994769168,0.06613343735172776,658.7994605421472,4,3.415493633020716e-14,4.066638163062518e-14,2.993658147964309e-14,0.47612750030923956,0.74971005440322,2.459062647694088e-12,2.1268861802638885,2.4840063625083895,2.792970458396504,1.7347904228033033,0.8908380438911934,0.26111332166017504,224047608.9975936,173.78800678668628,111.12216828111004,2796196.5195357986,17796196.5195358,2512496.8590355255,201.98118860229494,201.98118860229494,201.98118860229494,156.95242960156375,45.028759000731185,224047608.9975939,224047608.99759358,0.0,0.9999999999999986,0.0037875996611201703,0.0014076749668343869,0.4926853443631249,0.0,1.4631959150618251e-15,1641,0,0.0,0.9090250539999261,0.0,2.680776169421289e-14,74,0.05,24000000.0,False,6203803.480464201,0.47971;0.47985;0.48004;0.48030;0.48066;0.48117;0.48166;0.48234;0.48219;0.47981;0.48108;0.48489;0.48851;0.47064;0.43469;0.32581;0.02466;0.00000;0.00000;0.00000;0.00000;0.00000;0.00000;0.00000
ok,R1034_S+01,1034,1,20296004,19.449935836728603,0.43058531332529176,0.15399011948079525,60.46917746530488,2849.248197472285,2.990677331779197,3.4888247358037354,0.27379313192706956,0.3341401994769168,0.06613343735172776,658.7994605421472,4,3.415493633020716e-14,4.066638163062518e-14,2.993658147964309e-14,0.47612750030923956,0.74971005440322,2.459062647694088e-12,2.1268861802638885,2.4840063625083895,0.23521518118362794,0.9122419584821998,1.730094375290438,2.6887724316083426,219574780.7201341,188.10600918536755,110.19904094017511,3693324.550750274,18693324.550750274,3426607.4283024073,220.20800928104669,220.20800928104669,220.20800928104669,143.48118610821567,76.72682317283102,219574780.72013375,219574780.72013384,0.0,1.0000000000000004,0.0035829217618965183,0.0013785294141337055,0.5034486786699596,0.0,4.0718231333243376e-16,1681,0,0.0,0.9231004140000323,0.0,6.969166647021296e-14,0,0.05,24000000.0,False,5306675.449249726,0.45587;0.45645;0.45726;0.45839;0.45995;0.46214;0.46363;0.46515;0.46697;0.46940;0.47357;0.48790;0.49002;0.46865;0.42949;0.27289;0.05387;0.00000;0.00000;0.00000;0.00000;0.00000;0.00000;0.00000
ok,R1034_S+02,1034,2,20296004,19.449935836728603,0.43058531332529176,0.15399011948079525,60.46917746530488,2849.248197472285,2.990677331779197,3.4888247358037354,0.27379313192706956,0.3341401994769168,0.06613343735172776,658.7994605421472,4,3.415493633020716e-14,4.066638163062518e-14,2.993658147964309e-14,0.47612750030923956,0.74971005440322,2.459062647694088e-12,2.1268861802638885,2.4840063625083895,0.696554421508162,0.9777066893218331,1.2113911146487841,1.3976076974890144,168961754.18131056,158.24481553524367,96.3292350313779,2271383.235030446,17271383.235030446,2162389.447646428,181.86960396817065,181.86960396817065,181.86960396817065,129.58596141122078,52.28364255694987,168961754.18131062,168961754.18131065,0.0,1.0000000000000002,0.0026536145023301973,0.0010656193120289596,0.5127998540129742,0.0,1.7638501998336756e-16,943,0,0.0,0.560546582000029,0.0,2.399519657408806e-14,0,0.05,24000000.0,False,6728616.764969554,0.47478;0.47519;0.47577;0.47657;0.47768;0.47923;0.48038;0.48173;0.48361;0.48679;0.49641;0.50557;0.48828;0.45601;0.40843;0.14994;0.00218;0.00000;0.00000;0.00000;0.00000;0.00000;0.00000;0.00000
ok,R1034_S+03,1034,3,20296004,19.449935836728603,0.43058531332529176,0.15399011948079525,60.46917746530488,2849.248197472285,2.990677331779197,3.4888247358037354,0.27379313192706956,0.3341401994769168,0.06613343735172776,658.7994605421472,4,3.415493633020716e-14,4.066638163062518e-14,2.993658147964309e-14,0.47612750030923956,0.74971005440322,2.459062647694088e-12,2.1268861802638885,2.4840063625083895,0.2340724859381668,1.9234043622207253,3.611461021355252,5.298242463341746,436567062.59016633,267.0270961121054,156.08355813183272,7943413.806405038,22943413.806405038,7272385.206969477,308.0448439596076,308.0448439596076,308.0448439596076,199.13740786847075,108.90743609113684,436567062.5901661,436567062.59016585,0.0,0.9999999999999994,0.006831000112698713,0.0026932019055111237,0.48326955367081814,0.0,5.461213168190417e-16,5645,0,0.0,3.2739914019999787,0.0,6.255571632663202e-14,0,0.05,24000000.0,False,1056586.1935949624,0.42270;0.42340;0.42438;0.42574;0.42764;0.43028;0.43237;0.43408;0.43589;0.43791;0.44033;0.44360;0.45002;0.46740;0.46176;0.43092;0.27839;0.06496;0.00000;0.00000;0.00000;0.00000;0.00000;0.00000
ok,R1035_S+00,1035,0,20297004,14.05636372949753,0.22577449018049062,0.26904864742636764,56.09873186193403,3624.2848563771213,2.3564757637230684,3.381132627306078,0.626079039789311,0.24809319477033331,0.0493279473165918,688.6514004864993,4,1.2086400560072556e-14,1.2263615149329445e-14,1.1929475051421392e-14,0.1747719439279638,0.20693444948648243,6.879732579201846e-13,2.265469264489621,7.615306217034394,5.512403781738201,3.7410343644539448,3.9100272026553164,6.0193822963423145,756705791.059801,257.54033753467576,166.5393830071931,10378626.296669718,25378626.296669718,8942747.059905011,300.61688716489124,300.61688716489124,300.61688716489124,254.62772529510636,45.98916186978488,756705791.0598022,756705791.0598013,0.0,0.9999999999999989,0.0053838334389084514,0.0017276129314867828,0.4390269444539129,0.0,1.1027601965180695e-15,4370,0,0.0,2.580650139999989,0.0,4.277381115220248e-15,0,0.05,24000000.0,True,-1378626.2966697179,0.37918;0.38017;0.38156;0.38349;0.38617;0.38990;0.39347;0.39593;0.39850;0.40124;0.40429;0.40802;0.41544;0.43468;0.42928;0.39317;0.32496;0.05180;0.00000;0.00000;0.00000;0.00000;0.00000;0.00000
ok,R1035_S+01,1035,1,20297004,14.05636372949753,0.22577449018049062,0.26904864742636764,56.09873186193403,3624.2848563771213,2.3564757637230684,3.381132627306078,0.626079039789311,0.24809319477033331,0.0493279473165918,688.6514004864993,4,1.2086400560072556e-14,1.2263615149329445e-14,1.1929475051421392e-14,0.1747719439279638,0.20693444948648243,6.879732579201846e-13,2.265469264489621,7.615306217034394,3.8045988726624587,1.93930562565143,0.8646138118538095,0.5805234312695964,283586129.57447696,156.44656834208038,101.02432004839177,6373881.029431835,21373881.029431835,4655082.028295811,183.05895961882075,183.05895961882075,183.05895961882075,156.64190040055064,26.41705921827011,283586129.5744775,283586129.5744773,0.0,0.9999999999999993,0.0020509592079895407,0.0006559735489734605,0.49892357403826143,0.0,6.305454169937124e-16,1131,0,0.0,0.6822525129999804,0.0,1.7098291998432744e-14,0,0.05,24000000.0,False,2626118.970568165,0.49348;0.49380;0.49425;0.49487;0.49573;0.49694;0.49781;0.49719;0.49218;0.48365;0.47017;0.45807;0.44438;0.41737;0.36680;0.22363;0.00120;0.00000;0.00000;0.00000;0.00000;0.00000;0.00000;0.00000
ok,R1035_S+02,1035,2,20297004,14.05636372949753,0.22577449018049062,0.26904864742636764,56.09873186193403,3624.2848563771213,2.3564757637230684,3.381132627306078,0.626079039789311,0.24809319477033331,0.0493279473165918,688.6514004864993,4,1.2086400560072556e-14,1.2263615149329445e-14,1.1929475051421392e-14,0.1747719439279638,0.20693444948648243,6.879732579201846e-13,2.265469264489621,7.615306217034394,1.3237053344174983,3.535164781136489,5.32153294421681,6.682809823658461,665203158.6126338,242.90241943335275,156.33761853656887,11238533.989573438,26238533.989573438,9587712.4366511,284.88114349084145,284.88114349084145,284.88114349084145,233.97434463463821,50.90679885620324,665203158.6126332,665203158.612634,0.0,1.000000000000001,0.0047759341984736844,0.0015224476184579068,0.44048158212735755,0.0,1.0752440484444562e-15,3897,0,0.0,2.3082924369999773,0.0,8.009524488666626e-15,0,0.05,24000000.0,True,-2238533.9895734377,0.37460;0.37564;0.37708;0.37908;0.38187;0.38574;0.38983;0.39245;0.39518;0.39806;0.40121;0.40491;0.41033;0.42882;0.43012;0.38483;0.29807;0.02419;0.00000;0.00000;0.00000;0.00000;0.00000;0.00000
ok,R1035_S+03,1035,3,20297004,14.05636372949753,0.22577449018049062,0.26904864742636764,56.09873186193403,3624.2848563771213,2.3564757637230684,3.381132627306078,0.626079039789311,0.24809319477033331,0.0493279473165918,688.6514004864993,4,1.2086400560072556e-14,1.2263615149329445e-14,1.1929475051421392e-14,0.1747719439279638,0.20693444948648243,6.879732579201846e-13,2.265469264489621,7.615306217034394,6.52533637059022,4.923724473436699,5.362786739222414,7.842523167947366,972540963.0224562,293.811759002546,189.85647133144744,14133052.244543128,29133052.244543128,12046494.513591327,345.21341450846273,345.21341450846273,345.21341450846273,287.08758332487935,58.12583118358339,972540963.0224535,972540963.0224543,0.0,1.0000000000000007,0.007097793561081416,0.0022072211462366505,0.4268599331825854,0.0,7.354504997731124e-16,6858,0,0.0,3.685445404999996,0.0,3.341415040200122e-15,0,0.05,24000000.0,True,-5133052.244543128,0.36026;0.36125;0.36263;0.36456;0.36724;0.37096;0.37576;0.37845;0.38123;0.38415;0.38730;0.39088;0.39547;0.40696;0.42466;0.40800;0.35761;0.17888;0.00002;0.00000;0.00000;0.00000;0.00000;0.00000
ok,R1036_S+00,1036,0,20298004,13.334881598813359,0.7670018816574679,0.16876869509880912,51.079841067047454,3692.1879220919127,1.7890776237637431,3.2203210573559886,0.30348334541020405,0.23886958493052557,0.040192247913126006,602.9601949226136,4,3.619550739243197e-15,9.270062584980872e-15,1.9282721841133835e-15,0.7870538417338818,1.5613961929949438,4.735133235224061e-13,1.5774592456379477,4.530475818115547,0.4793291878722057,2.2312385256771687,3.84605705576802,5.323784778144759,468646515.4187396,455.8180889993634,257.0184293877379,19369287.670334354,34369287.670334354,16851241.88560161,501.19444832654153,501.19444832654153,501.19444832654153,105.49063868829083,395.70380963825073,468646515.41874,468646515.41874033,0.0,1.0000000000000007,0.006355392156818469,0.001994042440748294,0.44473895255011997,0.0,7.631079222530865e-16,15280,0,0.0,7.928522824000083,0.0,1.336568175696071e-14,0,0.05,24000000.0,True,-10369287.670334354,0.35416;0.35536;0.35703;0.35935;0.36258;0.36707;0.37511;0.37898;0.38311;0.38769;0.39357;0.40542;0.40811;0.40111;0.31648;0.24868;0.11452;0.09927;0.07549;0.00108;0.00000;0.00000;0.00000;0.00000
ok,R1036_S+01,1036,1,20298004,13.334881598813359,0.7670018816574679,0.16876869509880912,51.079841067047454,3692.1879220919127,1.7890776237637431,3.2203210573559886,0.30348334541020405,0.23886958493052557,0.040192247913126006,602.9601949226136,4,3.619550739243197e-15,9.270062584980872e-15,1.9282721841133835e-15,0.7870538417338818,1.5613961929949438,4.735133235224061e-13,1.5774592456379477,4.530475818115547,0.6857156978400426,0.637144818732143,0.5163244628458205,0.323254630181075,85301755.27985495,191.09646269881583,101.30478646745874,1929537.9278312512,16929537.92783125,1778449.8886422664,208.76556048939085,208.76556048939085,208.76556048939085,46.650313303575224,162.11524718581563,85301755.27985488,85301755.27985495,0.0,1.0000000000000009,0.0011160156392902847,0.0003794891009242633,0.5292446327101842,0.0,8.734381341251696e-16,791,0,0.0,0.42142006700009915,0.0,1.9616697533596044e-14,0,0.05,24000000.0,False,7070462.072168749,0.51772;0.51834;0.51920;0.52040;0.52207;0.52440;0.52504;0.52295;0.51615;0.49948;0.46504;0.41127;0.30863;0.20572;0.10498;0.08679;0.03145;0.00000;0.00000;0.00000;0.00000;0.00000;0.00000;0.00000
ok,R1036_S+02,1036,2,20298004,13.334881598813359,0.7670018816574679,0.16876869509880912,51.079841067047454,3692.1879220919127,1.7890776237637431,3.2203210573559886,0.30348334541020405,0.23886958493052557,0.040192247913126006,602.9601949226136,4,3.619550739243197e-15,9.270062584980872e-15,1.9282721841133835e-15,0.7870538417338818,1.5613961929949438,4.735133235224061e-13,1.5774592456379477,4.530475818115547,3.331244282294826,1.81864481142885,0.9443660476865423,0.7084079910679033,268344652.58686447,337.0633013541221,180.30660686835384,9458306.14772237,24458306.14772237,8130464.7340965085,367.32891716382187,367.32891716382187,367.32891716382187,85.01569182191626,282.3132253419056,268344652.5868645,268344652.5868645,0.0,1.0,0.003418421359111824,0.0011703844417470962,0.47535478420448307,0.0,0.0,5723,0,0.0,3.1405169729999898,0.0,1.439594115171071e-14,0,0.05,24000000.0,True,-458306.1477223709,0.45258;0.45343;0.45462;0.45627;0.45856;0.46175;0.46409;0.46622;0.46774;0.46728;0.46341;0.45234;0.43024;0.37541;0.28327;0.16518;0.10016;0.07903;0.00574;0.00000;0.00000;0.00000;0.00000;0.00000
ok,R1036_S+03,1036,3,20298004,13.334881598813359,0.7670018816574679,0.16876869509880912,51.079841067047454,3692.1879220919127,1.7890776237637431,3.2203210573559886,0.30348334541020405,0.23886958493052557,0.040192247913126006,602.9601949226136,4,3.619550739243197e-15,9.270062584980872e-15,1.9282721841133835e-15,0.7870538417338818,1.5613961929949438,4.735133235224061e-13,1.5774592456379477,4.530475818115547,2.3971389554734217,2.8874186639105663,2.656504807349187,1.7043973857892836,380484453.22457343,403.8769655256515,220.80421225004332,9955521.041964743,24955521.041964743,8937637.162850466,446.6501031287776,446.6501031287776,446.6501031287776,97.7073125458791,348.94279058289845,380484453.2245739,380484453.22457373,0.0,0.9999999999999996,0.005232908243106154,0.0016379989243000468,0.4520598894656165,0.0,4.699638390234837e-16,9021,0,0.0,4.022965044000102,0.0,6.443730051626469e-15,0,0.05,24000000.0,True,-955521.0419647433,0.41283;0.41389;0.41537;0.41743;0.42029;0.42428;0.42775;0.43051;0.43348;0.43561;0.43809;0.43799;0.43082;0.40286;0.30305;0.23909;0.10827;0.09254;0.05562;0.00000;0.00000;0.00000;0.00000;0.00000
ok,R1037_S+00,1037,0,20299004,22.14761366030852,0.645166638278972,0.19205200260207994,67.80405572328198,1572.3185394362008,2.409835540815245,2.6877751088816515,0.3064303139753684,0.33673524719491843,0.07341951798826248,743.4996035717381,4,3.560443811189805e-14,1.2169476804684098e-13,1.8873349188629623e-14,0.820334100736033,1.7274657768530426,8.251398833879882e-12,1.595500728995019,2.5042140485669533,1.2274038676280052,0.8380301013579327,0.8725542499776482,1.3309763134871522,168397843.91158426,118.37203185139983,74.3909442084101,3294180.291805081,18294180.29180508,3282465.228292711,138.68440191735488,138.68440191735488,138.68440191735488,102.23911923976061,36.445282677594264,168397843.91158402,168397843.91158414,0.0,1.0000000000000007,0.005676050348241348,0.0021805140741911473,0.531691356410102,0.0,7.079027069572884e-16,828,0,0.0,0.43262780700001713,0.0,1.7663894582949055e-13,0,0.05,24000000.0,False,5705819.708194919,0.48786;0.48812;0.48848;0.48898;0.48967;0.49062;0.49158;0.49282;0.49482;0.49888;0.51043;0.52477;0.50452;0.46208;0.38385;0.07741;0.00000;0.00000;0.00000;0.00000;0.00000;0.00000;0.00000;0.00000
ok,R1037_S+01,1037,1,20299004,22.14761366030852,0.645166638278972,0.19205200260207994,67.80405572328198,1572.3185394362008,2.409835540815245,2.6877751088816515,0.3064303139753684,0.33673524719491843,0.07341951798826248,743.4996035717381,4,3.560443811189805e-14,1.2169476804684098e-13,1.8873349188629623e-14,0.820334100736033,1.7274657768530426,8.251398833879882e-12,1.595500728995019,2.5042140485669533,0.17770806039494352,0.6524733971699845,1.1623639940883415,1.707379851150015,145950953.41968116,116.2418834359159,69.4861116291816,3175402.554497879,18175402.55449788,3160239.1389456876,134.39290883297485,134.39290883297485,134.39290883297485,87.62297257849173,46.76993625448313,145950953.41968104,145950953.41968143,0.0,1.0000000000000027,0.005141494997920057,0.0018945156972754059,0.5371509338087725,0.0,2.6545231940074144e-15,805,0,0.0,0.3797609819999934,0.0,5.38323238638375e-13,0,0.05,24000000.0,False,5824597.445502121,0.49039;0.49073;0.49120;0.49185;0.49274;0.49397;0.49521;0.49675;0.49922;0.50479;0.52052;0.52251;0.49386;0.44607;0.28832;0.06033;0.00000;0.00000;0.00000;0.00000;0.00000;0.00000;0.00000;0.00000
ok,R1037_S+02,1037,2,20299004,22.14761366030852,0.645166638278972,0.19205200260207994,67.80405572328198,1572.3185394362008,2.409835540815245,2.6877751088816515,0.3064303139753684,0.33673524719491843,0.07341951798826248,743.4996035717381,4,3.560443811189805e-14,1.2169476804684098e-13,1.8873349188629623e-14,0.820334100736033,1.7274657768530426,8.251398833879882e-12,1.595500728995019,2.5042140485669533,3.763039936001626,3.9676773730761954,3.752797850231146,3.1184013674664777,576001801.231711,214.83125240666578,138.03766983185278,10766113.419626042,25766113.419626042,10733151.982849114,250.05645938091317,250.05645938091317,250.05645938091317,186.58826265577153,63.46819672514164,576001801.2317117,576001801.2317109,0.0,0.9999999999999986,0.01915972742711136,0.007026915300083872,0.4854790330760689,0.0,1.448719474611128e-15,5017,0,0.0,2.541263443000048,0.0,4.370009232572366e-14,0,0.05,24000000.0,True,-1766113.4196260422,0.42502;0.42533;0.42577;0.42637;0.42720;0.42834;0.42936;0.43015;0.43103;0.43209;0.43349;0.43559;0.43926;0.44848;0.47025;0.45667;0.35357;0.04833;0.00000;0.00000;0.00000;0.00000;0.00000;0.00000
ok,R1037_S+03,1037,3,20299004,22.14761366030852,0.645166638278972,0.19205200260207994,67.80405572328198,1572.3185394362008,2.409835540815245,2.6877751088816515,0.3064303139753684,0.33673524719491843,0.07341951798826248,743.4996035717381,4,3.560443811189805e-14,1.2169476804684098e-13,1.8873349188629623e-14,0.820334100736033,1.7274657768530426,8.251398833879882e-12,1.595500728995019,2.5042140485669533,0.22254845180649238,0.280656046692717,0.282346266037289,0.22761910984020842,39966512.034537956,56.13891248737244,36.16393340484147,730437.7557778563,15730437.755777856,729217.8956561629,64.80893086329044,64.80893086329044,64.80893086329044,50.34282605344724,14.466104809843202,39966512.03453795,39966512.03453836,0.0,1.0000000000000102,0.0013506042760546818,0.0005281547007134014,0.5726988501143315,0.0,1.0253132234223702e-14,340,0,0.0,0.16103201900000386,0.0,3.9155442020889867e-13,0,0.05,24000000.0,False,8269562.244222144,0.55262;0.55281;0.55306;0.55341;0.55389;0.55455;0.55819;0.56676;0.55887;0.53155;0.49613;0.45205;0.34175;0.01962;0.00000;0.00000;0.00000;0.00000;0.00000;0.00000;0.00000;0.00000;0.00000;0.00000
ok,R1038_S+00,1038,0,20300004,28.116459317492303,0.6022759926188441,0.1095393544112832,65.09253653680794,1284.7914804309944,1.6636738445930475,3.4492724907090553,0.5265594787844415,0.25372664629730546,0.04233382402161352,752.8197999758734,4,2.186869955495769e-14,2.410479112464708e-14,1.9275616574983023e-14,0.42351967154456716,0.43694418877048924,1.5690419969932141e-12,0.7210587239776424,7.462961227158785,0.11749463871247909,1.1393852229093793,1.6885457701227844,1.764976280352694,185811224.22650364,183.84946092870425,118.17669319198154,7988738.944743317,22988738.944743317,7896740.344907422,199.53451097420904,199.53451097420904,199.53451097420904,184.57560293229838,14.95890804191066,185811224.22650433,185811224.22650376,0.0,0.999999999999997,0.02228874883719044,0.006205932063624108,0.4227428326785691,0.0,3.047416148961798e-15,1529,0,0.0,0.7269787530000258,0.0,2.504312521833224e-13,0,0.05,24000000.0,False,1011261.0552566834,0.34940;0.34953;0.34971;0.34995;0.35028;0.35073;0.35120;0.35173;0.35250;0.35375;0.35596;0.36038;0.37304;0.42003;0.38726;0.33313;0.26236;0.04118;0.00000;0.00000;0.00000;0.00000;0.00000;0.00000
ok,R1038_S+01,1038,1,20300004,28.116459317492303,0.6022759926188441,0.1095393544112832,65.09253653680794,1284.7914804309944,1.6636738445930475,3.4492724907090553,0.5265594787844415,0.25372664629730546,0.04233382402161352,752.8197999758734,4,2.186869955495769e-14,2.410479112464708e-14,1.9275616574983023e-14,0.42351967154456716,0.43694418877048924,1.5690419969932141e-12,0.7210587239776424,7.462961227158785,0.12163858053759977,0.12887150431837183,0.12136687524713505,0.09912469332388942,18579602.222734716,58.423040638665704,37.29684814449561,780834.428270461,15780834.428270461,778184.3565647006,63.72626381899309,63.72626381899309,63.72626381899309,60.34832574270205,3.377938076291038,18579602.22273472,18579602.222735085,0.0,1.0000000000000195,0.0023323853697309756,0.0006623422892848854,0.5275550936106311,0.0,1.9649422246647643e-14,232,0,0.0,0.1135979179999822,0.0,2.888704503181814e-13,0,0.05,24000000.0,False,8219165.571729539,0.51060;0.51085;0.51120;0.51167;0.51232;0.51320;0.52170;0.52179;0.49168;0.44941;0.40232;0.35147;0.29320;0.15246;0.00000;0.00000;0.00000;0.00000;0.00000;0.00000;0.00000;0.00000;0.00000;0.00000
ok,R1038_S+02,1038,2,20300004,28.116459317492303,0.6022759926188441,0.1095393544112832,65.09253653680794,1284.7914804309944,1.6636738445930475,3.4492724907090553,0.5265594787844415,0.25372664629730546,0.04233382402161352,752.8197999758734,4,2.186869955495769e-14,2.410479112464708e-14,1.9275616574983023e-14,0.42351967154456716,0.43694418877048924,1.5690419969932141e-12,0.7210587239776424,7.462961227158785,0.16486089701773093,0.21334375495444258,0.21370055740321683,0.16593130436405368,29894376.95747985,74.25994218607151,47.318320622139424,1255955.5242693145,16255955.524269314,1250934.12931519,79.73229924722962,79.73229924722962,79.73229924722962,77.47059650699656,2.261702740233062,29894376.95747985,29894376.957479708,0.0,0.9999999999999952,0.0035423425960058263,0.0010607655578172455,0.5165845487143305,0.0,4.7353731955311035e-15,259,0,0.0,0.13093993400002546,0.0,1.736391632733223e-13,0,0.05,24000000.0,False,7744044.4757306855,0.47642;0.47655;0.47672;0.47696;0.47729;0.47774;0.48167;0.49653;0.51363;0.48263;0.43872;0.39045;0.33826;0.27391;0.06684;0.00000;0.00000;0.00000;0.00000;0.00000;0.00000;0.00000;0.00000;0.00000
ok,R1038_S+03,1038,3,20300004,28.116459317492303,0.6022759926188441,0.1095393544112832,65.09253653680794,1284.7914804309944,1.6636738445930475,3.4492724907090553,0.5265594787844415,0.25372664629730546,0.04233382402161352,752.8197999758734,4,2.186869955495769e-14,2.410479112464708e-14,1.9275616574983023e-14,0.42351967154456716,0.43694418877048924,1.5690419969932141e-12,0.7210587239776424,7.462961227158785,0.46422734855843495,0.37370406225178976,0.3404426355899475,0.3644430685729081,60859506.7343431,106.12230878038733,67.51702835373084,2554758.3194229603,17554758.31942296,2541305.05742589,114.22806869431149,114.22806869431149,114.22806869431149,110.70708248322303,3.5209862110884558,60859506.73434302,60859506.73434304,0.0,1.0000000000000002,0.007517137280451034,0.0021326671834228242,0.48709123917540587,0.0,2.448452508642981e-16,371,0,0.0,0.17803537600002528,0.0,1.5727554598250147e-13,0,0.05,24000000.0,False,6445241.68057704,0.42804;0.42811;0.42822;0.42836;0.42855;0.42881;0.42982;0.43217;0.43723;0.45508;0.48265;0.44527;0.39739;0.34559;0.28368;0.12216;0.00000;0.00000;0.00000;0.00000;0.00000;0.00000;0.00000;0.00000
ok,R1039_S+00,1039,0,20301004,24.417391868510528,0.5074023743692349,0.10969469396344238,60.59538085798516,3372.984161618801,2.0522558583768786,3.53166491677281,0.4534977142255933,0.18317042390717472,0.04960109536182263,625.5617871354701,4,4.0312754702183504e-14,4.274808342663517e-14,3.797751325204361e-14,0.3302652339842247,0.3821689918884028,2.5903363961858815e-12,2.2449563507575023,5.485738299738982,0.6047922239071866,0.6153532359149458,0.7235436942738468,0.9293635989838895,113333311.95074157,149.17912633886567,95.13674739689347,1188372.881271841,16188372.881271841,1155056.3984852452,169.55170870584712,169.55170870584712,169.55170870584712,144.94965377542914,24.602054930417978,113333311.95074163,113333311.95074204,0.0,1.0000000000000036,0.0022250866147409194,0.0007558167378839501,0.5917678482555747,0.0,3.5499831894858334e-15,390,0,0.0,0.21726798399993186,0.0,4.9791734630616284e-14,0,0.05,24000000.0,False,7811627.118728159,0.54599;0.54623;0.54657;0.54703;0.54769;0.54859;0.54992;0.55219;0.55699;0.57608;0.58473;0.54672;0.49944;0.44709;0.38280;0.18969;0.00001;0.00000;0.00000;0.00000;0.00000;0.00000;0.00000;0.00000
ok,R1039_S+01,1039,1,20301004,24.417391868510528,0.5074023743692349,0.10969469396344238,60.59538085798516,3372.984161618801,2.0522558583768786,3.53166491677281,0.4534977142255933,0.18317042390717472,0.04960109536182263,625.5617871354701,4,4.0312754702183504e-14,4.274808342663517e-14,3.797751325204361e-14,0.3302652339842247,0.3821689918884028,2.5903363961858815e-12,2.2449563507575023,5.485738299738982,0.02329129034172961,0.24024626401508795,0.44856376591178787,0.6482437960318296,53661533.80270327,104.11097404152923,65.45931474153495,636916.0156112798,15636916.01561128,616193.1954524126,115.82910629473116,115.82910629473116,115.82910629473116,99.52618994089802,16.30291635383314,53661533.80270329,53661533.80270332,0.0,1.0000000000000007,0.0009611110721563025,0.00035952859555645183,0.617442848831089,0.0,5.553758954648809e-16,298,0,0.0,0.1425766919999205,0.0,7.241706047969325e-13,0,0.05,24000000.0,False,8363083.98438872,0.58250;0.58279;0.58319;0.58375;0.58452;0.58560;0.58909;0.60005;0.61288;0.58345;0.54050;0.49259;0.43956;0.37163;0.13957;0.00000;0.00000;0.00000;0.00000;0.00000;0.00000;0.00000;0.00000;0.00000
ok,R1039_S+02,1039,2,20301004,24.417391868510528,0.5074023743692349,0.10969469396344238,60.59538085798516,3372.984161618801,2.0522558583768786,3.53166491677281,0.4534977142255933,0.18317042390717472,0.04960109536182263,625.5617871354701,4,4.0312754702183504e-14,4.274808342663517e-14,3.797751325204361e-14,0.3302652339842247,0.3821689918884028,2.5903363961858815e-12,2.2449563507575023,5.485738299738982,3.103572454532533,4.73818820490483,5.2274041332793715,4.571220239656156,695860268.3720134,365.9939880074899,237.30925889289415,7144945.83334709,22144945.83334709,6883349.900724933,417.71997539945625,417.71997539945625,417.71997539945625,362.6012031876124,55.11877221184386,695860268.3720117,695860268.3720123,0.0,1.0000000000000009,0.013601039167756544,0.004441534623601308,0.4950601727180484,0.0,8.565605407366867e-16,5905,0,0.0,3.1769818740000346,0.0,1.5909259855881723e-14,0,0.05,24000000.0,False,1855054.1666529104,0.43045;0.43082;0.43133;0.43205;0.43304;0.43443;0.43534;0.43620;0.43715;0.43824;0.43964;0.44166;0.44505;0.45191;0.47626;0.48270;0.43195;0.35672;0.08190;0.00000;0.00000;0.00000;0.00000;0.00000
ok,R1039_S+03,1039,3,20301004,24.417391868510528,0.5074023743692349,0.10969469396344238,60.59538085798516,3372.984161618801,2.0522558583768786,3.53166491677281,0.4534977142255933,0.18317042390717472,0.04960109536182263,625.5617871354701,4,4.0312754702183504e-14,4.274808342663517e-14,3.797751325204361e-14,0.3302652339842247,0.3821689918884028,2.5903363961858815e-12,2.2449563507575023,5.485738299738982,0.89140945856846,2.054216911335102,4.351081454492949,7.782003088042001,594809909.362962,346.9937422696116,219.79562354029792,7794401.9817256145,22794401.981725615,7300337.945777375,387.197289976575,387.197289976575,387.197289976575,326.82832858010767,60.36896139646734,594809909.3629616,594809909.3629627,0.0,1.0000000000000018,0.010906170150876457,0.0038225119345752846,0.5058897243561767,0.0,1.803741983898829e-15,5243,0,0.0,2.8262098919999517,0.0,3.8499382490404234e-14,0,0.05,24000000.0,False,1205598.0182743855,0.42618;0.42677;0.42759;0.42874;0.43033;0.43255;0.43408;0.43545;0.43691;0.43854;0.44050;0.44316;0.44741;0.45802;0.49236;0.47357;0.41654;0.32135;0.03120;0.00000;0.00000;0.00000;0.00000;0.00000
