scenario_id,realisation_id,schedule_id,t_s,q_kg_s,dp_bh_Pa,r_plume_m,r_plume_m95_m,mass_in_place_kg,mass_out_kg,mean_sg
R1000_S+00,1000,0,0.0,5.301164135085631,0.0,0.0,0.0,0.0,0.0,0.0
R1000_S+00,1000,0,7889400.0,5.301164135085631,5720822.543098543,67.79526310899246,59.04652177308562,41823004.32734457,0.0,0.0006381165384394659
R1000_S+00,1000,0,15778800.0,5.301164135085631,6476530.969588652,92.98059026184202,83.14383885241345,83646008.65468915,0.0,0.0012701146309696625
R1000_S+00,1000,0,23668200.0,5.301164135085631,7276367.804856073,112.8863622204876,101.1310825749164,125469012.9820337,0.0,0.0018942052236507903
R1000_S+00,1000,0,31557600.0,5.301164135085631,8086598.527027778,132.6103196046458,115.85088410335392,167292017.3093785,0.0,0.0025102645757607445
R1000_S+00,1000,0,39447000.0,5.301164135085631,8902494.306598984,146.84314196298354,128.67350481705628,209115021.63672322,0.0,0.0031182078102191943
R1000_S+00,1000,0,47336400.0,2.8532480864781906,6796338.041227028,150.6302258669252,135.44264930342908,231625437.09018427,0.0,0.003466657785920814
R1000_S+00,1000,0,55225800.0,2.8532480864781906,7192610.45943094,160.60900620648056,140.9648857992347,254135852.5436453,0.0,0.0037903569206360938
R1000_S+00,1000,0,63115200.0,2.8532480864781906,7602813.226716649,163.88140404123314,146.00524539465638,276646267.99710613,0.0,0.00411134005212912
R1000_S+00,1000,0,71004600.0,2.8532480864781906,8005275.821339291,170.6319963801054,152.12886117824954,299156683.4505673,0.0,0.004430337080046621
R1000_S+00,1000,0,78894000.0,2.8532480864781906,8409371.542135179,177.54026854256745,156.42875482618797,321667098.9040282,0.0,0.004746967516237333
R1000_S+00,1000,0,86783400.0,1.4650257806273363,7227901.045044579,178.9977465017814,158.27108567608803,333225273.2977094,0.0,0.004926131930238413
R1000_S+00,1000,0,94672800.0,1.4650257806273363,7418623.162627969,180.08236753176573,161.64442299635675,344783447.69139063,0.0,0.005087953998303174
R1000_S+00,1000,0,102562200.0,1.4650257806273363,7612072.918554746,181.24761883119794,164.74918267616667,356341622.08507204,0.0,0.005249099806011332
R1000_S+00,1000,0,110451600.0,1.4650257806273363,7806118.150800087,182.65092192195377,167.17848299428638,367899796.4787534,0.0,0.0054096270663830616
R1000_S+00,1000,0,118341000.0,1.4650257806273363,8001478.104015622,187.70976947166935,169.16061780819848,379457970.8724347,0.0,0.0055694964587233355
R1000_S+00,1000,0,126230400.0,1.1364972175330663,7827617.300510928,191.00842021880132,170.5396691521192,388424252.0204401,0.0,0.005697614137394095
R1000_S+00,1000,0,134119800.0,1.1364972175330663,7975694.7034113705,193.14180296166876,171.8179147849891,397390533.1684456,0.0,0.005821014951360974
R1000_S+00,1000,0,142009200.0,1.1364972175330663,8124557.850975446,194.67924411745543,173.1215795656847,406356814.31645083,0.0,0.005944037214383758
R1000_S+00,1000,0,149898600.0,1.1364972175330663,8273530.330889929,195.84506649168816,174.47868955138875,415323095.4644562,0.0,0.006066716198325465
R1000_S+00,1000,0,157788000.0,1.1364972175330663,8422911.757098023,196.79324431592556,177.60974236642085,424289376.61246157,0.0,0.0061890287840358615
R1000_S+00,1000,0,165677400.0,0.0,7319905.655180886,196.90439711947155,178.0414054734978,424289376.61246157,0.0,0.006205579603111213
R1000_S+00,1000,0,173566800.0,0.0,7311214.404853176,196.90620712832555,178.0542648134901,424289376.61246157,0.0,0.006206117914121688
R1000_S+00,1000,0,181456200.0,0.0,7310321.74856212,196.90632996489305,178.05557923378143,424289376.6124615,0.0,0.006206174726000341
R1000_S+00,1000,0,189345600.0,0.0,7310179.977742527,196.9063429752423,178.0557866603345,424289376.6124615,0.0,0.006206183897607689
R1000_S+00,1000,0,197235000.0,0.0,7310168.332789604,196.9063435524085,178.0558036100411,424289376.6124615,0.0,0.006206184665651472
R1000_S+00,1000,0,205124400.0,0.0,7310166.772910379,196.90634359969,178.05580586829961,424289376.61246157,0.0,0.006206184769400417
R1000_S+00,1000,0,213013800.0,0.0,7310166.598658167,196.90634360285486,178.05580612008487,424289376.61246145,0.0,0.006206184781094935
R1000_S+00,1000,0,220903200.0,0.0,7310166.5599870235,196.90634360332345,178.05580617566065,424289376.6124615,0.0,0.006206184783693806
R1000_S+00,1000,0,228792600.0,0.0,7310166.55761186,196.90634360333473,178.05580617905713,424289376.6124615,0.0,0.006206184783854497
R1000_S+00,1000,0,236682000.0,0.0,7310166.557402067,196.90634360333516,178.05580617935638,424289376.61246145,0.0,0.006206184783868757
R1000_S+00,1000,0,244571400.0,0.0,7310166.55737396,196.90634360333524,178.0558061793966,424289376.6124615,0.0,0.006206184783870672
R1000_S+00,1000,0,252460800.0,0.0,7310166.557370633,196.90634360333524,178.05580617940132,424289376.6124615,0.0,0.006206184783870902
R1000_S+00,1000,0,260350200.0,0.0,7310166.557370067,196.90634360333524,178.05580617940217,424289376.6124615,0.0,0.0062061847838709395
R1000_S+00,1000,0,268239600.0,0.0,7310166.557370011,196.90634360333524,178.05580617940225,424289376.6124615,0.0,0.006206184783870943
R1000_S+00,1000,0,276129000.0,0.0,7310166.557370003,196.90634360333524,178.05580617940225,424289376.6124615,0.0,0.006206184783870943
R1000_S+00,1000,0,284018400.0,0.0,7310166.557370003,196.90634360333524,178.05580617940225,424289376.6124615,0.0,0.006206184783870943
R1000_S+00,1000,0,291907800.0,0.0,7310166.557370003,196.90634360333524,178.05580617940225,424289376.6124615,0.0,0.006206184783870943
R1000_S+00,1000,0,299797200.0,0.0,7310166.557370003,196.90634360333524,178.05580617940225,424289376.6124615,0.0,0.006206184783870943
R1000_S+00,1000,0,307686600.0,0.0,7310166.557370003,196.90634360333524,178.05580617940225,424289376.6124615,0.0,0.006206184783870943
R1000_S+00,1000,0,315576000.0,0.0,7310166.557370003,196.90634360333524,178.05580617940225,424289376.6124615,0.0,0.006206184783870943
R1000_S+01,1000,1,0.0,1.1499242165755654,0.0,0.0,0.0,0.0,0.0,0.0
R1000_S+01,1000,1,7889400.0,1.1499242165755654,1134540.9151065946,31.64226612949115,27.582501289188908,9072212.114251263,0.0,0.0001416429726525135
R1000_S+01,1000,1,15778800.0,1.1499242165755654,1263435.759314999,43.24301058106894,38.758247223158435,18144424.228502527,0.0,0.00028298035995249024
R1000_S+01,1000,1,23668200.0,1.1499242165755654,1414001.8910609614,52.538276617286975,47.127094002510916,27216636.342753794,0.0,0.0004239119179609331
R1000_S+01,1000,1,31557600.0,1.1499242165755654,1570010.1497644465,61.81350927676592,53.99935873589401,36288848.45700507,0.0,0.0005644255600724496
R1000_S+01,1000,1,39447000.0,1.1499242165755654,1729869.6222983487,68.41541343752581,60.01815215178566,45361060.57125634,0.0,0.0007045057812459344
R1000_S+01,1000,1,47336400.0,1.365012134580577,2102218.546113521,75.52101409186209,66.41277325911811,56130187.30581635,0.0,0.000869448201930786
R1000_S+01,1000,1,55225800.0,1.365012134580577,2295356.1287109964,82.59221846223892,72.45139360286652,66899314.04037634,0.0,0.0010344500640177483
R1000_S+01,1000,1,63115200.0,1.365012134580577,2489118.374809079,88.85459749272182,78.0952564209731,77668440.77493635,0.0,0.0011988462903081492
R1000_S+01,1000,1,71004600.0,1.365012134580577,2685278.8657343015,92.57435559477904,82.94259991642686,88437567.50949636,0.0,0.0013626135784058752
R1000_S+01,1000,1,78894000.0,1.365012134580577,2876184.317687925,99.65362405182873,87.58080325871549,99206694.24405634,0.0,0.0015258568626003244
R1000_S+01,1000,1,86783400.0,2.0199293455734235,3738979.055350609,106.74369277283047,94.48196953998578,115142724.82302323,0.0,0.0017621549115407894
R1000_S+01,1000,1,94672800.0,2.0199293455734235,4037420.2646742836,111.96658234120379,100.38536094696013,131078755.40199031,0.0,0.0020007439054372553
R1000_S+01,1000,1,102562200.0,2.0199293455734235,4326241.753557075,120.5637442432878,106.08696056105744,147014785.9809574,0.0,0.0022382352100658955
R1000_S+01,1000,1,110451600.0,2.0199293455734235,4620956.079730868,123.83220724639895,111.9093769154099,162950816.55992436,0.0,0.002474325649680309
R1000_S+01,1000,1,118341000.0,2.0199293455734235,4908904.471575554,132.42877578593112,116.68161379007928,178886847.1388912,0.0,0.0027093151224009083
R1000_S+01,1000,1,126230400.0,3.1146758495541045,6402922.6196345985,137.25592282898538,124.70262334729007,203459770.78636354,0.0,0.003058897917593308
R1000_S+01,1000,1,134119800.0,3.1146758495541045,6869853.316134818,147.75839177168928,130.51373368474492,228032694.4338356,0.0,0.0034148104224617547
R1000_S+01,1000,1,142009200.0,3.1146758495541045,7325153.269003235,155.1031783966736,138.63961020261038,252605618.08130807,0.0,0.003768186658433421
R1000_S+01,1000,1,149898600.0,3.1146758495541045,7785712.6977033615,162.49519830700876,143.56933300146625,277178541.7287803,0.0,0.004118478351757873
R1000_S+01,1000,1,157788000.0,3.1146758495541045,8237225.691633865,166.12920261631203,151.21685568105497,301751465.3762523,0.0,0.004466325376422032
R1000_S+01,1000,1,165677400.0,0.0,5278385.710163888,167.31486407591947,151.88548135908692,301751465.3762522,0.0,0.0045030891728369635
R1000_S+01,1000,1,173566800.0,0.0,5257399.46997771,167.34710772782748,151.8993074203836,301751465.37625223,0.0,0.004504034305094075
R1000_S+01,1000,1,181456200.0,0.0,5256666.634459224,167.34762030110255,151.89972748920812,301751465.3762523,0.0,0.004504068655149732
R1000_S+01,1000,1,189345600.0,0.0,5256628.029828273,167.34763352058303,151.89974793959723,301751465.37625223,0.0,0.004504070501281418
R1000_S+01,1000,1,197235000.0,0.0,5256624.251274589,167.34763430899045,151.89974987149762,301751465.37625223,0.0,0.004504070683821267
R1000_S+01,1000,1,205124400.0,0.0,5256623.675916504,167.347634385152,151.899750157861,301751465.37625223,0.0,0.004504070711709792
R1000_S+01,1000,1,213013800.0,0.0,5256623.631367143,167.34763438803867,151.89975017942703,301751465.3762523,0.0,0.004504070713880641
R1000_S+01,1000,1,220903200.0,0.0,5256623.629275478,167.3476343880911,151.8997501804184,301751465.37625223,0.0,0.004504070713983219
R1000_S+01,1000,1,228792600.0,0.0,5256623.629056875,167.34763438809475,151.89975018052132,301751465.37625223,0.0,0.004504070713993977
R1000_S+01,1000,1,236682000.0,0.0,5256623.629028756,167.34763438809526,151.89975018053443,301751465.37625223,0.0,0.00450407071399536
R1000_S+01,1000,1,244571400.0,0.0,5256623.629025999,167.34763438809526,151.89975018053568,301751465.37625223,0.0,0.0045040707139954944
R1000_S+01,1000,1,252460800.0,0.0,5256623.629025813,167.34763438809532,151.89975018053573,301751465.37625223,0.0,0.004504070713995504
R1000_S+01,1000,1,260350200.0,0.0,5256623.629025802,167.34763438809532,151.89975018053573,301751465.37625223,0.0,0.004504070713995505
R1000_S+01,1000,1,268239600.0,0.0,5256623.629025802,167.34763438809532,151.89975018053573,301751465.37625223,0.0,0.004504070713995505
R1000_S+01,1000,1,276129000.0,0.0,5256623.629025802,167.34763438809532,151.89975018053573,301751465.37625223,0.0,0.004504070713995505
R1000_S+01,1000,1,284018400.0,0.0,5256623.629025802,167.34763438809532,151.89975018053573,301751465.37625223,0.0,0.004504070713995505
R1000_S+01,1000,1,291907800.0,0.0,5256623.629025802,167.34763438809532,151.89975018053573,301751465.37625223,0.0,0.004504070713995505
R1000_S+01,1000,1,299797200.0,0.0,5256623.629025802,167.34763438809532,151.89975018053573,301751465.37625223,0.0,0.004504070713995505
R1000_S+01,1000,1,307686600.0,0.0,5256623.629025802,167.34763438809532,151.89975018053573,301751465.37625223,0.0,0.004504070713995505
R1000_S+01,1000,1,315576000.0,0.0,5256623.629025802,167.34763438809532,151.89975018053573,301751465.37625223,0.0,0.004504070713995505
R1000_S+02,1000,2,0.0,1.4886916579550242,0.0,0.0,0.0,0.0,0.0,0.0
R1000_S+02,1000,2,7889400.0,1.4886916579550242,1469381.0237102304,35.341104284405645,31.361200223389204,11744883.966270369,0.0,0.00018298468273352845
R1000_S+02,1000,2,15778800.0,1.4886916579550242,1645711.7594757713,50.54354982945474,43.975401111930026,23489767.93254074,0.0,0.00036546440408382003
R1000_S+02,1000,2,23668200.0,1.4886916579550242,1845045.6680643223,61.45292884767896,53.53608533049439,35234651.8988111,0.0,0.0005472657205894776
R1000_S+02,1000,2,31557600.0,1.4886916579550242,2052588.7670672722,69.19789014850016,61.42087478629169,46979535.86508146,0.0,0.0007283563007588679
R1000_S+02,1000,2,39447000.0,1.4886916579550242,2261954.942234829,76.58966340787633,68.46684975126382,58724419.83135185,0.0,0.0009087434337211434
R1000_S+02,1000,2,47336400.0,0.9612074109011283,1952450.779650107,82.53138337617312,72.35848148155142,66307769.578915216,0.0,0.0010270404012150901
R1000_S+02,1000,2,55225800.0,0.9612074109011283,2085941.7449732572,84.67478667533658,76.2328185843769,73891119.32647857,0.0,0.001143041768481708
R1000_S+02,1000,2,63115200.0,0.9612074109011283,2217822.6390725374,90.58602646611611,79.5850728720316,81474469.0740419,0.0,0.001258774237746225
R1000_S+02,1000,2,71004600.0,0.9612074109011283,2353738.1753151566,92.50614528611379,83.08655431513014,89057818.8216053,0.0,0.0013741596867705378
R1000_S+02,1000,2,78894000.0,0.9612074109011283,2485328.5325029828,97.89739221169012,86.4940711607252,96641168.56916866,0.0,0.0014893067560494111
R1000_S+02,1000,2,86783400.0,0.4934273312597264,2171502.585442625,99.46494943479271,87.71468043332696,100534014.15640911,0.0,0.0015509439813892064
R1000_S+02,1000,2,94672800.0,0.4934273312597264,2236545.7548650578,100.36968903628998,88.78818359636195,104426859.7436496,0.0,0.001609947085748864
R1000_S+02,1000,2,102562200.0,0.4934273312597264,2302529.49987486,101.08923631535878,90.90757387578823,108319705.3308901,0.0,0.0016688700171508268
R1000_S+02,1000,2,110451600.0,0.4934273312597264,2368766.6606531627,101.83468929437683,92.84143165136493,112212550.9181306,0.0,0.0017277139338573411
R1000_S+02,1000,2,118341000.0,0.4934273312597264,2435275.7823756933,102.75207510967716,94.26865870197958,116105396.50537112,0.0,0.0017864714321668344
R1000_S+02,1000,2,126230400.0,0.08535141903081887,2108737.908531837,102.80648713385695,94.47558326245228,116778767.99067286,0.0,0.0017992391136382548
R1000_S+02,1000,2,134119800.0,0.08535141903081887,2120715.3468153253,102.80673680202952,94.62203421111657,117452139.47597462,0.0,0.0018094471607197882
R1000_S+02,1000,2,142009200.0,0.08535141903081887,2134633.0439290404,102.80673837062125,94.77446115241057,118125510.9612764,0.0,0.0018196261648686103
R1000_S+02,1000,2,149898600.0,0.08535141903081887,2146795.806080077,102.81237442923327,94.93370195945602,118798882.44657812,0.0,0.0018298011020624046
R1000_S+02,1000,2,157788000.0,0.08535141903081887,2156867.3278438,102.8457948004976,95.10172874906415,119472253.93187985,0.0,0.0018399739695872822
R1000_S+02,1000,2,165677400.0,0.0,2089193.307921525,102.84805210551633,95.11356944968786,119472253.93187985,0.0,0.0018405940848115845
R1000_S+02,1000,2,173566800.0,0.0,2088405.623315949,102.84808130465764,95.11387756443095,119472253.93187985,0.0,0.001840610798257735
R1000_S+02,1000,2,181456200.0,0.0,2088347.9289017208,102.84808253201507,95.11389997833761,119472253.93187985,0.0,0.0018406120422100208
R1000_S+02,1000,2,189345600.0,0.0,2088340.8738816679,102.84808262116438,95.11390269893812,119472253.93187985,0.0,0.001840612195598134
R1000_S+02,1000,2,197235000.0,0.0,2088340.466438327,102.84808262340721,95.11390285464218,119472253.93187985,0.0,0.0018406122045350048
R1000_S+02,1000,2,205124400.0,0.0,2088340.4545807652,102.84808262342648,95.11390285913244,119472253.93187986,0.0,0.0018406122047971336
R1000_S+02,1000,2,213013800.0,0.0,2088340.4536224753,102.84808262342743,95.11390285949412,119472253.93187986,0.0,0.0018406122048183885
R1000_S+02,1000,2,220903200.0,0.0,2088340.4534633271,102.84808262342752,95.11390285955397,119472253.93187986,0.0,0.0018406122048219222
R1000_S+02,1000,2,228792600.0,0.0,2088340.4534570351,102.84808262342752,95.11390285955639,119472253.93187986,0.0,0.0018406122048220627
R1000_S+02,1000,2,236682000.0,0.0,2088340.4534564726,102.84808262342752,95.1139028595566,119472253.93187985,0.0,0.0018406122048220755
R1000_S+02,1000,2,244571400.0,0.0,2088340.4534564242,102.84808262342752,95.11390285955663,119472253.93187985,0.0,0.0018406122048220766
R1000_S+02,1000,2,252460800.0,0.0,2088340.4534564167,102.84808262342752,95.11390285955663,119472253.93187985,0.0,0.0018406122048220766
R1000_S+02,1000,2,260350200.0,0.0,2088340.4534564167,102.84808262342752,95.11390285955663,119472253.93187985,0.0,0.0018406122048220766
R1000_S+02,1000,2,268239600.0,0.0,2088340.453456413,102.84808262342752,95.11390285955663,119472253.93187985,0.0,0.0018406122048220766
R1000_S+02,1000,2,276129000.0,0.0,2088340.453456413,102.84808262342752,95.11390285955663,119472253.93187985,0.0,0.0018406122048220766
R1000_S+02,1000,2,284018400.0,0.0,2088340.453456413,102.84808262342752,95.11390285955663,119472253.93187985,0.0,0.0018406122048220766
R1000_S+02,1000,2,291907800.0,0.0,2088340.453456413,102.84808262342752,95.11390285955663,119472253.93187985,0.0,0.0018406122048220766
R1000_S+02,1000,2,299797200.0,0.0,2088340.453456413,102.84808262342752,95.11390285955663,119472253.93187985,0.0,0.0018406122048220766
R1000_S+02,1000,2,307686600.0,0.0,2088340.453456413,102.84808262342752,95.11390285955663,119472253.93187985,0.0,0.0018406122048220766
R1000_S+02,1000,2,315576000.0,0.0,2088340.453456413,102.84808262342752,95.11390285955663,119472253.93187985,0.0,0.0018406122048220766
R1000_S+03,1000,3,0.0,0.5690338622368356,0.0,0.0,0.0,0.0,0.0,0.0
R1000_S+03,1000,3,7889400.0,0.5690338622368356,581432.4858409371,21.966299152621694,19.60903796806765,4489335.752731293,0.0,7.035835269703307e-05
R1000_S+03,1000,3,15778800.0,0.5690338622368356,630376.0004355889,31.41442202105486,27.32511153669616,8978671.505462576,0.0,0.00014064349642020987
R1000_S+03,1000,3,23668200.0,0.5690338622368356,697123.6257821731,38.09825911441641,33.176075397895694,13468007.258193893,0.0,0.00021082753574758388
R1000_S+03,1000,3,31557600.0,0.5690338622368356,770480.1015538014,42.81314671442689,38.04055091053307,17957343.010925192,0.0,0.00028090476596035033
R1000_S+03,1000,3,39447000.0,0.5690338622368356,846076.4367851,47.33432361142914,42.32922456044177,22446678.763656475,0.0,0.000350876553674737
R1000_S+03,1000,3,47336400.0,0.3870251095101822,755484.0898893178,51.129611035700314,44.81832721251921,25500074.662626125,0.0,0.00039875777171664216
R1000_S+03,1000,3,55225800.0,0.3870251095101822,807181.1069295928,52.49199672329362,47.324714351970925,28553470.56159576,0.0,0.00044627355123087395
R1000_S+03,1000,3,63115200.0,0.3870251095101822,858902.5444440674,56.265907062122416,49.44332101801447,31606866.460565355,0.0,0.0004937430870557374
R1000_S+03,1000,3,71004600.0,0.3870251095101822,912435.1850849856,57.44528915342011,51.81869015541152,34660262.359534964,0.0,0.0005411542978771376
R1000_S+03,1000,3,78894000.0,0.3870251095101822,964473.907844834,61.21400830537726,53.8926745514847,37713658.2585046,0.0,0.0005885242690119004
R1000_S+03,1000,3,86783400.0,0.2591301648173777,902834.690735478,62.15037759171173,54.86342916957722,39758039.78081479,0.0,0.0006205580340343661
R1000_S+03,1000,3,94672800.0,0.2591301648173777,937120.4030369017,62.78411059744923,56.59059196541242,41802421.30312499,0.0,0.0006522401822195166
R1000_S+03,1000,3,102562200.0,0.2591301648173777,971652.9966737982,63.54533884021233,58.054183213135836,43846802.82543519,0.0,0.0006838994423906714
R1000_S+03,1000,3,110451600.0,0.2591301648173777,1006742.8246787805,66.41196097580301,59.11748069995877,45891184.34774542,0.0,0.0007155325202335125
R1000_S+03,1000,3,118341000.0,0.2591301648173777,1042240.3157301899,67.81396899306284,60.03953530099321,47935565.870055616,0.0,0.0007471408721836349
R1000_S+03,1000,3,126230400.0,0.18534902815842208,1011271.7749851923,68.33582633426846,60.71392008905929,49397858.492808655,0.0,0.0007699805395296671
R1000_S+03,1000,3,134119800.0,0.18534902815842208,1035781.5890227836,68.74914081837207,62.225726503695185,50860151.11556171,0.0,0.0007925749805521844
R1000_S+03,1000,3,142009200.0,0.18534902815842208,1060751.3505973928,69.15387835286606,63.26215316048068,52322443.73831478,0.0,0.0008151544270486746
R1000_S+03,1000,3,149898600.0,0.18534902815842208,1085806.93511739,69.62073820305628,64.04837399477319,53784736.361067794,0.0,0.0008377216203722672
R1000_S+03,1000,3,157788000.0,0.18534902815842208,1110900.7742565423,70.44359910896048,64.71175856780965,55247028.983820826,0.0,0.0008602772467440248
R1000_S+03,1000,3,165677400.0,0.0,972067.5971081126,70.52833586325038,64.73334931426469,55247028.98382083,0.0,0.000860958234699935
R1000_S+03,1000,3,173566800.0,0.0,970511.2313015107,70.52945890137228,64.73378087602143,55247028.983820826,0.0,0.000860973094385909
R1000_S+03,1000,3,181456200.0,0.0,970478.2941330746,70.52946904871735,64.7337894834496,55247028.983820826,0.0,0.0008609734264227084
R1000_S+03,1000,3,189345600.0,0.0,970476.1007440332,70.52946943899292,64.73379004210892,55247028.983820826,0.0,0.0008609734489576448
R1000_S+03,1000,3,197235000.0,0.0,970475.7554590907,70.52946947912453,64.73379012871533,55247028.983820826,0.0,0.0008609734525391697
R1000_S+03,1000,3,205124400.0,0.0,970475.7456788551,70.52946947949962,64.73379013110763,55247028.98382083,0.0,0.000860973452642178
R1000_S+03,1000,3,213013800.0,0.0,970475.7449271102,70.52946947951541,64.73379013128974,55247028.98382083,0.0,0.0008609734526501361
R1000_S+03,1000,3,220903200.0,0.0,970475.7448672224,70.52946947951644,64.73379013130412,55247028.983820826,0.0,0.0008609734526507725
R1000_S+03,1000,3,228792600.0,0.0,970475.7448626105,70.52946947951644,64.7337901313052,55247028.983820826,0.0,0.0008609734526508218
R1000_S+03,1000,3,236682000.0,0.0,970475.7448622249,70.52946947951644,64.7337901313053,55247028.983820826,0.0,0.0008609734526508259
R1000_S+03,1000,3,244571400.0,0.0,970475.7448621988,70.52946947951644,64.73379013130531,55247028.983820826,0.0,0.0008609734526508262
R1000_S+03,1000,3,252460800.0,0.0,970475.7448621914,70.52946947951644,64.73379013130531,55247028.983820826,0.0,0.0008609734526508262
R1000_S+03,1000,3,260350200.0,0.0,970475.7448621914,70.52946947951644,64.73379013130531,55247028.983820826,0.0,0.0008609734526508262
R1000_S+03,1000,3,268239600.0,0.0,970475.7448621914,70.52946947951644,64.73379013130531,55247028.983820826,0.0,0.0008609734526508262
R1000_S+03,1000,3,276129000.0,0.0,970475.7448621914,70.52946947951644,64.73379013130531,55247028.983820826,0.0,0.0008609734526508262
R1000_S+03,1000,3,284018400.0,0.0,970475.7448621914,70.52946947951644,64.73379013130531,55247028.983820826,0.0,0.0008609734526508262
R1000_S+03,1000,3,291907800.0,0.0,970475.7448621914,70.52946947951644,64.73379013130531,55247028.983820826,0.0,0.0008609734526508262
R1000_S+03,1000,3,299797200.0,0.0,970475.7448621914,70.52946947951644,64.73379013130531,55247028.983820826,0.0,0.0008609734526508262
R1000_S+03,1000,3,307686600.0,0.0,970475.7448621914,70.52946947951644,64.73379013130531,55247028.983820826,0.0,0.0008609734526508262
R1000_S+03,1000,3,315576000.0,0.0,970475.7448621914,70.52946947951644,64.73379013130531,55247028.983820826,0.0,0.0008609734526508262
R1001_S+00,1001,0,0.0,0.22560209320699254,0.0,0.0,0.0,0.0,0.0,0.0
R1001_S+00,1001,0,7889400.0,0.22560209320699254,1014592.9715692811,30.68791406316301,26.353950267769225,1779865.1541472482,0.0,1.877558409475563e-05
R1001_S+00,1001,0,15778800.0,0.22560209320699254,1037178.6808174439,42.93264968648371,36.92517016239867,3559730.3082944956,0.0,3.7551804438582174e-05
R1001_S+00,1001,0,23668200.0,0.22560209320699254,1058192.708272973,53.06771218159805,45.09634004887814,5339595.4624417415,0.0,5.6325833605506346e-05
R1001_S+00,1001,0,31557600.0,0.22560209320699254,1082109.510519972,60.13729810446408,51.9042949638866,7119460.616588989,0.0,7.50928901303689e-05
R1001_S+00,1001,0,39447000.0,0.22560209320699254,1104094.4695763774,67.16596542244709,57.82500275552485,8899325.770736236,0.0,9.385537198430461e-05
R1001_S+00,1001,0,47336400.0,0.17032821005544826,879750.5570463818,73.37369792895241,62.043431061274774,10243113.151147693,0.0,0.00010814738460023476
R1001_S+00,1001,0,55225800.0,0.17032821005544826,890279.7779329699,75.63180465149303,65.84398355836937,11586900.531559154,0.0,0.00012232517858510442
R1001_S+00,1001,0,63115200.0,0.17032821005544826,904276.8475078214,81.9919929097887,69.25523176677629,12930687.911970608,0.0,0.00013649721737067118
R1001_S+00,1001,0,71004600.0,0.17032821005544826,921537.4969953075,84.04727948053821,72.38989128457715,14274475.292382058,0.0,0.0001506612941196718
R1001_S+00,1001,0,78894000.0,0.17032821005544826,937447.798395671,88.9113671838509,75.70872836479307,15618262.672793508,0.0,0.0001648235974282297
R1001_S+00,1001,0,86783400.0,0.10991061718329613,696847.0269040037,91.81347791129367,77.44201908871038,16485391.495999403,0.0,0.00017416972292755463
R1001_S+00,1001,0,94672800.0,0.10991061718329613,699299.6104650889,93.05005797487664,79.04855870050658,17352520.319205303,0.0,0.0001833251948777119
R1001_S+00,1001,0,102562200.0,0.10991061718329613,707527.2202476915,93.90661445885037,80.60948113950212,18219649.142411195,0.0,0.00019247111071968106
R1001_S+00,1001,0,110451600.0,0.10991061718329613,717163.3827757873,94.8351682450893,82.46623444863135,19086777.96561709,0.0,0.000201613462643129
R1001_S+00,1001,0,118341000.0,0.10991061718329613,727557.6974397134,98.50290617353033,84.03622380774799,19953906.788822986,0.0,0.00021075284203466417
R1001_S+00,1001,0,126230400.0,0.044349314590536155,468598.13254092075,99.74082924628786,84.43555847048596,20303796.271353558,0.0,0.0002147106358515025
R1001_S+00,1001,0,134119800.0,0.044349314590536155,463204.6846720837,100.57461713000502,84.76142011823097,20653685.75388414,0.0,0.00021842245518971694
R1001_S+00,1001,0,142009200.0,0.044349314590536155,463815.16695677117,101.23761610360414,85.07358811831196,21003575.23641471,0.0,0.00022212053852969045
R1001_S+00,1001,0,149898600.0,0.044349314590536155,466454.20101320185,101.7822958049558,85.37976561785241,21353464.71894528,0.0,0.0002258147034431136
R1001_S+00,1001,0,157788000.0,0.044349314590536155,469681.7205232382,102.23919172143553,85.68353260891521,21703354.201475848,0.0,0.00022950730373497727
R1001_S+00,1001,0,165677400.0,0.0,297802.2281924952,102.26018137683086,85.69804852265904,21703354.201475848,0.0,0.00022970418878851318
R1001_S+00,1001,0,173566800.0,0.0,289843.1017309055,102.26167222155213,85.69886651604597,21703354.201475848,0.0,0.00022972400951418282
R1001_S+00,1001,0,181456200.0,0.0,287358.0362365749,102.26196857983985,85.69894171258557,21703354.20147585,0.0,0.00022973030647959754
R1001_S+00,1001,0,189345600.0,0.0,286325.78045402654,102.26204119902872,85.69891947523091,21703354.20147585,0.0,0.0002297329450959805
R1001_S+00,1001,0,197235000.0,0.0,285887.55285191163,102.26205823937718,85.69889542439867,21703354.201475848,0.0,0.00022973407161443117
R1001_S+00,1001,0,205124400.0,0.0,285674.9216196947,102.26206292567497,85.69887995527702,21703354.201475848,0.0,0.0002297346199623095
R1001_S+00,1001,0,213013800.0,0.0,285575.41229752265,102.26206405347016,85.69887158268969,21703354.20147585,0.0,0.00022973487718505842
R1001_S+00,1001,0,220903200.0,0.0,285534.4805876352,102.26206426449643,85.69886786734985,21703354.20147585,0.0,0.00022973498319603337
R1001_S+00,1001,0,228792600.0,0.0,285515.0144559983,102.26206431789223,85.69886604937041,21703354.20147585,0.0,0.0002297350336674541
R1001_S+00,1001,0,236682000.0,0.0,285506.13412793726,102.26206433058006,85.69886520694496,21703354.20147585,0.0,0.00022973505671606526
R1001_S+00,1001,0,244571400.0,0.0,285501.77434556,102.26206433395411,85.69886479007272,21703354.20147585,0.0,0.00022973506803981064
R1001_S+00,1001,0,252460800.0,0.0,285499.8880219441,102.26206433470601,85.69886460878709,21703354.201475848,0.0,0.00022973507294397666
R1001_S+00,1001,0,260350200.0,0.0,285498.74349407665,102.2620643349926,85.69886449857363,21703354.201475848,0.0,0.00022973507592065408
R1001_S+00,1001,0,268239600.0,0.0,285498.25176969543,102.26206433504363,85.69886445110598,21703354.201475848,0.0,0.00022973507720061256
R1001_S+00,1001,0,276129000.0,0.0,285498.0435803123,102.26206433505313,85.69886443097893,21703354.201475848,0.0,0.00022973507774298266
R1001_S+00,1001,0,284018400.0,0.0,285497.9455517158,102.26206433505558,85.6988644214934,21703354.20147585,0.0,0.00022973507799852957
R1001_S+00,1001,0,291907800.0,0.0,285497.8976150621,102.26206433505628,85.6988644168518,21703354.201475848,0.0,0.00022973507812355792
R1001_S+00,1001,0,299797200.0,0.0,285497.87549713627,102.2620643350566,85.69886441470871,21703354.201475848,0.0,0.00022973507818128285
R1001_S+00,1001,0,307686600.0,0.0,285497.86384803616,102.2620643350566,85.6988644135795,21703354.201475848,0.0,0.0002297350782116973
R1001_S+00,1001,0,315576000.0,0.0,285497.85840434954,102.2620643350566,85.69886441305147,21703354.201475848,0.0,0.00022973507822591748
R1001_S+01,1001,1,0.0,0.2778232464016348,0.0,0.0,0.0,0.0,0.0,0.0
R1001_S+01,1001,1,7889400.0,0.2778232464016348,1251139.9030895382,34.13658980607323,29.145147454035826,2191858.720161058,0.0,2.3092247017870187e-05
R1001_S+01,1001,1,15778800.0,0.2778232464016348,1286193.9482929278,47.805680604016274,40.89577960675831,4383717.440322116,0.0,4.6184714621707035e-05
R1001_S+01,1001,1,23668200.0,0.2778232464016348,1315105.4642934352,59.01746317828548,50.01892868812944,6575576.160483176,0.0,6.92734995001277e-05
R1001_S+01,1001,1,31557600.0,0.2778232464016348,1345322.6452638023,67.00558744152868,57.52137923768611,8767434.880644236,0.0,9.235249545834079e-05
R1001_S+01,1001,1,39447000.0,0.2778232464016348,1373092.2299452256,74.84106779743588,64.15975551526594,10959293.600805297,0.0,0.00011542432421214824
R1001_S+01,1001,1,47336400.0,0.29751329190339826,1490805.561872933,83.022243346697,70.56779438876357,13306494.965947974,0.0,0.00014006411701344808
R1001_S+01,1001,1,55225800.0,0.29751329190339826,1522419.8931452818,90.32744193765983,76.49662485117517,15653696.33109064,0.0,0.00016473850484048522
R1001_S+01,1001,1,63115200.0,0.29751329190339826,1555832.5101817474,94.2814728972641,81.76287881635493,18000897.69623331,0.0,0.00018939619906049691
R1001_S+01,1001,1,71004600.0,0.29751329190339826,1585773.168524813,102.61647399290983,86.6695461183863,20348099.06137597,0.0,0.0002140477089768334
R1001_S+01,1001,1,78894000.0,0.29751329190339826,1618272.7618403658,105.38300867311418,91.29062507389747,22695300.426518638,0.0,0.00023868110882703815
R1001_S+01,1001,1,86783400.0,0.5177100323185507,2698206.6817077436,116.12568507373182,98.67340333902348,26779721.95549261,0.0,0.0002803594873135591
R1001_S+01,1001,1,94672800.0,0.5177100323185507,2783210.63937933,125.04139827532094,106.0514582091608,30864143.48446659,0.0,0.0003229390338809776
R1001_S+01,1001,1,102562200.0,0.5177100323185507,2852677.023774337,130.91741253958926,112.30086445984125,34948565.013440564,0.0,0.0003655049507491853
R1001_S+01,1001,1,110451600.0,0.5177100323185507,2911837.9052626304,140.56431510021721,118.87858835318234,39032986.54241456,0.0,0.0004080609823176144
R1001_S+01,1001,1,118341000.0,0.5177100323185507,2972983.548052538,145.7486359033934,124.368591218793,43117408.071388535,0.0,0.0004505667557870416
R1001_S+01,1001,1,126230400.0,0.9384134676470919,5206221.875881217,159.44004261414483,134.39949684635863,50520927.283043474,0.0,0.0005238594285182092
R1001_S+01,1001,1,134119800.0,0.9384134676470919,5389746.464843191,165.39547193085173,143.99620657640872,57924446.49469846,0.0,0.0005999487685174394
R1001_S+01,1001,1,142009200.0,0.9384134676470919,5524147.031517398,180.3708964490409,152.56947222610194,65327965.70635341,0.0,0.0006760842705619491
R1001_S+01,1001,1,149898600.0,0.9384134676470919,5646927.837781988,185.00237447470286,161.15381286386733,72731484.9180085,0.0,0.0007521356080969954
R1001_S+01,1001,1,157788000.0,0.9384134676470919,5762583.563477725,200.13511270594483,168.75434925278034,80135004.12966356,0.0,0.0008280887270594404
R1001_S+01,1001,1,165677400.0,0.0,1295354.672590185,201.09482612486232,169.82402778386785,80135004.12966356,0.0,0.0008395180100354213
R1001_S+01,1001,1,173566800.0,0.0,1150764.51897683,201.16274266904006,169.90171771211055,80135004.12966356,0.0,0.0008407598830895073
R1001_S+01,1001,1,181456200.0,0.0,1106059.3511852734,201.17657288001553,169.91512321714404,80135004.12966356,0.0,0.000841152191937058
R1001_S+01,1001,1,189345600.0,0.0,1087791.0493563525,201.180160154202,169.9174862812697,80135004.12966356,0.0,0.0008413144060809666
R1001_S+01,1001,1,197235000.0,0.0,1079688.449999651,201.18112138311315,169.91758056124198,80135004.12966356,0.0,0.0008413869005646847
R1001_S+01,1001,1,205124400.0,0.0,1076060.7517925669,201.1813706568491,169.91734817035186,80135004.12966356,0.0,0.0008414195196251829
R1001_S+01,1001,1,213013800.0,0.0,1074333.762021497,201.1814393121215,169.91716167350063,80135004.12966356,0.0,0.0008414350931024304
R1001_S+01,1001,1,220903200.0,0.0,1073556.689220218,201.1814565773501,169.91705702046568,80135004.12966356,0.0,0.0008414421162622525
R1001_S+01,1001,1,228792600.0,0.0,1073145.4841685705,201.18146201845275,169.91699602595153,80135004.12966356,0.0,0.0008414458365405387
R1001_S+01,1001,1,236682000.0,0.0,1072964.6914593317,201.18146322527394,169.9169673958335,80135004.12966356,0.0,0.0008414474740654731
R1001_S+01,1001,1,244571400.0,0.0,1072883.8902556747,201.18146352078054,169.91695421903242,80135004.12966356,0.0,0.0008414482067456386
R1001_S+01,1001,1,252460800.0,0.0,1072837.2502747513,201.18146362701486,169.91694651528388,80135004.12966356,0.0,0.0008414486297334686
R1001_S+01,1001,1,260350200.0,0.0,1072817.2587260976,201.18146364851557,169.9169431744183,80135004.12966356,0.0,0.0008414488111865166
R1001_S+01,1001,1,268239600.0,0.0,1072807.8929734826,201.18146365399872,169.9169416012756,80135004.12966356,0.0,0.0008414488962543187
R1001_S+01,1001,1,276129000.0,0.0,1072803.11343389,201.18146365559082,169.91694079635994,80135004.12966354,0.0,0.0008414489396822579
R1001_S+01,1001,1,284018400.0,0.0,1072800.673611572,201.1814636560295,169.9169403847754,80135004.12966354,0.0,0.0008414489618583379
R1001_S+01,1001,1,291907800.0,0.0,1072799.5945741069,201.1814636561169,169.9169402024822,80135004.12966354,0.0,0.0008414489716716348
R1001_S+01,1001,1,299797200.0,0.0,1072799.1006542277,201.18146365613592,169.91694011896556,80135004.12966356,0.0,0.0008414489761658438
R1001_S+01,1001,1,307686600.0,0.0,1072798.8644323945,201.1814636561404,169.9169400790031,80135004.12966356,0.0,0.0008414489783159343
R1001_S+01,1001,1,315576000.0,0.0,1072798.7627986036,201.18146365614132,169.91694006179813,80135004.12966354,0.0,0.0008414489792415244
R1001_S+02,1001,2,0.0,0.2317136868032228,0.0,0.0,0.0,0.0,0.0,0.0
R1001_S+02,1001,2,7889400.0,0.2317136868032228,1042652.3847170305,30.847669772317914,26.741350378767695,1828081.9606653443,0.0,1.9281080389687092e-05
R1001_S+02,1001,2,15778800.0,0.2317136868032228,1066977.86460335,43.160349262220294,37.51089080271292,3656163.921330691,0.0,3.8562873068287494e-05
R1001_S+02,1001,2,23668200.0,0.2317136868032228,1088881.4269577228,53.41829978824511,45.662630252818126,5484245.881996036,0.0,5.784209777958493e-05
R1001_S+02,1001,2,31557600.0,0.2317136868032228,1112700.655695511,60.49986965760028,52.74358603096229,7312327.842661379,0.0,7.711509220765537e-05
R1001_S+02,1001,2,39447000.0,0.2317136868032228,1135232.7142230514,67.56927810212235,58.792493238479885,9140409.803326722,0.0,9.638259680601921e-05
R1001_S+02,1001,2,47336400.0,0.2563181000852632,1269613.651864687,75.06415628149946,64.56726244387556,11162605.822139405,0.0,0.00011762572893732887
R1001_S+02,1001,2,55225800.0,0.2563181000852632,1297266.416218469,82.72320818244279,70.10778394969256,13184801.84095208,0.0,0.0001389106645833182
R1001_S+02,1001,2,63115200.0,0.2563181000852632,1323947.3607268203,87.30667923357977,75.27128745807593,15206997.859764755,0.0,0.0001601871428959099
R1001_S+02,1001,2,71004600.0,0.2563181000852632,1351945.1922911108,93.29492162783522,79.63634187544355,17229193.87857743,0.0,0.0001814514086270196
R1001_S+02,1001,2,78894000.0,0.2563181000852632,1377282.5479501765,98.19259018891275,84.224323308592,19251389.897390112,0.0,0.0002027114928156021
R1001_S+02,1001,2,86783400.0,0.3142542149969949,1670315.891492132,104.27309604138632,88.9325441806049,21730667.1011874,0.0,0.00022850032106572874
R1001_S+02,1001,2,94672800.0,0.3142542149969949,1709738.8573795203,109.43796303209045,93.95612608060995,24209944.304984696,0.0,0.0002544970246769037
R1001_S+02,1001,2,102562200.0,0.3142542149969949,1746510.6606199648,115.86726321273339,98.18127629401954,26689221.508782,0.0,0.00028048141430949157
R1001_S+02,1001,2,110451600.0,0.3142542149969949,1781066.531745065,118.14911499631985,102.56603641276082,29168498.712579295,0.0,0.00030645609071252834
R1001_S+02,1001,2,118341000.0,0.3142542149969949,1814336.8654234335,126.35645259215677,106.59877965517535,31647775.91637659,0.0,0.00033241919162737047
R1001_S+02,1001,2,126230400.0,0.405522031538418,2276162.343900878,130.45392347352106,111.26751068773495,34847101.43199579,0.0,0.00036529806260262123
R1001_S+02,1001,2,134119800.0,0.405522031538418,2332523.063894123,133.95904787567036,116.43227346247927,38046426.947615,0.0,0.00039866810742803985
R1001_S+02,1001,2,142009200.0,0.405522031538418,2380917.8544799574,143.46075206272732,120.82980996736592,41245752.463234186,0.0,0.00043203446621987654
R1001_S+02,1001,2,149898600.0,0.405522031538418,2427831.6911372356,146.16712173424872,124.94534849439158,44445077.97885338,0.0,0.00046537905279136577
R1001_S+02,1001,2,157788000.0,0.405522031538418,2472534.6320578083,148.64332256310607,129.53792955522746,47644403.494472586,0.0,0.0004987074383965528
R1001_S+02,1001,2,165677400.0,0.0,719768.8711492587,149.54103498659848,129.9569972503048,47644403.494472586,0.0,0.0005020775301913889
R1001_S+02,1001,2,173566800.0,0.0,666174.5166875571,149.6494710010868,129.97849258854455,47644403.494472586,0.0,0.0005023588648543055
R1001_S+02,1001,2,181456200.0,0.0,648130.9010353144,149.67407729793763,129.98251699491772,47644403.494472586,0.0,0.0005024552115905505
R1001_S+02,1001,2,189345600.0,0.0,640070.0928078368,149.68116676508882,129.98324874127363,47644403.49447258,0.0,0.0005024987140726248
R1001_S+02,1001,2,197235000.0,0.0,636678.4583440609,149.68279755976323,129.98318631629988,47644403.49447258,0.0,0.0005025171727385964
R1001_S+02,1001,2,205124400.0,0.0,635281.92225766,149.6831390016669,129.98307008848616,47644403.494472586,0.0,0.0005025248134791716
R1001_S+02,1001,2,213013800.0,0.0,634640.2344325855,149.6832252961455,129.98299729379903,47644403.49447258,0.0,0.0005025283338023499
R1001_S+02,1001,2,220903200.0,0.0,634338.6327328719,149.68324748817074,129.9829580242544,47644403.49447258,0.0,0.0005025299912379232
R1001_S+02,1001,2,228792600.0,0.0,634198.6273553092,149.68325304312486,129.98293848155896,47644403.49447258,0.0,0.0005025307616238389
R1001_S+02,1001,2,236682000.0,0.0,634131.3022926599,149.68325449785783,129.98292874588876,47644403.494472586,0.0,0.0005025311323906076
R1001_S+02,1001,2,244571400.0,0.0,634100.400558155,149.68325485343385,129.98292418843852,47644403.494472586,0.0,0.000502531302725711
R1001_S+02,1001,2,252460800.0,0.0,634084.8114626464,149.68325495356493,129.98292186661604,47644403.49447258,0.0,0.0005025313887003952
R1001_S+02,1001,2,260350200.0,0.0,634077.0700876247,149.68325497940768,129.98292070659073,47644403.494472586,0.0,0.0005025314314150438
R1001_S+02,1001,2,268239600.0,0.0,634073.8055118509,149.68325498417312,129.98292021535104,47644403.49447258,0.0,0.0005025314494422669
R1001_S+02,1001,2,276129000.0,0.0,634072.2123626024,149.68325498534972,129.98291997520826,47644403.49447258,0.0,0.0005025314582434561
R1001_S+02,1001,2,284018400.0,0.0,634071.5325974692,149.68325498557442,129.9829198726067,47644403.49447258,0.0,0.0005025314620010239
R1001_S+02,1001,2,291907800.0,0.0,634071.2239405122,149.68325498562783,129.98291982597178,47644403.49447258,0.0,0.0005025314637084425
R1001_S+02,1001,2,299797200.0,0.0,634071.0507024191,149.68325498564542,129.9829197997908,47644403.49447258,0.0,0.000502531464666872
R1001_S+02,1001,2,307686600.0,0.0,634070.9704600926,149.68325498564926,129.9829197876585,47644403.49447258,0.0,0.0005025314651109666
R1001_S+02,1001,2,315576000.0,0.0,634070.935740767,149.68325498565008,129.9829197824052,47644403.49447258,0.0,0.000502531465303245
R1001_S+03,1001,3,0.0,0.05428356490723041,0.0,0.0,0.0,0.0,0.0,0.0
R1001_S+03,1001,3,7889400.0,0.05428356490723041,267572.4200411197,15.56134809901268,13.272253500263865,428264.7569791041,0.0,4.538199045773162e-06
R1001_S+03,1001,3,15778800.0,0.05428356490723041,259577.9815777,21.76347597484569,18.546190230461157,856529.5139582078,0.0,9.076815280044966e-06
R1001_S+03,1001,3,23668200.0,0.05428356490723041,259353.2225841079,26.51379186609468,22.59362332102491,1284794.2709373129,0.0,1.3615220402434646e-05
R1001_S+03,1001,3,31557600.0,0.05428356490723041,260799.7910379395,30.423052849899815,25.897418599180206,1713059.0279164165,0.0,1.815335459099564e-05
R1001_S+03,1001,3,39447000.0,0.05428356490723041,263526.5122034289,33.92332637125052,28.818558858299912,2141323.78489552,0.0,2.2691118013326847e-05
R1001_S+03,1001,3,47336400.0,0.22274313634600743,1004412.240178192,44.21897587499769,38.635752283175066,3898633.4847837095,0.0,4.1136115393014175e-05
R1001_S+03,1001,3,55225800.0,0.22274313634600743,1042728.5205084328,53.68836467886733,46.16982128782926,5655943.184671901,0.0,5.966800923750048e-05
R1001_S+03,1001,3,63115200.0,0.22274313634600743,1068434.893406758,60.62326840977479,52.941947961153495,7413252.884560091,0.0,7.819747562091025e-05
R1001_S+03,1001,3,71004600.0,0.22274313634600743,1091892.4832257442,67.54188578654369,58.70575199739933,9170562.584448285,0.0,9.672156685117829e-05
R1001_S+03,1001,3,78894000.0,0.22274313634600743,1114439.8877098486,74.66419692758473,63.77624046632848,10927872.284336476,0.0,0.00011523982074715486
R1001_S+03,1001,3,86783400.0,0.3558296382740993,1749225.6876692064,83.4659497263419,71.27797600705183,13735154.632536156,0.0,0.00014440768666932263
R1001_S+03,1001,3,94672800.0,0.3558296382740993,1801857.5077976473,92.36824445083413,78.19495916908048,16542436.980735831,0.0,0.0001738666645161402
R1001_S+03,1001,3,102562200.0,0.3558296382740993,1843567.2558495365,99.17084247469812,84.59432868579876,19349719.328935504,0.0,0.00020331948257502354
R1001_S+03,1001,3,110451600.0,0.3558296382740993,1885370.1362349093,104.82015961438915,90.01084272307573,22157001.677135166,0.0,0.00023275097733208895
R1001_S+03,1001,3,118341000.0,0.3558296382740993,1922213.8327925093,113.21347017770263,95.63464352462955,24964284.025334854,0.0,0.00026217510263720024
R1001_S+03,1001,3,126230400.0,0.45354307069150585,2427625.695283752,117.75068600619802,101.88421098366419,28542466.727248423,0.0,0.00029909957366777636
R1001_S+03,1001,3,134119800.0,0.45354307069150585,2489267.0738919415,127.97152667154161,107.93189700879634,32120649.429162003,0.0,0.0003364523835595585
R1001_S+03,1001,3,142009200.0,0.45354307069150585,2544922.2575256564,131.45881968746863,113.45712499795775,35698832.131075576,0.0,0.00037378572954762686
R1001_S+03,1001,3,149898600.0,0.45354307069150585,2594926.2344867773,140.86226574536303,118.99198464108717,39277014.832989156,0.0,0.00041110565967633655
R1001_S+03,1001,3,157788000.0,0.45354307069150585,2646801.651323445,145.4324049237487,123.73545834084584,42855197.53490269,0.0,0.0004483865396506551
R1001_S+03,1001,3,165677400.0,0.0,666301.065254854,145.674566618618,124.17076141449245,42855197.53490269,0.0,0.0004518458282401806
R1001_S+03,1001,3,173566800.0,0.0,608623.0309210401,145.6876063876229,124.1924617445069,42855197.53490269,0.0,0.0004521174534316495
R1001_S+03,1001,3,181456200.0,0.0,589984.5046058707,145.6904493736122,124.19645580527454,42855197.53490269,0.0,0.00045220653209909886
R1001_S+03,1001,3,189345600.0,0.0,580331.4916389156,145.6914750814804,124.19754110975254,42855197.53490269,0.0,0.0004522530233352464
R1001_S+03,1001,3,197235000.0,0.0,576717.6403032187,145.69166488837038,124.1975201339093,42855197.53490269,0.0,0.0004522705788636229
R1001_S+03,1001,3,205124400.0,0.0,575145.3459678497,145.69170769038882,124.19742345061358,42855197.53490269,0.0,0.00045227824856831174
R1001_S+03,1001,3,213013800.0,0.0,574479.9409203306,145.69171669195043,124.19736245725454,42855197.53490269,0.0,0.00045228150243392445
R1001_S+03,1001,3,220903200.0,0.0,574193.5970838107,145.69171877344533,124.19733224256282,42855197.53490269,0.0,0.0004522829050089286
R1001_S+03,1001,3,228792600.0,0.0,574025.6313892957,145.6917195409966,124.19731352086713,42855197.53490269,0.0,0.0004522837281051811
R1001_S+03,1001,3,236682000.0,0.0,573957.0621983744,145.6917196793921,124.19730548813239,42855197.53490269,0.0,0.00045228406445445876
R1001_S+03,1001,3,244571400.0,0.0,573926.4070906192,145.69171971217827,124.19730183041801,42855197.53490269,0.0,0.00045228421494986776
R1001_S+03,1001,3,252460800.0,0.0,573909.7404642925,145.691719722629,124.19729982535614,42855197.53490269,0.0,0.0004522842967852215
R1001_S+03,1001,3,260350200.0,0.0,573902.5359336194,145.6917197248085,124.19729895286403,42855197.53490269,0.0,0.00045228433218694116
R1001_S+03,1001,3,268239600.0,0.0,573898.923003843,145.69171972541096,124.19729851410533,42855197.53490269,0.0,0.00045228434994628723
R1001_S+03,1001,3,276129000.0,0.0,573897.0946709812,145.69171972557135,124.19729829168777,42855197.53490269,0.0,0.00045228435893616357
R1001_S+03,1001,3,284018400.0,0.0,573896.2876360305,145.69171972560184,124.19729819338181,42855197.53490269,0.0,0.00045228436290602317
R1001_S+03,1001,3,291907800.0,0.0,573895.9473238904,145.6917197256074,124.19729815188866,42855197.53490269,0.0,0.000452284364580984
R1001_S+03,1001,3,299797200.0,0.0,573895.7860880326,145.69171972560875,124.19729813221855,42855197.53490269,0.0,0.00045228436537489663
R1001_S+03,1001,3,307686600.0,0.0,573895.7060912382,145.69171972560915,124.1972981224568,42855197.53490269,0.0,0.00045228436576886784
R1001_S+03,1001,3,315576000.0,0.0,573895.6692482401,145.69171972560926,124.19729811795851,42855197.53490269,0.0,0.0004522843659504083
R1002_S+00,1002,0,0.0,1.6845323304863669,0.0,0.0,0.0,0.0,0.0,0.0
R1002_S+00,1002,0,7889400.0,1.6845323304863669,1815701.657836251,51.75317485966988,45.288382739743845,13289949.368139144,0.0,7.835750486836864e-05
R1002_S+00,1002,0,15778800.0,1.6845323304863669,1899335.484741237,72.66860530797793,64.84076046649454,26579898.736278296,0.0,0.00015667167581822
R1002_S+00,1002,0,23668200.0,1.6845323304863669,1984267.7073847353,89.66343448071993,78.51297684873055,39869848.10441746,0.0,0.00023489343786484759
R1002_S+00,1002,0,31557600.0,1.6845323304863669,2077879.617166508,101.81327914082789,91.88441286260549,53159797.47255659,0.0,0.0003129862059840724
R1002_S+00,1002,0,39447000.0,1.6845323304863669,2171263.099075999,113.68327683304058,102.62867716819986,66449746.84069574,0.0,0.0003909628145450988
R1002_S+00,1002,0,47336400.0,1.8962506987745706,2510277.9185832217,126.32676551163799,113.27862535767186,81410027.10360785,0.0,0.00047813703728441764
R1002_S+00,1002,0,55225800.0,1.8962506987745706,2620019.9162573293,138.82218380150354,121.65566280295165,96370307.3665199,0.0,0.0005655313116915813
R1002_S+00,1002,0,63115200.0,1.8962506987745706,2733940.3790452257,144.34782642639325,131.6780261812223,111330587.62943202,0.0,0.0006527347523275302
R1002_S+00,1002,0,71004600.0,1.8962506987745706,2842540.1139990613,157.122177167739,140.46694256607475,126290867.89234418,0.0,0.0007398056648041667
R1002_S+00,1002,0,78894000.0,1.8962506987745706,2954738.157973774,164.18643299244005,147.77427620329772,141251148.15525624,0.0,0.0008266899316984179
R1002_S+00,1002,0,86783400.0,1.8775449511831601,3041660.010872841,174.7915584475721,155.27207093228938,156063851.29312068,0.0,0.000912646620472295
R1002_S+00,1002,0,94672800.0,1.8775449511831601,3154616.5442901514,178.63525179420583,162.79839213503857,170876554.43098497,0.0,0.0009983315294588425
R1002_S+00,1002,0,102562200.0,1.8775449511831601,3260952.9555371813,191.22688936763228,168.06859906633164,185689257.56884944,0.0,0.001083917685098833
R1002_S+00,1002,0,110451600.0,1.8775449511831601,3371209.4981487542,196.25143183890373,176.30145640429268,200501960.7067138,0.0,0.001169300977820166
R1002_S+00,1002,0,118341000.0,1.8775449511831601,3484349.2770055383,199.61670226544794,182.06258485344992,215314663.84457818,0.0,0.0012544868230243392
R1002_S+00,1002,0,126230400.0,1.6284150877121355,3297361.869092323,210.26925045210172,186.1458515298647,228161881.83757436,0.0,0.0013295263760266798
R1002_S+00,1002,0,134119800.0,1.6284150877121355,3384860.3005103916,216.4585537502719,190.21367050052498,241009099.83057037,0.0,0.001403318277130282
R1002_S+00,1002,0,142009200.0,1.6284150877121355,3479688.8095295727,219.41755781139645,197.7130171881671,253856317.8235666,0.0,0.001476896572120645
R1002_S+00,1002,0,149898600.0,1.6284150877121355,3575709.1017829664,221.88435567799078,202.10412884390925,266703535.81656265,0.0,0.0015503354839096865
R1002_S+00,1002,0,157788000.0,1.6284150877121355,3667431.581812516,226.90054453061163,205.7076405588679,279550753.80955875,0.0,0.0016237181931313762
R1002_S+00,1002,0,165677400.0,0.0,1963148.4938154556,228.9247408713673,206.17911576399717,279550753.80955875,0.0,0.001632870759885553
R1002_S+00,1002,0,173566800.0,0.0,1927600.497885909,229.0206033623052,206.2036905932505,279550753.80955875,0.0,0.00163346885324879
R1002_S+00,1002,0,181456200.0,0.0,1922620.445632968,229.0294714313,206.205930036155,279550753.80955875,0.0,0.0016335569401284044
R1002_S+00,1002,0,189345600.0,0.0,1921663.4286418445,229.03046060076565,206.20614815636816,279550753.80955875,0.0,0.0016335745733445412
R1002_S+00,1002,0,197235000.0,0.0,1921389.0845955834,229.03063132514487,206.20617475033157,279550753.80955875,0.0,0.0016335797440973153
R1002_S+00,1002,0,205124400.0,0.0,1921311.1835210286,229.03065856673769,206.20617518735722,279550753.80955875,0.0,0.0016335812362671212
R1002_S+00,1002,0,213013800.0,0.0,1921284.9053616598,229.03066375244225,206.20617393375255,279550753.80955875,0.0,0.0016335817439487525
R1002_S+00,1002,0,220903200.0,0.0,1921276.6571779586,229.03066456486127,206.20617324191758,279550753.80955875,0.0,0.0016335819042192616
R1002_S+00,1002,0,228792600.0,0.0,1921274.334478587,229.03066466219403,206.20617299638948,279550753.80955875,0.0,0.0016335819495029971
R1002_S+00,1002,0,236682000.0,0.0,1921273.7669234052,229.03066467142574,206.2061729303514,279550753.80955875,0.0,0.001633581960594551
R1002_S+00,1002,0,244571400.0,0.0,1921273.588810224,229.03066467291757,206.2061729089995,279550753.80955875,0.0,0.0016335819640787403
R1002_S+00,1002,0,252460800.0,0.0,1921273.528659843,229.03066467318314,206.2061729016837,279550753.80955875,0.0,0.0016335819652550073
R1002_S+00,1002,0,260350200.0,0.0,1921273.510557197,229.03066467322486,206.20617289946082,279550753.80955875,0.0,0.0016335819656094455
R1002_S+00,1002,0,268239600.0,0.0,1921273.503247127,229.03066467323455,206.2061728985606,279550753.8095587,0.0,0.0016335819657524288
R1002_S+00,1002,0,276129000.0,0.0,1921273.5011358745,229.03066467323623,206.20617289829983,279550753.80955875,0.0,0.0016335819657937176
R1002_S+00,1002,0,284018400.0,0.0,1921273.500583984,229.03066467323623,206.20617289823147,279550753.80955875,0.0,0.0016335819658045163
R1002_S+00,1002,0,291907800.0,0.0,1921273.5004105568,229.03066467323623,206.20617289820999,279550753.80955875,0.0,0.0016335819658079111
R1002_S+00,1002,0,299797200.0,0.0,1921273.5003517456,229.03066467323623,206.20617289820268,279550753.80955875,0.0,0.001633581965809062
R1002_S+00,1002,0,307686600.0,0.0,1921273.5003341287,229.03066467323623,206.20617289820058,279550753.80955875,0.0,0.0016335819658094071
R1002_S+00,1002,0,315576000.0,0.0,1921273.500326801,229.03066467323623,206.20617289819964,279550753.80955875,0.0,0.0016335819658095504
R1002_S+01,1002,1,0.0,0.13667745798767422,0.0,0.0,0.0,0.0,0.0,0.0
R1002_S+01,1002,1,7889400.0,0.13667745798767422,162681.1217141971,15.036814449581733,13.207649599448684,1078303.1370479541,0.0,6.419071091408885e-06
R1002_S+01,1002,1,15778800.0,0.13667745798767422,159299.58366747573,21.125622777519634,18.480612006526645,2156606.274095913,0.0,1.2838114662098418e-05
R1002_S+01,1002,1,23668200.0,0.13667745798767422,161154.66166760027,25.299525021710433,22.65928507732268,3234909.4111438836,0.0,1.9256451630280882e-05
R1002_S+01,1002,1,31557600.0,0.13667745798767422,165143.57781103253,29.650922772947258,25.91645669435995,4313212.548191836,0.0,2.567408856439104e-05
R1002_S+01,1002,1,39447000.0,0.13667745798767422,169740.70926347375,33.07461826661879,28.919091832023724,5391515.685239799,0.0,3.209085638015562e-05
R1002_S+01,1002,1,47336400.0,0.22733234448481127,264823.72831964865,37.59822107239726,33.72891492515965,7185031.483818257,0.0,4.27373621487574e-05
R1002_S+01,1002,1,55225800.0,0.22733234448481127,275149.2932786476,41.96875484639554,37.64020285924883,8978547.282396723,0.0,5.33999882326306e-05
R1002_S+01,1002,1,63115200.0,0.22733234448481127,285085.3131917529,46.35300426560964,40.59319155397223,10772063.080975171,0.0,6.406060864499128e-05
R1002_S+01,1002,1,71004600.0,0.22733234448481127,296768.6204340104,49.519424804029754,44.0808926141953,12565578.879553631,0.0,7.471822241897928e-05
R1002_S+01,1002,1,78894000.0,0.22733234448481127,307700.62025190145,52.53978008511115,47.47338409637686,14359094.67813206,0.0,8.537374198782243e-05
R1002_S+01,1002,1,86783400.0,0.3693228583790852,455426.0210952144,58.18527308834207,51.85230950065785,17272830.437028006,0.0,0.00010259736178743574
R1002_S+01,1002,1,94672800.0,0.3693228583790852,476675.0119200628,63.267996444942874,55.5802643620783,20186566.195923947,0.0,0.00011988275722032419
R1002_S+01,1002,1,102562200.0,0.3693228583790852,497428.25859896094,65.9171287383684,59.95960194999671,23100301.954819895,0.0,0.00013716148874703575
R1002_S+01,1002,1,110451600.0,0.3693228583790852,516349.8533853404,71.65658364690076,62.793230486987454,26014037.71371585,0.0,0.00015443621287337432
R1002_S+01,1002,1,118341000.0,0.3693228583790852,536893.7452712841,73.5838795146079,66.94188657095081,28927773.472611815,0.0,0.00017170149431550586
R1002_S+01,1002,1,126230400.0,0.562648999670496,746351.9366237186,80.70431551860825,71.49905064549209,33366736.49061223,0.0,0.0001977972899809642
R1002_S+01,1002,1,134119800.0,0.562648999670496,781703.9021307435,83.99257423633559,76.12333527962595,37805699.50861262,0.0,0.00022404555650814518
R1002_S+01,1002,1,142009200.0,0.562648999670496,812055.6833113991,90.41949547098571,80.70316537993786,42244662.52661303,0.0,0.00025028572297554124
R1002_S+01,1002,1,149898600.0,0.562648999670496,844179.989359159,92.69898964720521,84.62569474475961,46683625.54461343,0.0,0.0002765051030013477
R1002_S+01,1002,1,157788000.0,0.562648999670496,873657.0749217123,99.98547790758657,87.75021031453694,51122588.56261382,0.0,0.00030271668020124057
R1002_S+01,1002,1,165677400.0,0.0,362034.00511755235,100.08805509603935,87.86128262132318,51122588.56261382,0.0,0.0003035400726645993
R1002_S+01,1002,1,173566800.0,0.0,355174.066915093,100.09008430396473,87.86361454025851,51122588.56261382,0.0,0.00030356228668844133
R1002_S+01,1002,1,181456200.0,0.0,354122.79382108897,100.09029663286671,87.86385841522788,51122588.56261382,0.0,0.0003035657968893361
R1002_S+01,1002,1,189345600.0,0.0,353847.5361062363,100.09033306026963,87.8638980823135,51122588.56261383,0.0,0.0003035667380166076
R1002_S+01,1002,1,197235000.0,0.0,353783.61645630375,100.09033743983244,87.86390179049475,51122588.56261383,0.0,0.00030356696155838344
R1002_S+01,1002,1,205124400.0,0.0,353768.80334946513,100.09033790394452,87.86390185412672,51122588.56261382,0.0,0.00030356701409383176
R1002_S+01,1002,1,213013800.0,0.0,353764.30512341484,100.09033797567945,87.86390176723425,51122588.56261383,0.0,0.00030356703014185367
R1002_S+01,1002,1,220903200.0,0.0,353763.05379665643,100.09033798542883,87.86390172656444,51122588.56261383,0.0,0.0003035670346219317
R1002_S+01,1002,1,228792600.0,0.0,353762.5943634026,100.09033798732845,87.86390170879143,51122588.56261383,0.0,0.0003035670362690096
R1002_S+01,1002,1,236682000.0,0.0,353762.4766258318,100.09033798753025,87.86390170372738,51122588.56261383,0.0,0.0003035670366916361
R1002_S+01,1002,1,244571400.0,0.0,353762.4390962552,100.09033798756192,87.86390170205146,51122588.56261383,0.0,0.00030356703682638957
R1002_S+01,1002,1,252460800.0,0.0,353762.4285408221,100.0903379875662,87.86390170157073,51122588.56261382,0.0,0.0003035670368643067
R1002_S+01,1002,1,260350200.0,0.0,353762.4243605174,100.09033798756701,87.86390170137872,51122588.56261383,0.0,0.0003035670368793208
R1002_S+01,1002,1,268239600.0,0.0,353762.4233499635,100.09033798756717,87.86390170133201,51122588.56261383,0.0,0.00030356703688295104
R1002_S+01,1002,1,276129000.0,0.0,353762.4230262935,100.09033798756717,87.86390170131698,51122588.56261383,0.0,0.00030356703688411363
R1002_S+01,1002,1,284018400.0,0.0,353762.42295341566,100.09033798756717,87.86390170131361,51122588.56261383,0.0,0.00030356703688437536
R1002_S+01,1002,1,291907800.0,0.0,353762.42293297127,100.09033798756717,87.86390170131266,51122588.56261383,0.0,0.00030356703688444887
R1002_S+01,1002,1,299797200.0,0.0,353762.4229247514,100.09033798756717,87.86390170131227,51122588.56261383,0.0,0.00030356703688447836
R1002_S+01,1002,1,307686600.0,0.0,353762.4229227677,100.09033798756717,87.86390170131217,51122588.56261383,0.0,0.00030356703688448546
R1002_S+01,1002,1,315576000.0,0.0,353762.4229221754,100.09033798756717,87.86390170131214,51122588.56261383,0.0,0.0003035670368844876
R1002_S+02,1002,2,0.0,0.11859670863766626,0.0,0.0,0.0,0.0,0.0,0.0
R1002_S+02,1002,2,7889400.0,0.11859670863766626,143335.26225557737,13.911102857461003,12.433817811642367,935656.873126004,0.0,5.570665499133655e-06
R1002_S+02,1002,2,15778800.0,0.11859670863766626,139860.16462915018,19.41989672752004,17.437835244552677,1871313.7462520106,0.0,1.1141350779453482e-05
R1002_S+02,1002,2,23668200.0,0.11859670863766626,141031.7294928264,23.948194953006606,20.95402633472945,2806970.619378018,0.0,1.6711533591743256e-05
R1002_S+02,1002,2,31557600.0,0.11859670863766626,144519.88710326143,27.127934553118898,24.501945594234343,3742627.492504017,0.0,2.228103828445118e-05
R1002_S+02,1002,2,39447000.0,0.11859670863766626,148791.4723544363,30.277249415638693,27.333673404680624,4678284.365630021,0.0,2.784994952646014e-05
R1002_S+02,1002,2,47336400.0,0.28188568281423265,315064.48212640546,37.23017462056664,32.60877844993876,6902193.271624621,0.0,4.1041729306552475e-05
R1002_S+02,1002,2,55225800.0,0.28188568281423265,328068.68332853727,42.12378910206696,38.0076004117589,9126102.177619223,0.0,5.425865246478815e-05
R1002_S+02,1002,2,63115200.0,0.28188568281423265,340565.22095722705,46.975265618721146,42.320311884550925,11350011.083613817,0.0,6.747286226434003e-05
R1002_S+02,1002,2,71004600.0,0.28188568281423265,353755.4855474178,51.91494100468649,45.783315687266025,13573919.989608418,0.0,8.068358084622088e-05
R1002_S+02,1002,2,78894000.0,0.28188568281423265,368123.0044195689,55.719667360235455,49.3570004449886,15797828.895603037,0.0,9.38899120058627e-05
R1002_S+02,1002,2,86783400.0,0.6546008440746486,751487.1010103803,64.5381749358732,56.618395367129125,20962236.79484555,0.0,0.00012428867845037012
R1002_S+02,1002,2,94672800.0,0.6546008440746486,793298.7110907175,71.9858673359868,63.08674312637265,26126644.6940881,0.0,0.00015486361746607516
R1002_S+02,1002,2,102562200.0,0.6546008440746486,829226.8677131087,78.79638376474706,69.24624268033092,31291052.593330674,0.0,0.00018542058671668478
R1002_S+02,1002,2,110451600.0,0.6546008440746486,865857.4570145886,82.616263531208,75.28009098463762,36455460.49257322,0.0,0.00021595514948084327
R1002_S+02,1002,2,118341000.0,0.6546008440746486,900139.0348945614,90.2689365661769,80.18688139188207,41619868.39181574,0.0,0.0002464750355738432
R1002_S+02,1002,2,126230400.0,1.2367421924189144,1551924.9091370292,100.47087952990248,88.64357555785499,51377022.24468557,0.0,0.000303217188897664
R1002_S+02,1002,2,134119800.0,1.2367421924189144,1628821.2961930856,109.99047242461265,96.6223192507147,61134176.097555324,0.0,0.00036058849440674776
R1002_S+02,1002,2,142009200.0,1.2367421924189144,1702262.1527049374,115.06086857252708,104.85052979869887,70891329.95042506,0.0,0.0004178904524686173
R1002_S+02,1002,2,149898600.0,1.2367421924189144,1770616.7618360035,125.55433300091838,111.45362931970216,80648483.80329478,0.0,0.0004751415978810979
R1002_S+02,1002,2,157788000.0,1.2367421924189144,1843127.5437892638,129.31275064251372,118.02408512174064,90405637.65616453,0.0,0.000532301222412546
R1002_S+02,1002,2,165677400.0,0.0,647383.7419432327,130.5484953688966,118.29644837379037,90405637.65616453,0.0,0.0005352009389442299
R1002_S+02,1002,2,173566800.0,0.0,631004.4600237329,130.58074667399706,118.30333675216282,90405637.65616453,0.0,0.0005352929811564675
R1002_S+02,1002,2,181456200.0,0.0,627993.4329240993,130.58519786913757,118.30428290860823,90405637.65616453,0.0,0.0005353102833207867
R1002_S+02,1002,2,189345600.0,0.0,627254.571233701,130.58594594732853,118.30443365640332,90405637.65616453,0.0,0.0005353146211166572
R1002_S+02,1002,2,197235000.0,0.0,627069.0171886068,130.5860534273334,118.3044512056712,90405637.65616453,0.0,0.000535315733179878
R1002_S+02,1002,2,205124400.0,0.0,627031.7257662099,130.5860624708986,118.30445134034926,90405637.65616453,0.0,0.0005353159605171649
R1002_S+02,1002,2,213013800.0,0.0,627021.3872445822,130.58606374709385,118.3044510212495,90405637.65616453,0.0,0.0005353160239604352
R1002_S+02,1002,2,220903200.0,0.0,627017.8419741001,130.58606397704972,118.30445084893891,90405637.65616453,0.0,0.0005353160457814882
R1002_S+02,1002,2,228792600.0,0.0,627016.8688885216,130.5860640040281,118.30445079013953,90405637.65616453,0.0,0.0005353160517837708
R1002_S+02,1002,2,236682000.0,0.0,627016.6015348621,130.5860640071609,118.3044507725374,90405637.65616453,0.0,0.0005353160534345554
R1002_S+02,1002,2,244571400.0,0.0,627016.5256294701,130.58606400753945,118.30445076735684,90405637.65616453,0.0,0.0005353160539034078
R1002_S+02,1002,2,252460800.0,0.0,627016.5057567488,130.5860640075798,118.30445076597812,90405637.65616453,0.0,0.0005353160540261968
R1002_S+02,1002,2,260350200.0,0.0,627016.4998587146,130.58606400758566,118.30445076556629,90405637.65616453,0.0,0.0005353160540626488
R1002_S+02,1002,2,268239600.0,0.0,627016.4979423415,130.5860640075862,118.30445076543202,90405637.65616453,0.0,0.0005353160540744897
R1002_S+02,1002,2,276129000.0,0.0,627016.497404648,130.5860640075862,118.30445076539424,90405637.65616453,0.0,0.0005353160540778138
R1002_S+02,1002,2,284018400.0,0.0,627016.4971767571,130.5860640075862,118.30445076537826,90405637.65616453,0.0,0.0005353160540792219
R1002_S+02,1002,2,291907800.0,0.0,627016.4971217774,130.5860640075862,118.30445076537443,90405637.65616453,0.0,0.0005353160540795617
R1002_S+02,1002,2,299797200.0,0.0,627016.4971062243,130.5860640075862,118.30445076537333,90405637.65616453,0.0,0.0005353160540796578
R1002_S+02,1002,2,307686600.0,0.0,627016.4971021321,130.5860640075862,118.30445076537305,90405637.65616453,0.0,0.000535316054079683
R1002_S+02,1002,2,315576000.0,0.0,627016.4971009586,130.5860640075862,118.30445076537296,90405637.65616453,0.0,0.0005353160540796903
R1002_S+03,1002,3,0.0,10.502736831082387,0.0,0.0,0.0,0.0,0.0,0.0
R1002_S+03,1002,3,7889400.0,10.502736831082387,15054178.72787759,127.0784146394572,115.05142343718201,82860291.95514128,0.0,0.00046831196405575836
R1002_S+03,1002,3,15778800.0,10.502736831082387,15905672.439987063,178.22329789180276,162.27638598914703,165720583.9102825,0.0,0.0009352204958143085
R1002_S+03,1002,3,23668200.0,10.502736831082387,16656143.307281151,220.06169472666338,198.7973039878316,248580875.8654241,0.0,0.0013990482016479349
R1002_S+03,1002,3,31557600.0,10.502736831082387,17425634.674544644,249.81260752936066,228.05079766651926,331441167.8205661,0.0,0.0018586755873872566
R1002_S+03,1002,3,39447000.0,10.502736831082387,18177242.664682686,278.7325268040298,254.47619567669446,414301459.7757083,0.0,0.0023142801965370576
R1002_S+03,1002,3,47336400.0,7.3461767399361015,13513915.732268222,304.62090857217186,273.15432904858756,472258386.54776084,0.0,0.0026556060038555487
R1002_S+03,1002,3,55225800.0,7.3461767399361015,13918871.926796876,319.5996794151313,287.107936965519,530215313.3198125,0.0,0.0029731821461611205
R1002_S+03,1002,3,63115200.0,7.3461767399361015,14376179.12529897,339.12205778775234,302.6813185505041,588172240.0918643,0.0,0.0032878433640059915
R1002_S+03,1002,3,71004600.0,7.3461767399361015,14863245.896210752,346.71609911527327,316.6416076103063,646129166.8639174,0.0,0.0035997015943222393
R1002_S+03,1002,3,78894000.0,7.3461767399361015,15327924.463056386,371.7428577465648,326.8484473555846,704086093.6359694,0.0,0.003910115922371195
R1002_S+03,1002,3,86783400.0,3.8181494963667553,10276837.589190938,378.33603229876036,337.6335645212706,734209002.2726052,0.0,0.004107211434003918
R1002_S+03,1002,3,94672800.0,3.8181494963667553,10395166.679956645,381.7027141570218,345.5265756449325,764331910.9092405,0.0,0.004271124444886078
R1002_S+03,1002,3,102562200.0,3.8181494963667553,10600133.556698687,384.8581261671054,350.9210752490722,794454819.5458763,0.0,0.004431856295037534
R1002_S+03,1002,3,110451600.0,3.8181494963667553,10815756.237959363,388.5654674674153,355.5182674718637,824577728.1825125,0.0,0.004591765223446907
R1002_S+03,1002,3,118341000.0,3.8181494963667553,11030357.350321915,403.4496848715156,359.96937140051193,854700636.8191485,0.0,0.004751211440547179
R1002_S+03,1002,3,126230400.0,0.26982147709699494,6278834.579931781,407.1209518549299,361.3138691132279,856829366.3805575,0.0,0.0048033186784395936
R1002_S+03,1002,3,134119800.0,0.26982147709699494,6184053.066260956,407.3887706868362,361.41454749471177,858958095.9419667,0.0,0.004819056000441219
R1002_S+03,1002,3,142009200.0,0.26982147709699494,6180386.45461984,407.41691610708904,361.40948973787727,861086825.5033755,0.0,0.004831361268476252
R1002_S+03,1002,3,149898600.0,0.26982147709699494,6188883.431230158,407.4199062951237,361.3959362946943,863215555.0647846,0.0,0.004843138820870957
R1002_S+03,1002,3,157788000.0,0.26982147709699494,6200307.241685361,407.42022438260983,361.3870703050484,865344284.6261936,0.0,0.0048548078693838904
R1002_S+03,1002,3,165677400.0,0.0,5909912.695156485,407.4202565258389,361.384376126828,865344284.6261938,0.0,0.00485847463000387
R1002_S+03,1002,3,173566800.0,0.0,5895445.09034906,407.4202612762933,361.3830518824096,865344284.6261938,0.0,0.004859208191805976
R1002_S+03,1002,3,181456200.0,0.0,5891130.706304971,407.42026208251804,361.3825003091162,865344284.6261938,0.0,0.004859430601776927
R1002_S+03,1002,3,189345600.0,0.0,5889738.417866476,407.42026222647615,361.3822923074501,865344284.6261936,0.0,0.004859502823098672
R1002_S+03,1002,3,197235000.0,0.0,5889240.862439092,407.420262257197,361.38221222356344,865344284.6261936,0.0,0.00485952873564696
R1002_S+03,1002,3,205124400.0,0.0,5889038.8817014545,407.4202622648788,361.3821784089478,865344284.6261938,0.0,0.004859539251926587
R1002_S+03,1002,3,213013800.0,0.0,5888962.50712654,407.42026226653303,361.3821652754126,865344284.6261936,0.0,0.004859543224169977
R1002_S+03,1002,3,220903200.0,0.0,5888938.326508425,407.4202622668057,361.3821610260394,865344284.6261938,0.0,0.0048595444858218735
R1002_S+03,1002,3,228792600.0,0.0,5888928.938939322,407.42026226686903,361.38215936457595,865344284.6261938,0.0,0.004859544974990486
R1002_S+03,1002,3,236682000.0,0.0,5888925.603132296,407.42026226688256,361.3821587693914,865344284.6261938,0.0,0.004859545149275815
R1002_S+03,1002,3,244571400.0,0.0,5888924.144706152,407.42026226688614,361.38215850911365,865344284.6261936,0.0,0.004859545225259954
R1002_S+03,1002,3,252460800.0,0.0,5888923.658984359,407.4202622668868,361.3821584221491,865344284.6261938,0.0,0.004859545250584272
R1002_S+03,1002,3,260350200.0,0.0,5888923.483126905,407.42026226688716,361.3821583905684,865344284.6261938,0.0,0.004859545259769012
R1002_S+03,1002,3,268239600.0,0.0,5888923.4121884,407.42026226688716,361.38215837783525,865344284.6261938,0.0,0.004859545263469515
R1002_S+03,1002,3,276129000.0,0.0,5888923.384277113,407.42026226688716,361.38215837282934,865344284.6261938,0.0,0.004859545264923581
R1002_S+03,1002,3,284018400.0,0.0,5888923.375113163,407.42026226688716,361.382158371185,865344284.6261938,0.0,0.004859545265400979
R1002_S+03,1002,3,291907800.0,0.0,5888923.372180618,407.42026226688716,361.3821583706589,865344284.6261938,0.0,0.004859545265553722
R1002_S+03,1002,3,299797200.0,0.0,5888923.371211108,407.42026226688716,361.3821583704846,865344284.6261936,0.0,0.004859545265604338
R1002_S+03,1002,3,307686600.0,0.0,5888923.37083732,407.42026226688716,361.38215837041736,865344284.6261938,0.0,0.004859545265623824
R1002_S+03,1002,3,315576000.0,0.0,5888923.370702546,407.42026226688716,361.3821583703932,865344284.6261938,0.0,0.0048595452656308635
R1003_S+00,1003,0,0.0,0.4658040670981905,0.0,0.0,0.0,0.0,0.0,0.0
R1003_S+00,1003,0,7889400.0,0.4658040670981905,920071.6690124273,25.877692214731166,22.99438083262308,3674914.6069644624,0.0,1.5279169288337557e-05
R1003_S+00,1003,0,15778800.0,0.4658040670981905,930798.5385889281,36.60707056419005,32.37085779125751,7349829.213928926,0.0,3.055936808617952e-05
R1003_S+00,1003,0,23668200.0,0.4658040670981905,945405.617912693,44.51650449987902,39.44736294577045,11024743.820893396,0.0,4.583845223277428e-05
R1003_S+00,1003,0,31557600.0,0.4658040670981905,959092.8218083084,51.84948641010393,45.58865353316751,14699658.42785786,0.0,6.111635010955604e-05
R1003_S+00,1003,0,39447000.0,0.4658040670981905,973423.2495634276,57.737061300261246,50.9475825390475,18374573.034822326,0.0,7.63908316201055e-05
R1003_S+00,1003,0,47336400.0,0.45884445900803666,976741.6615231913,62.623989726413726,55.73870514154739,21994580.509720333,0.0,9.143857157481763e-05
R1003_S+00,1003,0,55225800.0,0.45884445900803666,991462.6687419582,68.76516809461475,59.43519120767327,25614587.984618343,0.0,0.0001064789512746072
R1003_S+00,1003,0,63115200.0,0.45884445900803666,1007093.9681857899,73.5886743230814,64.29464362150068,29234595.459516354,0.0,0.00012151519111526945
R1003_S+00,1003,0,71004600.0,0.45884445900803666,1024141.3387915771,77.45814605285578,67.50686804877807,32854602.93441436,0.0,0.00013654520707792183
R1003_S+00,1003,0,78894000.0,0.45884445900803666,1039663.4055955652,82.01195778028897,71.8651621039957,36474610.40931237,0.0,0.00015157333693857901
R1003_S+00,1003,0,86783400.0,0.7224672760433551,1577938.6971385423,87.2355686449601,77.0381432278247,42174443.73692879,0.0,0.00017483050760017113
R1003_S+00,1003,0,94672800.0,0.7224672760433551,1621507.257923292,94.70680975651258,81.93084071791074,47874277.064545244,0.0,0.00019840277917048722
R1003_S+00,1003,0,102562200.0,0.7224672760433551,1655067.1513023414,98.01360577559572,87.08179204199494,53574110.3921617,0.0,0.00022197338011623445
R1003_S+00,1003,0,110451600.0,0.7224672760433551,1683126.3836318068,105.37266516540315,91.33290943004914,59273943.71977818,0.0,0.00024554274884790563
R1003_S+00,1003,0,118341000.0,0.7224672760433551,1712810.6521583274,108.74807900732799,95.26326746413962,64973777.04739463,0.0,0.000269096209434569
R1003_S+00,1003,0,126230400.0,1.2566725182041463,2855684.8932919316,118.22077442521525,102.43124976282873,74888169.21251443,0.0,0.00030877183112361503
R1003_S+00,1003,0,134119800.0,1.2566725182041463,2943284.301202677,122.98421408771314,109.53972612968998,84802561.37763424,0.0,0.00034944842857425966
R1003_S+00,1003,0,142009200.0,1.2566725182041463,3004130.13140887,132.96171361363784,115.10661937297638,94716953.54275401,0.0,0.00039015418365563376
R1003_S+00,1003,0,149898600.0,1.2566725182041463,3060601.380418863,137.0842996255312,121.51037065128058,104631345.70787387,0.0,0.000430834341048301
R1003_S+00,1003,0,157788000.0,1.2566725182041463,3111086.2015003823,145.7965813232808,127.16649880505332,114545737.8729937,0.0,0.00047150307159365013
R1003_S+00,1003,0,165677400.0,0.0,654293.3256866746,146.80013562923034,127.66540763442107,114545737.8729937,0.0,0.0004756722506838881
R1003_S+00,1003,0,173566800.0,0.0,580920.7028223369,146.87411668300885,127.70643335458139,114545737.8729937,0.0,0.0004760284952058464
R1003_S+00,1003,0,181456200.0,0.0,557019.0563806575,146.89647851135726,127.71945272043413,114545737.8729937,0.0,0.0004761452598404718
R1003_S+00,1003,0,189345600.0,0.0,545200.5811732728,146.90683339068562,127.72573075202958,114545737.8729937,0.0,0.0004762031171683383
R1003_S+00,1003,0,197235000.0,0.0,540881.2408551704,146.91021223321866,127.72792592261521,114545737.8729937,0.0,0.000476224300636346
R1003_S+00,1003,0,205124400.0,0.0,539388.436941715,146.91124033299653,127.72864884223075,114545737.8729937,0.0,0.0004762316315212893
R1003_S+00,1003,0,213013800.0,0.0,538767.5362533089,146.91162483290145,127.72893811979849,114545737.87299371,0.0,0.0004762346834449074
R1003_S+00,1003,0,220903200.0,0.0,538514.4836669527,146.91176486423836,127.7290514882433,114545737.8729937,0.0,0.00047623592836321517
R1003_S+00,1003,0,228792600.0,0.0,538406.7032851744,146.91181813209752,127.7290979986418,114545737.8729937,0.0,0.00047623645901394035
R1003_S+00,1003,0,236682000.0,0.0,538363.548190264,146.91183701986006,127.72911592409771,114545737.8729937,0.0,0.00047623667165195427
R1003_S+00,1003,0,244571400.0,0.0,538343.5104564857,146.91184486654774,127.72912397716381,114545737.8729937,0.0,0.00047623677044558217
R1003_S+00,1003,0,252460800.0,0.0,538335.4175623748,146.91184762010027,127.7291271051191,114545737.8729937,0.0,0.0004762368103754807
R1003_S+00,1003,0,260350200.0,0.0,538332.3286488801,146.91184852424806,127.72912825371063,114545737.87299371,0.0,0.0004762368256265547
R1003_S+00,1003,0,268239600.0,0.0,538331.0928186066,146.91184884010383,127.72912869868219,114545737.8729937,0.0,0.00047623683173183927
R1003_S+00,1003,0,276129000.0,0.0,538330.4866828322,146.91184897800846,127.72912891139457,114545737.8729937,0.0,0.00047623683472748
R1003_S+00,1003,0,284018400.0,0.0,538330.2547733802,146.91184902299636,127.72912899018887,114545737.8729937,0.0,0.0004762368358742441
R1003_S+00,1003,0,291907800.0,0.0,538330.1548250709,146.91184903987417,127.72912902328605,114545737.8729937,0.0,0.00047623683636867305
R1003_S+00,1003,0,299797200.0,0.0,538330.1129770596,146.9118490459963,127.72912903681113,114545737.8729937,0.0,0.00047623683657576835
R1003_S+00,1003,0,307686600.0,0.0,538330.0945473611,146.9118490483416,127.72912904264061,114545737.8729937,0.0,0.00047623683666700017
R1003_S+00,1003,0,315576000.0,0.0,538330.0870597325,146.91184904916312,127.72912904496025,114545737.87299371,0.0,0.00047623683670407836
R1003_S+01,1003,1,0.0,2.979907432158462,0.0,0.0,0.0,0.0,0.0,0.0
R1003_S+01,1003,1,7889400.0,2.979907432158462,6635158.362228937,66.54501165120811,57.84636723318291,23509681.695270956,0.0,9.552776136185215e-05
R1003_S+01,1003,1,15778800.0,2.979907432158462,6908162.195049342,94.34716308580798,81.71166735690751,47019363.39054198,0.0,0.0001910572994855486
R1003_S+01,1003,1,23668200.0,2.979907432158462,7079962.711418778,114.28083028804322,100.54307690495463,70529045.08581291,0.0,0.0002865572638284077
R1003_S+01,1003,1,31557600.0,2.979907432158462,7220876.737601675,133.33531473632726,115.32547756388425,94038726.78108388,0.0,0.0003819844462272257
R1003_S+01,1003,1,39447000.0,2.979907432158462,7352804.219137404,149.0629164760145,128.96433540705246,117548408.47635481,0.0,0.0004773007263387805
R1003_S+01,1003,1,47336400.0,3.194932424433567,8024249.2762351185,163.86304921133706,142.56451413864477,142754508.34568107,0.0,0.0005785045820267104
R1003_S+01,1003,1,55225800.0,3.194932424433567,8183982.530572437,173.3911081852454,155.0408050381013,167960608.21500704,0.0,0.0006801519544872593
R1003_S+01,1003,1,63115200.0,3.194932424433567,8328794.127154596,189.44011210989245,164.0242165982422,193166708.0843333,0.0,0.000781671897091056
R1003_S+01,1003,1,71004600.0,3.194932424433567,8466947.260727055,199.9752887226585,176.58406790663446,218372807.9536595,0.0,0.0008830502309757982
R1003_S+01,1003,1,78894000.0,3.194932424433567,8610390.00208044,212.29677053411294,183.91885163633256,243578907.8229857,0.0,0.000984179536223347
R1003_S+01,1003,1,86783400.0,4.276096029142569,11561281.226604097,224.9650306141552,198.12267765996188,277314739.8353031,0.0,0.0011123816659645374
R1003_S+01,1003,1,94672800.0,4.276096029142569,11864530.148821697,238.29518856205553,206.7684390742338,311050571.84762067,0.0,0.001245547126845446
R1003_S+01,1003,1,102562200.0,4.276096029142569,12089296.463554528,248.8609686435496,220.91624257386272,344786403.8599384,0.0,0.001378976252245571
R1003_S+01,1003,1,110451600.0,4.276096029142569,12298893.565829143,264.3133702946434,228.90094738659474,378522235.8722559,0.0,0.0015121206737505567
R1003_S+01,1003,1,118341000.0,4.276096029142569,12501303.184232146,270.6335679843654,241.34303950386183,412258067.88457286,0.0,0.0016449737067727023
R1003_S+01,1003,1,126230400.0,6.223398246285469,18083836.89597792,291.10657657914487,252.69392227055462,461356946.00881773,0.0,0.001820619433102827
R1003_S+01,1003,1,134119800.0,6.223398246285469,18617347.026133075,300.8910604707679,265.9788399045229,510455824.13306093,0.0,0.002008325205173134
R1003_S+01,1003,1,142009200.0,6.223398246285469,18984955.612705886,318.06444465475397,279.20564739881,559554702.2573028,0.0,0.0021972736884847085
R1003_S+01,1003,1,149898600.0,6.223398246285469,19316541.604151607,332.11928262481024,287.92887398847296,608653580.3815433,0.0,0.0023857857386473972
R1003_S+01,1003,1,157788000.0,6.223398246285469,19626997.22174114,339.23735939846705,303.10179741121306,657752458.5057878,0.0,0.00257386569939595
R1003_S+01,1003,1,165677400.0,0.0,4131183.4229206108,342.1365522224483,307.6371450163295,657752458.5057878,0.0,0.002638243262718294
R1003_S+01,1003,1,173566800.0,0.0,3527195.7379127033,342.8352492010107,308.54842175874046,657752458.5057878,0.0,0.00265300340079198
R1003_S+01,1003,1,181456200.0,0.0,3289861.4694172554,343.1110136495916,308.89959388969413,657752458.5057878,0.0,0.0026589392983388583
R1003_S+01,1003,1,189345600.0,0.0,3185045.771178335,343.50881148335725,309.05159188335455,657752458.5057878,0.0,0.0026615866684736446
R1003_S+01,1003,1,197235000.0,0.0,3139814.3988424055,343.72915656947964,309.1156996630497,657752458.5057878,0.0,0.0026627345352245434
R1003_S+01,1003,1,205124400.0,0.0,3117555.736366302,343.8304414082833,309.1465969476518,657752458.5057878,0.0,0.0026633008043298115
R1003_S+01,1003,1,213013800.0,0.0,3107417.5722836927,343.87301009843185,309.1603278751918,657752458.5057878,0.0,0.002663559194639408
R1003_S+01,1003,1,220903200.0,0.0,3102972.19536715,343.89007232867516,309.16618984005856,657752458.5057877,0.0,0.0026636726607723853
R1003_S+01,1003,1,228792600.0,0.0,3101160.322727725,343.89637233841756,309.1685125651488,657752458.5057878,0.0,0.002663718968886886
R1003_S+01,1003,1,236682000.0,0.0,3100345.8112936616,343.8989730332045,309.1695326560285,657752458.5057878,0.0,0.0026637398071875464
R1003_S+01,1003,1,244571400.0,0.0,3099948.6326011308,343.90014293549643,309.17001968544565,657752458.5057878,0.0,0.0026637499775480373
R1003_S+01,1003,1,252460800.0,0.0,3099751.652419161,343.9006754301024,309.1702560970756,657752458.5057878,0.0,0.0026637550259866654
R1003_S+01,1003,1,260350200.0,0.0,3099673.0614572987,343.9008645183605,309.170347854834,657752458.5057878,0.0,0.0026637570423655504
R1003_S+01,1003,1,268239600.0,0.0,3099637.4747175314,343.90094239916016,309.17038853378176,657752458.505788,0.0,0.0026637579561237966
R1003_S+01,1003,1,276129000.0,0.0,3099619.720118273,343.90097799060806,309.1704084561009,657752458.5057878,0.0,0.0026637584123278637
R1003_S+01,1003,1,284018400.0,0.0,3099611.106556352,343.9009936421626,309.1704179336745,657752458.5057878,0.0,0.0026637586338145486
R1003_S+01,1003,1,291907800.0,0.0,3099607.4084893726,343.9009996003982,309.1704219124077,657752458.505788,0.0,0.002663758728981743
R1003_S+01,1003,1,299797200.0,0.0,3099605.742490448,343.90100199183473,309.1704236693707,657752458.5057878,0.0,0.0026637587718854696
R1003_S+01,1003,1,307686600.0,0.0,3099605.04633772,343.90100287377925,309.17042438898045,657752458.505788,0.0,0.002663758789825411
R1003_S+01,1003,1,315576000.0,0.0,3099604.7323614545,343.9010032313969,309.17042470843404,657752458.505788,0.0,0.00266375879792071
R1003_S+02,1003,2,0.0,1.2744462125924036,0.0,0.0,0.0,0.0,0.0,0.0
R1003_S+02,1003,2,7889400.0,1.2744462125924036,2592559.7963069975,43.38743580461527,37.45006736184059,10054615.949626513,0.0,4.147104572380298e-05
R1003_S+02,1003,2,15778800.0,1.2744462125924036,2688735.4350021146,61.24406609551,52.913648847407856,20109231.89925302,0.0,8.294214886416204e-05
R1003_S+02,1003,2,23668200.0,1.2744462125924036,2748351.4878534526,75.50477908635447,65.28382764607329,30163847.848879535,0.0,0.00012440941544245192
R1003_S+02,1003,2,31557600.0,1.2744462125924036,2801804.1442374587,86.35858293473584,74.73297484742243,40218463.79850605,0.0,0.0001658577198395147
R1003_S+02,1003,2,39447000.0,1.2744462125924036,2850818.938513212,96.60497760883788,83.59813389225641,50273079.74813255,0.0,0.00020728729967534808
R1003_S+02,1003,2,47336400.0,0.7277503484884583,1743124.863828538,101.86528134120424,89.68861141497555,56014593.347497396,0.0,0.00023196192511615508
R1003_S+02,1003,2,55225800.0,0.7277503484884583,1737728.4203715492,107.61834156088855,93.05843652216956,61756106.94686222,0.0,0.00025575417498793876
R1003_S+02,1003,2,63115200.0,0.7277503484884583,1754213.8826942649,110.24878505093484,98.38604678214027,67497620.54622707,0.0,0.0002794982223146266
R1003_S+02,1003,2,71004600.0,0.7277503484884583,1776632.4063082263,117.6546621002439,102.0538048156096,73239134.1455919,0.0,0.00030322054547272915
R1003_S+02,1003,2,78894000.0,0.7277503484884583,1803708.7216819935,121.01946193565792,104.82092728967622,78980647.74495676,0.0,0.0003269201272641794
R1003_S+02,1003,2,86783400.0,0.5035410456941369,1384438.2247596383,122.63908503225194,108.85397354181721,82953284.47085609,0.0,0.0003438985080341263
R1003_S+02,1003,2,94672800.0,0.5035410456941369,1386533.6045900695,124.4141024914862,111.6495094647334,86925921.19675538,0.0,0.00036035475558922965
R1003_S+02,1003,2,102562200.0,0.5035410456941369,1400291.3111618627,130.5626160443145,113.7632671693195,90898557.92265472,0.0,0.00037677555392845544
R1003_S+02,1003,2,110451600.0,0.5035410456941369,1417660.7228447124,133.46720638970567,115.54506190396663,94871194.64855404,0.0,0.0003931800816044905
R1003_S+02,1003,2,118341000.0,0.5035410456941369,1436248.7323944606,135.21611950943685,117.20379765769475,98843831.37445337,0.0,0.0004095754685898957
R1003_S+02,1003,2,126230400.0,0.6018183042094397,1647818.3248953205,136.851614050427,121.24179864904245,103591816.70368333,0.0,0.0004288574285015115
R1003_S+02,1003,2,134119800.0,0.6018183042094397,1676997.72413446,138.60551644900667,124.40477808580363,108339802.03291327,0.0,0.0004484035117903437
R1003_S+02,1003,2,142009200.0,0.6018183042094397,1701630.951759277,144.39789681269303,126.76564066001062,113087787.36214319,0.0,0.000467955667241581
R1003_S+02,1003,2,149898600.0,0.6018183042094397,1725471.8652996197,148.35741934836622,128.73167903485535,117835772.69137314,0.0,0.0004875019249251528
R1003_S+02,1003,2,157788000.0,0.6018183042094397,1749338.052820081,150.58459297820346,130.53507915280449,122583758.02060308,0.0,0.00050703979899818
R1003_S+02,1003,2,165677400.0,0.0,633800.3600307051,150.7961674893638,130.7548376550355,122583758.02060306,0.0,0.0005091567391716123
R1003_S+02,1003,2,173566800.0,0.0,597161.3309861869,150.8137399174624,130.77430623142502,122583758.02060306,0.0,0.0005093469207376597
R1003_S+02,1003,2,181456200.0,0.0,584479.9298254717,150.81943113582352,130.7809175857116,122583758.02060308,0.0,0.0005094131855353528
R1003_S+02,1003,2,189345600.0,0.0,579449.1423228141,150.82150923219308,130.7834688493871,122583758.02060308,0.0,0.0005094395463272607
R1003_S+02,1003,2,197235000.0,0.0,577477.2756181769,150.82224933789536,130.78443720891391,122583758.02060309,0.0,0.0005094498972775042
R1003_S+02,1003,2,205124400.0,0.0,576632.6293225493,150.82253727540152,130.78483917735392,122583758.02060306,0.0,0.000509454337098439
R1003_S+02,1003,2,213013800.0,0.0,576312.8169970065,150.8226349888396,130.78498622644742,122583758.02060306,0.0,0.0005094560204291856
R1003_S+02,1003,2,220903200.0,0.0,576141.5308313053,150.8226831916734,130.78506305737397,122583758.02060308,0.0,0.0005094569227819691
R1003_S+02,1003,2,228792600.0,0.0,576081.4798130728,150.8226977819639,130.78508888784776,122583758.02060306,0.0,0.0005094572395964621
R1003_S+02,1003,2,236682000.0,0.0,576057.2072804552,150.82270300597767,130.78509899515322,122583758.02060308,0.0,0.0005094573677909752
R1003_S+02,1003,2,244571400.0,0.0,576046.3590766527,150.82270508775792,130.7851033838827,122583758.02060306,0.0,0.0005094574251374971
R1003_S+02,1003,2,252460800.0,0.0,576041.6151113156,150.822705888671,130.78510524606378,122583758.02060306,0.0,0.0005094574502383786
R1003_S+02,1003,2,260350200.0,0.0,576039.7604451049,150.82270615584838,130.78510594945814,122583758.02060306,0.0,0.0005094574600615557
R1003_S+02,1003,2,268239600.0,0.0,576039.1125163045,150.8227062340423,130.78510618678158,122583758.02060306,0.0,0.0005094574634967379
R1003_S+02,1003,2,276129000.0,0.0,576038.8482180052,150.82270626181293,130.78510628121668,122583758.02060306,0.0,0.0005094574648989826
R1003_S+02,1003,2,284018400.0,0.0,576038.7233798001,150.8227062733888,130.7851063249114,122583758.02060306,0.0,0.0005094574655616692
R1003_S+02,1003,2,291907800.0,0.0,576038.6721936371,150.8227062774474,130.78510634240968,122583758.02060306,0.0,0.0005094574658335505
R1003_S+02,1003,2,299797200.0,0.0,576038.6523052696,150.82270627878492,130.78510634905842,122583758.02060306,0.0,0.0005094574659392496
R1003_S+02,1003,2,307686600.0,0.0,576038.6443825047,150.82270627924447,130.78510635165964,122583758.02060308,0.0,0.0005094574659813771
R1003_S+02,1003,2,315576000.0,0.0,576038.6401923448,150.82270627946116,130.7851063530177,122583758.02060308,0.0,0.0005094574660036631
R1003_S+03,1003,3,0.0,2.9990828127197147,0.0,0.0,0.0,0.0,0.0,0.0
R1003_S+03,1003,3,7889400.0,2.9990828127197147,6683487.746689633,66.82163394463493,57.99238232820931,23660963.942670904,0.0,9.612733968304998e-05
R1003_S+03,1003,3,15778800.0,2.9990828127197147,6958890.759637918,94.64158842439691,81.90685659123905,47321927.8853418,0.0,0.00019225578114540285
R1003_S+03,1003,3,23668200.0,2.9990828127197147,7131654.830331918,115.03839809935776,100.82383506410802,70982891.82801273,0.0,0.00028835584625094834
R1003_S+03,1003,3,31557600.0,2.9990828127197147,7274363.506817654,133.67030250428107,115.59073093883856,94643855.77068366,0.0,0.0003843790815173098
R1003_S+03,1003,3,39447000.0,2.9990828127197147,7407201.562480994,149.45083300948005,129.26217101142743,118304819.71335451,0.0,0.00048029189601922956
R1003_S+03,1003,3,47336400.0,2.1005621317120418,5344290.230911978,155.6708159751586,139.54232276534228,134876994.59528354,0.0,0.0005507669342565677
R1003_S+03,1003,3,55225800.0,2.1005621317120418,5366357.145337276,168.76839451271238,146.03652125539617,151449169.47721255,0.0,0.0006184202758727103
R1003_S+03,1003,3,63115200.0,2.1005621317120418,5430659.558380328,173.72985776991402,155.58239168227956,168021344.35914153,0.0,0.0006858301397574594
R1003_S+03,1003,3,71004600.0,2.1005621317120418,5507780.043523435,186.8376970343588,161.73420730446,184593519.24107045,0.0,0.0007530979593091033
R1003_S+03,1003,3,78894000.0,2.1005621317120418,5593997.091036182,191.70654677235743,169.14238122323383,201165694.1229994,0.0,0.0008202268856688344
R1003_S+03,1003,3,86783400.0,1.6735553620272576,4685364.056289244,196.52289382524472,175.6591648792671,214369041.79617724,0.0,0.0008759977257981685
R1003_S+03,1003,3,94672800.0,1.6735553620272576,4717660.988496408,207.35062266363323,179.94278996903543,227572389.4693552,0.0,0.0009297319449403731
R1003_S+03,1003,3,102562200.0,1.6735553620272576,4775837.881331839,211.81059506348984,183.52126671922935,240775737.14253315,0.0,0.0009832265149722237
R1003_S+03,1003,3,110451600.0,1.6735553620272576,4839356.001784015,214.8202929133111,190.22543125572201,253979084.81571108,0.0,0.0010366298703589276
R1003_S+03,1003,3,118341000.0,1.6735553620272576,4902827.772640828,217.97846023384437,195.76319762377057,267182432.48888886,0.0,0.0010899822907978482
R1003_S+03,1003,3,126230400.0,1.7180625036653616,5070105.14770456,228.7895821660073,199.875227532231,280736914.80530643,0.0,0.0011443777564219889
R1003_S+03,1003,3,134119800.0,1.7180625036653616,5144054.11169485,234.57322950657925,203.30279497476985,294291397.1217239,0.0,0.001198932230149448
R1003_S+03,1003,3,142009200.0,1.7180625036653616,5216167.96550848,237.90940300336396,206.4972505184494,307845879.43814147,0.0,0.001253440035619037
R1003_S+03,1003,3,149898600.0,1.7180625036653616,5285839.941301726,240.58657621512344,213.65818114866863,321400361.7545589,0.0,0.0013079136904932175
R1003_S+03,1003,3,157788000.0,1.7180625036653616,5354025.167761311,243.4140828757192,218.67153918117938,334954844.07097656,0.0,0.0013623403902995087
R1003_S+03,1003,3,165677400.0,0.0,1799819.4184535071,244.21174920433833,219.74603781796532,334954844.0709766,0.0,0.0013747380166126305
R1003_S+03,1003,3,173566800.0,0.0,1660953.0688946955,244.33029880511248,219.90045119267063,334954844.07097656,0.0,0.0013766037778528588
R1003_S+03,1003,3,181456200.0,0.0,1608701.788216021,244.37324046261762,219.95793577513348,334954844.07097656,0.0,0.0013773158572782938
R1003_S+03,1003,3,189345600.0,0.0,1590863.6483762637,244.38670015994492,219.97706436020252,334954844.07097656,0.0,0.001377560520562564
R1003_S+03,1003,3,197235000.0,0.0,1583403.0250600614,244.39188641889476,219.98487239987887,334954844.0709766,0.0,0.0013776630931833758
R1003_S+03,1003,3,205124400.0,0.0,1580154.747964237,244.39395636034502,219.9881889415199,334954844.0709766,0.0,0.0013777078250558495
R1003_S+03,1003,3,213013800.0,0.0,1578794.353353016,244.39474490493077,219.98954267839574,334954844.07097656,0.0,0.001377726585268878
R1003_S+03,1003,3,220903200.0,0.0,1578179.5707873441,244.39506979537032,219.99013999713205,334954844.07097656,0.0,0.0013777350729485688
R1003_S+03,1003,3,228792600.0,0.0,1577934.0394243766,244.39518671791026,219.99037254191043,334954844.07097656,0.0,0.0013777384669328308
R1003_S+03,1003,3,236682000.0,0.0,1577797.5037850048,244.39524693730135,219.9904995584567,334954844.07097656,0.0,0.001377740355644825
R1003_S+03,1003,3,244571400.0,0.0,1577746.3972243872,244.39526663296874,219.9905457162987,334954844.0709766,0.0,0.0013777410635274028
R1003_S+03,1003,3,252460800.0,0.0,1577724.341352731,244.39527423734046,219.9905651886183,334954844.0709766,0.0,0.0013777413693219485
R1003_S+03,1003,3,260350200.0,0.0,1577714.3947021365,244.3952773091359,219.9905737872081,334954844.07097656,0.0,0.001377741507342558
R1003_S+03,1003,3,268239600.0,0.0,1577710.1979279108,244.39527846120637,219.99057734009386,334954844.07097656,0.0,0.0013777415656290822
R1003_S+03,1003,3,276129000.0,0.0,1577708.1220744196,244.3952789743556,219.99057906716934,334954844.07097656,0.0,0.0013777415944775714
R1003_S+03,1003,3,284018400.0,0.0,1577707.277504431,244.39527915640244,219.9905797552869,334954844.0709766,0.0,0.0013777416062244175
R1003_S+03,1003,3,291907800.0,0.0,1577706.8765964191,244.3952792330402,219.9905800764636,334954844.07097656,0.0,0.001377741611803796
R1003_S+03,1003,3,299797200.0,0.0,1577706.726281993,244.39527925745315,219.99058019441787,334954844.07097656,0.0,0.0013777416138973935
R1003_S+03,1003,3,307686600.0,0.0,1577706.6570694093,244.39527926732978,219.99058024792677,334954844.0709766,0.0,0.0013777416148618847
R1003_S+03,1003,3,315576000.0,0.0,1577706.6295018457,244.3952792706849,219.99058026889094,334954844.07097656,0.0,0.0013777416152462776
R1004_S+00,1004,0,0.0,3.3584391957202775,0.0,0.0,0.0,0.0,0.0,0.0
R1004_S+00,1004,0,7889400.0,3.3584391957202775,5190920.474089798,54.68415577823826,47.48768165972579,26496070.190715555,0.0,4.8969452490958546e-05
R1004_S+00,1004,0,15778800.0,3.3584391957202775,5373719.478715509,77.07094870634873,67.1842186970927,52992140.3814311,0.0,9.794459928638024e-05
R1004_S+00,1004,0,23668200.0,3.3584391957202775,5487771.833801288,95.11069006642816,82.05505639745112,79488210.57214667,0.0,0.00014691139326320434
R1004_S+00,1004,0,31557600.0,3.3584391957202775,5563503.649559908,110.35846085376556,95.02429796033425,105984280.76286225,0.0,0.00019588684916176235
R1004_S+00,1004,0,39447000.0,3.3584391957202775,5632416.353030514,123.29883686610945,106.21329828427035,132480350.95357783,0.0,0.0002448410472042329
R1004_S+00,1004,0,47336400.0,5.074672776288184,8705911.875638206,141.8467123499516,120.53311402019906,172516474.3548259,0.0,0.00031565587798471436
R1004_S+00,1004,0,55225800.0,5.074672776288184,8953103.19864693,156.7219618887395,133.81712496431066,212552597.75607383,0.0,0.0003885270576766977
R1004_S+00,1004,0,63115200.0,5.074672776288184,9119264.277792402,167.73719723718375,145.75892214182056,252588721.15732196,0.0,0.00046144660024499993
R1004_S+00,1004,0,71004600.0,5.074672776288184,9253686.72620815,183.49318747067207,156.6568174676734,292624844.55856925,0.0,0.0005343406530079315
R1004_S+00,1004,0,78894000.0,5.074672776288184,9361432.506899353,195.88201913180964,167.28809437657958,332660967.959817,0.0,0.000607252795111167
R1004_S+00,1004,0,86783400.0,5.235179778501654,9769666.416442573,206.26628879596828,176.7498587861258,373963395.30432767,0.0,0.0006817998319253285
R1004_S+00,1004,0,94672800.0,5.235179778501654,9887554.225029476,218.00167903280536,186.5914144538237,415265822.6488393,0.0,0.0007567450663491078
R1004_S+00,1004,0,102562200.0,5.235179778501654,10010740.908089023,228.9645212886723,195.16426168917923,456568249.9933501,0.0,0.0008315301965382768
R1004_S+00,1004,0,110451600.0,5.235179778501654,10118300.13816268,234.6103008556647,203.7883254337395,497870677.3378607,0.0,0.0009063221855905001
R1004_S+00,1004,0,118341000.0,5.235179778501654,10226478.347655065,250.0020372827856,211.96074279401577,539173104.6823726,0.0,0.0009809909980262065
R1004_S+00,1004,0,126230400.0,3.8399602023606856,7922626.891916182,255.92735043372954,218.04036773148073,569468086.7028766,0.0,0.0010414669564455905
R1004_S+00,1004,0,134119800.0,3.8399602023606856,7843426.124970928,259.5158300422116,223.16250000797027,599763068.7233808,0.0,0.0010976200880591018
R1004_S+00,1004,0,142009200.0,3.8399602023606856,7846941.33555378,263.3879865182663,229.10962006164948,630058050.7438849,0.0,0.0011531102045605332
R1004_S+00,1004,0,149898600.0,3.8399602023606856,7885503.553287312,275.3111114332205,234.307314023564,660353032.7643893,0.0,0.0012082675550181444
R1004_S+00,1004,0,157788000.0,3.8399602023606856,7941515.123702344,282.3506050134429,239.15566944986728,690648014.7848934,0.0,0.0012632293965073676
R1004_S+00,1004,0,165677400.0,0.0,2411052.0157345347,283.9445659764333,240.84595794471835,690648014.7848934,0.0,0.0012806364603662236
R1004_S+00,1004,0,173566800.0,0.0,2046992.0440865867,284.2875203922459,241.2435750349203,690648014.7848934,0.0,0.0012851910928745665
R1004_S+00,1004,0,181456200.0,0.0,1873833.8344637565,284.4346075076962,241.41596782447778,690648014.7848934,0.0,0.0012874045746299608
R1004_S+00,1004,0,189345600.0,0.0,1778283.0723956898,284.50613171188013,241.49896602531237,690648014.7848934,0.0,0.0012886411185815076
R1004_S+00,1004,0,197235000.0,0.0,1723341.129266886,284.5411822962403,241.53854014230652,690648014.7848934,0.0,0.0012893583656209352
R1004_S+00,1004,0,205124400.0,0.0,1688917.6929713376,284.55967474091835,241.5585664809717,690648014.7848934,0.0,0.001289810525726481
R1004_S+00,1004,0,213013800.0,0.0,1668374.3828091342,284.5685842007665,241.5675360364599,690648014.7848934,0.0,0.0012900819558843359
R1004_S+00,1004,0,220903200.0,0.0,1653549.1509680785,284.57403984156963,241.5726332563137,690648014.7848935,0.0,0.001290278466209848
R1004_S+00,1004,0,228792600.0,0.0,1644456.199570544,284.5765960902403,241.57462564681538,690648014.7848934,0.0,0.0012903995501591205
R1004_S+00,1004,0,236682000.0,0.0,1638442.8110947032,284.57792360913777,241.5754141273671,690648014.7848934,0.0,0.001290479885599026
R1004_S+00,1004,0,244571400.0,0.0,1634437.158583628,284.57861061158644,241.57564685759135,690648014.7848934,0.0,0.0012905335505267916
R1004_S+00,1004,0,252460800.0,0.0,1631735.5271476377,284.5789683455767,241.57564414104635,690648014.7848935,0.0,0.0012905698315710348
R1004_S+00,1004,0,260350200.0,0.0,1629912.8220635075,284.57915282224883,241.57555420989434,690648014.7848934,0.0,0.0012905943629197957
R1004_S+00,1004,0,268239600.0,0.0,1628662.8064183835,284.57924943171645,241.5754449328192,690648014.7848934,0.0,0.0012906112159823788
R1004_S+00,1004,0,276129000.0,0.0,1627815.6406216808,284.57929875880586,241.57534422313464,690648014.7848934,0.0,0.0012906226587171992
R1004_S+00,1004,0,284018400.0,0.0,1627224.1096076127,284.57932494645655,241.57525978224734,690648014.7848935,0.0,0.0012906306578820117
R1004_S+00,1004,0,291907800.0,0.0,1626827.9264712092,284.57933793288475,241.5751949779685,690648014.7848935,0.0,0.0012906360252037917
R1004_S+00,1004,0,299797200.0,0.0,1626534.5974575933,284.5793454412018,241.5751430397718,690648014.7848935,0.0,0.0012906400013763932
R1004_S+00,1004,0,307686600.0,0.0,1626337.289956538,284.57934906981075,241.57510523413632,690648014.7848935,0.0,0.0012906426793912516
R1004_S+00,1004,0,315576000.0,0.0,1626201.6385556664,284.5793509080284,241.5750777927974,690648014.7848935,0.0,0.0012906445229309824
R1004_S+01,1004,1,0.0,0.8428465891899167,0.0,0.0,0.0,0.0,0.0,0.0
R1004_S+01,1004,1,7889400.0,0.8428465891899167,1228051.9105458353,27.88351024151255,24.230456488985276,6649553.8807549365,0.0,1.2530421076612455e-05
R1004_S+01,1004,1,15778800.0,0.8428465891899167,1233309.3182665259,39.1067284519864,34.00694867315156,13299107.76150987,0.0,2.5061979364977987e-05
R1004_S+01,1004,1,23668200.0,0.8428465891899167,1244926.569597274,48.206207762220764,41.35102125067189,19948661.642264802,0.0,3.759337739929563e-05
R1004_S+01,1004,1,31557600.0,0.8428465891899167,1253829.1916024443,54.78533428398706,47.706927230362965,26598215.523019735,0.0,5.012508110374344e-05
R1004_S+01,1004,1,39447000.0,0.8428465891899167,1265024.2366614547,61.246178746862306,53.26250205427558,33247769.40377464,0.0,6.265517409068373e-05
R1004_S+01,1004,1,47336400.0,0.6107217734438587,967066.9740820527,66.90472371824677,56.9586254458308,38065997.763182625,0.0,7.185932914893332e-05
R1004_S+01,1004,1,55225800.0,0.6107217734438587,957133.6707165986,69.70733553036182,60.50171820805978,42884226.12259063,0.0,8.096273340517932e-05
R1004_S+01,1004,1,63115200.0,0.6107217734438587,959160.6664753743,74.77104047640974,63.61565981043257,47702454.48199862,0.0,9.005814640325997e-05
R1004_S+01,1004,1,71004600.0,0.6107217734438587,963113.8511416782,76.76776465050867,66.73931302545505,52520682.84140659,0.0,9.915261011999397e-05
R1004_S+01,1004,1,78894000.0,0.6107217734438587,969737.0229973495,82.24447575973716,69.61860959516844,57338911.20081455,0.0,0.0001082439906556376
R1004_S+01,1004,1,86783400.0,0.4355024592288176,757528.5227087382,83.92879403119187,71.5395877360785,60774764.302654415,0.0,0.00011486549902878367
R1004_S+01,1004,1,94672800.0,0.4355024592288176,748848.902740771,85.14122385850575,73.36178097999948,64210617.40449424,0.0,0.00012136840060826881
R1004_S+01,1004,1,102562200.0,0.4355024592288176,748653.3706110679,86.80667784715602,75.3759746024779,67646470.50633407,0.0,0.0001278627412493476
R1004_S+01,1004,1,110451600.0,0.4355024592288176,751853.0582967717,91.09067878503575,77.11461470731517,71082323.6081739,0.0,0.0001343525080426537
R1004_S+01,1004,1,118341000.0,0.4355024592288176,756751.6442766935,92.99449042203284,78.76450805636398,74518176.71001373,0.0,0.00014083976057770002
R1004_S+01,1004,1,126230400.0,0.31718864654479345,619855.967276141,93.8663426246253,79.927544255216,77020604.81806424,0.0,0.00014567771898446488
R1004_S+01,1004,1,134119800.0,0.31718864654479345,614016.4893249366,94.59995584238851,81.00608940492567,79523032.92611475,0.0,0.00015041901877718312
R1004_S+01,1004,1,142009200.0,0.31718864654479345,614316.2001467664,95.3354549969054,82.07322781600642,82025461.03416525,0.0,0.00015515135545541713
R1004_S+01,1004,1,149898600.0,0.31718864654479345,616413.5421925057,96.15952574805353,83.31426641449252,84527889.14221573,0.0,0.00015988065543714233
R1004_S+01,1004,1,157788000.0,0.31718864654479345,620081.8743010592,98.26316764005396,84.42807951638933,87030317.25026625,0.0,0.00016460791574272977
R1004_S+01,1004,1,165677400.0,0.0,255343.36158337072,98.527460958676,84.51326964400833,87030317.25026625,0.0,0.00016494065085243957
R1004_S+01,1004,1,173566800.0,0.0,228377.94210097566,98.56001327137321,84.52372971825629,87030317.25026625,0.0,0.00016498678831553492
R1004_S+01,1004,1,181456200.0,0.0,217403.8118296638,98.57164854271475,84.52734590888099,87030317.25026625,0.0,0.0001650057706913095
R1004_S+01,1004,1,189345600.0,0.0,211755.2510930635,98.576660283211,84.52881446397669,87030317.25026625,0.0,0.00016501559573430492
R1004_S+01,1004,1,197235000.0,0.0,208419.36391161196,98.57908175558207,84.52946424487598,87030317.25026625,0.0,0.00016502142329562268
R1004_S+01,1004,1,205124400.0,0.0,206494.27694533393,98.58016950962958,84.5297136306626,87030317.25026625,0.0,0.00016502480069740183
R1004_S+01,1004,1,213013800.0,0.0,205162.15866534226,98.58078125984079,84.52982889951136,87030317.25026625,0.0,0.0001650271444103656
R1004_S+01,1004,1,220903200.0,0.0,204331.84342717007,98.58106179825097,84.52985965528644,87030317.25026625,0.0,0.00016502861028288397
R1004_S+01,1004,1,228792600.0,0.0,203812.49954880774,98.5811874077795,84.5298584730153,87030317.25026625,0.0,0.00016502952988583353
R1004_S+01,1004,1,236682000.0,0.0,203486.23061914556,98.58124332244883,84.52984825720945,87030317.25026625,0.0,0.00016503010904922019
R1004_S+01,1004,1,244571400.0,0.0,203275.22171060368,98.58126946123524,84.52983748990523,87030317.25026625,0.0,0.00016503048435824585
R1004_S+01,1004,1,252460800.0,0.0,203129.7973794397,98.58128283671324,84.5298281290287,87030317.25026625,0.0,0.0001650307434024535
R1004_S+01,1004,1,260350200.0,0.0,203029.16758855619,98.58128954975973,84.52982057853276,87030317.25026627,0.0,0.00016503092289735862
R1004_S+01,1004,1,268239600.0,0.0,202964.16745079495,98.58129246293237,84.52981509197082,87030317.25026625,0.0,0.00016503103901139334
R1004_S+01,1004,1,276129000.0,0.0,202920.93241298012,98.58129379982492,84.52981117978274,87030317.25026625,0.0,0.00016503111633839332
R1004_S+01,1004,1,284018400.0,0.0,202891.3650079593,98.58129443909348,84.52980838112451,87030317.25026625,0.0,0.00016503116927387833
R1004_S+01,1004,1,291907800.0,0.0,202871.13055774197,98.58129473983864,84.5298064028122,87030317.25026625,0.0,0.0001650312055327786
R1004_S+01,1004,1,299797200.0,0.0,202858.00767545775,98.58129486739895,84.52980508716232,87030317.25026625,0.0,0.0001650312290717854
R1004_S+01,1004,1,307686600.0,0.0,202848.975735737,98.58129492879677,84.52980416816418,87030317.25026625,0.0,0.00016503124528470785
R1004_S+01,1004,1,315576000.0,0.0,202842.7149067577,98.58129495855535,84.52980352418602,87030317.25026625,0.0,0.0001650312565307266
R1004_S+02,1004,2,0.0,2.546809583071311,0.0,0.0,0.0,0.0,0.0,0.0
R1004_S+02,1004,2,7889400.0,2.546809583071311,3824450.4686748385,48.208550249283654,41.331429757667195,20092799.524682812,0.0,3.735353492655084e-05
R1004_S+02,1004,2,15778800.0,2.546809583071311,3952054.4082562774,67.80850082731378,58.340756319284154,40185599.04936561,0.0,7.470954113867404e-05
R1004_S+02,1004,2,23668200.0,2.546809583071311,4028439.3001668155,83.85421255795086,71.53590154422558,60278398.5740484,0.0,0.00011206411252594791
R1004_S+02,1004,2,31557600.0,2.546809583071311,4083893.2270780653,95.4467033928703,82.61008091015438,80371198.09873122,0.0,0.00014941797438210974
R1004_S+02,1004,2,39447000.0,2.546809583071311,4131965.7515397295,106.7131944417412,92.32673215934706,100463997.62341401,0.0,0.00018676220249988398
R1004_S+02,1004,2,47336400.0,1.6015824226676432,2733333.6060561426,115.91902665257533,98.32048978777311,113099521.9888081,0.0,0.0002114913261603862
R1004_S+02,1004,2,55225800.0,1.6015824226676432,2689039.890399497,119.53335764906095,103.55141467933058,125735046.35420215,0.0,0.00023521936016486204
R1004_S+02,1004,2,63115200.0,1.6015824226676432,2684233.3289546743,128.1850682456406,108.60069690310756,138370570.71959627,0.0,0.0002588804116960515
R1004_S+02,1004,2,71004600.0,1.6015824226676432,2696592.69922816,132.00011914348318,113.07793845622149,151006095.08499035,0.0,0.0002825043394790414
R1004_S+02,1004,2,78894000.0,1.6015824226676432,2710701.8441750705,135.26842764793437,117.81900767034719,163641619.4503845,0.0,0.0003061216900297121
R1004_S+02,1004,2,86783400.0,1.2103307468851958,2184745.386566367,143.06108362923075,121.14743517293365,173190402.84486058,0.0,0.00032468075790415604
R1004_S+02,1004,2,94672800.0,1.2103307468851958,2169803.8455443755,146.0648100594658,124.1414456407781,182739186.2393366,0.0,0.0003426250947081228
R1004_S+02,1004,2,102562200.0,1.2103307468851958,2173952.0069525875,148.02635098704783,126.95430218591586,192287969.63381267,0.0,0.00036051849827222675
R1004_S+02,1004,2,110451600.0,1.2103307468851958,2184757.7791294605,150.03890428271106,130.0517244560841,201836753.02828878,0.0,0.0003783902109374774
R1004_S+02,1004,2,118341000.0,1.2103307468851958,2200020.5356185995,155.64194118172733,132.98087268944164,211385536.42276484,0.0,0.0003962426637164865
R1004_S+02,1004,2,126230400.0,1.3730545557239688,2440932.6528587826,160.86260527387898,135.9962514469655,222218113.03469348,0.0,0.0004161071768927076
R1004_S+02,1004,2,134119800.0,1.3730545557239688,2477586.434679836,163.54480196421403,138.95742674611216,233050689.64662215,0.0,0.00043626389664336215
R1004_S+02,1004,2,142009200.0,1.3730545557239688,2506275.2010695823,165.47833938110722,141.73173006512158,243883266.2585508,0.0,0.0004564384784869084
R1004_S+02,1004,2,149898600.0,1.3730545557239688,2531918.9964551143,167.45628161702507,144.69463050768502,254715842.87047952,0.0,0.00047661624513737857
R1004_S+02,1004,2,157788000.0,1.3730545557239688,2556810.698226832,171.97168087683974,147.72257107919867,265548419.48240823,0.0,0.000496787635435309
R1004_S+02,1004,2,165677400.0,0.0,844588.8132725582,173.478290529744,148.2631040873862,265548419.48240823,0.0,0.0005002285787037584
R1004_S+02,1004,2,173566800.0,0.0,735264.5670381151,173.68142484252996,148.3400561589445,265548419.4824082,0.0,0.0005007858474288292
R1004_S+02,1004,2,181456200.0,0.0,687520.519774966,173.76013697766712,148.3694415373212,265548419.4824082,0.0,0.000501032386024874
R1004_S+02,1004,2,189345600.0,0.0,661148.5571368746,173.79774863366126,148.3829904776459,265548419.48240823,0.0,0.0005011695468652086
R1004_S+02,1004,2,197235000.0,0.0,645101.7755009439,173.8169737931206,148.38951623253067,265548419.48240823,0.0,0.000501253462604499
R1004_S+02,1004,2,205124400.0,0.0,636065.8607173227,173.82529513155697,148.39199817125922,265548419.4824082,0.0,0.0005013009886027387
R1004_S+02,1004,2,213013800.0,0.0,630407.4171975199,173.82932370342147,148.3929856377894,265548419.4824082,0.0,0.000501330875529214
R1004_S+02,1004,2,220903200.0,0.0,626925.3201439679,173.83114895969752,148.3932780657243,265548419.4824082,0.0,0.0005013493392348529
R1004_S+02,1004,2,228792600.0,0.0,624795.1693341769,173.83195355416282,148.39330550586027,265548419.48240817,0.0,0.0005013606727159875
R1004_S+02,1004,2,236682000.0,0.0,623337.4156568795,173.8323719808181,148.39325971405037,265548419.48240823,0.0,0.0005013684457329514
R1004_S+02,1004,2,244571400.0,0.0,622389.9185186196,173.83256506594245,148.39319111270845,265548419.48240817,0.0,0.0005013735094323047
R1004_S+02,1004,2,252460800.0,0.0,621789.7498678863,173.83264944591033,148.39312874262464,265548419.48240817,0.0,0.0005013767237819929
R1004_S+02,1004,2,260350200.0,0.0,621385.6874360219,173.83269030177132,148.3930786805396,265548419.48240823,0.0,0.000501378890998398
R1004_S+02,1004,2,268239600.0,0.0,621122.5384220295,173.83270886982334,148.39304192203983,265548419.48240817,0.0,0.0005013803046226194
R1004_S+02,1004,2,276129000.0,0.0,620943.1737001035,173.83271802600922,148.39301501554192,265548419.48240817,0.0,0.0005013812692792168
R1004_S+02,1004,2,284018400.0,0.0,620820.4409838654,173.83272253837825,148.39299565080321,265548419.48240817,0.0,0.0005013819300512842
R1004_S+02,1004,2,291907800.0,0.0,620736.0834480543,173.83272476429147,148.39298184792085,265548419.48240817,0.0,0.0005013823846476495
R1004_S+02,1004,2,299797200.0,0.0,620677.9522516541,173.83272586064203,148.3929720791752,265548419.4824082,0.0,0.0005013826981856621
R1004_S+02,1004,2,307686600.0,0.0,620637.7032515332,173.83272640195477,148.39296518081866,265548419.48240817,0.0,0.0005013829154436731
R1004_S+02,1004,2,315576000.0,0.0,620609.8197404854,173.83272666818004,148.39296033011632,265548419.48240817,0.0,0.0005013830660665549
R1004_S+03,1004,3,0.0,4.810655814130605,0.0,0.0,0.0,0.0,0.0,0.0
R1004_S+03,1004,3,7889400.0,4.810655814130605,7803383.681179188,66.6759371334797,56.76038641956228,37953187.980001986,0.0,6.944817944686418e-05
R1004_S+03,1004,3,15778800.0,4.810655814130605,8107391.073514715,93.86948008184072,80.22611213152122,75906375.96000405,0.0,0.0001388995780991078
R1004_S+03,1004,3,23668200.0,4.810655814130605,8283037.686596528,115.84145728497309,98.36810369956004,113859563.94000612,0.0,0.00020835551690687288
R1004_S+03,1004,3,31557600.0,4.810655814130605,8419607.286123991,132.07936376361482,113.38118647249868,151812751.92000806,0.0,0.0002777868537960816
R1004_S+03,1004,3,39447000.0,4.810655814130605,8530379.600382872,147.66920698560858,126.73920214796253,189765939.90000987,0.0,0.00034719940218580866
R1004_S+03,1004,3,47336400.0,4.480567713082275,8036004.653619405,162.68042743771076,138.31051785385995,225114930.81560117,0.0,0.0004125490158422041
R1004_S+03,1004,3,55225800.0,4.480567713082275,8087283.061695777,173.18509478580842,148.8896386574093,260463921.73119253,0.0,0.00047734615454990756
R1004_S+03,1004,3,63115200.0,4.480567713082275,8168721.748456389,184.43432878780837,158.10898736736718,295812912.6467837,0.0,0.0005419806940704935
R1004_S+03,1004,3,71004600.0,4.480567713082275,8238902.90290853,196.31711135688872,167.54887008634043,331161903.56237507,0.0,0.0006066188917660621
R1004_S+03,1004,3,78894000.0,4.480567713082275,8327718.543480974,205.52920494817135,175.70430178737004,366510894.4779662,0.0,0.0006710992548107703
R1004_S+03,1004,3,86783400.0,3.3962444297056282,6571479.86596724,209.97623084074425,182.5726794321988,393305225.2816856,0.0,0.0007235765579186415
R1004_S+03,1004,3,94672800.0,3.3962444297056282,6522157.854571771,221.99097541772716,188.5653025061427,420099556.0854053,0.0,0.0007732290177170616
R1004_S+03,1004,3,102562200.0,3.3962444297056282,6539994.977889765,228.11431495638266,194.00454683633836,446893886.88912475,0.0,0.0008224909100719933
R1004_S+03,1004,3,110451600.0,3.3962444297056282,6577457.592278503,231.70005886695867,199.07413368243576,473688217.6928444,0.0,0.0008716146260125594
R1004_S+03,1004,3,118341000.0,3.3962444297056282,6622990.751976363,235.4754246064236,204.83104269072493,500482548.4965639,0.0,0.000920659543162841
R1004_S+03,1004,3,126230400.0,1.5576859640006655,3878547.046110537,242.63902728945004,207.98706389908892,512771756.1409507,0.0,0.0009504070893193477
R1004_S+03,1004,3,134119800.0,1.5576859640006655,3719664.2487282827,247.5689270659721,210.2182409507828,525060963.7853376,0.0,0.0009744921768914227
R1004_S+03,1004,3,142009200.0,1.5576859640006655,3665210.6671264432,250.73235540302682,212.27340885970995,537350171.4297245,0.0,0.0009977495884012388
R1004_S+03,1004,3,149898600.0,1.5576859640006655,3648722.546811316,252.98200932123422,214.24938233467492,549639379.0741115,0.0,0.0010206960933785616
R1004_S+03,1004,3,157788000.0,1.5576859640006655,3650806.47317769,254.70805545461317,216.16978206870843,561928586.7184982,0.0,0.001043483065948018
R1004_S+03,1004,3,165677400.0,0.0,1641722.9653522968,255.1828229947,216.77687371516578,561928586.7184982,0.0,0.0010499890136645392
R1004_S+03,1004,3,173566800.0,0.0,1486483.5005478207,255.2858659796143,216.91033008892182,561928586.7184982,0.0,0.0010516100111237297
R1004_S+03,1004,3,181456200.0,0.0,1419774.7989484947,255.3248103620175,216.96003238358557,561928586.7184982,0.0,0.001052320573232106
R1004_S+03,1004,3,189345600.0,0.0,1383565.9003285524,255.3429210009419,216.98253086576693,561928586.7184982,0.0,0.001052710019983446
R1004_S+03,1004,3,197235000.0,0.0,1360500.9499250464,255.3527662255289,216.9943287009795,561928586.7184982,0.0,0.0010529596245529467
R1004_S+03,1004,3,205124400.0,0.0,1346366.6217690706,255.35762749324755,216.99977927375278,561928586.7184982,0.0,0.0010531134740988006
R1004_S+03,1004,3,213013800.0,0.0,1337745.2367602699,255.35993056218143,217.0020839174658,561928586.7184982,0.0,0.0010532077792940848
R1004_S+03,1004,3,220903200.0,0.0,1332404.5717118327,255.36103414073474,217.00300421262256,561928586.7184982,0.0,0.0010532664533236715
R1004_S+03,1004,3,228792600.0,0.0,1328498.2216847856,255.36169696957668,217.00344774335528,561928586.7184982,0.0,0.001053309462715737
R1004_S+03,1004,3,236682000.0,0.0,1326029.3638035953,255.36200491072168,217.00354746631422,561928586.7184982,0.0,0.001053336737361068
R1004_S+03,1004,3,244571400.0,0.0,1324341.8623845074,255.36216534434752,217.00353185958727,561928586.7184982,0.0,0.0010533554223121505
R1004_S+03,1004,3,252460800.0,0.0,1323204.2948633432,255.36224512180095,217.00347230277842,561928586.7184982,0.0,0.001053368044883136
R1004_S+03,1004,3,260350200.0,0.0,1322455.95692816,255.36228253061205,217.0034058836785,561928586.7184983,0.0,0.0010533763659439698
R1004_S+03,1004,3,268239600.0,0.0,1321955.2325162347,255.36230047668934,217.00334790166596,561928586.7184982,0.0,0.001053381942188586
R1004_S+03,1004,3,276129000.0,0.0,1321628.5556820016,255.36230874200726,217.0033029691877,561928586.7184982,0.0,0.001053385587258173
R1004_S+03,1004,3,284018400.0,0.0,1321401.0639950503,255.36231301894807,217.00326838992584,561928586.7184982,0.0,0.0010533881282871528
R1004_S+03,1004,3,291907800.0,0.0,1321245.7119772285,255.36231515517989,217.00324286368317,561928586.7184982,0.0,0.0010533898659733515
R1004_S+03,1004,3,299797200.0,0.0,1321135.7074600868,255.36231628121317,217.00322376863568,561928586.7184982,0.0,0.0010533910971093974
R1004_S+03,1004,3,307686600.0,0.0,1321062.4179955423,255.36231681930167,217.00321040235843,561928586.7184982,0.0,0.0010533919187501602
R1004_S+03,1004,3,315576000.0,0.0,1321005.9592207838,255.36231714538155,217.00319982327898,561928586.7184982,0.0,0.0010533925516554466
R1005_S+00,1005,0,0.0,1.9200017774463536,0.0,0.0,0.0,0.0,0.0,0.0
R1005_S+00,1005,0,7889400.0,1.9200017774463536,2749603.490250122,59.83650623992781,53.95806520450185,15147662.022985257,0.0,0.0005252871918390245
R1005_S+00,1005,0,15778800.0,1.9200017774463536,3367147.945918165,82.37191659085136,76.28552954265366,30295324.045970522,0.0,0.001045397058937103
R1005_S+00,1005,0,23668200.0,1.9200017774463536,3994138.433623031,100.54159265239007,93.21030385907373,45442986.068955734,0.0,0.0015598189589401618
R1005_S+00,1005,0,31557600.0,1.9200017774463536,4619442.315758292,119.04586113618394,107.67820216039112,60590648.091941,0.0,0.0020685736475544595
R1005_S+00,1005,0,39447000.0,1.9200017774463536,5249821.427305259,132.15441759669,120.78032871308463,75738310.11492619,0.0,0.0025715262454417648
R1005_S+00,1005,0,47336400.0,1.081251814836172,4548967.565426581,138.59521377562618,126.3303508291511,84268738.1828947,0.0,0.0028614701223585643
R1005_S+00,1005,0,55225800.0,1.081251814836172,4888348.677201785,145.9285068007201,133.71417245922532,92799166.2508632,0.0,0.0031411265143871563
R1005_S+00,1005,0,63115200.0,1.081251814836172,5227383.042098984,149.04906996358685,138.5156308416198,101329594.31883171,0.0,0.0034190287979526217
R1005_S+00,1005,0,71004600.0,1.081251814836172,5563018.262026213,159.47525652749454,144.32975439058382,109860022.3868002,0.0,0.0036952704551114894
R1005_S+00,1005,0,78894000.0,1.081251814836172,5903355.133047268,162.4157267615621,150.27290872001973,118390450.45476863,0.0,0.003969582042156754
R1005_S+00,1005,0,86783400.0,0.6348763626546404,5534872.060332909,164.19084400450544,152.67069384550945,123399244.03029609,0.0,0.00413627599565323
R1005_S+00,1005,0,94672800.0,0.6348763626546404,5726312.082031295,171.40080639703342,154.98185856229537,128408037.60582364,0.0,0.004296268348470968
R1005_S+00,1005,0,102562200.0,0.6348763626546404,5918906.391190913,175.3703175938527,158.3359437306396,133416831.18135121,0.0,0.004455626148094432
R1005_S+00,1005,0,110451600.0,0.6348763626546404,6112252.777483206,177.3690570450991,162.6096115569616,138425624.75687867,0.0,0.004614360426069403
R1005_S+00,1005,0,118341000.0,0.6348763626546404,6305403.7208772,178.7526362684211,165.2420184886943,143434418.33240622,0.0,0.004772513381743493
R1005_S+00,1005,0,126230400.0,0.5808754209017587,6411512.7062521055,180.0241502728476,167.1934494759652,148017176.87806848,0.0,0.0049176166252845824
R1005_S+00,1005,0,134119800.0,0.5808754209017587,6585210.036915384,181.56971033513835,169.05881753486378,152599935.42373085,0.0,0.005061460760489103
R1005_S+00,1005,0,142009200.0,0.5808754209017587,6758996.097755253,188.60446958413098,170.9609964944898,157182693.96939307,0.0,0.00520482080984845
R1005_S+00,1005,0,149898600.0,0.5808754209017587,6933136.779829368,192.42411035267926,172.9144250501689,161765452.51505536,0.0,0.005347683121684883
R1005_S+00,1005,0,157788000.0,0.5808754209017587,7107527.355321325,194.57627505002304,177.2758342656465,166348211.06071776,0.0,0.005490052453918824
R1005_S+00,1005,0,165677400.0,0.0,6360105.230655562,194.69949462813042,177.538788392405,166348211.06071776,0.0,0.005499766368503467
R1005_S+00,1005,0,173566800.0,0.0,6359518.695845015,194.699837114691,177.5395743194209,166348211.06071776,0.0,0.005499795777959445
R1005_S+00,1005,0,181456200.0,0.0,6359512.907986458,194.6998403092108,177.53958208039077,166348211.06071776,0.0,0.005499796068553771
R1005_S+00,1005,0,189345600.0,0.0,6359512.820342109,194.6998403552521,177.5395821979729,166348211.06071776,0.0,0.005499796072958545
R1005_S+00,1005,0,197235000.0,0.0,6359512.817515496,194.6998403566819,177.53958220176654,166348211.06071776,0.0,0.005499796073100708
R1005_S+00,1005,0,205124400.0,0.0,6359512.817413442,194.69984035673139,177.53958220190333,166348211.06071776,0.0,0.005499796073105845
R1005_S+00,1005,0,213013800.0,0.0,6359512.817410208,194.69984035673303,177.53958220190776,166348211.06071776,0.0,0.005499796073106008
R1005_S+00,1005,0,220903200.0,0.0,6359512.817410048,194.69984035673315,177.53958220190796,166348211.06071776,0.0,0.0054997960731060155
R1005_S+00,1005,0,228792600.0,0.0,6359512.817410048,194.69984035673315,177.53958220190796,166348211.06071776,0.0,0.005499796073106016
R1005_S+00,1005,0,236682000.0,0.0,6359512.817410048,194.69984035673315,177.53958220190796,166348211.06071776,0.0,0.005499796073106016
R1005_S+00,1005,0,244571400.0,0.0,6359512.817410048,194.69984035673315,177.53958220190796,166348211.06071776,0.0,0.005499796073106016
R1005_S+00,1005,0,252460800.0,0.0,6359512.817410048,194.69984035673315,177.53958220190796,166348211.06071776,0.0,0.005499796073106016
R1005_S+00,1005,0,260350200.0,0.0,6359512.817410048,194.69984035673315,177.53958220190796,166348211.06071776,0.0,0.005499796073106016
R1005_S+00,1005,0,268239600.0,0.0,6359512.817410048,194.69984035673315,177.53958220190796,166348211.06071776,0.0,0.005499796073106016
R1005_S+00,1005,0,276129000.0,0.0,6359512.817410048,194.69984035673315,177.53958220190796,166348211.06071776,0.0,0.005499796073106016
R1005_S+00,1005,0,284018400.0,0.0,6359512.817410048,194.69984035673315,177.53958220190796,166348211.06071776,0.0,0.005499796073106016
R1005_S+00,1005,0,291907800.0,0.0,6359512.817410048,194.69984035673315,177.53958220190796,166348211.06071776,0.0,0.005499796073106016
R1005_S+00,1005,0,299797200.0,0.0,6359512.817410048,194.69984035673315,177.53958220190796,166348211.06071776,0.0,0.005499796073106016
R1005_S+00,1005,0,307686600.0,0.0,6359512.817410048,194.69984035673315,177.53958220190796,166348211.06071776,0.0,0.005499796073106016
R1005_S+00,1005,0,315576000.0,0.0,6359512.817410048,194.69984035673315,177.53958220190796,166348211.06071776,0.0,0.005499796073106016
R1005_S+01,1005,1,0.0,0.3503007863569674,0.0,0.0,0.0,0.0,0.0,0.0
R1005_S+01,1005,1,7889400.0,0.3503007863569674,484853.1886820905,25.094074980579457,23.15899707138162,2763663.0238846573,0.0,9.710781393619857e-05
R1005_S+01,1005,1,15778800.0,0.3503007863569674,575257.4058992807,36.210451688935294,32.29963268985535,5527326.047769316,0.0,0.00019404272931110384
R1005_S+01,1005,1,23668200.0,0.3503007863569674,678366.2833853271,44.241953337591184,39.487929909449676,8290989.071653967,0.0,0.0002907741355543015
R1005_S+01,1005,1,31557600.0,0.3503007863569674,786480.7107942272,49.91722430669668,46.1179984611659,11054652.095538624,0.0,0.0003872927597312288
R1005_S+01,1005,1,39447000.0,0.3503007863569674,894545.0206773933,55.42471661544574,51.38143436477842,13818315.119423296,0.0,0.0004836075701843195
R1005_S+01,1005,1,47336400.0,1.0791273108153057,2021483.2277919427,72.45380216726763,64.98478251272323,22331982.125369586,0.0,0.0007760904512423689
R1005_S+01,1005,1,55225800.0,1.0791273108153057,2370144.2447469234,82.6432112943987,76.67023966572101,30845649.131315865,0.0,0.0010686173264393237
R1005_S+01,1005,1,63115200.0,1.0791273108153057,2713013.8958362043,96.11729295663673,86.16249047387169,39359316.13726217,0.0,0.0013593108547880139
R1005_S+01,1005,1,71004600.0,1.0791273108153057,3058611.934827015,105.85591024678752,94.99764043328712,47872983.143208444,0.0,0.0016480961517489462
R1005_S+01,1005,1,78894000.0,1.0791273108153057,3404853.6524144113,112.40455213357892,103.40637165413322,56386650.14915474,0.0,0.0019349859738253142
R1005_S+01,1005,1,86783400.0,1.6285420847064103,4591817.609955665,124.84407433505596,114.29661312926605,69234870.0722374,0.0,0.0023592639743701626
R1005_S+01,1005,1,94672800.0,1.6285420847064103,5123670.576658219,134.47164634730527,124.76406492702999,82083089.99532023,0.0,0.002783864050085594
R1005_S+01,1005,1,102562200.0,1.6285420847064103,5648163.368359312,146.47145650313462,134.79183656011608,94931309.91840306,0.0,0.0032045410909343182
R1005_S+01,1005,1,110451600.0,1.6285420847064103,6166420.545888685,157.8896482954654,141.58141562940057,107779529.84148589,0.0,0.0036213958330725514
R1005_S+01,1005,1,118341000.0,1.6285420847064103,6691641.541414093,162.9959892417488,151.06316111593605,120627749.7645688,0.0,0.004033997564615286
R1005_S+01,1005,1,126230400.0,1.9985451080302803,7819363.046672434,176.49917799991042,160.41269984142946,136395071.5398631,0.0,0.004530108935180906
R1005_S+01,1005,1,134119800.0,1.9985451080302803,8462044.820512615,181.27837537215132,168.50676779601352,152162393.3151574,0.0,0.005025322524606282
R1005_S+01,1005,1,142009200.0,1.9985451080302803,9092305.74153006,195.04820679928145,177.77540901171156,167929715.0904516,0.0,0.005515397642391918
R1005_S+01,1005,1,149898600.0,1.9985451080302803,9726496.03319626,199.15172543019463,184.98282419579303,183697036.86574543,0.0,0.005999685695928307
R1005_S+01,1005,1,157788000.0,1.9985451080302803,10345267.027065031,212.7163379909668,190.86415501833804,199464358.64103946,0.0,0.006479358126195525
R1005_S+01,1005,1,165677400.0,0.0,7584685.682414006,213.34223759583486,192.22915985726107,199464358.64103943,0.0,0.006516036404918885
R1005_S+01,1005,1,173566800.0,0.0,7582398.205939259,213.3442337609825,192.23400622427206,199464358.64103943,0.0,0.006516169199698517
R1005_S+01,1005,1,181456200.0,0.0,7582357.359941315,213.3442679362279,192.23409271713226,199464358.64103943,0.0,0.006516171573035944
R1005_S+01,1005,1,189345600.0,0.0,7582356.027680598,213.34426901128498,192.2340955370679,199464358.64103943,0.0,0.006516171650492374
R1005_S+01,1005,1,197235000.0,0.0,7582356.020065006,213.3442690170017,192.2340955531752,199464358.64103943,0.0,0.006516171650935665
R1005_S+01,1005,1,205124400.0,0.0,7582356.019932829,213.34426901709605,192.2340955534545,199464358.64103943,0.0,0.006516171650943365
R1005_S+01,1005,1,213013800.0,0.0,7582356.019932076,213.34426901709648,192.23409555345594,199464358.64103943,0.0,0.006516171650943408
R1005_S+01,1005,1,220903200.0,0.0,7582356.01993205,213.34426901709648,192.23409555345594,199464358.64103943,0.0,0.006516171650943411
R1005_S+01,1005,1,228792600.0,0.0,7582356.01993205,213.34426901709648,192.23409555345594,199464358.64103943,0.0,0.006516171650943411
R1005_S+01,1005,1,236682000.0,0.0,7582356.01993205,213.34426901709648,192.23409555345594,199464358.64103943,0.0,0.006516171650943411
R1005_S+01,1005,1,244571400.0,0.0,7582356.01993205,213.34426901709648,192.23409555345594,199464358.64103943,0.0,0.006516171650943411
R1005_S+01,1005,1,252460800.0,0.0,7582356.01993205,213.34426901709648,192.23409555345594,199464358.64103943,0.0,0.006516171650943411
R1005_S+01,1005,1,260350200.0,0.0,7582356.01993205,213.34426901709648,192.23409555345594,199464358.64103943,0.0,0.006516171650943411
R1005_S+01,1005,1,268239600.0,0.0,7582356.01993205,213.34426901709648,192.23409555345594,199464358.64103943,0.0,0.006516171650943411
R1005_S+01,1005,1,276129000.0,0.0,7582356.01993205,213.34426901709648,192.23409555345594,199464358.64103943,0.0,0.006516171650943411
R1005_S+01,1005,1,284018400.0,0.0,7582356.01993205,213.34426901709648,192.23409555345594,199464358.64103943,0.0,0.006516171650943411
R1005_S+01,1005,1,291907800.0,0.0,7582356.01993205,213.34426901709648,192.23409555345594,199464358.64103943,0.0,0.006516171650943411
R1005_S+01,1005,1,299797200.0,0.0,7582356.01993205,213.34426901709648,192.23409555345594,199464358.64103943,0.0,0.006516171650943411
R1005_S+01,1005,1,307686600.0,0.0,7582356.01993205,213.34426901709648,192.23409555345594,199464358.64103943,0.0,0.006516171650943411
R1005_S+01,1005,1,315576000.0,0.0,7582356.01993205,213.34426901709648,192.23409555345594,199464358.64103943,0.0,0.006516171650943411
R1005_S+02,1005,2,0.0,1.8330938167346467,0.0,0.0,0.0,0.0,0.0,0.0
R1005_S+02,1005,2,7889400.0,1.8330938167346467,2616743.3037235625,58.55633205014884,52.42495715479163,14462010.357746314,0.0,0.0005018473774199516
R1005_S+02,1005,2,15778800.0,1.8330938167346467,3201988.4415677376,81.40983210435569,74.92215095490592,28924020.71549264,0.0,0.0009989785704402003
R1005_S+02,1005,2,23668200.0,1.8330938167346467,3800183.187944874,99.29604765968614,91.5855481655852,43386031.073238984,0.0,0.0014908790896503974
R1005_S+02,1005,2,31557600.0,1.8330938167346467,4395029.52371024,116.41337421874665,104.54824975949289,57848041.43098527,0.0,0.0019776300358998336
R1005_S+02,1005,2,39447000.0,1.8330938167346467,4993159.700356413,130.17439222477353,116.47865811056045,72310051.78873163,0.0,0.0024591115499637134
R1005_S+02,1005,2,47336400.0,1.8115095907001488,5555245.643423893,141.94258711235767,127.52053255817623,86601775.55360144,0.0,0.002930096952294482
R1005_S+02,1005,2,55225800.0,1.8115095907001488,6145408.492050938,148.8072170201618,138.16584259191865,100893499.3184712,0.0,0.0033958094547886747
R1005_S+02,1005,2,63115200.0,1.8115095907001488,6726992.98567614,161.4639750052276,148.45374075335812,115185223.08334085,0.0,0.00385683676033441
R1005_S+02,1005,2,71004600.0,1.8115095907001488,7302272.207834907,172.51101446790983,155.27892583511982,129476946.84821048,0.0,0.004313262456194652
R1005_S+02,1005,2,78894000.0,1.8115095907001488,7883067.152836122,178.86685347024144,165.20400975841378,143768670.61308014,0.0,0.004764639128673452
R1005_S+02,1005,2,86783400.0,2.042082724081022,8842773.031955004,191.2164761628626,171.86833389580417,159879478.05644488,0.0,0.00526479044429116
R1005_S+02,1005,2,94672800.0,2.042082724081022,9494881.367482904,197.26625857739813,182.20759885889595,175990285.49980968,0.0,0.005762204552144841
R1005_S+02,1005,2,102562200.0,2.042082724081022,10131211.830837004,207.42995357888017,188.20084564467277,192101092.94317478,0.0,0.006254709100483078
R1005_S+02,1005,2,110451600.0,2.042082724081022,10769583.29295528,215.9153009448748,197.7972764291303,208211900.3865397,0.0,0.00674141924767135
R1005_S+02,1005,2,118341000.0,2.042082724081022,11406280.578974105,219.53650797566968,203.94844234315153,224322707.82990453,0.0,0.007222676108608728
R1005_S+02,1005,2,126230400.0,2.524813216877266,12908612.378710218,234.37515661621825,210.43924190048287,244241969.22313607,0.0,0.007801474027406653
R1005_S+02,1005,2,134119800.0,2.524813216877266,13698699.1937528,239.84719559418022,221.49721391072114,264161230.61636764,0.0,0.008381017906804468
R1005_S+02,1005,2,142009200.0,2.524813216877266,14472876.656484604,244.5804207539265,227.421002026958,284080492.0095994,0.0,0.008953814065104378
R1005_S+02,1005,2,149898600.0,2.524813216877266,15239356.0993818,259.9550050507465,234.95774562689678,303999753.40283084,0.0,0.009519431257516092
R1005_S+02,1005,2,157788000.0,2.524813216877266,16009872.71579444,264.4323528820462,244.16302375953128,323919014.79606307,0.0,0.010077076977037783
R1005_S+02,1005,2,165677400.0,0.0,12095735.778607566,264.8149493632642,244.85853385455795,323919014.79606307,0.0,0.01013542090844544
R1005_S+02,1005,2,173566800.0,0.0,12089909.861924317,264.8179609293288,244.8641789024509,323919014.79606307,0.0,0.01013590667836118
R1005_S+02,1005,2,181456200.0,0.0,12089644.328384034,264.81809424264026,244.86443606605593,323919014.7960631,0.0,0.010135928835896512
R1005_S+02,1005,2,189345600.0,0.0,12089630.39611191,264.81810103305537,244.86444955127362,323919014.79606307,0.0,0.010135929999118538
R1005_S+02,1005,2,197235000.0,0.0,12089629.772415824,264.8181013277656,244.86445015461408,323919014.7960631,0.0,0.010135930051222708
R1005_S+02,1005,2,205124400.0,0.0,12089629.723541688,264.81810135021385,244.86445020186483,323919014.7960631,0.0,0.010135930055307532
R1005_S+02,1005,2,213013800.0,0.0,12089629.722621553,264.8181013506148,244.86445020275352,323919014.7960631,0.0,0.010135930055384504
R1005_S+02,1005,2,220903200.0,0.0,12089629.722601619,264.81810135062307,244.8644502027727,323919014.7960631,0.0,0.010135930055386173
R1005_S+02,1005,2,228792600.0,0.0,12089629.722601347,264.8181013506232,244.86445020277304,323919014.7960631,0.0,0.010135930055386195
R1005_S+02,1005,2,236682000.0,0.0,12089629.72260134,264.8181013506232,244.86445020277304,323919014.7960631,0.0,0.010135930055386197
R1005_S+02,1005,2,244571400.0,0.0,12089629.72260134,264.8181013506232,244.86445020277304,323919014.7960631,0.0,0.010135930055386197
R1005_S+02,1005,2,252460800.0,0.0,12089629.72260134,264.8181013506232,244.86445020277304,323919014.7960631,0.0,0.010135930055386197
R1005_S+02,1005,2,260350200.0,0.0,12089629.72260134,264.8181013506232,244.86445020277304,323919014.7960631,0.0,0.010135930055386197
R1005_S+02,1005,2,268239600.0,0.0,12089629.72260134,264.8181013506232,244.86445020277304,323919014.7960631,0.0,0.010135930055386197
R1005_S+02,1005,2,276129000.0,0.0,12089629.72260134,264.8181013506232,244.86445020277304,323919014.7960631,0.0,0.010135930055386197
R1005_S+02,1005,2,284018400.0,0.0,12089629.72260134,264.8181013506232,244.86445020277304,323919014.7960631,0.0,0.010135930055386197
R1005_S+02,1005,2,291907800.0,0.0,12089629.72260134,264.8181013506232,244.86445020277304,323919014.7960631,0.0,0.010135930055386197
R1005_S+02,1005,2,299797200.0,0.0,12089629.72260134,264.8181013506232,244.86445020277304,323919014.7960631,0.0,0.010135930055386197
R1005_S+02,1005,2,307686600.0,0.0,12089629.72260134,264.8181013506232,244.86445020277304,323919014.7960631,0.0,0.010135930055386197
R1005_S+02,1005,2,315576000.0,0.0,12089629.72260134,264.8181013506232,244.86445020277304,323919014.7960631,0.0,0.010135930055386197
R1005_S+03,1005,3,0.0,0.2538902791836672,0.0,0.0,0.0,0.0,0.0,0.0
R1005_S+03,1005,3,7889400.0,0.2538902791836672,357548.4172968231,21.874063150339925,19.571761072783413,2003041.9685916218,0.0,7.044691976313083e-05
R1005_S+03,1005,3,15778800.0,0.2538902791836672,420604.2807155922,30.375940302946418,27.90189662288721,4006083.9371832437,0.0,0.00014080126737487365
R1005_S+03,1005,3,23668200.0,0.2538902791836672,492994.04265955277,37.04168589336848,34.1084346314412,6009125.905774884,0.0,0.00021104866548433808
R1005_S+03,1005,3,31557600.0,0.2538902791836672,567938.57571101,43.25520809993507,38.93547278982538,8012167.874366512,0.0,0.00028118937529322076
R1005_S+03,1005,3,39447000.0,0.2538902791836672,645111.9661680646,48.549450806318774,43.41162331942476,10015209.842958156,0.0,0.00035121900729699054
R1005_S+03,1005,3,47336400.0,0.19139122414471413,641981.9864880852,50.44323849609934,46.83544915948957,11525171.766725462,0.0,0.0004040786041126066
R1005_S+03,1005,3,55225800.0,0.19139122414471413,700297.4490936045,54.66845157471313,50.19875526146509,13035133.690492759,0.0,0.0004567500483596235
R1005_S+03,1005,3,63115200.0,0.19139122414471413,758977.0946007203,58.05906194988447,52.38943560615668,14545095.614260057,0.0,0.000509358411572767
R1005_S+03,1005,3,71004600.0,0.19139122414471413,818475.5777383279,60.446364210790755,55.677475594843074,16055057.5380274,0.0,0.0005618998825196265
R1005_S+03,1005,3,78894000.0,0.19139122414471413,877317.4503708743,63.484640511072364,57.640843356194296,17565019.461794697,0.0,0.0006143831725205253
R1005_S+03,1005,3,86783400.0,0.14097163103297308,870494.4562066682,65.9602025293998,59.903221678020344,18677201.047666263,0.0,0.0006531729396383683
R1005_S+03,1005,3,94672800.0,0.14097163103297308,914310.3580563795,66.87037641621556,61.780364458449085,19789382.63353779,0.0,0.000691758914337806
R1005_S+03,1005,3,102562200.0,0.14097163103297308,957531.8618835397,67.82322180149374,63.070001306010006,20901564.219409335,0.0,0.0007303158837578801
R1005_S+03,1005,3,110451600.0,0.14097163103297308,1000682.726898199,71.74695999222135,64.39917135922073,22013745.805280868,0.0,0.0007688393613746736
R1005_S+03,1005,3,118341000.0,0.14097163103297308,1044422.7987084594,73.10261126282668,66.87354618632662,23125927.391152408,0.0,0.0008073242980002046
R1005_S+03,1005,3,126230400.0,0.10263149984844416,1037813.6825784054,73.66944252561811,68.0011607795486,23935628.346056722,0.0,0.0008354834020759697
R1005_S+03,1005,3,134119800.0,0.10263149984844416,1069338.8296498172,74.22484462296825,68.87786014514933,24745329.300961033,0.0,0.0008634678169341952
R1005_S+03,1005,3,142009200.0,0.10263149984844416,1100663.8042871282,74.92701072623672,69.72201075988765,25555030.25586535,0.0,0.0008914364014987613
R1005_S+03,1005,3,149898600.0,0.10263149984844416,1132063.9463280924,78.18054076139161,70.59100908038405,26364731.21076969,0.0,0.0009193865033405029
R1005_S+03,1005,3,157788000.0,0.10263149984844416,1163625.6551000606,79.678551316244,71.75070963312726,27174432.16567403,0.0,0.0009473171070374113
R1005_S+03,1005,3,165677400.0,0.0,1060663.1869595125,79.69858857174202,71.79527825133974,27174432.165674027,0.0,0.0009477980056715443
R1005_S+03,1005,3,173566800.0,0.0,1060522.7201389503,79.69864230834082,71.79540373027686,27174432.165674027,0.0,0.0009477993592368031
R1005_S+03,1005,3,181456200.0,0.0,1060520.2529915422,79.69864322008904,71.79540593873176,27174432.16567403,0.0,0.0009477993830660008
R1005_S+03,1005,3,189345600.0,0.0,1060520.1996585615,79.69864323908571,71.79540598650104,27174432.16567403,0.0,0.0009477993835815984
R1005_S+03,1005,3,197235000.0,0.0,1060520.198689662,79.69864323941773,71.79540598736875,27174432.16567403,0.0,0.0009477993835909726
R1005_S+03,1005,3,205124400.0,0.0,1060520.1986532845,79.69864323942987,71.79540598740145,27174432.165674027,0.0,0.000947799383591325
R1005_S+03,1005,3,213013800.0,0.0,1060520.1986531466,79.69864323942987,71.79540598740141,27174432.165674027,0.0,0.0009477993835913261
R1005_S+03,1005,3,220903200.0,0.0,1060520.1986531466,79.69864323942987,71.79540598740141,27174432.165674027,0.0,0.0009477993835913261
R1005_S+03,1005,3,228792600.0,0.0,1060520.1986531466,79.69864323942987,71.79540598740141,27174432.165674027,0.0,0.0009477993835913261
R1005_S+03,1005,3,236682000.0,0.0,1060520.1986531466,79.69864323942987,71.79540598740141,27174432.165674027,0.0,0.0009477993835913261
R1005_S+03,1005,3,244571400.0,0.0,1060520.1986531466,79.69864323942987,71.79540598740141,27174432.165674027,0.0,0.0009477993835913261
R1005_S+03,1005,3,252460800.0,0.0,1060520.1986531466,79.69864323942987,71.79540598740141,27174432.165674027,0.0,0.0009477993835913261
R1005_S+03,1005,3,260350200.0,0.0,1060520.1986531466,79.69864323942987,71.79540598740141,27174432.165674027,0.0,0.0009477993835913261
R1005_S+03,1005,3,268239600.0,0.0,1060520.1986531466,79.69864323942987,71.79540598740141,27174432.165674027,0.0,0.0009477993835913261
R1005_S+03,1005,3,276129000.0,0.0,1060520.1986531466,79.69864323942987,71.79540598740141,27174432.165674027,0.0,0.0009477993835913261
R1005_S+03,1005,3,284018400.0,0.0,1060520.1986531466,79.69864323942987,71.79540598740141,27174432.165674027,0.0,0.0009477993835913261
R1005_S+03,1005,3,291907800.0,0.0,1060520.1986531466,79.69864323942987,71.79540598740141,27174432.165674027,0.0,0.0009477993835913261
R1005_S+03,1005,3,299797200.0,0.0,1060520.1986531466,79.69864323942987,71.79540598740141,27174432.165674027,0.0,0.0009477993835913261
R1005_S+03,1005,3,307686600.0,0.0,1060520.1986531466,79.69864323942987,71.79540598740141,27174432.165674027,0.0,0.0009477993835913261
R1005_S+03,1005,3,315576000.0,0.0,1060520.1986531466,79.69864323942987,71.79540598740141,27174432.165674027,0.0,0.0009477993835913261
R1006_S+00,1006,0,0.0,0.34180807308879846,0.0,0.0,0.0,0.0,0.0,0.0
R1006_S+00,1006,0,7889400.0,0.34180807308879846,1168342.651354149,35.01287064423229,30.180630946929636,2696660.611826768,0.0,9.051809671860798e-05
R1006_S+00,1006,0,15778800.0,0.34180807308879846,1232331.3358574286,49.31378703979334,42.27273191395279,5393321.223653536,0.0,0.0001809428266627448
R1006_S+00,1006,0,23668200.0,0.34180807308879846,1319284.4761361424,59.828054659599104,51.1828289593062,8089981.835480303,0.0,0.00027120949885655227
R1006_S+00,1006,0,31557600.0,0.34180807308879846,1414592.1545729898,67.51812190485808,58.33714815030868,10786642.447307069,0.0,0.0003613045735145605
R1006_S+00,1006,0,39447000.0,0.34180807308879846,1514468.5399089847,74.73807137535213,64.60347827463188,13483303.059133843,0.0,0.00045122129287320385
R1006_S+00,1006,0,47336400.0,0.4153047013001521,1847085.933833886,82.64383275848888,71.46971404609153,16759807.969571257,0.0,0.0005595362591277981
R1006_S+00,1006,0,55225800.0,0.4153047013001521,1974841.8115287423,90.33274376903492,77.90161940494497,20036312.880008675,0.0,0.0006681568998084141
R1006_S+00,1006,0,63115200.0,0.4153047013001521,2100332.630864531,97.8065375283378,83.81575616600938,23312817.79044609,0.0,0.0007765337188482901
R1006_S+00,1006,0,71004600.0,0.4153047013001521,2226456.466300331,101.67862524943025,88.45847300937825,26589322.700883523,0.0,0.0008846521050957842
R1006_S+00,1006,0,78894000.0,0.4153047013001521,2354911.209693216,108.91019747156238,93.70269069492808,29865827.611320943,0.0,0.0009924913470228196
R1006_S+00,1006,0,86783400.0,0.449214351088834,2584884.431060843,112.55999765836812,98.35436721762866,33409859.31280119,0.0,0.0011083338377651283
R1006_S+00,1006,0,94672800.0,0.449214351088834,2725391.673928242,119.94211163199634,103.29996290011796,36953891.01428147,0.0,0.0012243257583801636
R1006_S+00,1006,0,102562200.0,0.449214351088834,2862088.9047053754,123.00766915955414,106.96806686578435,40497922.71576172,0.0,0.0013400632247610844
R1006_S+00,1006,0,110451600.0,0.449214351088834,3000199.327318825,129.9587387864764,111.97625280664711,44041954.41724197,0.0,0.001455482300844892
R1006_S+00,1006,0,118341000.0,0.449214351088834,3137656.004219666,133.4602315495996,115.66254313648255,47585986.118722185,0.0,0.0015706168915153298
R1006_S+00,1006,0,126230400.0,0.443537022454844,3256319.333748333,136.05839887205332,118.98303968435424,51085227.10367745,0.0,0.0016841486419018061
R1006_S+00,1006,0,134119800.0,0.443537022454844,3391582.2098670974,142.46962400429234,123.39313309105992,54584468.08863267,0.0,0.0017972604069645941
R1006_S+00,1006,0,142009200.0,0.443537022454844,3525845.3547494,146.16463661844782,126.72047008220969,58083709.07358794,0.0,0.001910106024485839
R1006_S+00,1006,0,149898600.0,0.443537022454844,3659542.327641174,148.44587209102826,129.45106304729734,61582950.05854317,0.0,0.0020226758950469812
R1006_S+00,1006,0,157788000.0,0.443537022454844,3793891.456442211,150.8336015202346,133.20923703894712,65082191.043498434,0.0,0.0021349420539571984
R1006_S+00,1006,0,165677400.0,0.0,2626219.802402064,151.0868711150189,133.64750534872874,65082191.04349843,0.0,0.0021468747437393076
R1006_S+00,1006,0,173566800.0,0.0,2598319.1539952457,151.09221813973792,133.66117314017447,65082191.04349843,0.0,0.002147580828068751
R1006_S+00,1006,0,181456200.0,0.0,2593117.13275804,151.09266837461462,133.6626761281967,65082191.043498434,0.0,0.002147720333111372
R1006_S+00,1006,0,189345600.0,0.0,2591674.9394254163,151.0927222678239,133.66288451239993,65082191.043498434,0.0,0.0021477604318081104
R1006_S+00,1006,0,197235000.0,0.0,2591383.3166420013,151.0927253424195,133.66288793864715,65082191.04349843,0.0,0.002147768806626601
R1006_S+00,1006,0,205124400.0,0.0,2591309.838007126,151.0927256071867,133.6628838249781,65082191.04349843,0.0,0.0021477709519253907
R1006_S+00,1006,0,213013800.0,0.0,2591288.2198758647,151.09272563465953,133.66288172399462,65082191.043498434,0.0,0.002147771588774357
R1006_S+00,1006,0,220903200.0,0.0,2591281.9702826664,151.09272563704783,133.6628809324179,65082191.04349843,0.0,0.0021477717739804216
R1006_S+00,1006,0,228792600.0,0.0,2591280.6907558218,151.0927256371356,133.66288074026048,65082191.04349843,0.0,0.0021477718121391373
R1006_S+00,1006,0,236682000.0,0.0,2591280.337794848,151.09272563714342,133.66288068379967,65082191.04349843,0.0,0.002147771822693577
R1006_S+00,1006,0,244571400.0,0.0,2591280.2337916046,151.09272563714399,133.66288066652967,65082191.04349843,0.0,0.0021477718258059698
R1006_S+00,1006,0,252460800.0,0.0,2591280.2058526836,151.09272563714407,133.6628806617671,65082191.04349843,0.0,0.002147771826643828
R1006_S+00,1006,0,260350200.0,0.0,2591280.196351249,151.09272563714407,133.66288066012527,65082191.04349843,0.0,0.002147771826928557
R1006_S+00,1006,0,268239600.0,0.0,2591280.1940635294,151.09272563714407,133.66288065972464,65082191.04349843,0.0,0.0021477718269971666
R1006_S+00,1006,0,276129000.0,0.0,2591280.1934429295,151.09272563714407,133.66288065961513,65082191.04349843,0.0,0.002147771827015803
R1006_S+00,1006,0,284018400.0,0.0,2591280.193236295,151.09272563714407,133.66288065957858,65082191.04349843,0.0,0.0021477718270220022
R1006_S+00,1006,0,291907800.0,0.0,2591280.1931845956,151.09272563714407,133.6628806595693,65082191.04349843,0.0,0.002147771827023554
R1006_S+00,1006,0,299797200.0,0.0,2591280.193170078,151.09272563714407,133.66288065956678,65082191.04349842,0.0,0.002147771827023989
R1006_S+00,1006,0,307686600.0,0.0,2591280.1931668334,151.09272563714407,133.6628806595662,65082191.04349843,0.0,0.002147771827024086
R1006_S+00,1006,0,315576000.0,0.0,2591280.1931659617,151.09272563714407,133.66288065956604,65082191.04349842,0.0,0.002147771827024112
R1006_S+01,1006,1,0.0,0.05831320463420795,0.0,0.0,0.0,0.0,0.0,0.0
R1006_S+01,1006,1,7889400.0,0.05831320463420795,235722.56737460382,14.940019787392854,12.829251200010189,460056.1966411207,0.0,1.555193100560076e-05
R1006_S+01,1006,1,15778800.0,0.05831320463420795,237145.24969478697,20.514070139072874,17.75940910341949,920112.3932822463,0.0,3.110178613808291e-05
R1006_S+01,1006,1,23668200.0,0.05831320463420795,248230.6884717159,24.888039969067552,21.46411613718907,1380168.5899233709,0.0,4.6646692294196e-05
R1006_S+01,1006,1,31557600.0,0.05831320463420795,261337.03947073594,28.051479978774893,24.335418397089057,1840224.7865644968,0.0,6.218649294786316e-05
R1006_S+01,1006,1,39447000.0,0.05831320463420795,276296.3355209753,31.020796891579494,26.92063253972504,2300280.983205621,0.0,7.772086333239462e-05
R1006_S+01,1006,1,47336400.0,0.08397038613326294,374990.25292538665,35.59558116058492,30.477866134742307,2962756.9475653735,0.0,0.00010002326555807783
R1006_S+01,1006,1,55225800.0,0.08397038613326294,397823.98701438494,38.915420677398124,33.44516481956021,3625232.9119251296,0.0,0.0001223596580832975
R1006_S+01,1006,1,63115200.0,0.08397038613326294,421789.609188484,41.487934167015695,35.950964161031045,4287708.876284895,0.0,0.00014468483395323068
R1006_S+01,1006,1,71004600.0,0.08397038613326294,445404.6261204127,44.89569454342139,38.61638794489218,4950184.840644657,0.0,0.0001669996731383347
R1006_S+01,1006,1,78894000.0,0.08397038613326294,469194.94935159385,47.38916393237403,40.85357075670596,5612660.805004412,0.0,0.00018930360566098714
R1006_S+01,1006,1,86783400.0,0.09099094039936294,515242.2834076267,49.87793952908508,43.07173968245019,6330524.730191134,0.0,0.0002134285182705299
R1006_S+01,1006,1,94672800.0,0.09099094039936294,541703.1541394163,52.64210195822677,45.35968545297518,7048388.655377869,0.0,0.0002375681017151012
R1006_S+01,1006,1,102562200.0,0.09099094039936294,569043.1972123273,54.83443877647825,47.32952084118483,7766252.580564603,0.0,0.0002616931370259092
R1006_S+01,1006,1,110451600.0,0.09099094039936294,595383.597790122,56.145595796109305,49.132359859615235,8484116.505751323,0.0,0.0002858076404003514
R1006_S+01,1006,1,118341000.0,0.09099094039936294,622506.9633084871,59.47564651230742,51.16850258802563,9201980.430938065,0.0,0.0003099071890473898
R1006_S+01,1006,1,126230400.0,0.07937486743250799,614843.1435678229,60.59777248177647,52.500044853277174,9828200.51006009,0.0,0.00033099139057691336
R1006_S+01,1006,1,134119800.0,0.07937486743250799,637227.6984845437,61.553185093981384,53.701196667336276,10454420.589182127,0.0,0.00035200258476867594
R1006_S+01,1006,1,142009200.0,0.07937486743250799,660606.2008100636,63.82111181176646,55.4974293002162,11080640.668304168,0.0,0.00037300074444463887
R1006_S+01,1006,1,149898600.0,0.07937486743250799,683836.6713606976,65.73959607166913,56.86546183771966,11706860.747426186,0.0,0.000393989229522281
R1006_S+01,1006,1,157788000.0,0.07937486743250799,706971.1285823025,66.7364449557023,58.01307449838771,12333080.826548222,0.0,0.00041496865130980035
R1006_S+01,1006,1,165677400.0,0.0,502381.6505245492,66.75837424116757,58.04448706819442,12333080.826548222,0.0,0.00041557662925206025
R1006_S+01,1006,1,173566800.0,0.0,495929.6819901969,66.75895735802145,58.04553194408323,12333080.826548222,0.0,0.0004156084594924247
R1006_S+01,1006,1,181456200.0,0.0,494971.0258236639,66.75899505267336,58.04561629673072,12333080.82654822,0.0,0.0004156135149988571
R1006_S+01,1006,1,189345600.0,0.0,494782.865818955,66.75899774838055,58.04562244366802,12333080.826548222,0.0,0.00041561455330554127
R1006_S+01,1006,1,197235000.0,0.0,494741.354782559,66.75899794177948,58.045622351769914,12333080.826548222,0.0,0.0004156147889011097
R1006_S+01,1006,1,205124400.0,0.0,494731.4527349286,66.75899795587843,58.045622128695314,12333080.826548222,0.0,0.00041561484604265886
R1006_S+01,1006,1,213013800.0,0.0,494729.03629394993,66.7589979568844,58.04562204595303,12333080.826548222,0.0,0.0004156148601268663
R1006_S+01,1006,1,220903200.0,0.0,494728.4167792704,66.75899795695899,58.04562202058975,12333080.826548222,0.0,0.0004156148637589514
R1006_S+01,1006,1,228792600.0,0.0,494728.26212652214,66.75899795696444,58.04562201364145,12333080.826548222,0.0,0.00041561486466903366
R1006_S+01,1006,1,236682000.0,0.0,494728.2204122711,66.75899795696476,58.04562201167075,12333080.82654822,0.0,0.00041561486491501577
R1006_S+01,1006,1,244571400.0,0.0,494728.210228838,66.75899795696476,58.0456220111747,12333080.826548222,0.0,0.0004156148649751629
R1006_S+01,1006,1,252460800.0,0.0,494728.20697920024,66.75899795696476,58.04562201101383,12333080.826548222,0.0,0.0004156148649943667
R1006_S+01,1006,1,260350200.0,0.0,494728.20627838,66.75899795696476,58.04562201097868,12333080.826548222,0.0,0.0004156148649985116
R1006_S+01,1006,1,268239600.0,0.0,494728.20609608665,66.75899795696476,58.04562201096948,12333080.826548222,0.0,0.00041561486499959015
R1006_S+01,1006,1,276129000.0,0.0,494728.20604818687,66.75899795696476,58.04562201096703,12333080.826548222,0.0,0.00041561486499987345
R1006_S+01,1006,1,284018400.0,0.0,494728.20603577606,66.75899795696476,58.04562201096641,12333080.826548222,0.0,0.00041561486499994696
R1006_S+01,1006,1,291907800.0,0.0,494728.2060324829,66.75899795696476,58.045622010966234,12333080.826548222,0.0,0.0004156148649999665
R1006_S+01,1006,1,299797200.0,0.0,494728.2060316391,66.75899795696476,58.04562201096619,12333080.82654822,0.0,0.00041561486499997147
R1006_S+01,1006,1,307686600.0,0.0,494728.20603141375,66.75899795696476,58.04562201096618,12333080.82654822,0.0,0.00041561486499997277
R1006_S+01,1006,1,315576000.0,0.0,494728.206031356,66.75899795696476,58.04562201096617,12333080.82654822,0.0,0.0004156148649999732
R1006_S+02,1006,2,0.0,0.7233799802298538,0.0,0.0,0.0,0.0,0.0,0.0
R1006_S+02,1006,2,7889400.0,0.7233799802298538,2435207.4682014436,50.26727155265789,43.55694893011425,5707034.016025404,0.0,0.00018999689520488787
R1006_S+02,1006,2,15778800.0,0.7233799802298538,2601227.0757953636,71.68612263851571,61.19974041481184,11414068.03205081,0.0,0.0003795867215148649
R1006_S+02,1006,2,23668200.0,0.7233799802298538,2799703.6978522427,86.95186686337816,74.2775326252176,17121102.048076216,0.0,0.000568485572517801
R1006_S+02,1006,2,31557600.0,0.7233799802298538,3012350.7909686044,99.04222082432952,85.15038156699599,22828136.064101625,0.0,0.0007566322810749503
R1006_S+02,1006,2,39447000.0,0.7233799802298538,3230760.1811060198,109.59439016817203,94.33760649816043,28535170.08012701,0.0,0.0009440255907425799
R1006_S+02,1006,2,47336400.0,0.696484247394761,3365374.479007762,119.47049870296469,102.40263596616667,34030012.90152324,0.0,0.0011241697089444853
R1006_S+02,1006,2,55225800.0,0.696484247394761,3579375.996596899,126.64134575868648,109.21716924463468,39524855.72291947,0.0,0.0013032430706977215
R1006_S+02,1006,2,63115200.0,0.696484247394761,3797665.4190777913,134.02945748951674,115.72395666649416,45019698.544315696,0.0,0.0014815647220752675
R1006_S+02,1006,2,71004600.0,0.696484247394761,4011091.296981469,142.06513704670272,122.1719467415802,50514541.36571191,0.0,0.0016592695950076596
R1006_S+02,1006,2,78894000.0,0.696484247394761,4228931.5922654085,147.6409463152532,127.60439778363471,56009384.187108144,0.0,0.001836215616306646
R1006_S+02,1006,2,86783400.0,0.9356707603268923,5219879.0135450885,157.2578631540498,135.3846221318096,63391265.0836311,0.0,0.002066782461500837
R1006_S+02,1006,2,94672800.0,0.9356707603268923,5526907.494427111,163.74048559532977,141.97265563353088,70773145.98015411,0.0,0.0023014133406158667
R1006_S+02,1006,2,102562200.0,0.9356707603268923,5823371.696376462,172.8645306622733,149.23256604209305,78155026.8766771,0.0,0.0025349937251704694
R1006_S+02,1006,2,110451600.0,0.9356707603268923,6120028.757442348,179.35092326376102,155.2666022351983,85536907.77320004,0.0,0.002767349283341722
R1006_S+02,1006,2,118341000.0,0.9356707603268923,6411937.274922807,183.62816146682067,160.86756272310114,92918788.66972306,0.0,0.002998610656771721
R1006_S+02,1006,2,126230400.0,1.4409395190262482,8421055.095966332,196.91459482677305,170.28328108289952,104286936.91112894,0.0,0.0033345998943240594
R1006_S+02,1006,2,134119800.0,1.4409395190262482,8913481.573936984,203.41618820454863,178.69108071472127,115655085.15253457,0.0,0.003683381098449061
R1006_S+02,1006,2,142009200.0,1.4409395190262482,9388089.966423042,216.71443905329969,187.37089684310166,127023233.39394048,0.0,0.0040298183274370585
R1006_S+02,1006,2,149898600.0,1.4409395190262482,9850516.085911196,222.18943432082028,193.6693133567431,138391381.63534597,0.0,0.004373934864205493
R1006_S+02,1006,2,157788000.0,1.4409395190262482,10314054.964720018,234.17962626128102,202.69351331784378,149759529.87675154,0.0,0.004715275907558578
R1006_S+02,1006,2,165677400.0,0.0,6092872.768648025,235.72264618219847,203.97562880633853,149759529.87675154,0.0,0.0047756334289209956
R1006_S+02,1006,2,173566800.0,0.0,5979847.631545864,235.7814821049971,204.04534890163617,149759529.87675154,0.0,0.004781439277553345
R1006_S+02,1006,2,181456200.0,0.0,5955064.832084633,235.78820444622164,204.05507650605725,149759529.87675154,0.0,0.004782788963662066
R1006_S+02,1006,2,189345600.0,0.0,5948760.438328467,235.78901024103047,204.05640356432974,149759529.87675154,0.0,0.004783147331774777
R1006_S+02,1006,2,197235000.0,0.0,5947105.830975998,235.7891013862523,204.056527937865,149759529.87675154,0.0,0.004783244421299603
R1006_S+02,1006,2,205124400.0,0.0,5946608.53286403,235.78911294176947,204.0565205212097,149759529.87675154,0.0,0.004783274159594835
R1006_S+02,1006,2,213013800.0,0.0,5946472.039744068,235.78911420421787,204.05650982351605,149759529.87675154,0.0,0.0047832824603859765
R1006_S+02,1006,2,220903200.0,0.0,5946418.756073009,235.7891144243071,204.05650371908987,149759529.87675154,0.0,0.00478328571851029
R1006_S+02,1006,2,228792600.0,0.0,5946404.939785115,235.7891144396371,204.05650162259442,149759529.8767515,0.0,0.00478328657056662
R1006_S+02,1006,2,236682000.0,0.0,5946401.23872662,235.7891144408633,204.05650098289698,149759529.87675154,0.0,0.004783286800140504
R1006_S+02,1006,2,244571400.0,0.0,5946400.099765588,235.78911444100277,204.05650077278645,149759529.87675154,0.0,0.0047832868710437175
R1006_S+02,1006,2,252460800.0,0.0,5946399.723934691,235.7891144410199,204.05650070068378,149759529.87675154,0.0,0.004783286894449927
R1006_S+02,1006,2,260350200.0,0.0,5946399.611724932,235.78911444102187,204.0565006784892,149759529.87675154,0.0,0.0047832869014639255
R1006_S+02,1006,2,268239600.0,0.0,5946399.568679258,235.7891144410222,204.05650066985396,149759529.87675154,0.0,0.004783286904148947
R1006_S+02,1006,2,276129000.0,0.0,5946399.556903157,235.7891144410222,204.05650066745025,149759529.87675154,0.0,0.004783286904885211
R1006_S+02,1006,2,284018400.0,0.0,5946399.553107135,235.7891144410222,204.05650066666894,149759529.87675154,0.0,0.0047832869051225675
R1006_S+02,1006,2,291907800.0,0.0,5946399.551911432,235.7891144410222,204.05650066642113,149759529.87675154,0.0,0.004783286905197396
R1006_S+02,1006,2,299797200.0,0.0,5946399.5515196435,235.7891144410222,204.05650066633976,149759529.87675154,0.0,0.0047832869052218995
R1006_S+02,1006,2,307686600.0,0.0,5946399.5513988845,235.7891144410222,204.05650066631446,149759529.87675154,0.0,0.0047832869052294655
R1006_S+02,1006,2,315576000.0,0.0,5946399.551357482,235.7891144410222,204.0565006663058,149759529.87675154,0.0,0.004783286905232057
R1006_S+03,1006,3,0.0,0.01,0.0,0.0,0.0,0.0,0.0,0.0
R1006_S+03,1006,3,7889400.0,0.01,53652.97070585936,6.778284517256558,5.95612957344069,78894.00000000102,0.0,2.6708532191587487e-06
R1006_S+03,1006,3,15778800.0,0.01,51142.251092867926,9.033975727367253,7.824413066393906,157788.0000000018,0.0,5.34176898309224e-06
R1006_S+03,1006,3,23668200.0,0.01,51432.776294196025,10.663987425396506,9.296484170539026,236682.00000000335,0.0,8.012554988009927e-06
R1006_S+03,1006,3,31557600.0,0.01,52842.32346329279,12.279689372329946,10.567466531772268,315576.0000000014,0.0,1.0683182509209405e-05
R1006_S+03,1006,3,39447000.0,0.01,54777.18094617501,13.552258750313529,11.646379624587787,394470.00000000966,0.0,1.3353649517413833e-05
R1006_S+03,1006,3,47336400.0,0.15682044665511863,568278.6206631903,27.226522590335662,23.344960906165202,1631689.2318409006,0.0,5.5012391418160173e-05
R1006_S+03,1006,3,55225800.0,0.15682044665511863,595678.0650482886,35.909552199177526,30.657629009637258,2868908.4636817877,0.0,9.669687139798082e-05
R1006_S+03,1006,3,63115200.0,0.15682044665511863,632554.3930939119,41.66550285271493,36.11164178952814,4106127.695522681,0.0,0.0001383463733921985
R1006_S+03,1006,3,71004600.0,0.15682044665511863,674204.382819185,48.033465266965045,41.05723948512932,5343346.9273635615,0.0,0.00017995823795684138
R1006_S+03,1006,3,78894000.0,0.15682044665511863,718594.734706318,52.80977507731134,45.20100049332755,6580566.159204468,0.0,0.00022153133602152911
R1006_S+03,1006,3,86783400.0,0.2739277183020224,1127960.6850368213,60.44314587599273,51.95325122853606,8741691.499976445,0.0,0.0002934037724710526
R1006_S+03,1006,3,94672800.0,0.2739277183020224,1212922.2962420061,66.9458023960747,57.649976523714855,10902816.840748416,0.0,0.0003656624961515271
R1006_S+03,1006,3,102562200.0,0.2739277183020224,1294959.0114402752,73.27571950295253,62.8885073118014,13063942.181520395,0.0,0.0004378130695077213
R1006_S+03,1006,3,110451600.0,0.2739277183020224,1376608.5743731167,78.77636683828436,67.53403031342323,15225067.522292374,0.0,0.0005098521890865108
R1006_S+03,1006,3,118341000.0,0.2739277183020224,1460177.6139798425,82.47438119201414,71.42215365318387,17386192.86306435,0.0,0.0005817678344192906
R1006_S+03,1006,3,126230400.0,0.33244227964085254,1722774.0153343137,89.21847153089521,76.67623543953353,20008962.984062884,0.0,0.0006682528691068392
R1006_S+03,1006,3,134119800.0,0.33244227964085254,1824955.5714621693,93.38886963367341,81.08375840495691,22631733.105061427,0.0,0.0007551368364968872
R1006_S+03,1006,3,142009200.0,0.33244227964085254,1927826.6447105594,99.01617889339644,85.41010395686968,25254503.226059943,0.0,0.0008418417459163823
R1006_S+03,1006,3,149898600.0,0.33244227964085254,2028321.7563727722,101.9803656264403,89.24874439388003,27877273.347058494,0.0,0.0009283988009792838
R1006_S+03,1006,3,157788000.0,0.33244227964085254,2130539.9052020498,108.29571780448256,93.29796180177362,30500043.46805709,0.0,0.0010147744221630543
R1006_S+03,1006,3,165677400.0,0.0,1258097.4534360338,108.46184021729249,93.50299950017498,30500043.46805708,0.0,0.0010199208553190531
R1006_S+03,1006,3,173566800.0,0.0,1242307.8486887626,108.46382698315698,93.50635081042086,30500043.46805708,0.0,0.0010201075577272586
R1006_S+03,1006,3,181456200.0,0.0,1239961.5262631606,108.46392690309128,93.50653719003024,30500043.468057085,0.0,0.0010201368263240411
R1006_S+03,1006,3,189345600.0,0.0,1239470.911839934,108.46393327678484,93.50653844882238,30500043.46805708,0.0,0.0010201431370224735
R1006_S+03,1006,3,197235000.0,0.0,1239384.1041645184,108.46393351062228,93.50653443465703,30500043.46805708,0.0,0.001020144277163026
R1006_S+03,1006,3,205124400.0,0.0,1239362.9929135293,108.46393352831272,93.50653305910939,30500043.468057085,0.0,0.0010201445569029159
R1006_S+03,1006,3,213013800.0,0.0,1239357.1468665656,108.46393352989006,93.50653261591734,30500043.46805708,0.0,0.001020144634712585
R1006_S+03,1006,3,220903200.0,0.0,1239355.7576157376,108.4639335300053,93.50653250105708,30500043.46805708,0.0,0.0010201446532838586
R1006_S+03,1006,3,228792600.0,0.0,1239355.2138449904,108.46393353002351,93.50653245435271,30500043.46805708,0.0,0.0010201446605563828
R1006_S+03,1006,3,236682000.0,0.0,1239355.107072087,108.46393353002401,93.50653244476635,30500043.468057085,0.0,0.0010201446619875103
R1006_S+03,1006,3,244571400.0,0.0,1239355.0813638996,108.46393353002402,93.50653244241461,30500043.468057085,0.0,0.0010201446623323035
R1006_S+03,1006,3,252460800.0,0.0,1239355.0763694271,108.46393353002402,93.50653244195206,30500043.468057085,0.0,0.0010201446623993666
R1006_S+03,1006,3,260350200.0,0.0,1239355.0750447847,108.46393353002402,93.50653244182877,30500043.468057085,0.0,0.0010201446624171595
R1006_S+03,1006,3,268239600.0,0.0,1239355.0746824294,108.46393353002402,93.5065324417949,30500043.46805709,0.0,0.0010201446624220267
R1006_S+03,1006,3,276129000.0,0.0,1239355.0745878145,108.46393353002402,93.50653244178606,30500043.468057085,0.0,0.001020144662423298
R1006_S+03,1006,3,284018400.0,0.0,1239355.074561026,108.46393353002402,93.50653244178358,30500043.468057085,0.0,0.001020144662423658
R1006_S+03,1006,3,291907800.0,0.0,1239355.0745543186,108.46393353002402,93.50653244178292,30500043.468057085,0.0,0.0010201446624237482
R1006_S+03,1006,3,299797200.0,0.0,1239355.0745519903,108.46393353002402,93.50653244178275,30500043.468057085,0.0,0.0010201446624237794
R1006_S+03,1006,3,307686600.0,0.0,1239355.0745514557,108.46393353002402,93.50653244178265,30500043.468057085,0.0,0.0010201446624237864
R1006_S+03,1006,3,315576000.0,0.0,1239355.074551342,108.46393353002402,93.50653244178264,30500043.468057085,0.0,0.0010201446624237879
R1007_S+00,1007,0,0.0,1.5814139145777975,0.0,0.0,0.0,0.0,0.0,0.0
R1007_S+00,1007,0,7889400.0,1.5814139145777975,1918117.7462564558,40.625454260038296,36.67976413951687,12476406.93767007,0.0,0.00012216411921760046
R1007_S+00,1007,0,15778800.0,1.5814139145777975,2036863.264581211,58.84665903669962,51.618736018286945,24952813.875340145,0.0,0.00024417701072759415
R1007_S+00,1007,0,23668200.0,1.5814139145777975,2173448.7421748415,71.79785643903953,63.13518816416421,37429220.813010216,0.0,0.00036589969273835294
R1007_S+00,1007,0,31557600.0,1.5814139145777975,2319276.018253628,82.02838607936505,72.2934503232946,49905627.7506803,0.0,0.00048729510776469555
R1007_S+00,1007,0,39447000.0,1.5814139145777975,2465940.865497716,91.15689001638613,80.91685653307961,62382034.688350394,0.0,0.0006083767730539909
R1007_S+00,1007,0,47336400.0,1.397233165907933,2387782.8708219416,99.68226076543847,87.37967634656295,73405366.02746446,0.0,0.0007157622419652668
R1007_S+00,1007,0,55225800.0,1.397233165907933,2517199.4375726767,105.027100512685,94.08955384836658,84428697.36657852,0.0,0.0008223114203457568
R1007_S+00,1007,0,63115200.0,1.397233165907933,2650201.4673671015,111.84591284777136,99.35915386841657,95452028.7056926,0.0,0.0009285788124268893
R1007_S+00,1007,0,71004600.0,1.397233165907933,2779610.1181119047,118.45049572783905,105.00362328852786,106475360.04480666,0.0,0.0010346276628806288
R1007_S+00,1007,0,78894000.0,1.397233165907933,2913568.5547580644,123.67064190850522,109.51462583597763,117498691.38392067,0.0,0.0011403729422225087
R1007_S+00,1007,0,86783400.0,1.4492805073392288,3106717.704680115,127.07754225991006,115.22261568550165,128932645.01852274,0.0,0.0012495458230847886
R1007_S+00,1007,0,94672800.0,1.4492805073392288,3244936.8821240775,135.55717651737433,119.01374939056188,140366598.65312487,0.0,0.0013586729485772497
R1007_S+00,1007,0,102562200.0,1.4492805073392288,3381601.1519341692,138.22775615843148,124.6044461418867,151800552.28772697,0.0,0.0014675524550438023
R1007_S+00,1007,0,110451600.0,1.4492805073392288,3516781.668503549,144.1992148079319,128.67813402974744,163234505.92232916,0.0,0.0015761764524047615
R1007_S+00,1007,0,118341000.0,1.4492805073392288,3653445.0378331095,150.18660176401636,131.96580659855763,174668459.55693132,0.0,0.0016845094940340195
R1007_S+00,1007,0,126230400.0,1.7375559388716846,4146571.3299388103,153.04054368687633,138.00272298019607,188376733.3810655,0.0,0.0018118901597054353
R1007_S+00,1007,0,134119800.0,1.7375559388716846,4313721.290951923,158.92176743408075,142.41392486760523,202085007.20519984,0.0,0.00194087553755595
R1007_S+00,1007,0,142009200.0,1.7375559388716846,4478446.421322059,166.07417002296506,145.9903568555475,215793281.02933443,0.0,0.002069516662836418
R1007_S+00,1007,0,149898600.0,1.7375559388716846,4643364.612686601,168.83520173790862,151.40279400835803,229501554.85346884,0.0,0.002197763811134091
R1007_S+00,1007,0,157788000.0,1.7375559388716846,4806918.967216693,171.25178522832618,155.88949909508273,243209828.67760292,0.0,0.002325654619496947
R1007_S+00,1007,0,165677400.0,0.0,2892203.660544377,171.58952405962634,156.33912137170736,243209828.6776029,0.0,0.0023412443189195836
R1007_S+00,1007,0,173566800.0,0.0,2860765.08144141,171.59986345603085,156.3528326116482,243209828.67760292,0.0,0.0023420688960596593
R1007_S+00,1007,0,181456200.0,0.0,2855111.836639479,171.6009524587594,156.35414845846344,243209828.67760292,0.0,0.0023422304995619754
R1007_S+00,1007,0,189345600.0,0.0,2853016.88903293,171.60118804709208,156.35435647017434,243209828.6776029,0.0,0.0023422934727516166
R1007_S+00,1007,0,197235000.0,0.0,2852586.8663517497,171.60120085898504,156.3543324355926,243209828.67760286,0.0,0.002342307167068719
R1007_S+00,1007,0,205124400.0,0.0,2852458.3149521314,171.601202276885,156.35431978672452,243209828.67760292,0.0,0.002342311328092225
R1007_S+00,1007,0,213013800.0,0.0,2852410.651125293,171.60120248163128,156.35431427505603,243209828.6776029,0.0,0.002342312878930506
R1007_S+00,1007,0,220903200.0,0.0,2852396.4353963025,171.60120249916756,156.35431250008673,243209828.6776029,0.0,0.002342313343051819
R1007_S+00,1007,0,228792600.0,0.0,2852392.025215745,171.60120250075317,156.35431193537946,243209828.6776029,0.0,0.002342313487154608
R1007_S+00,1007,0,236682000.0,0.0,2852390.7650804,171.6012025008793,156.3543117724041,243209828.6776029,0.0,0.002342313528373237
R1007_S+00,1007,0,244571400.0,0.0,2852390.353892632,171.6012025008936,156.3543117190519,243209828.6776029,0.0,0.002342313541828632
R1007_S+00,1007,0,252460800.0,0.0,2852390.215030417,171.6012025008953,156.35431170101927,243209828.6776029,0.0,0.002342313546370972
R1007_S+00,1007,0,260350200.0,0.0,2852390.170594085,171.6012025008955,156.35431169524142,243209828.67760295,0.0,0.0023423135478255956
R1007_S+00,1007,0,268239600.0,0.0,2852390.155030377,171.6012025008955,156.3543116932195,243209828.6776029,0.0,0.0023423135483345106
R1007_S+00,1007,0,276129000.0,0.0,2852390.150340818,171.6012025008955,156.354311692609,243209828.6776029,0.0,0.002342313548488151
R1007_S+00,1007,0,284018400.0,0.0,2852390.1482116655,171.6012025008955,156.35431169233252,243209828.6776029,0.0,0.002342313548557748
R1007_S+00,1007,0,291907800.0,0.0,2852390.1476544663,171.6012025008955,156.3543116922601,243209828.6776029,0.0,0.0023423135485759776
R1007_S+00,1007,0,299797200.0,0.0,2852390.147473488,171.6012025008955,156.3543116922366,243209828.6776029,0.0,0.0023423135485819003
R1007_S+00,1007,0,307686600.0,0.0,2852390.1474118195,171.6012025008955,156.35431169222855,243209828.6776029,0.0,0.0023423135485839183
R1007_S+00,1007,0,315576000.0,0.0,2852390.1473923586,171.6012025008955,156.35431169222602,243209828.6776029,0.0,0.0023423135485845558
R1007_S+01,1007,1,0.0,3.3829584631201923,0.0,0.0,0.0,0.0,0.0,0.0
R1007_S+01,1007,1,7889400.0,3.3829584631201923,4279541.602301538,60.35497770806497,53.309985529827316,26689512.498940423,0.0,0.0002583465138242701
R1007_S+01,1007,1,15778800.0,3.3829584631201923,4573429.2771810815,83.70164260293419,75.79508530558941,53379024.99788084,0.0,0.0005159790243881402
R1007_S+01,1007,1,23668200.0,3.3829584631201923,4888034.005295381,102.42588435391818,92.6076387530129,80068537.49682124,0.0,0.0007723557299295237
R1007_S+01,1007,1,31557600.0,3.3829584631201923,5209335.067459501,120.99305189852399,106.1714511625371,106758049.99576169,0.0,0.0010274011408363311
R1007_S+01,1007,1,39447000.0,3.3829584631201923,5541777.5430523455,134.78827195110514,118.19611005053093,133447562.49470207,0.0,0.0012809890298164114
R1007_S+01,1007,1,47336400.0,3.6350791635796793,6219633.218006797,147.98387683965083,130.06924173912836,162126156.04784763,0.0,0.0015502496185267995
R1007_S+01,1007,1,55225800.0,3.6350791635796793,6587013.827470373,155.75455163186487,141.24826499235368,190804749.60099298,0.0,0.0018192327799148747
R1007_S+01,1007,1,63115200.0,3.6350791635796793,6952872.6676086895,168.8496897742368,150.61852741100753,219483343.15413874,0.0,0.0020865866234118513
R1007_S+01,1007,1,71004600.0,3.6350791635796793,7309494.110592186,181.33920328849175,159.62752329166128,248161936.7072846,0.0,0.0023525151456589
R1007_S+01,1007,1,78894000.0,3.6350791635796793,7676151.849624626,187.76645251100717,168.7454060650498,276840530.26043,0.0,0.0026166081631495202
R1007_S+01,1007,1,86783400.0,3.747981838236888,8187118.934213892,200.06611671371454,176.52190336431661,306409858.1750159,0.0,0.0028863928542124445
R1007_S+01,1007,1,94672800.0,3.747981838236888,8564655.970067523,206.89093140235912,184.31388868619126,335979186.089602,0.0,0.003155261276162123
R1007_S+01,1007,1,102562200.0,3.747981838236888,8929433.711095348,211.69188516223306,192.5473883880401,365548514.004188,0.0,0.003422830338262432
R1007_S+01,1007,1,110451600.0,3.747981838236888,9297915.079318937,225.61804438118344,198.2607689908893,395117841.91877353,0.0,0.003688599592933166
R1007_S+01,1007,1,118341000.0,3.747981838236888,9664035.503361847,229.9760815136382,206.50107148127444,424687169.83335966,0.0,0.003952836616098665
R1007_S+01,1007,1,126230400.0,3.7216664870918192,9988337.608562138,233.92345025145048,213.21560883523034,454048885.41662204,0.0,0.004214094960047116
R1007_S+01,1007,1,134119800.0,3.7216664870918192,10346556.901588067,247.85868302136353,218.2766441886047,483410600.99988484,0.0,0.0044734544394051876
R1007_S+01,1007,1,142009200.0,3.7216664870918192,10703793.735630527,252.86175555530968,223.87986997461383,512772316.5831469,0.0,0.0047313160388845745
R1007_S+01,1007,1,149898600.0,3.7216664870918192,11060056.430751368,256.05458228184153,231.87033929685788,542134032.1664094,0.0,0.004987641030355432
R1007_S+01,1007,1,157788000.0,3.7216664870918192,11412227.10437354,261.0165674928482,237.11612550247997,571495747.7496716,0.0,0.005242606175020464
R1007_S+01,1007,1,165677400.0,0.0,6758017.979768936,264.9366707548872,238.1078317639244,571495747.7496717,0.0,0.005296941128987171
R1007_S+01,1007,1,173566800.0,0.0,6659210.4124140255,265.1507323075796,238.1706449113693,571495747.7496717,0.0,0.005302326698458791
R1007_S+01,1007,1,181456200.0,0.0,6639332.658884231,265.1764472063904,238.17782135006536,571495747.7496717,0.0,0.00530351688366795
R1007_S+01,1007,1,189345600.0,0.0,6634289.0032291375,265.17962183043716,238.17841680502596,571495747.7496717,0.0,0.005303842723558742
R1007_S+01,1007,1,197235000.0,0.0,6632879.7202274725,265.1799857998829,238.17836644779067,571495747.7496717,0.0,0.005303938031808431
R1007_S+01,1007,1,205124400.0,0.0,6632436.786055129,265.18003672035655,238.1783207472273,571495747.7496717,0.0,0.005303968654143261
R1007_S+01,1007,1,213013800.0,0.0,6632218.04357367,265.1800502440911,238.17829229482336,571495747.7496717,0.0,0.005303983859579276
R1007_S+01,1007,1,220903200.0,0.0,6632155.019922446,265.1800513777862,238.17828250513767,571495747.7496717,0.0,0.005303988275852758
R1007_S+01,1007,1,228792600.0,0.0,6632133.159592707,265.1800515419621,238.1782789461307,571495747.7496717,0.0,0.005303989813252397
R1007_S+01,1007,1,236682000.0,0.0,6632123.721238684,265.1800515744596,238.17827738202587,571495747.7496717,0.0,0.005303990476539347
R1007_S+01,1007,1,244571400.0,0.0,6632120.648627479,265.1800515781269,238.17827686617795,571495747.7496717,0.0,0.005303990692743212
R1007_S+01,1007,1,252460800.0,0.0,6632119.532386005,265.1800515786781,238.17827667782745,571495747.7496717,0.0,0.0053039907713404435
R1007_S+01,1007,1,260350200.0,0.0,6632119.108762752,265.1800515787663,238.1782766062369,571495747.7496717,0.0,0.005303990801151799
R1007_S+01,1007,1,268239600.0,0.0,6632118.958831344,265.18005157877906,238.17827658084138,571495747.7496717,0.0,0.005303990811715405
R1007_S+01,1007,1,276129000.0,0.0,6632118.897003531,265.1800515787812,238.1782765703746,571495747.7496717,0.0,0.005303990816067043
R1007_S+01,1007,1,284018400.0,0.0,6632118.875146531,265.18005157878144,238.17827656667504,571495747.7496717,0.0,0.005303990817604657
R1007_S+01,1007,1,291907800.0,0.0,6632118.868029892,265.18005157878144,238.17827656546922,571495747.7496717,0.0,0.005303990818105745
R1007_S+01,1007,1,299797200.0,0.0,6632118.865396224,265.18005157878144,238.17827656502305,571495747.7496717,0.0,0.005303990818291176
R1007_S+01,1007,1,307686600.0,0.0,6632118.864424702,265.18005157878144,238.17827656485835,571495747.7496717,0.0,0.005303990818359583
R1007_S+01,1007,1,315576000.0,0.0,6632118.8640645,265.18005157878144,238.1782765647973,571495747.7496717,0.0,0.0053039908183849455
R1007_S+02,1007,2,0.0,3.846923357680673,0.0,0.0,0.0,0.0,0.0,0.0
R1007_S+02,1007,2,7889400.0,3.846923357680673,4916827.819244895,64.97021721644637,57.08277505316116,30349917.138085872,0.0,0.0002929757643977103
R1007_S+02,1007,2,15778800.0,3.846923357680673,5261769.256684918,90.90188881285982,80.19171719599598,60699834.276171796,0.0,0.0005850045419181956
R1007_S+02,1007,2,23668200.0,3.846923357680673,5623857.127441414,111.28719893214885,97.75873294843771,91049751.41425769,0.0,0.0008754510368021123
R1007_S+02,1007,2,31557600.0,3.846923357680673,6000397.5142464675,125.69869127961196,113.69341237177824,121399668.5523436,0.0,0.0011641233459084646
R1007_S+02,1007,2,39447000.0,3.846923357680673,6380280.334712256,139.7495747505901,126.72798563178344,151749585.6904294,0.0,0.0014510134064940991
R1007_S+02,1007,2,47336400.0,3.8391829226923604,6755853.679167185,153.52473826714882,138.3615911461262,182038435.4407186,0.0,0.0017355157934681959
R1007_S+02,1007,2,55225800.0,3.8391829226923604,7137568.390273146,167.68952076384488,147.41993503885863,212327285.1910076,0.0,0.0020182385248367555
R1007_S+02,1007,2,63115200.0,3.8391829226923604,7518197.110642128,178.92365013135716,158.48001952352786,242616134.94129702,0.0,0.002299214172885215
R1007_S+02,1007,2,71004600.0,3.8391829226923604,7906431.766360287,187.32587681241324,167.65219756408766,272904984.6915858,0.0,0.0025782234799872437
R1007_S+02,1007,2,78894000.0,3.8391829226923604,8281802.770357605,199.15387980015421,176.08400595773202,303193834.44187427,0.0,0.002855776795636673
R1007_S+02,1007,2,86783400.0,5.5094019882190395,11085919.086281672,208.42006663484466,187.88908973763347,346659710.4877297,0.0,0.003232132116949387
R1007_S+02,1007,2,94672800.0,5.5094019882190395,11675157.864396095,224.90729969764948,197.59943717110426,390125586.53358483,0.0,0.0036214472412455664
R1007_S+02,1007,2,102562200.0,5.5094019882190395,12247367.626309358,231.4860179668025,209.4322715122634,433591462.57944036,0.0,0.0040075505265001286
R1007_S+02,1007,2,110451600.0,5.5094019882190395,12802388.506006531,247.49910962609835,217.9029245086712,477057338.6252967,0.0,0.004390679189778268
R1007_S+02,1007,2,118341000.0,5.5094019882190395,13362724.590136252,254.46053013091225,227.88058006530622,520523214.6711519,0.0,0.004770184463661912
R1007_S+02,1007,2,126230400.0,8.857580554260714,19219240.547499947,272.3798994565387,240.52504948520703,590404210.6959331,0.0,0.005324460443258325
R1007_S+02,1007,2,134119800.0,8.857580554260714,20246662.417097144,282.98235497528026,255.07723625043923,660285206.7207166,0.0,0.005912748282749862
R1007_S+02,1007,2,142009200.0,8.857580554260714,21180159.118264668,301.7421768504674,266.5998309544836,730166202.7455008,0.0,0.006496140261893528
R1007_S+02,1007,2,149898600.0,8.857580554260714,22105456.71738845,311.93530909083626,279.00148855083694,800047198.7702832,0.0,0.007071632333777841
R1007_S+02,1007,2,157788000.0,8.857580554260714,23007198.352385774,319.82937279217737,290.94919522956707,869928194.7950702,0.0,0.007640399255964275
R1007_S+02,1007,2,165677400.0,0.0,10374934.95938282,328.8023704056478,293.4052091401148,869928194.7950702,0.0,0.0077905353226023644
R1007_S+02,1007,2,173566800.0,0.0,10108021.887556404,329.42151571159746,293.6261731901609,869928194.7950702,0.0,0.007810008679852571
R1007_S+02,1007,2,181456200.0,0.0,10058342.118679084,329.4936187365859,293.65174382852064,869928194.7950702,0.0,0.007813981438214358
R1007_S+02,1007,2,189345600.0,0.0,10045086.833484318,329.50537678447154,293.6553637998857,869928194.7950702,0.0,0.007815111437135421
R1007_S+02,1007,2,197235000.0,0.0,10039025.396623842,329.50889406247217,293.65615709293354,869928194.7950702,0.0,0.007815648860436286
R1007_S+02,1007,2,205124400.0,0.0,10037343.951300394,329.5092764891259,293.6560800748584,869928194.7950702,0.0,0.007815804699651662
R1007_S+02,1007,2,213013800.0,0.0,10036731.862123147,329.5093429844924,293.656011227689,869928194.7950702,0.0,0.007815862358084777
R1007_S+02,1007,2,220903200.0,0.0,10036485.658480916,329.50935596107735,293.65597502029016,869928194.7950702,0.0,0.00781588578540061
R1007_S+02,1007,2,228792600.0,0.0,10036397.065578375,329.50935810771017,293.65596031944335,869928194.7950702,0.0,0.007815894239182008
R1007_S+02,1007,2,236682000.0,0.0,10036352.18872822,329.5093587023946,293.65595248875934,869928194.7950702,0.0,0.007815898540424908
R1007_S+02,1007,2,244571400.0,0.0,10036336.925422627,329.50935877192353,293.65594971519454,869928194.7950702,0.0,0.007815900006406766
R1007_S+02,1007,2,252460800.0,0.0,10036331.559182454,329.5093587815416,293.6559487268485,869928194.7950702,0.0,0.00781590052149255
R1007_S+02,1007,2,260350200.0,0.0,10036329.365301624,329.50935878337185,293.65594831997583,869928194.7950702,0.0,0.007815900732342337
R1007_S+02,1007,2,268239600.0,0.0,10036328.542610276,329.5093587836819,293.65594816714594,869928194.7950702,0.0,0.007815900811297637
R1007_S+02,1007,2,276129000.0,0.0,10036328.163140051,329.50935878375384,293.65594809640874,869928194.7950702,0.0,0.007815900847788724
R1007_S+02,1007,2,284018400.0,0.0,10036328.028988179,329.5093587837639,293.6559480713981,869928194.7950702,0.0,0.007815900860677434
R1007_S+02,1007,2,291907800.0,0.0,10036327.975472074,329.5093587837657,293.6559480614143,869928194.7950702,0.0,0.00781590086582016
R1007_S+02,1007,2,299797200.0,0.0,10036327.954482611,329.50935878376623,293.65594805749873,869928194.7950702,0.0,0.007815900867836572
R1007_S+02,1007,2,307686600.0,0.0,10036327.9460231,329.50935878376623,293.6559480559196,869928194.7950702,0.0,0.007815900868649674
R1007_S+02,1007,2,315576000.0,0.0,10036327.942760456,329.50935878376634,293.6559480553111,869928194.7950702,0.0,0.007815900868963015
R1007_S+03,1007,3,0.0,0.2585018587320029,0.0,0.0,0.0,0.0,0.0,0.0
R1007_S+03,1007,3,7889400.0,0.2585018587320029,333903.4197684042,17.09299504457275,15.02609716861545,2039424.5642802634,0.0,2.0165271812620918e-05
R1007_S+03,1007,3,15778800.0,0.2585018587320029,340351.3118057214,23.86649580971952,20.93926123318215,4078849.1285605244,0.0,4.032703398273282e-05
R1007_S+03,1007,3,23668200.0,0.2585018587320029,355792.2712900713,29.16018935305074,25.541707285942998,6118273.692840772,0.0,6.048086806247348e-05
R1007_S+03,1007,3,31557600.0,0.2585018587320029,375852.1257744096,32.915475168138585,29.56395755969875,8157698.257121053,0.0,8.062537234697622e-05
R1007_S+03,1007,3,39447000.0,0.2585018587320029,396961.2446513083,36.55636393883743,32.949207163354586,10197122.82140133,0.0,0.00010076122918095867
R1007_S+03,1007,3,47336400.0,0.3708328150483284,545279.099283522,41.10331931097229,37.225876848782825,13122771.232443618,0.0,0.0001295347294528413
R1007_S+03,1007,3,55225800.0,0.3708328150483284,578628.3777379561,45.25919373189434,41.08818819453051,16048419.643485911,0.0,0.00015836549381999343
R1007_S+03,1007,3,63115200.0,0.3708328150483284,612338.5701580569,49.562301307668704,44.545614444360076,18974068.054528195,0.0,0.0001871771713798991
R1007_S+03,1007,3,71004600.0,0.3708328150483284,644939.4116554689,54.02501840711711,47.36559865962006,21899716.46557049,0.0,0.00021597217279659722
R1007_S+03,1007,3,78894000.0,0.3708328150483284,678271.3027801812,56.05559354576891,50.729599505730995,24825364.87661279,0.0,0.0002447472508789468
R1007_S+03,1007,3,86783400.0,0.7865558853932931,1187606.363520531,63.79052103278542,56.6409736823093,31030818.87883463,0.0,0.000304968440675607
R1007_S+03,1007,3,94672800.0,0.7865558853932931,1264455.0191705767,68.36255791407294,62.127328731254714,37236272.88105649,0.0,0.0003657126281229511
R1007_S+03,1007,3,102562200.0,0.7865558853932931,1338508.820135586,74.63259508116134,67.01987930535773,43441726.88327834,0.0,0.0004263759686586863
R1007_S+03,1007,3,110451600.0,0.7865558853932931,1410686.6221362185,81.06384094293617,71.08386092966842,49647180.88550019,0.0,0.0004869633474141457
R1007_S+03,1007,3,118341000.0,0.7865558853932931,1483780.2541625518,83.60698850836131,75.90548689969242,55852634.88772205,0.0,0.000547463796334623
R1007_S+03,1007,3,126230400.0,1.5056710697668974,2412760.7125251703,92.24488925288625,83.50024835452344,67731476.22554106,0.0,0.0006605799776810051
R1007_S+03,1007,3,134119800.0,1.5056710697668974,2562976.81691448,101.09922179907271,90.18963606006962,79610317.5633599,0.0,0.0007754460586844404
R1007_S+03,1007,3,142009200.0,1.5056710697668974,2706098.782322537,109.77595635444217,96.31365682116,91489158.9011789,0.0,0.0008900552494804602
R1007_S+03,1007,3,149898600.0,1.5056710697668974,2850466.06721415,113.54271157621844,103.00998836337247,103368000.23899792,0.0,0.0010043543392691773
R1007_S+03,1007,3,157788000.0,1.5056710697668974,2994763.0093116052,122.57834059245546,107.61494996592948,115246841.5768171,0.0,0.0011183499546118106
R1007_S+03,1007,3,165677400.0,0.0,1395884.149454927,122.8439293346407,107.91767978889227,115246841.5768171,0.0,0.0011261455723546063
R1007_S+03,1007,3,173566800.0,0.0,1376695.5155055355,122.84842572724006,107.92324710186192,115246841.57681711,0.0,0.0011263845817807586
R1007_S+03,1007,3,181456200.0,0.0,1373524.6334564555,122.84883963911349,107.92372260898627,115246841.5768171,0.0,0.0011264267987505787
R1007_S+03,1007,3,189345600.0,0.0,1372462.5468952432,122.84891271113354,107.92378362388988,115246841.5768171,0.0,0.0011264415344961446
R1007_S+03,1007,3,197235000.0,0.0,1372244.453647267,122.84891615060826,107.9237767943058,115246841.5768171,0.0,0.001126444683453716
R1007_S+03,1007,3,205124400.0,0.0,1372188.1367183346,122.8489163836692,107.92377372040512,115246841.5768171,0.0,0.0011264455051795672
R1007_S+03,1007,3,213013800.0,0.0,1372172.3702173196,122.8489164052999,107.92377275574185,115246841.5768171,0.0,0.0011264457362110602
R1007_S+03,1007,3,220903200.0,0.0,1372165.318632245,122.84891640953398,107.92377231027073,115246841.57681711,0.0,0.0011264458394977266
R1007_S+03,1007,3,228792600.0,0.0,1372163.6445094272,122.84891640971873,107.9237722018733,115246841.5768171,0.0,0.0011264458640489528
R1007_S+03,1007,3,236682000.0,0.0,1372163.1390099265,122.84891640973659,107.92377216896887,115246841.5768171,0.0,0.0011264458714667746
R1007_S+03,1007,3,244571400.0,0.0,1372162.9684488997,122.8489164097387,107.92377215785025,115246841.5768171,0.0,0.0011264458739688842
R1007_S+03,1007,3,252460800.0,0.0,1372162.9111969974,122.84891640973902,107.92377215411693,115246841.5768171,0.0,0.0011264458748083562
R1007_S+03,1007,3,260350200.0,0.0,1372162.8975444194,122.84891640973902,107.92377215322604,115246841.5768171,0.0,0.0011264458750086146
R1007_S+03,1007,3,268239600.0,0.0,1372162.8935585152,122.84891640973902,107.92377215296595,115246841.5768171,0.0,0.0011264458750670711
R1007_S+03,1007,3,276129000.0,0.0,1372162.8924849182,122.84891640973902,107.92377215289588,115246841.5768171,0.0,0.0011264458750828198
R1007_S+03,1007,3,284018400.0,0.0,1372162.8921606857,122.84891640973902,107.92377215287469,115246841.5768171,0.0,0.0011264458750875781
R1007_S+03,1007,3,291907800.0,0.0,1372162.892050799,122.84891640973902,107.92377215286751,115246841.5768171,0.0,0.0011264458750891901
R1007_S+03,1007,3,299797200.0,0.0,1372162.892014427,122.84891640973902,107.92377215286517,115246841.5768171,0.0,0.0011264458750897233
R1007_S+03,1007,3,307686600.0,0.0,1372162.8920058329,122.84891640973902,107.92377215286459,115246841.5768171,0.0,0.0011264458750898493
R1007_S+03,1007,3,315576000.0,0.0,1372162.8920033053,122.84891640973902,107.92377215286442,115246841.5768171,0.0,0.0011264458750898866
R1008_S+00,1008,0,0.0,0.8398277665770677,0.0,0.0,0.0,0.0,0.0,0.0
R1008_S+00,1008,0,7889400.0,0.8398277665770677,540435.0781063586,24.55260948647938,20.848194516466823,6625737.18163312,0.0,5.129932844591952e-05
R1008_S+00,1008,0,15778800.0,0.8398277665770677,584429.641899623,34.27755050888173,29.130783790764543,13251474.36326624,0.0,0.00010255410962355685
R1008_S+00,1008,0,23668200.0,0.8398277665770677,640230.3814065326,41.62846429826885,35.30572588466795,19877211.54489933,0.0,0.00015375169970988962
R1008_S+00,1008,0,31557600.0,0.8398277665770677,700053.5816989876,46.79855345354649,40.29209341825156,26502948.726532415,0.0,0.00020488961714777186
R1008_S+00,1008,0,39447000.0,0.8398277665770677,761636.4008649588,51.78325840574537,44.63465387171457,33128685.908165537,0.0,0.000255966499960509
R1008_S+00,1008,0,47336400.0,0.6531116954777941,708151.7634845898,56.169568094771456,48.01055342264659,38281345.31846805,0.0,0.0002958000740266894
R1008_S+00,1008,0,55225800.0,0.6531116954777941,755586.8744202312,57.74783268831949,50.18882759759254,43434004.728770584,0.0,0.0003354618405419514
R1008_S+00,1008,0,63115200.0,0.6531116954777941,801583.1984062847,62.24594816536708,53.448013516347125,48586664.13907314,0.0,0.00037509389691591557
R1008_S+00,1008,0,71004600.0,0.6531116954777941,849415.2463444751,63.5979919403349,55.32222626107317,53739323.54937565,0.0,0.00041468389110472777
R1008_S+00,1008,0,78894000.0,0.6531116954777941,895979.3159322441,67.83024103573813,58.49209645530796,58891982.95967816,0.0,0.0004542437287548584
R1008_S+00,1008,0,86783400.0,0.4031280658571008,790945.8121573683,68.96924586695722,59.52578215005015,62072421.52245121,0.0,0.00047894800407560995
R1008_S+00,1008,0,94672800.0,0.4031280658571008,817386.3719765116,69.61065400114741,60.4756693216569,65252860.085224226,0.0,0.0005033556267535628
R1008_S+00,1008,0,102562200.0,0.4031280658571008,844583.7120334301,70.18296400985449,62.04267297971054,68433298.64799723,0.0,0.0005277477911988219
R1008_S+00,1008,0,110451600.0,0.4031280658571008,871851.669778524,70.88239464926286,63.660930319657126,71613737.21077022,0.0,0.0005521270367755371
R1008_S+00,1008,0,118341000.0,0.4031280658571008,899495.372813521,74.06608288534846,64.77902337866172,74794175.77354321,0.0,0.000576490853098977
R1008_S+00,1008,0,126230400.0,0.08987687771498792,725902.96160529,74.11214125389365,64.87502530275268,75503250.41258785,0.0,0.0005823818417873051
R1008_S+00,1008,0,134119800.0,0.08987687771498792,731440.2989087384,74.11235171288628,64.95372238653478,76212325.05163246,0.0,0.0005878304646748717
R1008_S+00,1008,0,142009200.0,0.08987687771498792,737968.3903095424,74.112357562433,65.03858811622678,76921399.6906771,0.0,0.0005932732524117131
R1008_S+00,1008,0,149898600.0,0.08987687771498792,744640.7816244736,74.11235773989218,65.13002862449667,77630474.32972169,0.0,0.0005987147483606355
R1008_S+00,1008,0,157788000.0,0.08987687771498792,751452.4174115174,74.11235774515573,65.22826576005708,78339548.96876633,0.0,0.0006041546756723044
R1008_S+00,1008,0,165677400.0,0.0,707055.1702283807,74.11235774531951,65.23083468473432,78339548.96876633,0.0,0.0006043351218154883
R1008_S+00,1008,0,173566800.0,0.0,706313.2026648056,74.1123577453241,65.23086004857382,78339548.96876633,0.0,0.000604342001223597
R1008_S+00,1008,0,181456200.0,0.0,706223.4876048695,74.11235774532412,65.23085829633996,78339548.96876633,0.0,0.0006043428872812499
R1008_S+00,1008,0,189345600.0,0.0,706211.3781569973,74.11235774532412,65.23085776648514,78339548.96876633,0.0,0.0006043430099748626
R1008_S+00,1008,0,197235000.0,0.0,706208.8962484021,74.11235774532412,65.23085763746519,78339548.96876633,0.0,0.0006043430353194697
R1008_S+00,1008,0,205124400.0,0.0,706208.6064742897,74.11235774532412,65.23085762129546,78339548.96876633,0.0,0.0006043430382908431
R1008_S+00,1008,0,213013800.0,0.0,706208.5572273862,74.11235774532412,65.23085761850851,78339548.96876633,0.0,0.000604343038796103
R1008_S+00,1008,0,220903200.0,0.0,706208.5500172693,74.11235774532412,65.23085761809836,78339548.96876633,0.0,0.0006043430388701282
R1008_S+00,1008,0,228792600.0,0.0,706208.5483464506,74.11235774532412,65.2308576180032,78339548.96876633,0.0,0.0006043430388872741
R1008_S+00,1008,0,236682000.0,0.0,706208.5481800064,74.11235774532412,65.23085761799372,78339548.96876633,0.0,0.0006043430388889824
R1008_S+00,1008,0,244571400.0,0.0,706208.548155766,74.11235774532412,65.23085761799231,78339548.96876633,0.0,0.0006043430388892313
R1008_S+00,1008,0,252460800.0,0.0,706208.548149921,74.11235774532412,65.230857617992,78339548.96876633,0.0,0.0006043430388892913
R1008_S+00,1008,0,260350200.0,0.0,706208.5481493119,74.11235774532412,65.23085761799196,78339548.96876633,0.0,0.0006043430388892976
R1008_S+00,1008,0,268239600.0,0.0,706208.5481492113,74.11235774532412,65.23085761799194,78339548.96876633,0.0,0.0006043430388892986
R1008_S+00,1008,0,276129000.0,0.0,706208.5481491927,74.11235774532412,65.23085761799196,78339548.96876633,0.0,0.0006043430388892988
R1008_S+00,1008,0,284018400.0,0.0,706208.5481491908,74.11235774532412,65.23085761799196,78339548.96876633,0.0,0.0006043430388892988
R1008_S+00,1008,0,291907800.0,0.0,706208.5481491908,74.11235774532412,65.23085761799196,78339548.96876633,0.0,0.0006043430388892988
R1008_S+00,1008,0,299797200.0,0.0,706208.5481491908,74.11235774532412,65.23085761799196,78339548.96876633,0.0,0.0006043430388892988
R1008_S+00,1008,0,307686600.0,0.0,706208.5481491908,74.11235774532412,65.23085761799196,78339548.96876633,0.0,0.0006043430388892988
R1008_S+00,1008,0,315576000.0,0.0,706208.5481491908,74.11235774532412,65.23085761799196,78339548.96876633,0.0,0.0006043430388892988
R1008_S+01,1008,1,0.0,1.3055308504800511,0.0,0.0,0.0,0.0,0.0,0.0
R1008_S+01,1008,1,7889400.0,1.3055308504800511,828599.6312160976,30.648156953964023,25.8752050987259,10299855.091777304,0.0,7.960906010066455e-05
R1008_S+01,1008,1,15778800.0,1.3055308504800511,910596.3519539665,42.20043216437346,36.185310439015645,20599710.18355462,0.0,0.0001591103084020118
R1008_S+01,1008,1,23668200.0,1.3055308504800511,1004296.0941839479,51.34436400198195,43.89129497819916,30899565.27533195,0.0,0.0002384744852519636
R1008_S+01,1008,1,31557600.0,1.3055308504800511,1103531.0423790999,57.65407569968936,49.7849221743007,41199420.36710926,0.0,0.0003176899095014813
R1008_S+01,1008,1,39447000.0,1.3055308504800511,1202218.6497448478,63.86957054997052,55.192282200721934,51499275.45888655,0.0,0.00039676510893331017
R1008_S+01,1008,1,47336400.0,1.5145853948036017,1437089.425202299,70.52245997506134,60.98448785222742,63448445.472650066,0.0,0.00048806267182704716
R1008_S+01,1008,1,55225800.0,1.5145853948036017,1552943.821914347,77.21115798871304,66.60187033378193,75397615.4864136,0.0,0.0005793843239098232
R1008_S+01,1008,1,63115200.0,1.5145853948036017,1666246.9499064721,83.95397261444805,71.97063930599398,87346785.50017716,0.0,0.0006705265263040728
R1008_S+01,1008,1,71004600.0,1.5145853948036017,1781520.5035108551,86.55262171146933,76.05461890354242,99295955.51394069,0.0,0.0007614622103126571
R1008_S+01,1008,1,78894000.0,1.5145853948036017,1896087.0408376865,93.3920057704744,80.39653451804568,111245125.52770425,0.0,0.0008522091146918936
R1008_S+01,1008,1,86783400.0,1.3491515643140377,1898472.7997168303,95.22668324438179,83.63638470963858,121889121.8792035,0.0,0.0009332530712545837
R1008_S+01,1008,1,94672800.0,1.3491515643140377,1997373.3285150044,101.49486545422026,87.53280979731898,132533118.2307027,0.0,0.0010138203357023055
R1008_S+01,1008,1,102562200.0,1.3491515643140377,2096953.97150876,103.80063926799167,89.94950228589418,143177114.58220184,0.0,0.0010942355028781357
R1008_S+01,1008,1,110451600.0,1.3491515643140377,2194859.473802533,105.41618012003339,93.64640175535058,153821110.93370095,0.0,0.0011745176673014896
R1008_S+01,1008,1,118341000.0,1.3491515643140377,2293037.7521917485,111.56276631120944,96.72533645552063,164465107.2852001,0.0,0.0012546484955987575
R1008_S+01,1008,1,126230400.0,0.809229359011359,2031870.7541610748,113.13701803302888,97.9687698711053,170849441.39018428,0.0,0.0013041523026329778
R1008_S+01,1008,1,134119800.0,0.809229359011359,2085516.0156172812,114.08904937017341,99.13687728815266,177233775.49516845,0.0,0.001352182315488525
R1008_S+01,1008,1,142009200.0,0.809229359011359,2139909.8384734243,114.81415492801445,100.35675468715849,183618109.6001526,0.0,0.001400161395779061
R1008_S+01,1008,1,149898600.0,0.809229359011359,2194554.114755582,115.49117420989191,102.57704807250921,190002443.70513684,0.0,0.001448085632737639
R1008_S+01,1008,1,157788000.0,0.809229359011359,2249672.278040558,116.24534989488015,104.49650917658475,196386777.81012118,0.0,0.0014959487224213397
R1008_S+01,1008,1,165677400.0,0.0,1783591.0916519985,116.28294928887755,104.58077353956828,196386777.81012112,0.0,0.0014986886847842859
R1008_S+01,1008,1,173566800.0,0.0,1781306.3547036573,116.28306002803407,104.58111786003103,196386777.81012115,0.0,0.0014987358063743193
R1008_S+01,1008,1,181456200.0,0.0,1781042.8492245637,116.28306363932704,104.58111743830068,196386777.81012112,0.0,0.0014987417004754366
R1008_S+01,1008,1,189345600.0,0.0,1780982.643604003,116.28306389140513,104.58111347309837,196386777.81012112,0.0,0.001498743087228627
R1008_S+01,1008,1,197235000.0,0.0,1780976.2635751627,116.28306389417662,104.58111279388224,196386777.81012118,0.0,0.001498743237112397
R1008_S+01,1008,1,205124400.0,0.0,1780975.1723629422,116.28306389427784,104.58111266963739,196386777.81012115,0.0,0.0014987432628239482
R1008_S+01,1008,1,213013800.0,0.0,1780974.998172041,116.28306389428114,104.5811126493367,196386777.81012118,0.0,0.0014987432669356499
R1008_S+01,1008,1,220903200.0,0.0,1780974.9655900262,116.28306389428138,104.58111264551391,196386777.81012112,0.0,0.0014987432677045012
R1008_S+01,1008,1,228792600.0,0.0,1780974.960045077,116.28306389428138,104.58111264486193,196386777.81012112,0.0,0.0014987432678352736
R1008_S+01,1008,1,236682000.0,0.0,1780974.9595197625,116.28306389428138,104.58111264480006,196386777.81012115,0.0,0.0014987432678476712
R1008_S+01,1008,1,244571400.0,0.0,1780974.959437877,116.28306389428138,104.58111264479038,196386777.81012115,0.0,0.0014987432678496059
R1008_S+01,1008,1,252460800.0,0.0,1780974.959419351,116.28306389428138,104.5811126447882,196386777.81012115,0.0,0.001498743267850043
R1008_S+01,1008,1,260350200.0,0.0,1780974.9594168551,116.28306389428138,104.58111264478788,196386777.81012112,0.0,0.001498743267850102
R1008_S+01,1008,1,268239600.0,0.0,1780974.9594165832,116.28306389428138,104.58111264478784,196386777.81012112,0.0,0.001498743267850108
R1008_S+01,1008,1,276129000.0,0.0,1780974.959416557,116.28306389428138,104.58111264478786,196386777.81012115,0.0,0.0014987432678501087
R1008_S+01,1008,1,284018400.0,0.0,1780974.959416557,116.28306389428138,104.58111264478788,196386777.81012118,0.0,0.0014987432678501087
R1008_S+01,1008,1,291907800.0,0.0,1780974.9594165534,116.28306389428138,104.58111264478788,196386777.81012115,0.0,0.001498743267850109
R1008_S+01,1008,1,299797200.0,0.0,1780974.9594165534,116.28306389428138,104.58111264478788,196386777.81012115,0.0,0.001498743267850109
R1008_S+01,1008,1,307686600.0,0.0,1780974.9594165534,116.28306389428138,104.58111264478788,196386777.81012115,0.0,0.001498743267850109
R1008_S+01,1008,1,315576000.0,0.0,1780974.9594165534,116.28306389428138,104.58111264478788,196386777.81012115,0.0,0.001498743267850109
R1008_S+02,1008,2,0.0,11.244294841918066,0.0,0.0,0.0,0.0,0.0,0.0
R1008_S+02,1008,2,7889400.0,11.244294841918066,8668964.046611361,86.37193789935336,74.66122292649163,88710739.72582844,0.0,0.0006652621073667079
R1008_S+02,1008,2,15778800.0,11.244294841918066,9717665.673206262,124.5857228530831,105.54939081629931,177421479.45165676,0.0,0.0013230867525792461
R1008_S+02,1008,2,23668200.0,11.244294841918066,10741335.26786549,151.22843084783747,128.22822631394965,266132219.17748535,0.0,0.0019717228794655472
R1008_S+02,1008,2,31557600.0,11.244294841918066,11742967.408903763,171.19702308188664,147.1018232465847,354842958.903314,0.0,0.0026111362878839628
R1008_S+02,1008,2,39447000.0,11.244294841918066,12730671.248783406,189.52338369176738,163.14639732576697,443553698.629142,0.0,0.003241362948835213
R1008_S+02,1008,2,47336400.0,9.631661874926357,12191998.821845338,206.31352711994703,176.45486784659656,519541731.82518566,0.0,0.0037839626078186557
R1008_S+02,1008,2,55225800.0,9.631661874926357,12991723.177594937,213.06887881889267,186.08247029506276,595529765.0212294,0.0,0.004311324901664211
R1008_S+02,1008,2,63115200.0,9.631661874926357,13767204.947418205,230.03104257787123,197.87917065387407,671517798.2172734,0.0,0.004833088376988259
R1008_S+02,1008,2,71004600.0,9.631661874926357,14548977.959526032,235.57704528406714,207.05200281622967,747505831.4133173,0.0,0.005348176029962662
R1008_S+02,1008,2,78894000.0,9.631661874926357,15306863.24693194,252.7235121284918,217.43642219017897,823493864.6093633,0.0,0.005857962648278916
R1008_S+02,1008,2,86783400.0,7.480127589550086,14042307.185900275,256.61502365593776,222.41839188127324,882507583.2143577,0.0,0.006267199515010593
R1008_S+02,1008,2,94672800.0,7.480127589550086,14585822.334857337,260.2297818009381,230.55260745319012,941521301.8193549,0.0,0.006657463128021338
R1008_S+02,1008,2,102562200.0,7.480127589550086,15138040.997727942,274.56899360335046,237.57809257186153,1000535020.4243498,0.0,0.0070436800264802105
R1008_S+02,1008,2,110451600.0,7.480127589550086,15691764.72162138,280.2769246079828,242.30630502193523,1059548739.029345,0.0,0.007426353284894578
R1008_S+02,1008,2,118341000.0,7.480127589550086,16238505.00908254,283.37102653052125,246.57691368970228,1118562457.6343417,0.0,0.007806019843761011
R1008_S+02,1008,2,126230400.0,4.789691985789253,14253907.16777378,285.13336855079854,251.58871064270153,1156350253.587027,0.0,0.008073818176495374
R1008_S+02,1008,2,134119800.0,4.789691985789253,14564528.594700292,286.88859704158546,256.4194918486996,1194138049.5397127,0.0,0.008316076399811575
R1008_S+02,1008,2,142009200.0,4.789691985789253,14882637.244736612,292.3195223939809,260.0478749383135,1231925845.4923983,0.0,0.008556576411056387
R1008_S+02,1008,2,149898600.0,4.789691985789253,15202894.254085973,300.1615288781494,262.9470063463959,1269713641.4450846,0.0,0.008795568966024984
R1008_S+02,1008,2,157788000.0,4.789691985789253,15523857.021838069,304.845922886964,265.46784984879656,1307501437.3977714,0.0,0.009033147543302382
R1008_S+02,1008,2,165677400.0,0.0,11585789.419498987,305.4686631074989,265.94563196788823,1307501437.3977716,0.0,0.009084013478742558
R1008_S+02,1008,2,173566800.0,0.0,11546056.50370178,305.48280532330034,265.96100024933236,1307501437.3977714,0.0,0.009087794079603313
R1008_S+02,1008,2,181456200.0,0.0,11539005.64167225,305.48389545213644,265.962137102175,1307501437.3977714,0.0,0.009088535619381343
R1008_S+02,1008,2,189345600.0,0.0,11537472.700968105,305.4839853100319,265.9621426467647,1307501437.3977714,0.0,0.009088707173653447
R1008_S+02,1008,2,197235000.0,0.0,11537133.024337746,305.4839920946011,265.9621125578791,1307501437.3977718,0.0,0.009088746588680086
R1008_S+02,1008,2,205124400.0,0.0,11537041.462115116,305.4839927258941,265.96210036136813,1307501437.3977716,0.0,0.009088757374370565
R1008_S+02,1008,2,213013800.0,0.0,11537018.373828351,305.4839927696588,265.96209671302057,1307501437.3977714,0.0,0.009088760115073535
R1008_S+02,1008,2,220903200.0,0.0,11537014.209523436,305.4839927710004,265.9620960007766,1307501437.3977716,0.0,0.009088760612360317
R1008_S+02,1008,2,228792600.0,0.0,11537013.14543252,305.4839927710919,265.96209581528143,1307501437.3977714,0.0,0.00908876073943018
R1008_S+02,1008,2,236682000.0,0.0,11537012.943559617,305.4839927710948,265.96209577972525,1307501437.3977716,0.0,0.009088760763558999
R1008_S+02,1008,2,244571400.0,0.0,11537012.901397645,305.4839927710951,265.962095772267,1307501437.3977716,0.0,0.009088760768606416
R1008_S+02,1008,2,252460800.0,0.0,11537012.890778217,305.4839927710951,265.96209577038604,1307501437.3977714,0.0,0.009088760769878187
R1008_S+02,1008,2,260350200.0,0.0,11537012.8880403,305.4839927710951,265.96209576990117,1307501437.3977716,0.0,0.009088760770205923
R1008_S+02,1008,2,268239600.0,0.0,11537012.88735947,305.4839927710951,265.96209576978043,1307501437.3977716,0.0,0.009088760770287483
R1008_S+02,1008,2,276129000.0,0.0,11537012.887179572,305.4839927710951,265.96209576974854,1307501437.3977718,0.0,0.009088760770309018
R1008_S+02,1008,2,284018400.0,0.0,11537012.887136195,305.4839927710951,265.96209576974087,1307501437.3977714,0.0,0.009088760770314215
R1008_S+02,1008,2,291907800.0,0.0,11537012.887123078,305.4839927710951,265.96209576973854,1307501437.3977716,0.0,0.009088760770315783
R1008_S+02,1008,2,299797200.0,0.0,11537012.887120329,305.4839927710951,265.96209576973797,1307501437.3977714,0.0,0.009088760770316113
R1008_S+02,1008,2,307686600.0,0.0,11537012.887119621,305.4839927710951,265.9620957697379,1307501437.3977716,0.0,0.009088760770316189
R1008_S+02,1008,2,315576000.0,0.0,11537012.887119357,305.4839927710951,265.9620957697379,1307501437.3977716,0.0,0.009088760770316218
R1008_S+03,1008,3,0.0,13.4528343282374,0.0,0.0,0.0,0.0,0.0,0.0
R1008_S+03,1008,3,7889400.0,13.4528343282374,10721152.224831264,94.881232030859,81.93625411535746,106134791.14919606,0.0,0.0007912014367649388
R1008_S+03,1008,3,15778800.0,13.4528343282374,12010863.311440885,135.97647086162098,115.14601556313262,212269582.29839188,0.0,0.0015719416366808206
R1008_S+03,1008,3,23668200.0,13.4528343282374,13261615.497849926,164.33420691968252,139.7404257113011,318404373.447588,0.0,0.0023397926794648206
R1008_S+03,1008,3,31557600.0,13.4528343282374,14476300.569010332,188.12921551493707,161.0432667706625,424539164.5967843,0.0,0.0030949006314873397
R1008_S+03,1008,3,39447000.0,13.4528343282374,15672256.193943575,208.2929451239928,178.72737962667404,530673955.74598,0.0,0.0038371919222658485
R1008_S+03,1008,3,47336400.0,7.035050247024625,10812567.138172723,213.13144260181542,185.90356413074286,586176281.1648557,0.0,0.004261936823473974
R1008_S+03,1008,3,55225800.0,7.035050247024625,11329456.657943044,227.64223180999633,195.18913065199928,641678606.5837315,0.0,0.00464601096235476
R1008_S+03,1008,3,63115200.0,7.035050247024625,11871128.019593272,231.94160881376646,200.51324624862966,697180932.0026073,0.0,0.005025904417397268
R1008_S+03,1008,3,71004600.0,7.035050247024625,12399349.004513387,235.84387266128616,208.28135144909606,752683257.421484,0.0,0.005403181962726721
R1008_S+03,1008,3,78894000.0,7.035050247024625,12926105.48006605,250.35369228819337,215.7192969480318,808185582.8403596,0.0,0.0057771779577856265
R1008_S+03,1008,3,86783400.0,3.4547143991935254,10269389.463899903,252.84246610485417,218.21262101657268,835441206.6213567,0.0,0.0059890426142749165
R1008_S+03,1008,3,94672800.0,3.4547143991935254,10487582.293947984,254.26388586733322,220.06840130023036,862696830.402354,0.0,0.006172875898110124
R1008_S+03,1008,3,102562200.0,3.4547143991935254,10713875.381475955,255.45964895300148,221.97902407211848,889952454.1833514,0.0,0.006355579443447222
R1008_S+03,1008,3,110451600.0,3.4547143991935254,10941237.054276496,256.5808089877209,224.01512418814616,917208077.9643486,0.0,0.006537464928201834
R1008_S+03,1008,3,118341000.0,3.4547143991935254,11169493.812548112,257.74852662504816,228.32500430835066,944463701.7453461,0.0,0.0067185467833073735
R1008_S+03,1008,3,126230400.0,2.711826784744101,10751453.62421114,258.655567308283,231.26123497733255,965858387.9809062,0.0,0.006867069745928532
R1008_S+03,1008,3,134119800.0,2.711826784744101,10920395.163078323,259.6055343908284,233.52291868836136,987253074.2164667,0.0,0.007008836400104749
R1008_S+03,1008,3,142009200.0,2.711826784744101,11092412.159602545,260.69604890735644,235.43873628217656,1008647760.4520265,0.0,0.007149940620405478
R1008_S+03,1008,3,149898600.0,2.711826784744101,11265628.948133267,266.40076930752844,237.12472096046918,1030042446.6875873,0.0,0.0072904921087284975
R1008_S+03,1008,3,157788000.0,2.711826784744101,11439259.557721518,270.66084991968484,238.6752289307045,1051437132.9231471,0.0,0.00743055679614313
R1008_S+03,1008,3,165677400.0,0.0,9345492.969917584,271.1967047457705,238.9377134136733,1051437132.923147,0.0,0.007457924692104947
R1008_S+03,1008,3,173566800.0,0.0,9323542.251893587,271.20613406742837,238.94421065478804,1051437132.9231471,0.0,0.00745981429726338
R1008_S+03,1008,3,181456200.0,0.0,9319722.46967062,271.20676879141473,238.94453414762873,1051437132.9231471,0.0,0.007460175949559339
R1008_S+03,1008,3,189345600.0,0.0,9318888.683899187,271.20681652709857,238.94449546047377,1051437132.9231471,0.0,0.007460259036842078
R1008_S+03,1008,3,197235000.0,0.0,9318713.619544752,271.20681966547886,238.94447492640836,1051437132.9231472,0.0,0.007460277008975893
R1008_S+03,1008,3,205124400.0,0.0,9318662.495067503,271.2068199760252,238.94446737029062,1051437132.9231471,0.0,0.0074602822976925385
R1008_S+03,1008,3,213013800.0,0.0,9318652.687438872,271.20681998882924,238.94446573139237,1051437132.9231471,0.0,0.0074602833216254934
R1008_S+03,1008,3,220903200.0,0.0,9318650.303036824,271.2068199897409,238.94446531869409,1051437132.9231472,0.0,0.00746028357094178
R1008_S+03,1008,3,228792600.0,0.0,9318649.74551681,271.2068199898027,238.94446522056307,1051437132.9231472,0.0,0.007460283629358953
R1008_S+03,1008,3,236682000.0,0.0,9318649.605198633,271.2068199898078,238.94446519574223,1051437132.923147,0.0,0.007460283644042026
R1008_S+03,1008,3,244571400.0,0.0,9318649.573509179,271.2068199898083,238.94446519010285,1051437132.923147,0.0,0.0074602836473684556
R1008_S+03,1008,3,252460800.0,0.0,9318649.564102855,271.2068199898083,238.94446518843299,1051437132.9231471,0.0,0.007460283648352242
R1008_S+03,1008,3,260350200.0,0.0,9318649.562264826,271.2068199898083,238.9444651881059,1051437132.9231471,0.0,0.007460283648544778
R1008_S+03,1008,3,268239600.0,0.0,9318649.561831784,271.2068199898083,238.94446518802877,1051437132.923147,0.0,0.007460283648590179
R1008_S+03,1008,3,276129000.0,0.0,9318649.561723892,271.2068199898083,238.9444651880096,1051437132.9231471,0.0,0.007460283648601476
R1008_S+03,1008,3,284018400.0,0.0,9318649.561699197,271.2068199898083,238.9444651880052,1051437132.923147,0.0,0.007460283648604069
R1008_S+03,1008,3,291907800.0,0.0,9318649.561692309,271.2068199898083,238.944465188004,1051437132.9231471,0.0,0.007460283648604788
R1008_S+03,1008,3,299797200.0,0.0,9318649.561690826,271.2068199898083,238.94446518800373,1051437132.923147,0.0,0.007460283648604944
R1008_S+03,1008,3,307686600.0,0.0,9318649.561690506,271.2068199898083,238.94446518800362,1051437132.9231471,0.0,0.007460283648604974
R1008_S+03,1008,3,315576000.0,0.0,9318649.561690424,271.2068199898083,238.94446518800362,1051437132.923147,0.0,0.007460283648604981
R1009_S+00,1009,0,0.0,0.5600507471512267,0.0,0.0,0.0,0.0,0.0,0.0
R1009_S+00,1009,0,7889400.0,0.5600507471512267,571810.7882539574,22.910249690541658,19.83311952011321,4418464.364574884,0.0,2.0505326056091694e-05
R1009_S+00,1009,0,15778800.0,0.5600507471512267,577573.5734257158,32.12964141217765,27.87671621106632,8836928.72914977,0.0,4.100984009350075e-05
R1009_S+00,1009,0,23668200.0,0.5600507471512267,591529.8014374655,39.446420616810904,34.14456958544686,13255393.093724657,0.0,6.150885130880917e-05
R1009_S+00,1009,0,31557600.0,0.5600507471512267,609884.0817337055,44.79981490724044,39.13017794379696,17673857.45829956,0.0,8.200072176291597e-05
R1009_S+00,1009,0,39447000.0,0.5600507471512267,629630.3803890664,49.945384760342456,43.661650603089136,22092321.822874434,0.0,0.00010248438300799545
R1009_S+00,1009,0,47336400.0,0.5093485866960157,602340.8609428201,54.82416438676696,47.50711282695198,26110776.56275399,0.0,0.00012113731415996687
R1009_S+00,1009,0,55225800.0,0.5093485866960157,621365.9424322974,57.982381874811246,51.1480126938761,30129231.302633546,0.0,0.00013975679316987456
R1009_S+00,1009,0,63115200.0,0.5093485866960157,641288.985440068,61.89714379832179,53.934218421044534,34147686.04251309,0.0,0.00015836867951201725
R1009_S+00,1009,0,71004600.0,0.5093485866960157,661374.6305570789,65.71477386565786,57.450374278197785,38166140.78239262,0.0,0.00017697336426918727
R1009_S+00,1009,0,78894000.0,0.5093485866960157,682036.9051982295,68.78341844403553,59.80831674933529,42184595.52227217,0.0,0.00019557002787467674
R1009_S+00,1009,0,86783400.0,0.5496048507480941,740399.981624797,71.2547841286656,63.34402090898288,46520648.03176418,0.0,0.0002155883267664548
R1009_S+00,1009,0,94672800.0,0.5496048507480941,763582.6318720318,75.88535005909031,65.8459911212185,50856700.54125618,0.0,0.00023563371592716064
R1009_S+00,1009,0,102562200.0,0.5496048507480941,786912.3883384466,77.56278450355512,68.74381599111,55192753.050748214,0.0,0.0002556693906862369
R1009_S+00,1009,0,110451600.0,0.5496048507480941,808905.429422807,81.76795537183767,71.5272309428135,59528805.56024024,0.0,0.00027569986334945
R1009_S+00,1009,0,118341000.0,0.5496048507480941,831824.4389694687,84.70272501615462,73.55691709179956,63864858.06973224,0.0,0.00029571888059844935
R1009_S+00,1009,0,126230400.0,0.6808195393074621,979058.2408955488,86.55453920824863,76.9506166340103,69236115.74314451,0.0,0.0003203209570030559
R1009_S+00,1009,0,134119800.0,0.6808195393074621,1009506.9147918057,91.49698945463439,79.95050504385921,74607373.41655682,0.0,0.00034507933287459945
R1009_S+00,1009,0,142009200.0,0.6808195393074621,1038914.6980383396,94.50178289506754,82.12543960218854,79978631.08996913,0.0,0.000369823960342733
R1009_S+00,1009,0,149898600.0,0.6808195393074621,1067886.0210841987,96.14242383734354,85.25509314681447,85349888.76338142,0.0,0.0003945559156252497
R1009_S+00,1009,0,157788000.0,0.6808195393074621,1095612.5169999376,99.51288218455576,88.16767017608862,90721146.4367937,0.0,0.0004192794802986354
R1009_S+00,1009,0,165677400.0,0.0,489328.24788494594,99.87596591980859,88.29910439817988,90721146.43679368,0.0,0.00042046691872344024
R1009_S+00,1009,0,173566800.0,0.0,479086.65808703564,99.88659953098647,88.30353743156132,90721146.43679368,0.0,0.0004205118432466174
R1009_S+00,1009,0,181456200.0,0.0,477520.4822792541,99.88784242484763,88.30414154358226,90721146.4367937,0.0,0.00042051878568222364
R1009_S+00,1009,0,189345600.0,0.0,477161.55082572624,99.88806362436743,88.30426730998602,90721146.4367937,0.0,0.00042052038796531056
R1009_S+00,1009,0,197235000.0,0.0,477101.8044423517,99.88808934056249,88.30428597643183,90721146.43679368,0.0,0.00042052065667114765
R1009_S+00,1009,0,205124400.0,0.0,477087.2995792441,99.8880940634622,88.30429018958475,90721146.43679368,0.0,0.00042052072218379125
R1009_S+00,1009,0,213013800.0,0.0,477083.90423870273,99.88809488534349,88.30429111522317,90721146.4367937,0.0,0.00042052073757241365
R1009_S+00,1009,0,220903200.0,0.0,477083.0286928527,99.88809504321397,88.3042913421342,90721146.43679368,0.0,0.00042052074155080337
R1009_S+00,1009,0,228792600.0,0.0,477082.8290396277,99.88809506957197,88.30429139173714,90721146.4367937,0.0,0.0004205207424599283
R1009_S+00,1009,0,236682000.0,0.0,477082.7632661518,99.88809507621416,88.30429140761508,90721146.43679368,0.0,0.00042052074275981445
R1009_S+00,1009,0,244571400.0,0.0,477082.75040668435,99.88809507705524,88.30429141061347,90721146.43679368,0.0,0.00042052074281853863
R1009_S+00,1009,0,252460800.0,0.0,477082.74776876345,99.88809507717083,88.30429141121485,90721146.4367937,0.0,0.00042052074283059713
R1009_S+00,1009,0,260350200.0,0.0,477082.74714397267,99.8880950771904,88.30429141135544,90721146.43679368,0.0,0.00042052074283345487
R1009_S+00,1009,0,268239600.0,0.0,477082.74695650116,99.88809507719449,88.30429141139717,90721146.4367937,0.0,0.00042052074283431274
R1009_S+00,1009,0,276129000.0,0.0,477082.7469176594,99.88809507719546,88.3042914114058,90721146.4367937,0.0,0.0004205207428344905
R1009_S+00,1009,0,284018400.0,0.0,477082.7469085939,99.88809507719546,88.30429141140786,90721146.43679368,0.0,0.0004205207428345321
R1009_S+00,1009,0,291907800.0,0.0,477082.74690560065,99.88809507719546,88.30429141140853,90721146.43679371,0.0,0.0004205207428345458
R1009_S+00,1009,0,299797200.0,0.0,477082.74690499716,99.88809507719546,88.30429141140861,90721146.43679371,0.0,0.00042052074283454856
R1009_S+00,1009,0,307686600.0,0.0,477082.74690485746,99.88809507719546,88.30429141140866,90721146.4367937,0.0,0.00042052074283454915
R1009_S+00,1009,0,315576000.0,0.0,477082.7469048295,99.88809507719546,88.30429141140868,90721146.4367937,0.0,0.00042052074283454926
R1009_S+01,1009,1,0.0,1.3538485566782235,0.0,0.0,0.0,0.0,0.0,0.0
R1009_S+01,1009,1,7889400.0,1.3538485566782235,1357249.0511749648,35.404829502309966,30.650458977146453,10681052.803057179,0.0,4.934743267784378e-05
R1009_S+01,1009,1,15778800.0,1.3538485566782235,1404263.4765826948,49.58277159775493,43.05350872201586,21362105.60611436,0.0,9.868727448675655e-05
R1009_S+01,1009,1,23668200.0,1.3538485566782235,1453429.6943250392,61.01341558783128,52.85373722503068,32043158.40917155,0.0,0.00014799501552093246
R1009_S+01,1009,1,31557600.0,1.3538485566782235,1506225.9868286625,69.34684227638681,60.99777361329322,42724211.2122287,0.0,0.00019725909108363364
R1009_S+01,1009,1,39447000.0,1.3538485566782235,1560204.0006282441,77.3741950783309,68.20164485777575,53405264.015285894,0.0,0.0002464777956693786
R1009_S+01,1009,1,47336400.0,2.560059245439912,2885060.6201889887,92.28622664846324,80.11574422017272,73602595.42625955,0.0,0.00033765080914489106
R1009_S+01,1009,1,55225800.0,2.560059245439912,3009783.50866371,104.18344180622465,90.3015454864763,93799926.83723319,0.0,0.00042995673345954614
R1009_S+01,1009,1,63115200.0,2.560059245439912,3122185.029559724,114.82883844116442,99.67949973547996,113997258.2482068,0.0,0.0005221283534079695
R1009_S+01,1009,1,71004600.0,2.560059245439912,3234755.9498581365,121.26377953541643,108.22153542383546,134194589.6591804,0.0,0.0006141246791448999
R1009_S+01,1009,1,78894000.0,2.560059245439912,3346205.8206717074,131.8366635672235,114.89040208365273,154391921.07015395,0.0,0.0007059528576927187
R1009_S+01,1009,1,86783400.0,3.6452078724740686,4660074.269616298,144.6571938909184,125.50686376128863,183150424.0592509,0.0,0.0008330937895483085
R1009_S+01,1009,1,94672800.0,3.6452078724740686,4843841.161152061,153.89923658934134,135.55011357948382,211908927.048348,0.0,0.0009626293478423185
R1009_S+01,1009,1,102562200.0,3.6452078724740686,5012140.383100711,163.78250731556182,143.10222376643898,240667430.0374449,0.0,0.0010919012083684327
R1009_S+01,1009,1,110451600.0,3.6452078724740686,5174153.252857879,174.81104034427943,152.59234557925421,269425933.0265418,0.0,0.0012208794817042544
R1009_S+01,1009,1,118341000.0,3.6452078724740686,5340749.304545604,182.18643708620903,158.80017158398405,298184436.0156385,0.0,0.0013494411565845726
R1009_S+01,1009,1,126230400.0,4.609294437780694,6617855.348584328,193.7035111326431,169.58575697728858,334549003.5530651,0.0,0.001506943706215385
R1009_S+01,1009,1,134119800.0,4.609294437780694,6852881.729049191,202.72121535469427,176.4837473646255,370913571.0904922,0.0,0.0016677996918148552
R1009_S+01,1009,1,142009200.0,4.609294437780694,7065898.334199771,210.45729436576386,186.99238337361882,407278138.6279193,0.0,0.0018283648855870512
R1009_S+01,1009,1,149898600.0,4.609294437780694,7276183.485850979,223.08202073967612,193.8457243945478,443642706.1653459,0.0,0.001988387153148982
R1009_S+01,1009,1,157788000.0,4.609294437780694,7489919.725686494,228.02042828246664,202.0022387424406,480007273.7027739,0.0,0.0021477763935182125
R1009_S+01,1009,1,165677400.0,0.0,2674682.4310560673,228.88974537395876,203.79810159204825,480007273.7027738,0.0,0.0021755279533458853
R1009_S+01,1009,1,173566800.0,0.0,2557599.7557813004,228.95872270267452,203.93983191966126,480007273.70277387,0.0,0.0021780184175664197
R1009_S+01,1009,1,181456200.0,0.0,2530871.700929757,228.97248843450467,203.96987272103863,480007273.70277387,0.0,0.0021785936272844006
R1009_S+01,1009,1,189345600.0,0.0,2523787.4246096276,228.9755954408403,203.97720613215986,480007273.70277387,0.0,0.0021787471585756747
R1009_S+01,1009,1,197235000.0,0.0,2522103.6947109066,228.97620704217172,203.97879890505644,480007273.7027738,0.0,0.0021787838644834216
R1009_S+01,1009,1,205124400.0,0.0,2521509.2163586877,228.9763896678776,203.97932112418474,480007273.7027738,0.0,0.0021787968761792873
R1009_S+01,1009,1,213013800.0,0.0,2521389.392647244,228.97641720371385,203.9794149994644,480007273.7027739,0.0,0.002178799513704108
R1009_S+01,1009,1,220903200.0,0.0,2521359.2197212465,228.97642269434374,203.97943682955778,480007273.7027738,0.0,0.0021788001802934454
R1009_S+01,1009,1,228792600.0,0.0,2521348.994651843,228.9764242053374,203.97944378071202,480007273.7027739,0.0,0.002178800406718306
R1009_S+01,1009,1,236682000.0,0.0,2521346.6578431167,228.97642446255674,203.97944525522206,480007273.70277387,0.0,0.0021788004586203343
R1009_S+01,1009,1,244571400.0,0.0,2521345.9481057078,228.97642452392387,203.97944568085884,480007273.70277387,0.0,0.002178800474411115
R1009_S+01,1009,1,252460800.0,0.0,2521345.7473839484,228.97642453698904,203.97944579544023,480007273.7027739,0.0,0.0021788004788839176
R1009_S+01,1009,1,260350200.0,0.0,2521345.7052849196,228.97642453887673,203.97944581829566,480007273.70277387,0.0,0.0021788004798236125
R1009_S+01,1009,1,268239600.0,0.0,2521345.6940683424,228.9764245392466,203.97944582419518,480007273.70277387,0.0,0.002178800480074209
R1009_S+01,1009,1,276129000.0,0.0,2521345.691351775,228.97642453930985,203.97944582558515,480007273.70277387,0.0,0.0021788004801349477
R1009_S+01,1009,1,284018400.0,0.0,2521345.690760713,228.97642453931945,203.97944582588119,480007273.7027738,0.0,0.002178800480148172
R1009_S+01,1009,1,291907800.0,0.0,2521345.690603815,228.97642453932139,203.97944582595898,480007273.70277387,0.0,0.0021788004801516843
R1009_S+01,1009,1,299797200.0,0.0,2521345.6905503087,228.97642453932193,203.979445825985,480007273.70277387,0.0,0.0021788004801528813
R1009_S+01,1009,1,307686600.0,0.0,2521345.690537628,228.976424539322,203.97944582599126,480007273.7027738,0.0,0.0021788004801531658
R1009_S+01,1009,1,315576000.0,0.0,2521345.690534126,228.976424539322,203.97944582599294,480007273.7027738,0.0,0.0021788004801532443
R1009_S+02,1009,2,0.0,5.156131530749845,0.0,0.0,0.0,0.0,0.0,0.0
R1009_S+02,1009,2,7889400.0,5.156131530749845,5642528.054401066,68.58692564538173,59.61440364619942,40678784.09869781,0.0,0.00018451812412968634
R1009_S+02,1009,2,15778800.0,5.156131530749845,5897927.365059484,95.99937919112017,84.6630016704755,81357568.19739565,0.0,0.00036889625419231543
R1009_S+02,1009,2,23668200.0,5.156131530749845,6121666.184862409,118.25238642540278,103.00917561081963,122036352.2960934,0.0,0.0005528565285722011
R1009_S+02,1009,2,31557600.0,5.156131530749845,6350569.036689445,134.3244001459083,119.83681719905738,162715136.39479136,0.0,0.0007362295623920745
R1009_S+02,1009,2,39447000.0,5.156131530749845,6581088.619008303,149.84254703246012,133.8213139113278,203393920.49348915,0.0,0.0009189798610715449
R1009_S+02,1009,2,47336400.0,3.0248991860937475,4336954.837388825,162.21030559607027,140.92414084666538,227258560.13225707,0.0,0.0010335587808361446
R1009_S+02,1009,2,55225800.0,3.0248991860937475,4431858.215729024,166.63551602278363,148.77241606714114,251123199.77102518,0.0,0.0011411802923728947
R1009_S+02,1009,2,63115200.0,3.0248991860937475,4554581.201555945,178.52043718058005,154.9954610690293,274987839.40979314,0.0,0.00124834758147477
R1009_S+02,1009,2,71004600.0,3.0248991860937475,4687181.384680375,182.9788698498181,160.85306027943008,298852479.0485611,0.0,0.001355174214402105
R1009_S+02,1009,2,78894000.0,3.0248991860937475,4816953.183047611,189.4512644949653,167.92371736287066,322717118.6873292,0.0,0.001461803225814651
R1009_S+02,1009,2,86783400.0,1.7974485491960943,3607543.9652708136,196.851025021077,171.38755934679298,336897909.2713568,0.0,0.0015310178251785917
R1009_S+02,1009,2,94672800.0,1.7974485491960943,3659580.154412672,200.2020722892424,173.9951363832906,351078699.8553846,0.0,0.001594671829865452
R1009_S+02,1009,2,102562200.0,1.7974485491960943,3732334.7439959683,202.4130187525011,176.26318699581014,365259490.4394122,0.0,0.001657966193769662
R1009_S+02,1009,2,110451600.0,1.7974485491960943,3807452.857023377,204.28651787230584,180.69321331744345,379440281.02344,0.0,0.0017211455066638167
R1009_S+02,1009,2,118341000.0,1.7974485491960943,3882101.510163255,206.2255308533687,184.56476983718704,393621071.60746765,0.0,0.0017842504976578045
R1009_S+02,1009,2,126230400.0,1.4737796200568862,3613700.304172676,209.61128202013364,187.29167400617416,405248308.5419445,0.0,0.001837739170923865
R1009_S+02,1009,2,134119800.0,1.4737796200568862,3667803.0761127025,215.67323317491173,189.5577312473762,416875545.4764213,0.0,0.001889503687095077
R1009_S+02,1009,2,142009200.0,1.4737796200568862,3728329.680545222,219.43275171841296,191.54477262834575,428502782.4108981,0.0,0.001941105565537577
R1009_S+02,1009,2,149898600.0,1.4737796200568862,3789854.317312274,221.96642976042182,193.33652852496655,440130019.3453748,0.0,0.001992631402821485
R1009_S+02,1009,2,157788000.0,1.4737796200568862,3851544.729553826,223.82994683013848,195.01112205853713,451757256.2798515,0.0,0.0020440948257452432
R1009_S+02,1009,2,165677400.0,0.0,2422192.108715795,224.11486558682822,195.31158921859247,451757256.27985156,0.0,0.0020527164840155048
R1009_S+02,1009,2,173566800.0,0.0,2383611.3276388496,224.13621003761975,195.3364242676248,451757256.2798515,0.0,0.0020535003874951915
R1009_S+02,1009,2,181456200.0,0.0,2374669.4799133763,224.14043933308503,195.3417582660687,451757256.2798515,0.0,0.0020536845571243845
R1009_S+02,1009,2,189345600.0,0.0,2372396.6515719295,224.14133150354098,195.34299956169681,451757256.2798515,0.0,0.0020537317983738423
R1009_S+02,1009,2,197235000.0,0.0,2371823.485704791,224.14151378134255,195.34328504457673,451757256.27985156,0.0,0.0020537438016014872
R1009_S+02,1009,2,205124400.0,0.0,2371666.441776719,224.14155385820754,195.34335676078507,451757256.27985156,0.0,0.002053747110285375
R1009_S+02,1009,2,213013800.0,0.0,2371626.896648269,224.14156180036352,195.34337337753337,451757256.2798515,0.0,0.0020537479479614392
R1009_S+02,1009,2,220903200.0,0.0,2371614.0488084406,224.1415638638947,195.34337842249607,451757256.27985156,0.0,0.0020537482211324147
R1009_S+02,1009,2,228792600.0,0.0,2371611.129522469,224.1415642068847,195.34337948124087,451757256.2798515,0.0,0.002053748283470058
R1009_S+02,1009,2,236682000.0,0.0,2371610.3584632277,224.14156427615438,195.34337974573927,451757256.27985156,0.0,0.002053748299982659
R1009_S+02,1009,2,244571400.0,0.0,2371610.1295341775,224.14156429205343,195.34337982087888,451757256.27985156,0.0,0.0020537483048949996
R1009_S+02,1009,2,252460800.0,0.0,2371610.0611847676,224.14156429563562,195.3433798424477,451757256.27985156,0.0,0.0020537483063639652
R1009_S+02,1009,2,260350200.0,0.0,2371610.047582481,224.1415642961112,195.34337984656034,451757256.27985156,0.0,0.002053748306656895
R1009_S+02,1009,2,268239600.0,0.0,2371610.0438586473,224.14156429620903,195.34337984766086,451757256.27985156,0.0,0.002053748306737171
R1009_S+02,1009,2,276129000.0,0.0,2371610.0427844264,224.1415642962303,195.34337984797264,451757256.27985156,0.0,0.002053748306760342
R1009_S+02,1009,2,284018400.0,0.0,2371610.0424973406,224.14156429623458,195.34337984805478,451757256.27985156,0.0,0.002053748306766539
R1009_S+02,1009,2,291907800.0,0.0,2371610.042405408,224.14156429623557,195.34337984808087,451757256.27985156,0.0,0.002053748306768525
R1009_S+02,1009,2,299797200.0,0.0,2371610.0423817,224.14156429623583,195.34337984808744,451757256.27985156,0.0,0.0020537483067690375
R1009_S+02,1009,2,307686600.0,0.0,2371610.0423761047,224.14156429623583,195.34337984808897,451757256.27985156,0.0,0.002053748306769158
R1009_S+02,1009,2,315576000.0,0.0,2371610.042374585,224.14156429623583,195.34337984808937,451757256.27985156,0.0,0.002053748306769191
R1009_S+03,1009,3,0.0,6.342611641251639,0.0,0.0,0.0,0.0,0.0,0.0
R1009_S+03,1009,3,7889400.0,6.342611641251639,7104513.547676563,76.2153612907292,66.21124908871215,50039400.282490656,0.0,0.0002258007569164228
R1009_S+03,1009,3,15778800.0,6.342611641251639,7431846.268139716,106.68868564137482,93.80551232777337,100078800.5649813,0.0,0.0004513941321874379
R1009_S+03,1009,3,23668200.0,6.342611641251639,7715942.6660286635,131.40267281265204,114.32729672825252,150118200.84747207,0.0,0.0006763665078101418
R1009_S+03,1009,3,31557600.0,6.342611641251639,8005525.739419069,149.18652782010872,132.8655732983296,200157601.12996268,0.0,0.0009004570807245783
R1009_S+03,1009,3,39447000.0,6.342611641251639,8295742.793260727,166.39503802916187,148.35716628095167,250197001.41245335,0.0,0.0011236250835656152
R1009_S+03,1009,3,47336400.0,4.833943611825725,6744620.243541978,181.66560681637694,158.08324514536795,288333916.1435913,0.0,0.0012995214839722894
R1009_S+03,1009,3,55225800.0,4.833943611825725,6930766.666995339,193.60690402579888,169.38934553341417,326470830.87472916,0.0,0.0014693594479879587
R1009_S+03,1009,3,63115200.0,4.833943611825725,7144500.647227399,202.9550244866585,177.03893534848046,364607745.6058668,0.0,0.0016383245697007354
R1009_S+03,1009,3,71004600.0,4.833943611825725,7359959.192846358,212.6233451933389,187.5793332572716,402744660.33700466,0.0,0.0018066940978079247
R1009_S+03,1009,3,78894000.0,4.833943611825725,7576408.684537817,223.91985979562432,194.63351885545845,440881575.0681421,0.0,0.001974449547684704
R1009_S+03,1009,3,86783400.0,4.356594652131838,7229668.968807392,228.4884417811357,202.8389745830215,475252492.9166711,0.0,0.0021279746645239423
R1009_S+03,1009,3,94672800.0,4.356594652131838,7408202.954400774,239.31319311840835,210.20975607565748,509623410.76519996,0.0,0.002278582760804271
R1009_S+03,1009,3,102562200.0,4.356594652131838,7600173.947965693,248.16899511387066,215.73894595859986,543994328.6137291,0.0,0.00242845432424394
R1009_S+03,1009,3,110451600.0,4.356594652131838,7796369.8411724195,252.48238483684514,221.67052426632034,578365246.4622581,0.0,0.0025777451163289623
R1009_S+03,1009,3,118341000.0,4.356594652131838,7988956.332756221,256.3848258072277,229.61154089469528,612736164.3107873,0.0,0.0027266391159224634
R1009_S+03,1009,3,126230400.0,4.910564762169977,8840581.845518809,269.86920144622695,236.05949170864972,651477573.9454514,0.0,0.0028898088534214934
R1009_S+03,1009,3,134119800.0,4.910564762169977,9078190.47632993,277.2174655601975,241.20265817436598,690218983.5801159,0.0,0.003055826159304006
R1009_S+03,1009,3,142009200.0,4.910564762169977,9303412.386247698,281.3923112914338,247.68106199009554,728960393.2147799,0.0,0.003221490584238197
R1009_S+03,1009,3,149898600.0,4.910564762169977,9521742.193012252,285.27601730931144,255.70594804741253,767701802.8494422,0.0,0.0033867276417311612
R1009_S+03,1009,3,157788000.0,4.910564762169977,9736166.167705357,297.16609237210525,261.71901630646516,806443212.4841063,0.0,0.0035514625542213954
R1009_S+03,1009,3,165677400.0,0.0,4423844.314831872,300.12141312088386,263.1006451249637,806443212.4841063,0.0,0.0035915685022671865
R1009_S+03,1009,3,173566800.0,0.0,4269985.6931111775,300.4159892281797,263.2610978374998,806443212.4841063,0.0,0.003596768488366056
R1009_S+03,1009,3,181456200.0,0.0,4230253.565687943,300.4823351102541,263.2999363030371,806443212.4841063,0.0,0.0035981303801041593
R1009_S+03,1009,3,189345600.0,0.0,4218821.9176482,300.49879183812504,263.31033086253734,806443212.4841063,0.0,0.0035985255662216668
R1009_S+03,1009,3,197235000.0,0.0,4215752.156525537,300.5025257369266,263.31291164206243,806443212.4841063,0.0,0.003598632433833389
R1009_S+03,1009,3,205124400.0,0.0,4214703.84696126,300.50360986427256,263.31373312021924,806443212.4841063,0.0,0.0035986691207700347
R1009_S+03,1009,3,213013800.0,0.0,4214444.466956478,300.5038228968982,263.31391879173475,806443212.4841063,0.0,0.003598678254367714
R1009_S+03,1009,3,220903200.0,0.0,4214372.4403575435,300.50387108970614,263.3139668028609,806443212.4841063,0.0,0.0035986808023391456
R1009_S+03,1009,3,228792600.0,0.0,4214346.586950459,300.5038854380881,263.3139830650944,806443212.4841063,0.0,0.003598681719783023
R1009_S+03,1009,3,236682000.0,0.0,4214340.011704974,300.50388824490915,263.3139869207716,806443212.4841063,0.0,0.0035986819540274927
R1009_S+03,1009,3,244571400.0,0.0,4214338.032433972,300.5038889183445,263.31398802335923,806443212.4841063,0.0,0.0035986820247235034
R1009_S+03,1009,3,252460800.0,0.0,4214337.431462999,300.50388908056186,263.3139883436261,806443212.4841063,0.0,0.003598682046234921
R1009_S+03,1009,3,260350200.0,0.0,4214337.249276176,300.50388911939166,263.3139884371109,806443212.4841063,0.0,0.003598682052767713
R1009_S+03,1009,3,268239600.0,0.0,4214337.19334624,300.5038891287814,263.3139884649141,806443212.4841063,0.0,0.0035986820547760302
R1009_S+03,1009,3,276129000.0,0.0,4214337.176378418,300.5038891310158,263.31398847312835,806443212.4841063,0.0,0.0035986820553860323
R1009_S+03,1009,3,284018400.0,0.0,4214337.171095803,300.5038891315616,263.31398847563077,806443212.4841063,0.0,0.0035986820555761064
R1009_S+03,1009,3,291907800.0,0.0,4214337.169508424,300.50388913168985,263.3139884763694,806443212.4841063,0.0,0.00359868205563327
R1009_S+03,1009,3,299797200.0,0.0,4214337.169000257,300.5038891317221,263.31398847660245,806443212.4841063,0.0,0.0035986820556515777
R1009_S+03,1009,3,307686600.0,0.0,4214337.168852583,300.50388913172935,263.3139884766695,806443212.4841063,0.0,0.0035986820556569037
R1009_S+03,1009,3,315576000.0,0.0,4214337.168797962,300.50388913173157,263.3139884766941,806443212.4841063,0.0,0.003598682055658873
R1010_S+00,1010,0,0.0,3.3285152655871357,0.0,0.0,0.0,0.0,0.0,0.0
R1010_S+00,1010,0,7889400.0,3.3285152655871357,5176942.011661649,123.79900721677073,107.05774198976164,26259988.336323146,0.0,0.0002639005277606242
R1010_S+00,1010,0,15778800.0,3.3285152655871357,5542836.680924475,173.5846113149107,150.30988971851824,52519976.67264629,0.0,0.0005267370548058495
R1010_S+00,1010,0,23668200.0,3.3285152655871357,5941805.022778615,212.84932403246142,183.9456750650366,78779965.00896938,0.0,0.0007878644742227495
R1010_S+00,1010,0,31557600.0,3.3285152655871357,6358516.201658592,242.09940002038803,209.73262933340732,105039953.34529242,0.0,0.0010471351679868697
R1010_S+00,1010,0,39447000.0,3.3285152655871357,6780281.976783849,269.4452806376263,233.32568954822196,131299941.68161544,0.0,0.0013045615512277376
R1010_S+00,1010,0,47336400.0,2.697759680161755,6205837.680962689,290.94240511772693,252.3198392765486,152583646.9022836,0.0,0.0015167374140324361
R1010_S+00,1010,0,55225800.0,2.697759680161755,6534663.29368531,304.1892941893642,265.89794055721484,173867352.12295178,0.0,0.0017235448064380435
R1010_S+00,1010,0,63115200.0,2.697759680161755,6866166.914925307,324.6568406843061,281.8907504110022,195151057.34361967,0.0,0.001929165602360999
R1010_S+00,1010,0,71004600.0,2.697759680161755,7199799.326959193,336.8609089532377,292.40015629359795,216434762.56428778,0.0,0.0021335971149788724
R1010_S+00,1010,0,78894000.0,2.697759680161755,7527549.542253412,346.90981771050417,308.26252152178176,237718467.78495604,0.0,0.0023369994360957235
R1010_S+00,1010,0,86783400.0,1.912547398057251,6652164.370997261,363.73713648174805,316.0496606400094,252807319.22718906,0.0,0.0024890631231970074
R1010_S+00,1010,0,94672800.0,1.912547398057251,6855959.927617963,371.22974935498974,322.10505006060833,267896170.6694221,0.0,0.0026330523788582615
R1010_S+00,1010,0,102562200.0,1.912547398057251,7070152.077792011,376.449899499685,328.3169037013555,282985022.11165494,0.0,0.0027762849248719125
R1010_S+00,1010,0,110451600.0,1.912547398057251,7284911.127833728,381.28713112915227,338.43372544878383,298073873.55388767,0.0,0.0029189826109529706
R1010_S+00,1010,0,118341000.0,1.912547398057251,7498969.104084887,387.99895361732075,345.8238117616322,313162724.99612033,0.0,0.0030611795211105694
R1010_S+00,1010,0,126230400.0,0.9728784192736251,6312208.844928455,395.4084893348222,348.76711180657895,320838151.99713767,0.0,0.003145456817848267
R1010_S+00,1010,0,134119800.0,0.9728784192736251,6381652.173013002,399.6646294667497,350.8890229270691,328513578.998155,0.0,0.0032189589464709564
R1010_S+00,1010,0,142009200.0,0.9728784192736251,6466688.851893023,403.1995219031664,352.9385028101108,336189005.9991722,0.0,0.003291870940518661
R1010_S+00,1010,0,149898600.0,0.9728784192736251,6554004.6521984115,406.2126488952725,354.9619979613961,343864433.0001894,0.0,0.003364592658572033
R1010_S+00,1010,0,157788000.0,0.9728784192736251,6642264.740829434,408.81786442347243,356.97490258371005,351539860.00120664,0.0,0.0034371605039239133
R1010_S+00,1010,0,165677400.0,0.0,5397621.670102309,409.2051606065134,357.320007297764,351539860.00120664,0.0,0.003452572688200256
R1010_S+00,1010,0,173566800.0,0.0,5351057.780902542,409.2199081298812,357.32903039700653,351539860.00120664,0.0,0.00345491647992512
R1010_S+00,1010,0,181456200.0,0.0,5335554.024596043,409.22153533482975,357.3268181262751,351539860.00120664,0.0,0.0034557812848654214
R1010_S+00,1010,0,189345600.0,0.0,5327161.901349463,409.2218457505806,357.3244255711126,351539860.00120664,0.0,0.003456272429052217
R1010_S+00,1010,0,197235000.0,0.0,5323303.14714906,409.22186748856456,357.3229559664637,351539860.0012067,0.0,0.003456510146758454
R1010_S+00,1010,0,205124400.0,0.0,5321059.714437123,409.2218701305544,357.32203992942846,351539860.0012067,0.0,0.003456652235979289
R1010_S+00,1010,0,213013800.0,0.0,5319677.047957569,409.2218704393028,357.32145656317175,351539860.0012067,0.0,0.0034567416699960805
R1010_S+00,1010,0,220903200.0,0.0,5318756.401937243,409.2218704780327,357.3210620180183,351539860.00120664,0.0,0.0034568019753010415
R1010_S+00,1010,0,228792600.0,0.0,5318146.107696012,409.2218704824427,357.3207975071407,351539860.0012067,0.0,0.003456842373000033
R1010_S+00,1010,0,236682000.0,0.0,5317700.300448377,409.2218704830874,357.32060347952165,351539860.0012067,0.0,0.0034568720006908295
R1010_S+00,1010,0,244571400.0,0.0,5317387.075232655,409.22187048314606,357.3204667002951,351539860.0012067,0.0,0.003456892885494026
R1010_S+00,1010,0,252460800.0,0.0,5317171.169174176,409.2218704831511,357.3203722433497,351539860.0012067,0.0,0.0034569073079515375
R1010_S+00,1010,0,260350200.0,0.0,5317022.647993915,409.2218704831519,357.3203070661022,351539860.0012067,0.0,0.0034569172597260314
R1010_S+00,1010,0,268239600.0,0.0,5316908.847903598,409.22187048315214,357.32025716024305,351539860.0012067,0.0,0.0034569248797416906
R1010_S+00,1010,0,276129000.0,0.0,5316825.899478029,409.2218704831522,357.3202207965719,351539860.00120664,0.0,0.0034569304320297423
R1010_S+00,1010,0,284018400.0,0.0,5316768.8777931705,409.2218704831522,357.3201957785111,351539860.00120664,0.0,0.0034569342519816717
R1010_S+00,1010,0,291907800.0,0.0,5316728.351345509,409.2218704831522,357.3201779932832,351539860.00120664,0.0,0.0034569369675684454
R1010_S+00,1010,0,299797200.0,0.0,5316699.23971688,409.2218704831522,357.32016522277996,351539860.00120664,0.0,0.0034569389174681116
R1010_S+00,1010,0,307686600.0,0.0,5316678.952395439,409.2218704831522,357.3201563218336,351539860.00120664,0.0,0.003456940276533745
R1010_S+00,1010,0,315576000.0,0.0,5316664.679009818,409.2218704831522,357.3201500517753,351539860.0012067,0.0,0.0034569412338949623
R1010_S+01,1010,1,0.0,2.212972066517731,0.0,0.0,0.0,0.0,0.0,0.0
R1010_S+01,1010,1,7889400.0,2.212972066517731,3382651.9361928403,100.40040684830025,86.96177044119845,17459021.821584985,0.0,0.00017696991107594694
R1010_S+01,1010,1,15778800.0,2.212972066517731,3615210.411320977,140.73857853750752,122.48687559404924,34918043.643169984,0.0,0.00035345711988066844
R1010_S+01,1010,1,23668200.0,2.212972066517731,3873065.6080982983,172.9210440311974,149.5444613660689,52377065.46475501,0.0,0.0005291623551196561
R1010_S+01,1010,1,31557600.0,2.212972066517731,4142242.560795732,196.37936632024696,171.60710059844516,69836087.28634,0.0,0.0007040277235579616
R1010_S+01,1010,1,39447000.0,2.212972066517731,4416574.788719296,218.59490782554505,190.42118594671462,87295109.10792509,0.0,0.0008780412323537951
R1010_S+01,1010,1,47336400.0,1.5496099220438058,3691369.3506482467,235.65013077656477,203.82784645993095,99520601.62689748,0.0,0.0010031774292664864
R1010_S+01,1010,1,55225800.0,1.5496099220438058,3871820.195904009,244.21917318456903,213.45900299333624,111746094.14586994,0.0,0.0011246126665436175
R1010_S+01,1010,1,63115200.0,1.5496099220438058,4056739.916185215,258.71484693777035,225.05734471204192,123971586.66484231,0.0,0.0012456152529759538
R1010_S+01,1010,1,71004600.0,1.5496099220438058,4243747.165264148,268.64115087383806,232.79053409531664,136197079.18381467,0.0,0.0013661977691887441
R1010_S+01,1010,1,78894000.0,1.5496099220438058,4427485.950868063,274.9973290275831,243.48654136848756,148422571.70278704,0.0,0.0014864279405600355
R1010_S+01,1010,1,86783400.0,0.8368484396553221,3578071.6819903255,280.54018562666835,248.28977371079677,155024803.78260374,0.0,0.0015569041121764183
R1010_S+01,1010,1,94672800.0,0.8368484396553221,3656048.5846229456,288.32450667001694,251.7726136972167,161627035.8624204,0.0,0.0016220981428084749
R1010_S+01,1010,1,102562200.0,0.8368484396553221,3742208.0202773213,293.26403771125933,254.8926807184069,168229267.94223708,0.0,0.0016870696261689633
R1010_S+01,1010,1,110451600.0,0.8368484396553221,3829452.6733754724,296.7511376457794,257.85367603344014,174831500.0220538,0.0,0.0017519217160748412
R1010_S+01,1010,1,118341000.0,0.8368484396553221,3916577.15794006,299.49432957257375,260.75412899597677,181433732.10187054,0.0,0.0018166751520118003
R1010_S+01,1010,1,126230400.0,0.07468761935228084,2087570.6581837982,299.7651786477947,261.04881618055344,182022972.60598844,0.0,0.0018299821580982374
R1010_S+01,1010,1,134119800.0,0.07468761935228084,2000056.3469942808,299.7678048776522,261.00156692610926,182612213.1101063,0.0,0.001836394341885672
R1010_S+01,1010,1,142009200.0,0.07468761935228084,1980374.3470416144,299.76785788769945,260.9504727750251,183201453.61422417,0.0,0.0018424701703474468
R1010_S+01,1010,1,149898600.0,0.07468761935228084,1980712.2107488587,299.7678591777777,260.89978849387273,183790694.11834207,0.0,0.001848465655412083
R1010_S+01,1010,1,157788000.0,0.07468761935228084,1988467.534152992,299.76785921119733,260.84934741652773,184379934.62245995,0.0,0.0018544307585496719
R1010_S+01,1010,1,165677400.0,0.0,2822397.4916717224,299.76785921208705,260.8398525414254,184379934.62245995,0.0,0.0018555535988918827
R1010_S+01,1010,1,173566800.0,0.0,2815061.0310772397,299.7678592121294,260.83807071727284,184379934.62245995,0.0,0.0018557643124336195
R1010_S+01,1010,1,181456200.0,0.0,2812107.3863914125,299.767859212132,260.83732974762734,184379934.62245995,0.0,0.001855851937285504
R1010_S+01,1010,1,189345600.0,0.0,2810692.1353695095,299.76785921213207,260.836964061719,184379934.62245995,0.0,0.0018558951821870053
R1010_S+01,1010,1,197235000.0,0.0,2809861.647338379,299.76785921213207,260.83674523302096,184379934.62245995,0.0,0.0018559210602002863
R1010_S+01,1010,1,205124400.0,0.0,2809317.4884711355,299.76785921213207,260.83660025235355,184379934.62245995,0.0,0.0018559382051707804
R1010_S+01,1010,1,213013800.0,0.0,2808971.201891117,299.76785921213207,260.8365070461068,184379934.62245995,0.0,0.0018559492274565154
R1010_S+01,1010,1,220903200.0,0.0,2808707.9901235737,299.76785921213207,260.83643607725924,184379934.62245995,0.0,0.0018559576200154102
R1010_S+01,1010,1,228792600.0,0.0,2808533.898683004,299.76785921213207,260.83638892600715,184379934.62245995,0.0,0.001855963195978295
R1010_S+01,1010,1,236682000.0,0.0,2808409.7349175774,299.76785921213207,260.8363552712159,184379934.62245995,0.0,0.0018559671758910116
R1010_S+01,1010,1,244571400.0,0.0,2808324.162278563,299.76785921213207,260.8363320304714,184379934.62245995,0.0,0.0018559699242703983
R1010_S+01,1010,1,252460800.0,0.0,2808260.171209246,299.76785921213207,260.83631465962685,184379934.62245995,0.0,0.0018559719784933472
R1010_S+01,1010,1,260350200.0,0.0,2808215.6132066958,299.76785921213207,260.83630255642754,184379934.62245995,0.0,0.0018559734097806917
R1010_S+01,1010,1,268239600.0,0.0,2808183.2757834084,299.76785921213207,260.83629377837235,184379934.62245995,0.0,0.001855974447846653
R1010_S+01,1010,1,276129000.0,0.0,2808161.2873391993,299.76785921213207,260.83628780697273,184379934.62245995,0.0,0.0018559751540061114
R1010_S+01,1010,1,284018400.0,0.0,2808145.924473159,299.76785921213207,260.836283631239,184379934.62245995,0.0,0.0018559756478156177
R1010_S+01,1010,1,291907800.0,0.0,2808134.766402025,299.76785921213207,260.8362805989124,184379934.62245995,0.0,0.0018559760064092864
R1010_S+01,1010,1,299797200.0,0.0,2808126.4747665115,299.76785921213207,260.8362783481991,184379934.62245995,0.0,0.0018559762725717619
R1010_S+01,1010,1,307686600.0,0.0,2808120.9063825347,299.76785921213207,260.8362768357848,184379934.62245995,0.0,0.001855976451425233
R1010_S+01,1010,1,315576000.0,0.0,2808117.002552487,299.76785921213207,260.8362757747255,184379934.62245995,0.0,0.0018559765769028728
R1010_S+02,1010,2,0.0,2.2694825593003065,0.0,0.0,0.0,0.0,0.0,0.0
R1010_S+02,1010,2,7889400.0,2.2694825593003065,3471941.985243529,101.1708508319762,88.08997802929609,17904855.70334384,0.0,0.0001814071173774917
R1010_S+02,1010,2,15778800.0,2.2694825593003065,3710626.8493960313,141.87224607868606,124.55035897044438,35809711.40668768,0.0,0.0003623089709310521
R1010_S+02,1010,2,23668200.0,2.2694825593003065,3976056.217813432,174.2772328227972,150.94257289708042,53714567.11003157,0.0,0.000542385638527374
R1010_S+02,1010,2,31557600.0,2.2694825593003065,4251879.039884031,198.01377912988713,174.4527404607502,71619422.81337541,0.0,0.0007215873732329866
R1010_S+02,1010,2,39447000.0,2.2694825593003065,4533548.645252947,220.354271510367,193.7579033498411,89524278.51671919,0.0,0.0008998915500275048
R1010_S+02,1010,2,47336400.0,2.2069942901363326,4721768.786345098,241.8465264082778,209.45724422095685,106936139.26932082,0.0,0.0010728056477367453
R1010_S+02,1010,2,55225800.0,2.2069942901363326,4994316.970430054,261.467404756925,226.51527743278058,124348000.02192225,0.0,0.0012446094799853501
R1010_S+02,1010,2,63115200.0,2.2069942901363326,5269298.989461862,273.16856791694033,239.5426739299014,141759860.77452382,0.0,0.0014155703276159393
R1010_S+02,1010,2,71004600.0,2.2069942901363326,5542104.501578927,292.53503122841107,253.54114350256177,159171721.52712554,0.0,0.0015857468054527768
R1010_S+02,1010,2,78894000.0,2.2069942901363326,5813694.919965375,302.8409563336537,263.5059975314912,176583582.27972704,0.0,0.0017551440798011255
R1010_S+02,1010,2,86783400.0,1.477955062930101,4989789.803104725,308.3118350367114,273.9014015850666,188243760.9532079,0.0,0.0018747876926256926
R1010_S+02,1010,2,94672800.0,1.477955062930101,5147765.467758343,321.43609920942885,280.64869160788106,199903939.6266887,0.0,0.001988169966157447
R1010_S+02,1010,2,102562200.0,1.477955062930101,5313887.836190559,329.83617667958674,286.15810234300494,211564118.3001696,0.0,0.0021010897529603148
R1010_S+02,1010,2,110451600.0,1.477955062930101,5480381.5585137755,334.98485312772453,291.23015419183946,223224296.9736503,0.0,0.002213673469889716
R1010_S+02,1010,2,118341000.0,1.477955062930101,5646002.654255848,339.20703352723325,298.96425714911436,234884475.6471311,0.0,0.0023259516629698727
R1010_S+02,1010,2,126230400.0,0.08236487768161187,2593709.842548307,339.7519219310472,300.0752896097754,235534285.11311236,0.0,0.0023478687894308266
R1010_S+02,1010,2,134119800.0,0.08236487768161187,2437589.575420551,339.75899076559375,300.0032879131842,236184094.5790937,0.0,0.0023554282263125643
R1010_S+02,1010,2,142009200.0,0.08236487768161187,2395582.7145098858,339.7591530692538,299.9137774875098,236833904.045075,0.0,0.0023622321837785806
R1010_S+02,1010,2,149898600.0,0.08236487768161187,2386907.552336253,339.759157683456,299.82535944413127,237483713.51105627,0.0,0.002368865649024529
R1010_S+02,1010,2,157788000.0,0.08236487768161187,2390921.847103011,339.7591578160222,299.7377069356154,238133522.9770376,0.0,0.002375436779084974
R1010_S+02,1010,2,165677400.0,0.0,3648658.5952141955,339.7591578197426,299.71849262271576,238133522.9770376,0.0,0.0023768771868938926
R1010_S+02,1010,2,173566800.0,0.0,3640094.0062046424,339.75915781992984,299.71458888436234,238133522.9770376,0.0,0.0023771698298789643
R1010_S+02,1010,2,181456200.0,0.0,3636458.8504093997,339.7591578199485,299.7128789907119,238133522.9770376,0.0,0.0023772980112478537
R1010_S+02,1010,2,189345600.0,0.0,3634341.312695604,339.75915781995104,299.7118632807807,238133522.97703758,0.0,0.0023773741533693452
R1010_S+02,1010,2,197235000.0,0.0,3633166.870987747,339.7591578199512,299.7112873468231,238133522.97703758,0.0,0.0023774173279126117
R1010_S+02,1010,2,205124400.0,0.0,3632434.699681513,339.7591578199512,299.71092303782854,238133522.9770376,0.0,0.002377444638115109
R1010_S+02,1010,2,213013800.0,0.0,3631932.6404846497,339.7591578199512,299.71067132277625,238133522.97703758,0.0,0.0023774635077807122
R1010_S+02,1010,2,220903200.0,0.0,3631573.2628583983,339.7591578199512,299.71049041687644,238133522.97703758,0.0,0.0023774770692812554
R1010_S+02,1010,2,228792600.0,0.0,3631332.6936362535,339.7591578199512,299.7103689107567,238133522.97703758,0.0,0.002377486177913471
R1010_S+02,1010,2,236682000.0,0.0,3631169.182913687,339.7591578199512,299.71028610215643,238133522.97703758,0.0,0.0023774923856097322
R1010_S+02,1010,2,244571400.0,0.0,3631052.381708853,339.7591578199512,299.7102269281963,238133522.97703758,0.0,0.0023774968215495764
R1010_S+02,1010,2,252460800.0,0.0,3630970.2594117597,339.7591578199512,299.7101852745142,238133522.9770376,0.0,0.0023774999440924816
R1010_S+02,1010,2,260350200.0,0.0,3630910.8740344234,339.7591578199512,299.71015517991293,238133522.9770376,0.0,0.002377502200115918
R1010_S+02,1010,2,268239600.0,0.0,3630869.992817711,339.7591578199512,299.7101344210832,238133522.97703758,0.0,0.0023775037562889395
R1010_S+02,1010,2,276129000.0,0.0,3630838.8352307044,339.7591578199512,299.7101186312133,238133522.9770376,0.0,0.0023775049399669132
R1010_S+02,1010,2,284018400.0,0.0,3630817.4506834224,339.7591578199512,299.7101077802621,238133522.9770376,0.0,0.002377505753401853
R1010_S+02,1010,2,291907800.0,0.0,3630802.025182247,339.7591578199512,299.7100999589807,238133522.97703758,0.0,0.002377506339719454
R1010_S+02,1010,2,299797200.0,0.0,3630791.2642055526,339.7591578199512,299.7100944957185,238133522.9770376,0.0,0.002377506749269572
R1010_S+02,1010,2,307686600.0,0.0,3630783.28483342,339.7591578199512,299.7100904475399,238133522.9770376,0.0,0.0023775070527388173
R1010_S+02,1010,2,315576000.0,0.0,3630777.5520006716,339.7591578199512,299.7100875396817,238133522.9770376,0.0,0.002377507270724636
R1010_S+03,1010,3,0.0,1.5896924729324153,0.0,0.0,0.0,0.0,0.0,0.0
R1010_S+03,1010,3,7889400.0,1.5896924729324153,2410018.9246047884,85.4628107719601,74.25424253846509,12541719.79595299,0.0,0.00012777980690447172
R1010_S+03,1010,3,15778800.0,1.5896924729324153,2571897.437247202,121.04842278996729,104.61377716318563,25083439.591906007,0.0,0.0002553055020493217
R1010_S+03,1010,3,23668200.0,1.5896924729324153,2753059.57621374,145.20993280573236,127.46281165800062,37625159.387859,0.0,0.00038242139192391214
R1010_S+03,1010,3,31557600.0,1.5896924729324153,2943165.178990416,169.34221270799316,146.3072098127458,50166879.183812015,0.0,0.0005090936076208593
R1010_S+03,1010,3,39447000.0,1.5896924729324153,3136782.3181214705,188.1586847480289,162.74906045201402,62708598.97976504,0.0,0.0006353190749547043
R1010_S+03,1010,3,47336400.0,2.0542575315546903,4032354.9762387723,209.71211801334886,181.5169151610141,78915458.34921268,0.0,0.0007955472094804436
R1010_S+03,1010,3,55225800.0,2.0542575315546903,4293380.320237361,225.9320779404233,198.5991914959959,95122317.71866019,0.0,0.0009568339854758226
R1010_S+03,1010,3,63115200.0,2.0542575315546903,4552983.43178935,243.50830421166344,211.80993251036236,111329177.08810788,0.0,0.0011173918953807343
R1010_S+03,1010,3,71004600.0,2.0542575315546903,4808406.542041734,262.80338483614236,227.49304880763646,127536036.45755544,0.0,0.0012772696136066212
R1010_S+03,1010,3,78894000.0,2.0542575315546903,5062739.365461372,273.134329723868,239.70118617808185,143742895.827003,0.0,0.0014364510327122774
R1010_S+03,1010,3,86783400.0,1.9150350439829777,5106385.475954149,289.94046054581764,252.03414571051167,158851373.30300218,0.0,0.001585340269604753
R1010_S+03,1010,3,94672800.0,1.9150350439829777,5337360.866980985,300.323204483413,260.4844667071667,173959850.7790015,0.0,0.0017326621449660665
R1010_S+03,1010,3,102562200.0,1.9150350439829777,5566908.287786856,307.3625071529242,272.6594213378491,189068328.25500095,0.0,0.0018794157896557767
R1010_S+03,1010,3,110451600.0,1.9150350439829777,5796947.651478708,323.9811781458756,281.99162681742064,204176805.7310001,0.0,0.0020255752718443196
R1010_S+03,1010,3,118341000.0,1.9150350439829777,6025328.258884151,333.40067819807314,289.3411116108839,219285283.20699948,0.0,0.0021711855091332897
R1010_S+03,1010,3,126230400.0,1.1720250102172787,5151719.115455382,336.9841164397863,293.64993185769913,228531857.3226076,0.0,0.0022677865835919013
R1010_S+03,1010,3,134119800.0,1.1720250102172787,5263314.03256581,339.93165847665864,300.4637234460338,237778431.4382158,0.0,0.00235727856498133
R1010_S+03,1010,3,142009200.0,1.1720250102172787,5385227.387386423,342.9937113064293,305.7478221379119,247025005.55382413,0.0,0.0024463554291153083
R1010_S+03,1010,3,149898600.0,1.1720250102172787,5508776.702012736,347.64673747567565,310.1236685253805,256271579.66943228,0.0,0.0025351968745841165
R1010_S+03,1010,3,157788000.0,1.1720250102172787,5632498.00917786,357.47455023245794,313.9754223778336,265518153.78504056,0.0,0.0026238422211658976
R1010_S+03,1010,3,165677400.0,0.0,4140866.481129244,358.50075063014975,314.505915841636,265518153.78504056,0.0,0.002638522950542038
R1010_S+03,1010,3,173566800.0,0.0,4096002.2133968174,358.5318069063084,314.5198659740602,265518153.78504056,0.0,0.0026401476015357286
R1010_S+03,1010,3,181456200.0,0.0,4082613.185218919,358.5349417572857,314.5188052744282,265518153.78504056,0.0,0.002640690054324727
R1010_S+03,1010,3,189345600.0,0.0,4075665.0206542946,358.5355098853409,314.5170898685375,265518153.78504056,0.0,0.0026409867717412873
R1010_S+03,1010,3,197235000.0,0.0,4072412.4714736454,358.53554645999037,314.51593848763576,265518153.7850406,0.0,0.002641132596422136
R1010_S+03,1010,3,205124400.0,0.0,4070732.982940715,358.53554837498586,314.5152901592567,265518153.78504056,0.0,0.0026412103592044294
R1010_S+03,1010,3,213013800.0,0.0,4069679.790894352,358.5355485851059,314.5148736560622,265518153.7850406,0.0,0.002641259935582873
R1010_S+03,1010,3,220903200.0,0.0,4068985.0747372545,358.5355486080798,314.5145954069888,265518153.78504062,0.0,0.0026412929943078313
R1010_S+03,1010,3,228792600.0,0.0,4068510.5008796193,358.5355486106061,314.5144039914987,265518153.7850406,0.0,0.0026413157265714506
R1010_S+03,1010,3,236682000.0,0.0,4068180.790185552,358.53554861088156,314.5142704519387,265518153.7850406,0.0,0.0026413315840068227
R1010_S+03,1010,3,244571400.0,0.0,4067947.973160658,358.53554861091186,314.5141759536025,265518153.7850406,0.0,0.002641342805164976
R1010_S+03,1010,3,252460800.0,0.0,4067783.734681066,358.53554861091527,314.51410918565296,265518153.78504062,0.0,0.0026413507334531842
R1010_S+03,1010,3,260350200.0,0.0,4067666.0987199433,358.53554861091663,314.5140613463336,265518153.7850406,0.0,0.0026413564140754914
R1010_S+03,1010,3,268239600.0,0.0,4067583.305410061,358.53554861091663,314.5140276403996,265518153.78504062,0.0,0.002641360416445043
R1010_S+03,1010,3,276129000.0,0.0,4067523.295515418,358.53554861091663,314.51400322866283,265518153.78504062,0.0,0.00264136331518643
R1010_S+03,1010,3,284018400.0,0.0,4067482.047789354,358.53554861091663,314.51398641891717,265518153.78504062,0.0,0.002641365311238815
R1010_S+03,1010,3,291907800.0,0.0,4067450.467197567,358.53554861091663,314.513973561563,265518153.78504062,0.0,0.0026413668379693714
R1010_S+03,1010,3,299797200.0,0.0,4067427.7382632643,358.53554861091663,314.5139643098514,265518153.7850406,0.0,0.0026413679365523465
R1010_S+03,1010,3,307686600.0,0.0,4067411.7697062865,358.53554861091663,314.51395780948684,265518153.78504062,0.0,0.002641368708430076
R1010_S+03,1010,3,315576000.0,0.0,4067400.430229243,358.53554861091663,314.51395319519503,265518153.7850406,0.0,0.002641369256348417
R1011_S+00,1011,0,0.0,0.6489130049019554,0.0,0.0,0.0,0.0,0.0,0.0
R1011_S+00,1011,0,7889400.0,0.6489130049019554,696419.6672151294,19.965176777435456,17.397673057783756,5119534.260873472,0.0,5.805317500484684e-05
R1011_S+00,1011,0,15778800.0,0.6489130049019554,716124.8952167016,28.46447328853,24.62014298899281,10239068.521746952,0.0,0.0001160757743498221
R1011_S+00,1011,0,23668200.0,0.6489130049019554,760350.8687332366,34.67433124288264,30.033489343790603,15358602.782620445,0.0,0.00017403723415308097
R1011_S+00,1011,0,31557600.0,0.6489130049019554,813059.0050669964,39.188049141396334,34.26152857108881,20478137.04349395,0.0,0.00023193171410558757
R1011_S+00,1011,0,39447000.0,0.6489130049019554,870177.6868421044,43.37953404750635,38.242728253449464,25597671.30436743,0.0,0.00028975636421288816
R1011_S+00,1011,0,47336400.0,0.5848081830888364,869899.0701303892,47.37134414158706,41.459114371193365,30211456.984028496,0.0,0.0003419325321468179
R1011_S+00,1011,0,55225800.0,0.5848081830888364,924128.9468332343,51.294654755714035,44.74131455972122,34825242.66368959,0.0,0.00039394375357544814
R1011_S+00,1011,0,63115200.0,0.5848081830888364,979525.2880346905,52.97643786040116,47.63551262722532,39439028.343350686,0.0,0.0004458941867609307
R1011_S+00,1011,0,71004600.0,0.5848081830888364,1035632.1387032941,57.04938084600379,49.96449578794744,44052814.02301176,0.0,0.0004977858294529562
R1011_S+00,1011,0,78894000.0,0.5848081830888364,1092322.5848847162,58.476807431750245,52.89107460687721,48666599.702672824,0.0,0.0005496175316048496
R1011_S+00,1011,0,86783400.0,0.35570360750931007,944374.7678659689,61.61093304906343,54.21186767063559,51472887.743756756,0.0,0.0005817941768598008
R1011_S+00,1011,0,94672800.0,0.35570360750931007,975782.6004881002,62.8144324439971,55.269596931852846,54279175.78484067,0.0,0.000613315301853231
R1011_S+00,1011,0,102562200.0,0.35570360750931007,1009906.3911412787,63.51156462052603,56.97003448309945,57085463.82592467,0.0,0.0006448008859011655
R1011_S+00,1011,0,110451600.0,0.35570360750931007,1044448.3275835235,64.27125221027401,58.57391074046244,59891751.86700866,0.0,0.0006762629738189137
R1011_S+00,1011,0,118341000.0,0.35570360750931007,1079249.2003666796,67.07273338632533,59.67928524249146,62698039.90809261,0.0,0.0007077021475229646
R1011_S+00,1011,0,126230400.0,0.019387800920793476,805789.9851656128,67.16911080602293,59.7581539272983,62850998.02467711,0.0,0.000710583039033605
R1011_S+00,1011,0,134119800.0,0.019387800920793476,803917.5313970502,67.17126153727476,59.79568952388378,63003956.14126161,0.0,0.000712333502095233
R1011_S+00,1011,0,142009200.0,0.019387800920793476,807005.1645392664,67.171448878744,59.833691038286226,63156914.25784616,0.0,0.0007140535281639498
R1011_S+00,1011,0,149898600.0,0.019387800920793476,809372.6161054466,67.17146543089535,59.87367436819792,63309872.37443066,0.0,0.000715770279595896
R1011_S+00,1011,0,157788000.0,0.019387800920793476,811783.7194521725,67.17146699925581,59.915765349816546,63462830.49101521,0.0,0.000717486520324597
R1011_S+00,1011,0,165677400.0,0.0,806826.4088755418,67.17146713589047,59.91782962652228,63462830.491015226,0.0,0.0007175581024781576
R1011_S+00,1011,0,173566800.0,0.0,806294.3395911567,67.17146715039821,59.91795032180008,63462830.49101521,0.0,0.0007175623115958098
R1011_S+00,1011,0,181456200.0,0.0,806238.1962684989,67.171467151605,59.917962983246326,63462830.49101521,0.0,0.0007175627588089226
R1011_S+00,1011,0,189345600.0,0.0,806234.3566794638,67.17146715165354,59.91796383823194,63462830.49101521,0.0,0.0007175627895151596
R1011_S+00,1011,0,197235000.0,0.0,806233.872827217,67.17146715165782,59.91796394512967,63462830.49101521,0.0,0.0007175627933928958
R1011_S+00,1011,0,205124400.0,0.0,806233.802497007,67.17146715165852,59.91796396055838,63462830.49101521,0.0,0.0007175627939575123
R1011_S+00,1011,0,213013800.0,0.0,806233.7939770203,67.17146715165852,59.917963962415556,63462830.49101521,0.0,0.0007175627940260351
R1011_S+00,1011,0,220903200.0,0.0,806233.792041475,67.17146715165852,59.917963962835394,63462830.49101521,0.0,0.0007175627940416173
R1011_S+00,1011,0,228792600.0,0.0,806233.7918971106,67.17146715165852,59.91796396286649,63462830.49101521,0.0,0.0007175627940427821
R1011_S+00,1011,0,236682000.0,0.0,806233.791877687,67.17146715165852,59.91796396287061,63462830.49101521,0.0,0.0007175627940429391
R1011_S+00,1011,0,244571400.0,0.0,806233.791875124,67.17146715165852,59.91796396287116,63462830.49101521,0.0,0.0007175627940429597
R1011_S+00,1011,0,252460800.0,0.0,806233.7918747738,67.17146715165852,59.917963962871234,63462830.49101521,0.0,0.0007175627940429626
R1011_S+00,1011,0,260350200.0,0.0,806233.7918747291,67.17146715165852,59.917963962871234,63462830.49101521,0.0,0.0007175627940429629
R1011_S+00,1011,0,268239600.0,0.0,806233.7918747235,67.17146715165852,59.917963962871234,63462830.49101521,0.0,0.0007175627940429629
R1011_S+00,1011,0,276129000.0,0.0,806233.7918747216,67.17146715165852,59.917963962871234,63462830.49101521,0.0,0.0007175627940429629
R1011_S+00,1011,0,284018400.0,0.0,806233.7918747216,67.17146715165852,59.917963962871234,63462830.49101521,0.0,0.0007175627940429629
R1011_S+00,1011,0,291907800.0,0.0,806233.7918747216,67.17146715165852,59.917963962871234,63462830.49101521,0.0,0.0007175627940429629
R1011_S+00,1011,0,299797200.0,0.0,806233.7918747216,67.17146715165852,59.917963962871234,63462830.49101521,0.0,0.0007175627940429629
R1011_S+00,1011,0,307686600.0,0.0,806233.7918747216,67.17146715165852,59.917963962871234,63462830.49101521,0.0,0.0007175627940429629
R1011_S+00,1011,0,315576000.0,0.0,806233.7918747216,67.17146715165852,59.917963962871234,63462830.49101521,0.0,0.0007175627940429629
R1011_S+01,1011,1,0.0,0.9716873393778935,0.0,0.0,0.0,0.0,0.0,0.0
R1011_S+01,1011,1,7889400.0,0.9716873393778935,1009461.498264607,24.280869895417922,21.18493385247441,7666030.095287953,0.0,8.672620196749528e-05
R1011_S+01,1011,1,15778800.0,0.9716873393778935,1054858.5005861223,34.75662487481237,30.05215764767921,15332060.190575909,0.0,0.000173380623852696
R1011_S+01,1011,1,23668200.0,0.9716873393778935,1127727.135311339,42.31114151678987,36.659377264232404,22998090.285863847,0.0,0.00025990068929063946
R1011_S+01,1011,1,31557600.0,0.9716873393778935,1212213.5974857472,47.67012981981179,41.76878954947042,30664120.38115178,0.0,0.00034627025252130235
R1011_S+01,1011,1,39447000.0,0.9716873393778935,1300090.9610643424,52.840938897670775,46.97090057036367,38330150.47643977,0.0,0.0004324885871543831
R1011_S+01,1011,1,47336400.0,0.5132419063262719,966692.687727198,56.71502764454302,49.450375457728995,42379321.17221026,0.0,0.0004791343237528579
R1011_S+01,1011,1,55225800.0,0.5132419063262719,1011085.6942572165,57.94273884476652,51.565639225780416,46428491.867980726,0.0,0.0005246711800657313
R1011_S+01,1011,1,63115200.0,0.5132419063262719,1059062.1181460898,61.368943789211855,53.91486076621094,50477662.56375121,0.0,0.000570153278297142
R1011_S+01,1011,1,71004600.0,0.5132419063262719,1108713.7039391901,63.093240946857065,55.466223553802415,54526833.25952168,0.0,0.0006155848816405731
R1011_S+01,1011,1,78894000.0,0.5132419063262719,1158454.0744394865,64.158237239833,58.051498504642794,58576003.955292195,0.0,0.0006609731000591051
R1011_S+01,1011,1,86783400.0,0.2528089141087631,977707.7766915038,65.61395838318286,58.99665697054229,60570514.60226189,0.0,0.0006841895600129051
R1011_S+01,1011,1,94672800.0,0.2528089141087631,998602.1131289043,67.43775022346652,59.73459243089242,62565025.24923158,0.0,0.0007065663062212824
R1011_S+01,1011,1,102562200.0,0.2528089141087631,1022505.6429017205,68.4388176511472,60.408729687351816,64559535.89620127,0.0,0.0007289106906845259
R1011_S+01,1011,1,110451600.0,0.2528089141087631,1046864.3612430021,69.06849032161118,61.09466366936763,66554046.54317096,0.0,0.0007512424246813505
R1011_S+01,1011,1,118341000.0,0.2528089141087631,1071333.5880782288,69.52760298580466,62.217519627919295,68548557.19014059,0.0,0.0007735625410203688
R1011_S+01,1011,1,126230400.0,0.19038836272536713,1041680.1973495577,69.82062579917653,63.25808898045992,70050607.13902612,0.0,0.0007905982076524381
R1011_S+01,1011,1,134119800.0,0.19038836272536713,1059333.619057387,70.11488562877159,64.01904749609614,71552657.08791167,0.0,0.0008074038749265749
R1011_S+01,1011,1,142009200.0,0.19038836272536713,1077826.771521261,70.44117431702908,64.62966515345384,73054707.03679712,0.0,0.0008241965986425324
R1011_S+01,1011,1,149898600.0,0.19038836272536713,1096402.2202433683,70.81823961151473,65.15820836592704,74556756.98568267,0.0,0.0008409825244234226
R1011_S+01,1011,1,157788000.0,0.19038836272536713,1114943.6680857353,71.81262817392577,65.64949568306577,76058806.93456812,0.0,0.0008577626160688916
R1011_S+01,1011,1,165677400.0,0.0,970236.128382925,71.90414490079388,65.67504699010674,76058806.93456812,0.0,0.0008585251355952003
R1011_S+01,1011,1,173566800.0,0.0,966127.3022733759,71.90767840168579,65.67625796251347,76058806.9345681,0.0,0.0008585620654491774
R1011_S+01,1011,1,181456200.0,0.0,965668.2000050154,71.9079938227064,65.6763915003964,76058806.93456812,0.0,0.0008585662512924993
R1011_S+01,1011,1,189345600.0,0.0,965617.6600023508,71.90802065978905,65.67640594557132,76058806.93456812,0.0,0.0008585667170245334
R1011_S+01,1011,1,197235000.0,0.0,965608.813764032,71.90802434592699,65.67640843515909,76058806.93456812,0.0,0.0008585667992073908
R1011_S+01,1011,1,205124400.0,0.0,965608.0717268437,71.90802455007238,65.67640863919554,76058806.93456812,0.0,0.0008585668061795364
R1011_S+01,1011,1,213013800.0,0.0,965608.0147255193,71.90802456008191,65.67640865454139,76058806.9345681,0.0,0.0008585668067202921
R1011_S+01,1011,1,220903200.0,0.0,965608.007102415,71.90802456104718,65.67640865656634,76058806.93456812,0.0,0.000858566806793017
R1011_S+01,1011,1,228792600.0,0.0,965608.0061566979,71.90802456113254,65.67640865681453,76058806.93456812,0.0,0.0008585668068020842
R1011_S+01,1011,1,236682000.0,0.0,965608.0060123615,71.90802456114228,65.67640865685202,76058806.9345681,0.0,0.0008585668068034736
R1011_S+01,1011,1,244571400.0,0.0,965608.0059954338,71.90802456114304,65.67640865685634,76058806.93456812,0.0,0.0008585668068036373
R1011_S+01,1011,1,252460800.0,0.0,965608.0059941001,71.90802456114304,65.67640865685672,76058806.93456812,0.0,0.0008585668068036503
R1011_S+01,1011,1,260350200.0,0.0,965608.0059939288,71.90802456114304,65.67640865685675,76058806.93456812,0.0,0.0008585668068036518
R1011_S+01,1011,1,268239600.0,0.0,965608.0059939027,71.90802456114304,65.67640865685676,76058806.93456814,0.0,0.000858566806803652
R1011_S+01,1011,1,276129000.0,0.0,965608.005993899,71.90802456114304,65.67640865685676,76058806.93456812,0.0,0.000858566806803652
R1011_S+01,1011,1,284018400.0,0.0,965608.005993899,71.90802456114304,65.67640865685676,76058806.93456812,0.0,0.000858566806803652
R1011_S+01,1011,1,291907800.0,0.0,965608.005993899,71.90802456114304,65.67640865685676,76058806.93456812,0.0,0.000858566806803652
R1011_S+01,1011,1,299797200.0,0.0,965608.005993899,71.90802456114304,65.67640865685676,76058806.93456812,0.0,0.000858566806803652
R1011_S+01,1011,1,307686600.0,0.0,965608.005993899,71.90802456114304,65.67640865685676,76058806.93456812,0.0,0.000858566806803652
R1011_S+01,1011,1,315576000.0,0.0,965608.005993899,71.90802456114304,65.67640865685676,76058806.93456812,0.0,0.000858566806803652
R1011_S+02,1011,2,0.0,0.5467819376733081,0.0,0.0,0.0,0.0,0.0,0.0
R1011_S+02,1011,2,7889400.0,0.5467819376733081,596386.8975217696,18.251130272002236,15.97401590539076,4313781.419079804,0.0,4.895406386267765e-05
R1011_S+02,1011,2,15778800.0,0.5467819376733081,610533.5336981155,26.16448674438792,22.60931265046699,8627562.838159597,0.0,9.788633000594717e-05
R1011_S+02,1011,2,23668200.0,0.5467819376733081,646637.632842077,31.811610084046908,27.549099298450503,12941344.257239392,0.0,0.000146775150560388
R1011_S+02,1011,2,31557600.0,0.5467819376733081,688571.2442114148,35.78578860705847,31.464876953683465,17255125.676319186,0.0,0.00019561728603281807
R1011_S+02,1011,2,39447000.0,0.5467819376733081,735485.8051174842,39.660142902707605,35.33581294317971,21568907.09539897,0.0,0.00024440931652150325
R1011_S+02,1011,2,47336400.0,0.8592220930834249,1077856.0170736276,46.565422465622866,40.51898911000539,28347653.87657135,0.0,0.00032040329475111227
R1011_S+02,1011,2,55225800.0,0.8592220930834249,1160393.201629622,51.554462518672764,44.922949636202674,35126400.657743745,0.0,0.0003967296163385666
R1011_S+02,1011,2,63115200.0,0.8592220930834249,1242036.7040729132,56.26030990531706,49.11348445176166,41905147.43891614,0.0,0.0004729348680223125
R1011_S+02,1011,2,71004600.0,0.8592220930834249,1324527.8030076567,59.297005269142616,53.00907993905402,48683894.22008854,0.0,0.0005490146824145089
R1011_S+02,1011,2,78894000.0,0.8592220930834249,1408230.8338110633,63.44376420222671,55.83516026982876,55462641.00126091,0.0,0.000624965675641846
R1011_S+02,1011,2,86783400.0,1.604306929922629,2205177.4672624543,70.04179647026446,62.05075996266348,68119660.09419243,0.0,0.0007636497914744101
R1011_S+02,1011,2,94672800.0,1.604306929922629,2368884.7073846236,76.7021558910115,67.42018883535506,80776679.187124,0.0,0.0009042492010865222
R1011_S+02,1011,2,102562200.0,1.604306929922629,2528156.2436011545,83.26687950293267,72.93603917754507,93433698.28005561,0.0,0.001044451569455852
R1011_S+02,1011,2,110451600.0,1.604306929922629,2688709.68683286,86.36088509612367,78.09477764152132,106090717.37298721,0.0,0.0011842266960939876
R1011_S+02,1011,2,118341000.0,1.604306929922629,2850529.7019680366,92.81694822376217,81.67615453655678,118747736.46591888,0.0,0.0013235620533953152
R1011_S+02,1011,2,126230400.0,2.7820364481909206,4198507.978042968,101.4158437802218,88.99735498161733,140696334.82027644,0.0,0.001556553418995998
R1011_S+02,1011,2,134119800.0,2.7820364481909206,4495562.049804516,108.9750173190674,96.21624137419306,162644933.17463398,0.0,0.0017949265047088815
R1011_S+02,1011,2,142009200.0,2.7820364481909206,4786089.889948092,113.93113007583965,102.41652060549929,184593531.5289915,0.0,0.002032134523008516
R1011_S+02,1011,2,149898600.0,2.7820364481909206,5074841.429571085,122.69540074597082,107.77658872735165,206542129.88334888,0.0,0.002268145924473571
R1011_S+02,1011,2,157788000.0,2.7820364481909206,5364121.338034034,126.00690497232019,114.0486269403061,228490728.23770607,0.0,0.0025029396475779444
R1011_S+02,1011,2,165677400.0,0.0,2936628.6033145897,126.4241782623431,114.73026096361039,228490728.23770604,0.0,0.002527805793513202
R1011_S+02,1011,2,173566800.0,0.0,2899022.4374665916,126.43658669001013,114.75362915658711,228490728.237706,0.0,0.002528757364819866
R1011_S+02,1011,2,181456200.0,0.0,2894938.921582762,126.43763526143601,114.75607159434327,228490728.23770604,0.0,0.0025288616382653905
R1011_S+02,1011,2,189345600.0,0.0,2894530.1794313826,126.43771388328376,114.75630702086467,228490728.23770604,0.0,0.002528872156743288
R1011_S+02,1011,2,197235000.0,0.0,2894473.260750875,126.43772244617273,114.75633889268478,228490728.23770604,0.0,0.002528873629556102
R1011_S+02,1011,2,205124400.0,0.0,2894464.7557001337,126.43772343874245,114.7563435331292,228490728.23770607,0.0,0.0025288738506664245
R1011_S+02,1011,2,213013800.0,0.0,2894463.5719504952,126.43772354434182,114.75634416377697,228490728.23770604,0.0,0.002528873881583155
R1011_S+02,1011,2,220903200.0,0.0,2894463.3711837865,126.43772355810765,114.75634426852162,228490728.23770604,0.0,0.0025288738868444976
R1011_S+02,1011,2,228792600.0,0.0,2894463.343896851,126.43772355945052,114.75634428243818,228490728.23770604,0.0,0.002528873887562214
R1011_S+02,1011,2,236682000.0,0.0,2894463.341290932,126.43772355953513,114.7563442837368,228490728.23770604,0.0,0.002528873887631062
R1011_S+02,1011,2,244571400.0,0.0,2894463.34089363,126.43772355954458,114.75634428393197,228490728.23770604,0.0,0.002528873887641584
R1011_S+02,1011,2,252460800.0,0.0,2894463.340834379,126.43772355954565,114.75634428396071,228490728.23770604,0.0,0.002528873887643158
R1011_S+02,1011,2,260350200.0,0.0,2894463.340825077,126.43772355954587,114.75634428396515,228490728.23770604,0.0,0.0025288738876434055
R1011_S+02,1011,2,268239600.0,0.0,2894463.340823747,126.43772355954587,114.75634428396577,228490728.23770604,0.0,0.002528873887643442
R1011_S+02,1011,2,276129000.0,0.0,2894463.340823535,126.43772355954587,114.75634428396584,228490728.23770607,0.0,0.0025288738876434484
R1011_S+02,1011,2,284018400.0,0.0,2894463.340823505,126.43772355954587,114.7563442839659,228490728.23770607,0.0,0.0025288738876434493
R1011_S+02,1011,2,291907800.0,0.0,2894463.340823494,126.43772355954587,114.75634428396592,228490728.23770607,0.0,0.0025288738876434497
R1011_S+02,1011,2,299797200.0,0.0,2894463.34082349,126.43772355954587,114.75634428396592,228490728.23770607,0.0,0.0025288738876434497
R1011_S+02,1011,2,307686600.0,0.0,2894463.34082349,126.43772355954587,114.75634428396592,228490728.23770607,0.0,0.0025288738876434497
R1011_S+02,1011,2,315576000.0,0.0,2894463.34082349,126.43772355954587,114.75634428396592,228490728.23770607,0.0,0.0025288738876434497
R1011_S+03,1011,3,0.0,0.3656476040658709,0.0,0.0,0.0,0.0,0.0,0.0
R1011_S+03,1011,3,7889400.0,0.3656476040658709,417913.79829700105,15.02846747237713,13.130876306394594,2884740.207517285,0.0,3.2782860869212415e-05
R1011_S+03,1011,3,15778800.0,0.3656476040658709,422395.2302333489,21.493443582317077,18.5639279456569,5769480.4150345735,0.0,6.555690605616637e-05
R1011_S+03,1011,3,23668200.0,0.3656476040658709,442906.5734043475,26.127636790358757,22.605832813674233,8654220.622551855,0.0,9.831143004153881e-05
R1011_S+03,1011,3,31557600.0,0.3656476040658709,469642.27484388277,29.42176603290877,25.74978773139022,11538960.830069147,0.0,0.0001310445717238605
R1011_S+03,1011,3,39447000.0,0.3656476040658709,499673.9270091634,32.58605946591905,28.872746243087192,14423701.037586415,0.0,0.00016375524776856502
R1011_S+03,1011,3,47336400.0,0.3044650056765832,474294.1421380844,35.46470168694568,31.02034221650159,16825747.253371198,0.0,0.00019104765816623165
R1011_S+03,1011,3,55225800.0,0.3044650056765832,501114.7760956846,38.22787016308737,33.34319080890334,19227793.46915601,0.0,0.00021826161220093467
R1011_S+03,1011,3,63115200.0,0.3044650056765832,528826.3244662974,39.461920528412946,35.23585277999378,21629839.684940882,0.0,0.0002454582907691574
R1011_S+03,1011,3,71004600.0,0.3044650056765832,557120.056363266,42.402052801033314,37.073650050069006,24031885.900725722,0.0,0.000272638959114302
R1011_S+03,1011,3,78894000.0,0.3044650056765832,586125.8020269331,43.398269477851855,38.900175325153285,26433932.116510563,0.0,0.000299802286994429
R1011_S+03,1011,3,86783400.0,0.1993133811316445,520586.3498325404,45.05380897181229,40.11806601282375,28006395.105610568,0.0,0.00031776590415245887
R1011_S+03,1011,3,94672800.0,0.1993133811316445,538397.9581424575,46.62807886340922,40.95819917853579,29578858.09471052,0.0,0.00033554596598784497
R1011_S+03,1011,3,102562200.0,0.1993133811316445,557448.97853259,47.27466496359669,41.74740581602846,31151321.08381044,0.0,0.00035331513640595005
R1011_S+03,1011,3,110451600.0,0.1993133811316445,576657.9033693466,47.78292550479307,43.29825666980307,32723784.072910428,0.0,0.0003710769323873815
R1011_S+03,1011,3,118341000.0,0.1993133811316445,595954.4334268514,48.87447125775527,44.25860651273418,34296247.06201051,0.0,0.0003888313307286147
R1011_S+03,1011,3,126230400.0,0.050192730431054794,483411.6596585717,49.32689754785991,44.46006725297694,34692237.58947325,0.0,0.00039362304315304826
R1011_S+03,1011,3,134119800.0,0.050192730431054794,486545.19057725,49.678409803996885,44.63993657699078,35088228.11693601,0.0,0.0003981030149176443
R1011_S+03,1011,3,142009200.0,0.050192730431054794,491235.4802573472,50.01121968476457,44.81749332645923,35484218.64439879,0.0,0.0004025762010567417
R1011_S+03,1011,3,149898600.0,0.050192730431054794,495980.3330020588,50.318919927198834,44.99451501202025,35880209.17186163,0.0,0.0004070486166754856
R1011_S+03,1011,3,157788000.0,0.050192730431054794,500768.56238505244,50.592574908486114,45.180394277182046,36276199.6993244,0.0,0.00041152047547902146
R1011_S+03,1011,3,165677400.0,0.0,461611.8420972638,50.59904327492315,45.185883705012365,36276199.6993244,0.0,0.0004116354169291598
R1011_S+03,1011,3,173566800.0,0.0,460969.95184081607,50.5991589320019,45.186015982608986,36276199.6993244,0.0,0.0004116382619607202
R1011_S+03,1011,3,181456200.0,0.0,460899.36762461066,50.59916864939253,45.18603030986218,36276199.6993244,0.0,0.0004116385779715349
R1011_S+03,1011,3,189345600.0,0.0,460891.193128461,50.59916948795239,45.186031942829196,36276199.6993244,0.0,0.0004116386148834638
R1011_S+03,1011,3,197235000.0,0.0,460890.19426438585,50.59916956321213,45.18603213934798,36276199.6993244,0.0,0.000411638619427493
R1011_S+03,1011,3,205124400.0,0.0,460890.0758605469,50.59916956965646,45.18603216231043,36276199.6993244,0.0,0.0004116386199696828
R1011_S+03,1011,3,213013800.0,0.0,460890.0604394898,50.59916957026047,45.186032165262596,36276199.6993244,0.0,0.0004116386200406897
R1011_S+03,1011,3,220903200.0,0.0,460890.0586241018,50.599169570310465,45.186032165605994,36276199.6993244,0.0,0.0004116386200490899
R1011_S+03,1011,3,228792600.0,0.0,460890.05833264627,50.599169570316285,45.18603216566057,36276199.6993244,0.0,0.0004116386200504437
R1011_S+03,1011,3,236682000.0,0.0,460890.05830676854,50.59916957031667,45.18603216566536,36276199.6993244,0.0,0.0004116386200505644
R1011_S+03,1011,3,244571400.0,0.0,460890.05830366164,50.59916957031667,45.18603216566593,36276199.6993244,0.0,0.0004116386200505789
R1011_S+03,1011,3,252460800.0,0.0,460890.0583031345,50.59916957031667,45.186032165666035,36276199.6993244,0.0,0.00041163862005058144
R1011_S+03,1011,3,260350200.0,0.0,460890.05830308795,50.59916957031667,45.186032165666035,36276199.6993244,0.0,0.00041163862005058166
R1011_S+03,1011,3,268239600.0,0.0,460890.0583030805,50.59916957031667,45.186032165666035,36276199.6993244,0.0,0.0004116386200505817
R1011_S+03,1011,3,276129000.0,0.0,460890.0583030805,50.59916957031667,45.186032165666035,36276199.6993244,0.0,0.0004116386200505817
R1011_S+03,1011,3,284018400.0,0.0,460890.0583030805,50.59916957031667,45.186032165666035,36276199.6993244,0.0,0.0004116386200505817
R1011_S+03,1011,3,291907800.0,0.0,460890.0583030805,50.59916957031667,45.186032165666035,36276199.6993244,0.0,0.0004116386200505817
R1011_S+03,1011,3,299797200.0,0.0,460890.0583030805,50.59916957031667,45.186032165666035,36276199.6993244,0.0,0.0004116386200505817
R1011_S+03,1011,3,307686600.0,0.0,460890.0583030805,50.59916957031667,45.186032165666035,36276199.6993244,0.0,0.0004116386200505817
R1011_S+03,1011,3,315576000.0,0.0,460890.0583030805,50.59916957031667,45.186032165666035,36276199.6993244,0.0,0.0004116386200505817
R1012_S+00,1012,0,0.0,0.1115586109356352,0.0,0.0,0.0,0.0,0.0,0.0
R1012_S+00,1012,0,7889400.0,0.1115586109356352,109285.16174485534,16.678751094998592,15.037258901391828,880130.505115601,0.0,2.7516522809536395e-05
R1012_S+00,1012,0,15778800.0,0.1115586109356352,136408.4343409501,22.611874851744894,20.57184900345286,1760261.0102312197,0.0,5.5016622394825934e-05
R1012_S+00,1012,0,23668200.0,0.1115586109356352,165654.35294968262,27.310934996993364,24.55371897277586,2640391.5153468545,0.0,8.249966539492824e-05
R1012_S+00,1012,0,31557600.0,0.1115586109356352,195285.74434570223,30.551511365398017,27.779344602328482,3520522.0204624683,0.0,0.00010996576713455019
R1012_S+00,1012,0,39447000.0,0.1115586109356352,224949.84665577114,33.68709462508881,30.57139850907753,4400652.525578067,0.0,0.0001374152026468089
R1012_S+00,1012,0,47336400.0,0.28364150377639213,398595.985474268,41.260938277617356,37.548709232711424,6638413.805471551,0.0,0.0002069870069854627
R1012_S+00,1012,0,55225800.0,0.28364150377639213,478160.6007194873,48.69859901721842,42.951145798403545,8876175.085365001,0.0,0.00027654020240139526
R1012_S+00,1012,0,63115200.0,0.28364150377639213,556987.2929853201,53.92073407122371,47.63318805151658,11113936.365258507,0.0,0.0003459860698930107
R1012_S+00,1012,0,71004600.0,0.28364150377639213,635244.0900179595,58.922902549351434,51.89137135241405,13351697.645151976,0.0,0.000415324548453912
R1012_S+00,1012,0,78894000.0,0.28364150377639213,713508.333533505,62.210434864451685,55.835560895357,15589458.925045477,0.0,0.0004845537663164363
R1012_S+00,1012,0,86783400.0,0.45873539253798545,937437.8818813153,69.92977803352717,62.0505122184232,19208605.930934634,0.0,0.0005959396565539514
R1012_S+00,1012,0,94672800.0,0.45873539253798545,1067694.5781480502,74.34734513084817,67.56410610642114,22827752.936823815,0.0,0.0007073152402832667
R1012_S+00,1012,0,102562200.0,0.45873539253798545,1196544.0624696575,80.68783714060605,72.33914558912514,26446899.942712992,0.0,0.0008184119752849253
R1012_S+00,1012,0,110451600.0,0.45873539253798545,1323140.933249848,87.13157163897291,76.88767789026177,30066046.948602207,0.0,0.0009292444705038311
R1012_S+00,1012,0,118341000.0,0.45873539253798545,1450540.9825466964,89.74295707410167,81.51613939237374,33685193.95449142,0.0,0.0010397857211950747
R1012_S+00,1012,0,126230400.0,0.6368402772204153,1728952.967961911,97.58886612616125,86.59569494385354,38709481.637594156,0.0,0.0011921618614490368
R1012_S+00,1012,0,134119800.0,0.6368402772204153,1907021.5884497762,104.37981677727824,92.63752434462994,43733769.320696905,0.0,0.0013445586347748599
R1012_S+00,1012,0,142009200.0,0.6368402772204153,2086098.9228226729,108.34783221784518,97.61871478777952,48758057.003799684,0.0,0.0014963967972227528
R1012_S+00,1012,0,149898600.0,0.6368402772204153,2261473.802045122,115.2125769648259,102.35139843830623,53782344.68690239,0.0,0.0016477569368503857
R1012_S+00,1012,0,157788000.0,0.6368402772204153,2438386.844432488,118.9776912632627,106.60250034393988,58806632.370005116,0.0,0.0017985605591619603
R1012_S+00,1012,0,165677400.0,0.0,2085279.8934782296,119.01506227872963,106.7479989557003,58806632.37000512,0.0,0.0018017839066144271
R1012_S+00,1012,0,173566800.0,0.0,2085153.209785305,119.01506463380312,106.74810626119087,58806632.370005116,0.0,0.0018017873023620757
R1012_S+00,1012,0,181456200.0,0.0,2085150.1700824238,119.01506464804241,106.7481088122443,58806632.37000512,0.0,0.0018017873852340194
R1012_S+00,1012,0,189345600.0,0.0,2085150.0879279785,119.01506464813745,106.74810888075805,58806632.37000512,0.0,0.0018017873874831307
R1012_S+00,1012,0,197235000.0,0.0,2085150.0859223045,119.01506464813855,106.7481088824254,58806632.37000512,0.0,0.0018017873875382064
R1012_S+00,1012,0,205124400.0,0.0,2085150.0858566165,119.01506464813853,106.7481088824796,58806632.370005116,0.0,0.0018017873875400103
R1012_S+00,1012,0,213013800.0,0.0,2085150.0858556367,119.01506464813853,106.74810888248024,58806632.37000513,0.0,0.0018017873875400363
R1012_S+00,1012,0,220903200.0,0.0,2085150.0858556293,119.01506464813853,106.74810888248021,58806632.37000513,0.0,0.0018017873875400367
R1012_S+00,1012,0,228792600.0,0.0,2085150.0858556293,119.01506464813853,106.74810888248021,58806632.37000513,0.0,0.0018017873875400367
R1012_S+00,1012,0,236682000.0,0.0,2085150.0858556293,119.01506464813853,106.74810888248021,58806632.37000513,0.0,0.0018017873875400367
R1012_S+00,1012,0,244571400.0,0.0,2085150.0858556293,119.01506464813853,106.74810888248021,58806632.37000513,0.0,0.0018017873875400367
R1012_S+00,1012,0,252460800.0,0.0,2085150.0858556293,119.01506464813853,106.74810888248021,58806632.37000513,0.0,0.0018017873875400367
R1012_S+00,1012,0,260350200.0,0.0,2085150.0858556293,119.01506464813853,106.74810888248021,58806632.37000513,0.0,0.0018017873875400367
R1012_S+00,1012,0,268239600.0,0.0,2085150.0858556293,119.01506464813853,106.74810888248021,58806632.37000513,0.0,0.0018017873875400367
R1012_S+00,1012,0,276129000.0,0.0,2085150.0858556293,119.01506464813853,106.74810888248021,58806632.37000513,0.0,0.0018017873875400367
R1012_S+00,1012,0,284018400.0,0.0,2085150.0858556293,119.01506464813853,106.74810888248021,58806632.37000513,0.0,0.0018017873875400367
R1012_S+00,1012,0,291907800.0,0.0,2085150.0858556293,119.01506464813853,106.74810888248021,58806632.37000513,0.0,0.0018017873875400367
R1012_S+00,1012,0,299797200.0,0.0,2085150.0858556293,119.01506464813853,106.74810888248021,58806632.37000513,0.0,0.0018017873875400367
R1012_S+00,1012,0,307686600.0,0.0,2085150.0858556293,119.01506464813853,106.74810888248021,58806632.37000513,0.0,0.0018017873875400367
R1012_S+00,1012,0,315576000.0,0.0,2085150.0858556293,119.01506464813853,106.74810888248021,58806632.37000513,0.0,0.0018017873875400367
R1012_S+01,1012,1,0.0,0.2067589473909393,0.0,0.0,0.0,0.0,0.0,0.0
R1012_S+01,1012,1,7889400.0,0.2067589473909393,191917.14786678553,22.444107752384053,20.287857728893616,1631204.0395460771,0.0,5.096280163609026e-05
R1012_S+01,1012,1,15778800.0,0.2067589473909393,244612.9823206775,30.468233445735706,27.764717464722363,3262408.079092144,0.0,0.0001018688820138665
R1012_S+01,1012,1,23668200.0,0.2067589473909393,299697.96911710873,36.781687648933215,33.203386080349446,4893612.1186382575,0.0,0.00015271701526895377
R1012_S+01,1012,1,31557600.0,0.2067589473909393,355234.23391893134,41.247498101951194,37.54609438593032,6524816.158184322,0.0,0.0002035074861214308
R1012_S+01,1012,1,39447000.0,0.2067589473909393,411070.9239439219,45.481067812711174,41.340367104731214,8156020.197730431,0.0,0.00025424073879394706
R1012_S+01,1012,1,47336400.0,0.3497167569801087,586179.292408159,53.79704267700157,47.47557500404414,10915075.580249332,0.0,0.0003397376317550325
R1012_S+01,1012,1,55225800.0,0.3497167569801087,684405.9580475148,59.5877095694126,52.69825133235,13674130.96276818,0.0,0.00042520240090030667
R1012_S+01,1012,1,63115200.0,0.3497167569801087,781616.4434238747,65.24008650815429,57.49609814128071,16433186.345287053,0.0,0.0005105041813850896
R1012_S+01,1012,1,71004600.0,0.3497167569801087,878487.2740053814,69.72669421785147,61.983829197287136,19192241.72780595,0.0,0.0005956409774212234
R1012_S+01,1012,1,78894000.0,0.3497167569801087,975575.0822968781,73.29636450352612,65.93486281912155,21951297.11032477,0.0,0.0006806098617438689
R1012_S+01,1012,1,86783400.0,0.7195577146545449,1384054.928064989,81.94586701046987,74.4088775733191,27628175.744320344,0.0,0.0008539332753340557
R1012_S+01,1012,1,94672800.0,0.7195577146545449,1591016.7762037981,90.08337991731518,81.66546422583349,33305054.378315896,0.0,0.0010273371797709409
R1012_S+01,1012,1,102562200.0,0.7195577146545449,1795025.3321857303,98.15450921900032,87.92504747213073,38981933.012311436,0.0,0.0012000692156244833
R1012_S+01,1012,1,110451600.0,0.7195577146545449,1995405.215194516,106.28684895661327,93.76614231084517,44658811.64630701,0.0,0.0013721572238199736
R1012_S+01,1012,1,118341000.0,0.7195577146545449,2196138.799634397,109.619369137113,99.7315283292436,50335690.2803026,0.0,0.0015435566350349309
R1012_S+01,1012,1,126230400.0,1.3162818204142481,2922048.169670634,120.83920070577216,109.67365752361381,60720364.074278645,0.0,0.0018524425861376195
R1012_S+01,1012,1,134119800.0,1.3162818204142481,3303085.1689129435,131.8516199469586,118.30329358111153,71105037.86825487,0.0,0.0021615044054962627
R1012_S+01,1012,1,142009200.0,1.3162818204142481,3675238.6769528165,142.95723653467667,126.16174450222476,81489711.66223097,0.0,0.00246852632614642
R1012_S+01,1012,1,149898600.0,1.3162818204142481,4045737.171037417,147.5024889602139,134.35860445100826,91874385.45620716,0.0,0.002773392021227583
R1012_S+01,1012,1,157788000.0,1.3162818204142481,4413671.074799545,158.56646609866456,140.12080047188036,102259059.25018343,0.0,0.0030761617761410915
R1012_S+01,1012,1,165677400.0,0.0,3625490.4502519853,158.67109768966347,140.2484773228706,102259059.25018343,0.0,0.0030858272907574704
R1012_S+01,1012,1,173566800.0,0.0,3625235.568840783,158.67110325279555,140.24852151679974,102259059.25018343,0.0,0.0030858385368887175
R1012_S+01,1012,1,181456200.0,0.0,3625232.1158354394,158.67110326437495,140.24852205180358,102259059.25018343,0.0,0.003085838691514673
R1012_S+01,1012,1,189345600.0,0.0,3625232.058161624,158.67110326440564,140.24852206042254,102259059.25018343,0.0,0.0030858386941025238
R1012_S+01,1012,1,197235000.0,0.0,3625232.0573948286,158.67110326440567,140.24852206053433,102259059.25018343,0.0,0.003085838694136936
R1012_S+01,1012,1,205124400.0,0.0,3625232.057392191,158.67110326440567,140.24852206053467,102259059.25018343,0.0,0.003085838694137055
R1012_S+01,1012,1,213013800.0,0.0,3625232.0573921725,158.67110326440567,140.24852206053473,102259059.25018345,0.0,0.0030858386941370565
R1012_S+01,1012,1,220903200.0,0.0,3625232.057392169,158.67110326440567,140.24852206053473,102259059.25018345,0.0,0.0030858386941370565
R1012_S+01,1012,1,228792600.0,0.0,3625232.057392169,158.67110326440567,140.24852206053473,102259059.25018345,0.0,0.0030858386941370565
R1012_S+01,1012,1,236682000.0,0.0,3625232.057392169,158.67110326440567,140.24852206053473,102259059.25018345,0.0,0.0030858386941370565
R1012_S+01,1012,1,244571400.0,0.0,3625232.057392169,158.67110326440567,140.24852206053473,102259059.25018345,0.0,0.0030858386941370565
R1012_S+01,1012,1,252460800.0,0.0,3625232.057392169,158.67110326440567,140.24852206053473,102259059.25018345,0.0,0.0030858386941370565
R1012_S+01,1012,1,260350200.0,0.0,3625232.057392169,158.67110326440567,140.24852206053473,102259059.25018345,0.0,0.0030858386941370565
R1012_S+01,1012,1,268239600.0,0.0,3625232.057392169,158.67110326440567,140.24852206053473,102259059.25018345,0.0,0.0030858386941370565
R1012_S+01,1012,1,276129000.0,0.0,3625232.057392169,158.67110326440567,140.24852206053473,102259059.25018345,0.0,0.0030858386941370565
R1012_S+01,1012,1,284018400.0,0.0,3625232.057392169,158.67110326440567,140.24852206053473,102259059.25018345,0.0,0.0030858386941370565
R1012_S+01,1012,1,291907800.0,0.0,3625232.057392169,158.67110326440567,140.24852206053473,102259059.25018345,0.0,0.0030858386941370565
R1012_S+01,1012,1,299797200.0,0.0,3625232.057392169,158.67110326440567,140.24852206053473,102259059.25018345,0.0,0.0030858386941370565
R1012_S+01,1012,1,307686600.0,0.0,3625232.057392169,158.67110326440567,140.24852206053473,102259059.25018345,0.0,0.0030858386941370565
R1012_S+01,1012,1,315576000.0,0.0,3625232.057392169,158.67110326440567,140.24852206053473,102259059.25018345,0.0,0.0030858386941370565
R1012_S+02,1012,2,0.0,0.06973309456189046,0.0,0.0,0.0,0.0,0.0,0.0
R1012_S+02,1012,2,7889400.0,0.06973309456189046,71573.2869700361,13.43392703131221,11.931279124724355,550152.2762365766,0.0,1.7205504093386745e-05
R1012_S+02,1012,2,15778800.0,0.06973309456189046,87958.58007715829,18.310019432624525,16.308449396614947,1100304.552473162,0.0,3.440467819256621e-05
R1012_S+02,1012,2,23668200.0,0.06973309456189046,105975.06275689043,22.008158766756793,19.454820660876273,1650456.828709755,0.0,5.1597138077458823e-05
R1012_S+02,1012,2,31557600.0,0.06973309456189046,124320.47147864476,24.69392894360258,22.065316691457685,2200609.104946322,0.0,6.878294195501405e-05
R1012_S+02,1012,2,39447000.0,0.06973309456189046,142858.34107807837,27.225781838837104,24.240424239329037,2750761.3811829174,0.0,8.596208537878277e-05
R1012_S+02,1012,2,47336400.0,0.21325492520671374,283577.3251863122,34.119016077695534,30.922666657530574,4433214.788108759,0.0,0.000138373311501661
R1012_S+02,1012,2,55225800.0,0.21325492520671374,342470.2504033204,40.36787484008436,36.00699581893191,6115668.195034589,0.0,0.0001907727647120791
R1012_S+02,1012,2,63115200.0,0.21325492520671374,401075.10437484644,44.8190252148228,40.34591187268995,7798121.601960426,0.0,0.0002431112989504799
R1012_S+02,1012,2,71004600.0,0.21325492520671374,459244.22662232444,49.22906569882185,43.983850202344485,9480575.008886252,0.0,0.000295388997766495
R1012_S+02,1012,2,78894000.0,0.21325492520671374,517473.24175753444,53.64564125232178,47.28769936000799,11163028.41581212,0.0,0.00034760533085544153
R1012_S+02,1012,2,86783400.0,0.3127133433826495,658087.5864095725,59.20029856480872,52.193128541406594,13630149.067095235,0.0,0.00042391192159980235
R1012_S+02,1012,2,94672800.0,0.3127133433826495,745797.2789564114,64.14270338231198,56.67116982221477,16097269.718378298,0.0,0.0005002057422888697
R1012_S+02,1012,2,102562200.0,0.3127133433826495,833397.0733095985,66.94124959922736,60.70788988902985,18564390.369661354,0.0,0.000576364366115044
R1012_S+02,1012,2,110451600.0,0.3127133433826495,919665.894400008,72.40307125426828,63.94234865698276,21031511.020944394,0.0,0.0006523977118463204
R1012_S+02,1012,2,118341000.0,0.3127133433826495,1005352.1864649337,74.97805736693353,68.05406732948629,23498631.672227472,0.0,0.0007283023471964321
R1012_S+02,1012,2,126230400.0,0.3681083490896979,1138252.8164492026,80.28220866222854,71.51570232756879,26402785.681535725,0.0,0.0008173307281628537
R1012_S+02,1012,2,134119800.0,0.3681083490896979,1239705.1566608194,84.68121182132117,75.76049088776398,29306939.690843962,0.0,0.0009063165255938663
R1012_S+02,1012,2,142009200.0,0.3681083490896979,1342139.8072896954,88.43291859133677,78.75139635416033,32211093.70015226,0.0,0.000995106838041047
R1012_S+02,1012,2,149898600.0,0.3681083490896979,1442752.8749037609,90.42769108032365,82.85802800495573,35115247.7094605,0.0,0.0010837354150209863
R1012_S+02,1012,2,157788000.0,0.3681083490896979,1544277.030850174,96.43934728529203,85.34270529620036,38019401.7187688,0.0,0.0011721706845619231
R1012_S+02,1012,2,165677400.0,0.0,1347952.430930987,96.46904622024972,85.37685705050396,38019401.7187688,0.0,0.0011735204902402628
R1012_S+02,1012,2,173566800.0,0.0,1347870.0020130537,96.46904857757147,85.3768805820567,38019401.7187688,0.0,0.0011735219537667373
R1012_S+02,1012,2,181456200.0,0.0,1347869.831365075,96.46904857771571,85.37688062912996,38019401.7187688,0.0,0.001173521956880906
R1012_S+02,1012,2,189345600.0,0.0,1347869.8297245596,96.46904857771574,85.37688062957918,38019401.7187688,0.0,0.0011735219569109264
R1012_S+02,1012,2,197235000.0,0.0,1347869.8296861853,96.46904857771574,85.37688062958964,38019401.7187688,0.0,0.0011735219569116294
R1012_S+02,1012,2,205124400.0,0.0,1347869.829685213,96.46904857771574,85.37688062958986,38019401.7187688,0.0,0.0011735219569116472
R1012_S+02,1012,2,213013800.0,0.0,1347869.8296851907,96.46904857771574,85.37688062958986,38019401.71876879,0.0,0.0011735219569116476
R1012_S+02,1012,2,220903200.0,0.0,1347869.8296851907,96.46904857771574,85.37688062958986,38019401.71876879,0.0,0.0011735219569116476
R1012_S+02,1012,2,228792600.0,0.0,1347869.8296851907,96.46904857771574,85.37688062958986,38019401.71876879,0.0,0.0011735219569116476
R1012_S+02,1012,2,236682000.0,0.0,1347869.8296851907,96.46904857771574,85.37688062958986,38019401.71876879,0.0,0.0011735219569116476
R1012_S+02,1012,2,244571400.0,0.0,1347869.8296851907,96.46904857771574,85.37688062958986,38019401.71876879,0.0,0.0011735219569116476
R1012_S+02,1012,2,252460800.0,0.0,1347869.8296851907,96.46904857771574,85.37688062958986,38019401.71876879,0.0,0.0011735219569116476
R1012_S+02,1012,2,260350200.0,0.0,1347869.8296851907,96.46904857771574,85.37688062958986,38019401.71876879,0.0,0.0011735219569116476
R1012_S+02,1012,2,268239600.0,0.0,1347869.8296851907,96.46904857771574,85.37688062958986,38019401.71876879,0.0,0.0011735219569116476
R1012_S+02,1012,2,276129000.0,0.0,1347869.8296851907,96.46904857771574,85.37688062958986,38019401.71876879,0.0,0.0011735219569116476
R1012_S+02,1012,2,284018400.0,0.0,1347869.8296851907,96.46904857771574,85.37688062958986,38019401.71876879,0.0,0.0011735219569116476
R1012_S+02,1012,2,291907800.0,0.0,1347869.8296851907,96.46904857771574,85.37688062958986,38019401.71876879,0.0,0.0011735219569116476
R1012_S+02,1012,2,299797200.0,0.0,1347869.8296851907,96.46904857771574,85.37688062958986,38019401.71876879,0.0,0.0011735219569116476
R1012_S+02,1012,2,307686600.0,0.0,1347869.8296851907,96.46904857771574,85.37688062958986,38019401.71876879,0.0,0.0011735219569116476
R1012_S+02,1012,2,315576000.0,0.0,1347869.8296851907,96.46904857771574,85.37688062958986,38019401.71876879,0.0,0.0011735219569116476
R1012_S+03,1012,3,0.0,0.7534179816251865,0.0,0.0,0.0,0.0,0.0,0.0
R1012_S+03,1012,3,7889400.0,0.7534179816251865,650849.6587227974,42.288757436187794,38.02296852137605,5944015.824233752,0.0,0.000185028734599729
R1012_S+03,1012,3,15778800.0,0.7534179816251865,861286.3983236216,58.93976207113315,52.10339529605451,11888031.648467492,0.0,0.00036931629920386466
R1012_S+03,1012,3,23668200.0,0.7534179816251865,1075587.7930640355,70.80953611269935,62.59122474088804,17832047.47270126,0.0,0.0005528452278374123
R1012_S+03,1012,3,31557600.0,0.7534179816251865,1288814.275142124,80.03598951327682,71.02665529098701,23776063.296935,0.0,0.0007356224166139057
R1012_S+03,1012,3,39447000.0,0.7534179816251865,1499799.179411674,88.37054871734138,78.42295148251097,29720079.12116874,0.0,0.0009176622021654238
R1012_S+03,1012,3,47336400.0,0.8636491561592889,1804149.336572852,97.35460696203039,86.10861214589004,36533752.77377184,0.0,0.001125058960118334
R1012_S+03,1012,3,55225800.0,0.8636491561592889,2045875.6044910625,106.04664064994034,93.4468212012751,43347426.42637491,0.0,0.001331782726302614
R1012_S+03,1012,3,63115200.0,0.8636491561592889,2287222.515500188,110.61914953507245,100.20851731163809,50161100.07897799,0.0,0.0015375344404338345
R1012_S+03,1012,3,71004600.0,0.8636491561592889,2527406.693197429,118.89141055285477,105.67199063142246,56974773.73158111,0.0,0.0017423341894390332
R1012_S+03,1012,3,78894000.0,0.8636491561592889,2764436.258636702,125.87939114539077,112.14175791337577,63788447.384184204,0.0,0.001946232008556813
R1012_S+03,1012,3,86783400.0,1.142943673623339,3253036.619997315,132.3257776017512,119.56317643444221,72805587.20286822,0.0,0.00221296150129033
R1012_S+03,1012,3,94672800.0,1.142943673623339,3573502.9149059765,142.6891169713195,126.00431040342917,81822727.02155218,0.0,0.0024794769809184047
R1012_S+03,1012,3,102562200.0,1.142943673623339,3893223.9628837034,146.57217516141833,133.29066300546802,90839866.84023608,0.0,0.0027443611273645016
R1012_S+03,1012,3,110451600.0,1.142943673623339,4209457.069997355,156.84054439596972,138.6804549357947,99857006.65892006,0.0,0.0030076959108710387
R1012_S+03,1012,3,118341000.0,1.142943673623339,4525573.45923762,160.5299943143128,145.17634569218868,108874146.47760402,0.0,0.0032694348107166647
R1012_S+03,1012,3,126230400.0,1.591301534017337,5255271.78997127,172.42969220979867,152.6316274499593,121428560.80008036,0.0,0.0036278305524582153
R1012_S+03,1012,3,134119800.0,1.591301534017337,5705389.206531294,177.45204170732623,160.86058496354622,133982975.12255666,0.0,0.0039862494130887575
R1012_S+03,1012,3,142009200.0,1.591301534017337,6146399.024195366,188.57286140627025,167.52549989277236,146537389.44503298,0.0,0.0043419527408417
R1012_S+03,1012,3,149898600.0,1.591301534017337,6588180.989445284,194.1876875274132,173.8052488931084,159091803.76750907,0.0,0.004694650181038247
R1012_S+03,1012,3,157788000.0,1.591301534017337,7021428.023366563,197.9818531508836,181.42173316426965,171646218.08998525,0.0,0.005044828860618386
R1012_S+03,1012,3,165677400.0,0.0,5983366.322368782,198.1504267238892,181.6777350669606,171646218.08998525,0.0,0.0050608908799680925
R1012_S+03,1012,3,173566800.0,0.0,5982824.667755581,198.15044726466922,181.67813205222438,171646218.08998525,0.0,0.005060929205718513
R1012_S+03,1012,3,181456200.0,0.0,5982820.594289724,198.1504472758109,181.67813500931243,171646218.08998525,0.0,0.005060929499907476
R1012_S+03,1012,3,189345600.0,0.0,5982820.516891152,198.1504472758443,181.6781350654085,171646218.08998525,0.0,0.00506092950550978
R1012_S+03,1012,3,197235000.0,0.0,5982820.515450649,198.1504472758446,181.67813506645177,171646218.08998525,0.0,0.005060929505614217
R1012_S+03,1012,3,205124400.0,0.0,5982820.515420172,198.1504472758446,181.67813506647397,171646218.08998525,0.0,0.005060929505616434
R1012_S+03,1012,3,213013800.0,0.0,5982820.515419684,198.1504472758446,181.6781350664744,171646218.08998525,0.0,0.005060929505616474
R1012_S+03,1012,3,220903200.0,0.0,5982820.515419666,198.1504472758446,181.67813506647437,171646218.08998525,0.0,0.0050609295056164745
R1012_S+03,1012,3,228792600.0,0.0,5982820.515419658,198.1504472758446,181.67813506647437,171646218.08998525,0.0,0.0050609295056164745
R1012_S+03,1012,3,236682000.0,0.0,5982820.515419658,198.1504472758446,181.67813506647437,171646218.08998525,0.0,0.0050609295056164745
R1012_S+03,1012,3,244571400.0,0.0,5982820.515419658,198.1504472758446,181.67813506647437,171646218.08998525,0.0,0.0050609295056164745
R1012_S+03,1012,3,252460800.0,0.0,5982820.515419658,198.1504472758446,181.67813506647437,171646218.08998525,0.0,0.0050609295056164745
R1012_S+03,1012,3,260350200.0,0.0,5982820.515419658,198.1504472758446,181.67813506647437,171646218.08998525,0.0,0.0050609295056164745
R1012_S+03,1012,3,268239600.0,0.0,5982820.515419658,198.1504472758446,181.67813506647437,171646218.08998525,0.0,0.0050609295056164745
R1012_S+03,1012,3,276129000.0,0.0,5982820.515419658,198.1504472758446,181.67813506647437,171646218.08998525,0.0,0.0050609295056164745
R1012_S+03,1012,3,284018400.0,0.0,5982820.515419658,198.1504472758446,181.67813506647437,171646218.08998525,0.0,0.0050609295056164745
R1012_S+03,1012,3,291907800.0,0.0,5982820.515419658,198.1504472758446,181.67813506647437,171646218.08998525,0.0,0.0050609295056164745
R1012_S+03,1012,3,299797200.0,0.0,5982820.515419658,198.1504472758446,181.67813506647437,171646218.08998525,0.0,0.0050609295056164745
R1012_S+03,1012,3,307686600.0,0.0,5982820.515419658,198.1504472758446,181.67813506647437,171646218.08998525,0.0,0.0050609295056164745
R1012_S+03,1012,3,315576000.0,0.0,5982820.515419658,198.1504472758446,181.67813506647437,171646218.08998525,0.0,0.0050609295056164745
R1013_S+00,1013,0,0.0,2.0937183671549318,0.0,0.0,0.0,0.0,0.0,0.0
R1013_S+00,1013,0,7889400.0,2.0937183671549318,2252698.725366682,51.21359612719162,44.32883846847356,16518181.685832124,0.0,0.00010088931813311819
R1013_S+00,1013,0,15778800.0,2.0937183671549318,2345369.7418749295,72.22449075599177,62.473938289789196,33036363.37166422,0.0,0.00020170647826414162
R1013_S+00,1013,0,23668200.0,2.0937183671549318,2450911.3377242833,87.36221958353943,75.95337653175959,49554545.057496354,0.0,0.00030235178067508254
R1013_S+00,1013,0,31557600.0,2.0937183671549318,2563909.657403659,102.5429131321447,87.22915445376495,66072726.74332847,0.0,0.0004027960728191429
R1013_S+00,1013,0,39447000.0,2.0937183671549318,2683324.8136555105,113.98535112907592,96.83863437195663,82590908.4291606,0.0,0.0005030183400961008
R1013_S+00,1013,0,47336400.0,4.305187679602256,5249987.525933079,131.82251179956006,113.7461054613853,116556256.10861474,0.0,0.0007011760436752025
R1013_S+00,1013,0,55225800.0,4.305187679602256,5549584.251476247,150.98975543069741,129.276390875819,150521603.78806883,0.0,0.0009036381882149028
R1013_S+00,1013,0,63115200.0,4.305187679602256,5823069.237314355,165.2591608989296,142.42914987433494,184486951.46752298,0.0,0.001105357703903577
R1013_S+00,1013,0,71004600.0,4.305187679602256,6096367.136336822,179.13867182318418,154.10290570882415,218452299.14697713,0.0,0.0013061815722947598
R1013_S+00,1013,0,78894000.0,4.305187679602256,6368620.178509884,194.3076807947985,165.1869323024692,252417646.82643119,0.0,0.0015061175355915288
R1013_S+00,1013,0,86783400.0,6.407303802440715,9098095.483815268,211.9138012361484,179.6044427095379,302967429.44540685,0.0,0.0017883692364043834
R1013_S+00,1013,0,94672800.0,6.407303802440715,9572512.742436558,223.34474598873774,192.7851650627717,353517212.0643817,0.0,0.0020797505412205246
R1013_S+00,1013,0,102562200.0,6.407303802440715,10005569.933808178,241.42298373759704,206.1302083510409,404066994.68335783,0.0,0.0023697056444468155
R1013_S+00,1013,0,110451600.0,6.407303802440715,10422803.131749287,255.12134014829647,217.34289117426496,454616777.30233353,0.0,0.0026580149217464303
R1013_S+00,1013,0,118341000.0,6.407303802440715,10841221.56042967,267.84640438598734,228.6408421820765,505166559.92130935,0.0,0.002944409875605021
R1013_S+00,1013,0,126230400.0,8.40006673567031,13709679.28695497,283.0387262674663,241.08564383478915,571438046.4257078,0.0,0.003298107994816047
R1013_S+00,1013,0,134119800.0,8.40006673567031,14340541.31025697,297.77977663503384,254.47908570707077,637709532.9301072,0.0,0.003664263940422662
R1013_S+00,1013,0,142009200.0,8.40006673567031,14909372.867547132,309.8269399951532,265.5661862078985,703981019.4345064,0.0,0.004028732057923437
R1013_S+00,1013,0,149898600.0,8.40006673567031,15465232.371731747,326.9151224930113,278.04852375767143,770252505.9389042,0.0,0.004390480981067586
R1013_S+00,1013,0,157788000.0,8.40006673567031,16012904.07069907,334.7011837930108,287.5013588839487,836523992.4433016,0.0,0.004749416311292474
R1013_S+00,1013,0,165677400.0,0.0,6949254.419655997,336.7103167320379,289.4866186061313,836523992.4433014,0.0,0.004844053489230308
R1013_S+00,1013,0,173566800.0,0.0,6629488.147217151,336.90483023147726,289.651011547738,836523992.4433016,0.0,0.00485945169623886
R1013_S+00,1013,0,181456200.0,0.0,6527474.892332327,336.9420634746961,289.677192093615,836523992.4433014,0.0,0.004864610677330056
R1013_S+00,1013,0,189345600.0,0.0,6497390.05192326,336.94696649976686,289.6779864725993,836523992.4433014,0.0,0.004866205074913372
R1013_S+00,1013,0,197235000.0,0.0,6487046.297123689,336.94771713619593,289.67700288694226,836523992.4433014,0.0,0.004866771348029981
R1013_S+00,1013,0,205124400.0,0.0,6482564.858319297,336.9478760691747,289.6763048382182,836523992.4433014,0.0,0.004867021553264716
R1013_S+00,1013,0,213013800.0,0.0,6480783.1637685,336.94790444276,289.6759547445068,836523992.4433014,0.0,0.004867122796093729
R1013_S+00,1013,0,220903200.0,0.0,6479776.682817355,336.94791304141125,289.67573777729007,836523992.4433014,0.0,0.004867180447533562
R1013_S+00,1013,0,228792600.0,0.0,6479381.491625842,336.94791412666774,289.6756443932382,836523992.4433016,0.0,0.004867203351262593
R1013_S+00,1013,0,236682000.0,0.0,6479204.120524231,336.94791432920465,289.6756008111949,836523992.4433014,0.0,0.004867213699833725
R1013_S+00,1013,0,244571400.0,0.0,6479113.629912682,336.9479143750654,289.67557810183547,836523992.4433014,0.0,0.004867218997675493
R1013_S+00,1013,0,252460800.0,0.0,6479071.4515154995,336.947914382987,289.67556735018826,836523992.4433014,0.0,0.0048672214738969075
R1013_S+00,1013,0,260350200.0,0.0,6479053.192941811,336.9479143842037,289.67556264423956,836523992.4433014,0.0,0.004867222549265035
R1013_S+00,1013,0,268239600.0,0.0,6479043.678116225,336.9479143844808,289.6755601806168,836523992.4433014,0.0,0.004867223110076239
R1013_S+00,1013,0,276129000.0,0.0,6479039.179231998,336.94791438452825,289.6755590115786,836523992.4433014,0.0,0.004867223375416401
R1013_S+00,1013,0,284018400.0,0.0,6479037.195055395,336.9479143845355,289.6755584943286,836523992.4433014,0.0,0.004867223492602402
R1013_S+00,1013,0,291907800.0,0.0,6479036.213393826,336.94791438453694,289.67555823818276,836523992.4433014,0.0,0.004867223550578002
R1013_S+00,1013,0,299797200.0,0.0,6479035.759234741,336.9479143845372,289.67555811948125,836523992.4433014,0.0,0.0048672235774273225
R1013_S+00,1013,0,307686600.0,0.0,6479035.514410246,336.9479143845372,289.6755580555036,836523992.4433014,0.0,0.0048672235918931816
R1013_S+00,1013,0,315576000.0,0.0,6479035.40484241,336.9479143845372,289.67555802686104,836523992.4433014,0.0,0.004867223598367473
R1013_S+01,1013,1,0.0,1.1028896625201965,0.0,0.0,0.0,0.0,0.0,0.0
R1013_S+01,1013,1,7889400.0,1.1028896625201965,1193334.111805953,37.47840388412309,32.44558955116751,8701137.703486834,0.0,5.3486610716219264e-05
R1013_S+01,1013,1,15778800.0,1.1028896625201965,1228590.944672808,52.30750985089141,45.565530885474054,17402275.406973667,0.0,0.00010695292581134576
R1013_S+01,1013,1,23668200.0,1.1028896625201965,1278524.9370926805,63.55747659929486,55.179270076829354,26103413.110460505,0.0,0.00016037050506396264
R1013_S+01,1013,1,31557600.0,1.1028896625201965,1333251.9946594462,74.33088756532835,63.362403652538994,34804550.81394735,0.0,0.0002137333970911316
R1013_S+01,1013,1,39447000.0,1.1028896625201965,1393470.4329785462,82.66902744121317,70.31408741609192,43505688.517434165,0.0,0.0002670314736916137
R1013_S+01,1013,1,47336400.0,1.0731059973367028,1425198.3627401665,88.16392966709988,76.207763820288,51971850.97282236,0.0,0.00031888199705981397
R1013_S+01,1013,1,55225800.0,1.0731059973367028,1487023.44716331,95.2258184556523,81.62053623506698,60438013.42821054,0.0,0.00037062486933258965
R1013_S+01,1013,1,63115200.0,1.0731059973367028,1548566.5884442218,102.32530028523463,86.63183167842398,68904175.88359874,0.0,0.0004223110153354166
R1013_S+01,1013,1,71004600.0,1.0731059973367028,1610691.1851546634,106.19626263275975,91.10482833785018,77370338.33898693,0.0,0.00047393694329537665
R1013_S+01,1013,1,78894000.0,1.0731059973367028,1673327.542861294,112.86242499308925,95.45288162425469,85836500.79437512,0.0,0.0005255003671504704
R1013_S+01,1013,1,86783400.0,1.7350225971474171,2404293.5994187146,118.78703907658362,102.00023721537758,99524788.07230991,0.0,0.0006068014211463679
R1013_S+01,1013,1,94672800.0,1.7350225971474171,2521909.608036168,128.39085576149682,108.98357961802348,113213075.35024466,0.0,0.0006895748273138863
R1013_S+01,1013,1,102562200.0,1.7350225971474171,2627710.1524183266,132.97356010135962,114.3667115855525,126901362.62817943,0.0,0.0007722495101740894
R1013_S+01,1013,1,110451600.0,1.7350225971474171,2733094.211745836,142.2600936632173,120.65850864081266,140589649.90611422,0.0,0.0008547697757489676
R1013_S+01,1013,1,118341000.0,1.7350225971474171,2837457.297878895,146.12981371569634,125.31058767977564,154277937.18404913,0.0,0.0009371416750323944
R1013_S+01,1013,1,126230400.0,3.0886394619523387,4364065.6648969725,158.8044747677201,135.0833155667891,178645449.35517567,0.0,0.0010771987428490018
R1013_S+01,1013,1,134119800.0,3.0886394619523387,4586971.3388890065,169.57162301937984,143.53601007648788,203012961.5263023,0.0,0.0012219524213838726
R1013_S+01,1013,1,142009200.0,3.0886394619523387,4785420.093964912,177.8063850827087,151.9427130665307,227380473.69742915,0.0,0.001366438093002194
R1013_S+01,1013,1,149898600.0,3.0886394619523387,4980033.527737334,188.19416512742367,159.32517502139956,251747985.8685565,0.0,0.0015104730931931641
R1013_S+01,1013,1,157788000.0,3.0886394619523387,5172239.522213008,195.94350813212068,166.90202924939797,276115498.03968316,0.0,0.0016540646371371347
R1013_S+01,1013,1,165677400.0,0.0,2278010.282358464,196.5686978429069,167.720455581638,276115498.0396832,0.0,0.0016731230083853238
R1013_S+01,1013,1,173566800.0,0.0,2189006.8449654877,196.59395638966112,167.7530767962298,276115498.0396832,0.0,0.0016747326779442736
R1013_S+01,1013,1,181456200.0,0.0,2169138.1399418414,196.59657733156257,167.75588051720376,276115498.0396832,0.0,0.0016751101648436796
R1013_S+01,1013,1,189345600.0,0.0,2162175.419639867,196.59701313851411,167.7559979994057,276115498.03968316,0.0,0.0016752465837517269
R1013_S+01,1013,1,197235000.0,0.0,2159723.1375866085,196.59706913627085,167.75581468697501,276115498.0396832,0.0,0.0016752959438407597
R1013_S+01,1013,1,205124400.0,0.0,2158929.1653389,196.59707401551515,167.7557090680229,276115498.03968316,0.0,0.0016753122743781582
R1013_S+01,1013,1,213013800.0,0.0,2158623.043552272,196.5970746733808,167.7556607692219,276115498.03968316,0.0,0.001675318645194726
R1013_S+01,1013,1,220903200.0,0.0,2158474.245914787,196.59707479747772,167.75563540474988,276115498.0396832,0.0,0.0016753217587769558
R1013_S+01,1013,1,228792600.0,0.0,2158416.711936645,196.59707481034258,167.75562500855102,276115498.03968316,0.0,0.00167532296989103
R1013_S+01,1013,1,236682000.0,0.0,2158391.5191824213,196.59707481220286,167.75562033507825,276115498.03968316,0.0,0.0016753235016765601
R1013_S+01,1013,1,244571400.0,0.0,2158380.5737331994,196.5970748124654,167.75561827265116,276115498.03968316,0.0,0.0016753237331791693
R1013_S+01,1013,1,252460800.0,0.0,2158375.6713376828,196.59707481250408,167.75561734084525,276115498.03968316,0.0,0.0016753238369587584
R1013_S+01,1013,1,260350200.0,0.0,2158373.5574914664,196.59707481250933,167.75561693670346,276115498.03968316,0.0,0.0016753238817582828
R1013_S+01,1013,1,268239600.0,0.0,2158372.583147809,196.5970748125101,167.75561674996288,276115498.0396832,0.0,0.0016753239024034036
R1013_S+01,1013,1,276129000.0,0.0,2158372.1818668693,196.59707481251013,167.755616672813,276115498.03968316,0.0,0.0016753239109180541
R1013_S+01,1013,1,284018400.0,0.0,2158371.9630462416,196.59707481251013,167.7556166307551,276115498.0396832,0.0,0.0016753239155558675
R1013_S+01,1013,1,291907800.0,0.0,2158371.8777981326,196.59707481251013,167.75561661434458,276115498.03968316,0.0,0.0016753239173640218
R1013_S+01,1013,1,299797200.0,0.0,2158371.839751318,196.59707481251013,167.75561660701757,276115498.0396832,0.0,0.0016753239181710265
R1013_S+01,1013,1,307686600.0,0.0,2158371.8229219243,196.59707481251013,167.75561660377537,276115498.0396832,0.0,0.0016753239185280417
R1013_S+01,1013,1,315576000.0,0.0,2158371.815367494,196.59707481251013,167.75561660232,276115498.0396832,0.0,0.001675323918688281
R1013_S+02,1013,2,0.0,3.7298473140027997,0.0,0.0,0.0,0.0,0.0,0.0
R1013_S+02,1013,2,7889400.0,3.7298473140027997,4099483.6054852717,68.92443306964816,59.08127012488056,29426257.399093688,0.0,0.00017800281606255146
R1013_S+02,1013,2,15778800.0,3.7298473140027997,4291240.179438185,96.02229378609852,83.06602461195766,58852514.798187345,0.0,0.0003557689288213644
R1013_S+02,1013,2,23668200.0,3.7298473140027997,4491763.477925304,117.50605821026272,101.24308887843821,88278772.19728103,0.0,0.0005330168504743616
R1013_S+02,1013,2,31557600.0,3.7298473140027997,4701934.219359927,134.81360126696987,116.3289213434989,117705029.59637463,0.0,0.0007096628470260098
R1013_S+02,1013,2,39447000.0,3.7298473140027997,4923009.579312839,150.129541656485,129.13610656311337,147131286.99546832,0.0,0.0008856293073073868
R1013_S+02,1013,2,47336400.0,3.053936824111656,4404660.011882782,160.81315948305357,138.28043561398198,171225016.17561483,0.0,0.0010321186335299833
R1013_S+02,1013,2,55225800.0,3.053936824111656,4575018.672197584,173.03078318839155,146.79869411146367,195318745.35576132,0.0,0.001175707762732254
R1013_S+02,1013,2,63115200.0,3.053936824111656,4757354.429275829,179.20965250744575,154.10304895621027,219412474.5359078,0.0,0.0013187579409189296
R1013_S+02,1013,2,71004600.0,3.053936824111656,4943085.055760406,190.7226004634676,161.55973058156488,243506203.71605438,0.0,0.001461317138917995
R1013_S+02,1013,2,78894000.0,3.053936824111656,5128770.002976771,196.8437215256676,168.32252635712823,267599932.89620087,0.0,0.001603434068998704
R1013_S+02,1013,2,86783400.0,4.108125859441571,6475864.14833853,208.07190915357037,176.7301669163761,300010581.05167925,0.0,0.0017869738574536602
R1013_S+02,1013,2,94672800.0,4.108125859441571,6761459.737854458,217.62247656147153,185.6619450540242,332421229.20715785,0.0,0.001975549509484906
R1013_S+02,1013,2,102562200.0,4.108125859441571,7023520.806982413,223.7386595195197,192.6329300622052,364831877.3626366,0.0,0.002163638736578236
R1013_S+02,1013,2,110451600.0,4.108125859441571,7281828.78069035,237.62668260962238,201.3595539589019,397242525.5181148,0.0,0.0023509809858926296
R1013_S+02,1013,2,118341000.0,4.108125859441571,7537743.712509066,243.24794484386106,208.19919212969845,429653173.6735931,0.0,0.0025375625359829114
R1013_S+02,1013,2,126230400.0,6.892414419992545,11046168.756090105,259.44175963501544,219.67833403025227,484030187.9986822,0.0,0.0028242500040654263
R1013_S+02,1013,2,134119800.0,6.892414419992545,11592838.631156132,270.08165337169163,231.255992044192,538407202.323772,0.0,0.003129021959763454
R1013_S+02,1013,2,142009200.0,6.892414419992545,12063316.915762477,285.29754163510205,242.10401606929557,592784216.6488603,0.0,0.0034331852111405834
R1013_S+02,1013,2,149898600.0,6.892414419992545,12516839.6455209,296.7473390354326,253.0393178420195,647161230.9739513,0.0,0.003735580464327916
R1013_S+02,1013,2,157788000.0,6.892414419992545,12966377.501712821,303.83902094086204,260.97773760383353,701538245.2990404,0.0,0.004035895862667653
R1013_S+02,1013,2,165677400.0,0.0,5789279.115418673,305.69191732497046,263.2210560223099,701538245.2990404,0.0,0.00410794885462103
R1013_S+02,1013,2,173566800.0,0.0,5521384.678879499,305.85966009994763,263.46581853502073,701538245.2990404,0.0,0.004119162514195715
R1013_S+02,1013,2,181456200.0,0.0,5455681.6692379005,305.8807631374594,263.4925218946091,701538245.2990404,0.0,0.004122082432768933
R1013_S+02,1013,2,189345600.0,0.0,5432620.086227398,305.88466745540046,263.49513616855,701538245.2990406,0.0,0.0041231468019219545
R1013_S+02,1013,2,197235000.0,0.0,5423954.555100329,305.88537651500855,263.49435630257364,701538245.2990403,0.0,0.0041235591632107806
R1013_S+02,1013,2,205124400.0,0.0,5420411.293848481,305.8855092907289,263.4935762294993,701538245.2990404,0.0,0.004123731691293861
R1013_S+02,1013,2,213013800.0,0.0,5418941.062729239,305.8855330308689,263.49312991147997,701538245.2990404,0.0,0.004123804578441627
R1013_S+02,1013,2,220903200.0,0.0,5418275.9900987,305.88553764182404,263.492895099834,701538245.2990404,0.0,0.004123837937236415
R1013_S+02,1013,2,228792600.0,0.0,5417992.791763153,305.8855384375661,263.4927859017029,701538245.2990404,0.0,0.00412385228774625
R1013_S+02,1013,2,236682000.0,0.0,5417844.240443494,305.8855386260635,263.4927261442044,701538245.2990403,0.0,0.004123859847473693
R1013_S+02,1013,2,244571400.0,0.0,5417781.5374728255,305.8855386526958,263.4927000127771,701538245.2990404,0.0,0.004123863057060314
R1013_S+02,1013,2,252460800.0,0.0,5417751.754651237,305.88553865771416,263.49268739424747,701538245.2990403,0.0,0.004123864585465183
R1013_S+02,1013,2,260350200.0,0.0,5417738.085255034,305.88553865860524,263.4926815386812,701538245.2990403,0.0,0.004123865288753167
R1013_S+02,1013,2,268239600.0,0.0,5417731.384002633,305.88553865878185,263.49267865310105,701538245.2990404,0.0,0.004123865633683363
R1013_S+02,1013,2,276129000.0,0.0,5417728.435750961,305.88553865881164,263.49267737663195,701538245.2990404,0.0,0.004123865785803556
R1013_S+02,1013,2,284018400.0,0.0,5417726.742036592,305.88553865881977,263.49267664313896,701538245.2990403,0.0,0.004123865873088955
R1013_S+02,1013,2,291907800.0,0.0,5417726.027203064,305.88553865882074,263.4926763326746,701538245.2990403,0.0,0.004123865909983481
R1013_S+02,1013,2,299797200.0,0.0,5417725.679949928,305.88553865882085,263.49267618179323,701538245.2990404,0.0,0.004123865927902658
R1013_S+02,1013,2,307686600.0,0.0,5417725.5206932165,305.88553865882085,263.492676112501,701538245.2990403,0.0,0.004123865936128907
R1013_S+02,1013,2,315576000.0,0.0,5417725.438291322,305.88553865882085,263.49267607665905,701538245.2990404,0.0,0.0041238659403830995
R1013_S+03,1013,3,0.0,0.4912527179682607,0.0,0.0,0.0,0.0,0.0,0.0
R1013_S+03,1013,3,7889400.0,0.4912527179682607,559365.3378716018,24.937690973447378,21.84491764755797,3875689.193138796,0.0,2.39282021684456e-05
R1013_S+03,1013,3,15778800.0,0.4912527179682607,563389.7672186308,35.64881025894866,30.59258068466392,7751378.386277607,0.0,4.785298674119966e-05
R1013_S+03,1013,3,23668200.0,0.4912527179682607,580568.954043122,42.756409648943844,37.14024370281444,11627067.579416402,0.0,7.176761695455285e-05
R1013_S+03,1013,3,31557600.0,0.4912527179682607,601594.7653997503,49.92338498721598,42.54403132671094,15502756.772555191,0.0,9.567100009799545e-05
R1013_S+03,1013,3,39447000.0,0.4912527179682607,626230.4890660197,55.410780405909634,47.159726882583534,19378445.965693988,0.0,0.0001195613529366284
R1013_S+03,1013,3,47336400.0,1.497976922146406,1683886.6123542245,69.44009600681525,59.52216143975846,31196585.09527585,0.0,0.0001911869449725797
R1013_S+03,1013,3,55225800.0,1.497976922146406,1777889.4229952097,81.77470950564154,69.74045719566803,43014724.22485769,0.0,0.00026343841682417116
R1013_S+03,1013,3,63115200.0,1.497976922146406,1864447.3335201517,92.39395449531347,78.40442130662116,54832863.35443954,0.0,0.0003355871693069662
R1013_S+03,1013,3,71004600.0,1.497976922146406,1950255.0090871044,101.18667639178122,85.97503772621715,66651002.484021366,0.0,0.00040762765330426543
R1013_S+03,1013,3,78894000.0,1.497976922146406,2037332.6349133328,107.29798451022005,92.45998961739335,78469141.61360317,0.0,0.0004795524902229712
R1013_S+03,1013,3,86783400.0,1.9790067454707858,2622922.443514861,117.68647979243792,100.95466779902135,94082317.43132037,0.0,0.0005730469538145342
R1013_S+03,1013,3,94672800.0,1.9790067454707858,2750714.3024962842,128.11073575538512,108.74045589999479,109695493.24903755,0.0,0.0006674409533469876
R1013_S+03,1013,3,102562200.0,1.9790067454707858,2869540.0554067567,134.82958906014292,115.37678666821785,125308669.06675471,0.0,0.0007616800992011534
R1013_S+03,1013,3,110451600.0,1.9790067454707858,2990061.1969255507,143.3753620660377,122.16056763484141,140921844.8844719,0.0,0.0008557075995927543
R1013_S+03,1013,3,118341000.0,1.9790067454707858,3108539.2365766615,149.09644878858037,127.62969691060323,156535020.70218906,0.0,0.0009495505497528009
R1013_S+03,1013,3,126230400.0,1.9343421879413993,3182411.3922635205,157.67155277615288,133.6948667941356,171795819.95973384,0.0,0.001041271031369572
R1013_S+03,1013,3,134119800.0,1.9343421879413993,3297248.991648495,161.47309576842454,138.38704019616804,187056619.21727884,0.0,0.0011326397013563614
R1013_S+03,1013,3,142009200.0,1.9343421879413993,3413127.975877624,169.205678636935,143.32869134989176,202317418.47482374,0.0,0.001223808960258495
R1013_S+03,1013,3,149898600.0,1.9343421879413993,3528311.9501733705,175.0666058106279,148.50944729756966,217578217.73236877,0.0,0.0013148011054763809
R1013_S+03,1013,3,157788000.0,1.9343421879413993,3644298.13628269,178.34599157139664,152.58702331764817,232839016.98991382,0.0,0.0014055916805704582
R1013_S+03,1013,3,165677400.0,0.0,1890644.8800519444,178.69496752883097,152.99375088370044,232839016.9899138,0.0,0.0014163838146476564
R1013_S+03,1013,3,173566800.0,0.0,1835929.047845859,178.70789072800738,153.0084463449948,232839016.98991382,0.0,0.0014172368700959082
R1013_S+03,1013,3,181456200.0,0.0,1821763.4833351597,178.7094393643424,153.00987532501165,232839016.98991382,0.0,0.0014174680192717793
R1013_S+03,1013,3,189345600.0,0.0,1818114.4012245499,178.70956684599042,153.00978659177778,232839016.98991382,0.0,0.0014175299850346834
R1013_S+03,1013,3,197235000.0,0.0,1816907.7603027187,178.70958290978535,153.0096911273443,232839016.98991382,0.0,0.0014175509519442709
R1013_S+03,1013,3,205124400.0,0.0,1816279.8469928578,178.70958687933052,153.009625802282,232839016.98991382,0.0,0.0014175619767743
R1013_S+03,1013,3,213013800.0,0.0,1816069.2282667384,178.70958717510925,153.00959809975112,232839016.98991382,0.0,0.001417565729567437
R1013_S+03,1013,3,220903200.0,0.0,1815981.2924912125,178.7095872156196,153.00958556300395,232839016.98991382,0.0,0.0014175673067494774
R1013_S+03,1013,3,228792600.0,0.0,1815943.3310669176,178.70958722130038,153.0095799053219,232839016.98991382,0.0,0.0014175679903270766
R1013_S+03,1013,3,236682000.0,0.0,1815927.123940736,178.70958722206916,153.0095774260226,232839016.98991382,0.0,0.0014175682829964864
R1013_S+03,1013,3,244571400.0,0.0,1815919.8936910369,178.7095872221799,153.00957630391113,232839016.98991385,0.0,0.001417568413726863
R1013_S+03,1013,3,252460800.0,0.0,1815916.8421702273,178.7095872221946,153.0095758257768,232839016.98991385,0.0,0.0014175684689882865
R1013_S+03,1013,3,260350200.0,0.0,1815915.3794520907,178.709587222197,153.00957559554925,232839016.98991382,0.0,0.0014175684954813032
R1013_S+03,1013,3,268239600.0,0.0,1815914.750598777,178.7095872221972,153.0095754962555,232839016.98991382,0.0,0.0014175685068715301
R1013_S+03,1013,3,276129000.0,0.0,1815914.502067607,178.70958722219723,153.00957545689587,232839016.98991382,0.0,0.0014175685113782042
R1013_S+03,1013,3,284018400.0,0.0,1815914.3827759475,178.70958722219723,153.00957543799265,232839016.98991376,0.0,0.0014175685135407066
R1013_S+03,1013,3,291907800.0,0.0,1815914.3307087868,178.70958722219723,153.00957542973686,232839016.98991385,0.0,0.0014175685144845458
R1013_S+03,1013,3,299797200.0,0.0,1815914.3085638732,178.70958722219723,153.00957542622444,232839016.98991376,0.0,0.0014175685148859383
R1013_S+03,1013,3,307686600.0,0.0,1815914.299872242,178.70958722219723,153.00957542484554,232839016.98991382,0.0,0.001417568515043484
R1013_S+03,1013,3,315576000.0,0.0,1815914.2963893414,178.70958722219723,153.00957542429262,232839016.98991376,0.0,0.0014175685151066424
R1014_S+00,1014,0,0.0,2.026442188195761,0.0,0.0,0.0,0.0,0.0,0.0
R1014_S+00,1014,0,7889400.0,2.026442188195761,3608807.8828358427,70.16078541890981,61.91705629215051,15987412.999551632,0.0,8.204976118304413e-05
R1014_S+00,1014,0,15778800.0,2.026442188195761,3710916.769062251,98.49160410827514,87.66088270286454,31974825.999103256,0.0,0.00016407931122890162
R1014_S+00,1014,0,23668200.0,2.026442188195761,3806704.6039101183,121.09922411722125,106.92660976313962,47962238.9986549,0.0,0.00024601559531823913
R1014_S+00,1014,0,31557600.0,2.026442188195761,3903847.9733456112,138.5374298003731,123.36112459749963,63949651.99820654,0.0,0.0003278338949548398
R1014_S+00,1014,0,39447000.0,2.026442188195761,4008349.098422326,154.29288285400065,137.40245647858652,79937064.99775815,0.0,0.0004095001706598476
R1014_S+00,1014,0,47336400.0,1.295560512574308,2908904.855542317,165.98035724339334,144.94943864797744,90158260.10566188,0.0,0.0004643376584759933
R1014_S+00,1014,0,55225800.0,1.295560512574308,2930846.8874626793,171.74860212684848,152.85429477947113,100379455.21356565,0.0,0.0005168943292963993
R1014_S+00,1014,0,63115200.0,1.295560512574308,2989337.223466892,182.88200439712764,158.97373481670812,110600650.3214694,0.0,0.0005692444111076702
R1014_S+00,1014,0,71004600.0,1.295560512574308,3053673.95363624,187.73416647960448,165.2998616256858,120821845.42937317,0.0,0.0006215115735407863
R1014_S+00,1014,0,78894000.0,1.295560512574308,3122753.2044691704,195.519354814614,171.4126558073094,131043040.537277,0.0,0.000673691529903554
R1014_S+00,1014,0,86783400.0,1.184483143077194,3018918.1542536467,203.1206941637191,176.0454163893849,140387901.8462702,0.0,0.000721921751830328
R1014_S+00,1014,0,94672800.0,1.184483143077194,3075257.443420496,207.1051963785104,180.23015788244646,149732763.15526336,0.0,0.0007696046229612403
R1014_S+00,1014,0,102562200.0,1.184483143077194,3137023.777253501,210.5422784142886,185.3311745497435,159077624.46425667,0.0,0.0008172020385412936
R1014_S+00,1014,0,110451600.0,1.184483143077194,3199265.265853878,216.57613550602065,189.79395320131394,168422485.77324986,0.0,0.0008647466097357556
R1014_S+00,1014,0,118341000.0,1.184483143077194,3263387.547514811,224.14916650949894,193.68654192251327,177767347.08224308,0.0,0.0009122232525238935
R1014_S+00,1014,0,126230400.0,1.6932100797044205,4121080.2616261207,229.83626669123444,199.04089130629458,191125758.68506318,0.0,0.0009766527464626
R1014_S+00,1014,0,134119800.0,1.6932100797044205,4256837.935187735,234.3955530021377,205.35792896165702,204484170.2878833,0.0,0.0010437139442050268
R1014_S+00,1014,0,142009200.0,1.6932100797044205,4364910.507830858,242.76050065477003,211.52464631633538,217842581.89070344,0.0,0.0011108909692051075
R1014_S+00,1014,0,149898600.0,1.6932100797044205,4468435.064385954,251.62752565763662,216.80149038386503,231200993.4935235,0.0,0.0011779916816165915
R1014_S+00,1014,0,157788000.0,1.6932100797044205,4566732.42702958,256.4229001636934,221.64589269944787,244559405.09634364,0.0,0.001245036073935797
R1014_S+00,1014,0,165677400.0,0.0,2203064.28800153,257.16853716815444,222.5083804085599,244559405.0963436,0.0,0.0012579216949325626
R1014_S+00,1014,0,173566800.0,0.0,2048837.0146770515,257.2421827532693,222.58058469171377,244559405.0963436,0.0,0.001260058307521082
R1014_S+00,1014,0,181456200.0,0.0,1989828.1089311428,257.259238611969,222.59147833039222,244559405.09634358,0.0,0.0012609129241919247
R1014_S+00,1014,0,189345600.0,0.0,1957683.828846462,257.26466445500034,222.59159980141362,244559405.0963436,0.0,0.0012613906480994576
R1014_S+00,1014,0,197235000.0,0.0,1941868.0882908031,257.26581512143105,222.58936972061727,244559405.0963436,0.0,0.0012616307826941251
R1014_S+00,1014,0,205124400.0,0.0,1932690.976979632,257.26612620770084,222.58753647047547,244559405.09634364,0.0,0.0012617714126264676
R1014_S+00,1014,0,213013800.0,0.0,1927561.4817427844,257.2662013637885,222.5863598150462,244559405.0963436,0.0,0.00126185053866666
R1014_S+00,1014,0,220903200.0,0.0,1924195.805869542,257.26622553724707,222.5855490224164,244559405.0963436,0.0,0.0012619025918841086
R1014_S+00,1014,0,228792600.0,0.0,1922286.8380479664,257.26623068287404,222.58507483834987,244559405.0963436,0.0,0.0012619322304286689
R1014_S+00,1014,0,236682000.0,0.0,1921098.6849055327,257.2662320788665,222.58477646976644,244559405.0963436,0.0,0.0012619507150149233
R1014_S+00,1014,0,244571400.0,0.0,1920402.186510194,257.2662324149368,222.58460031299418,244559405.0963436,0.0,0.001261961584652375
R1014_S+00,1014,0,252460800.0,0.0,1919928.5769647025,257.26623252479794,222.58448019940937,244559405.0963436,0.0,0.0012619689855120106
R1014_S+00,1014,0,260350200.0,0.0,1919630.9952691942,257.2662325505157,222.58440453021052,244559405.0963436,0.0,0.0012619736440180208
R1014_S+00,1014,0,268239600.0,0.0,1919459.4765053429,257.2662325551067,222.58436079004034,244559405.0963436,0.0,0.0012619763359231042
R1014_S+00,1014,0,276129000.0,0.0,1919354.3360802792,257.2662325562351,222.58433391219094,244559405.0963436,0.0,0.0012619779899175122
R1014_S+00,1014,0,284018400.0,0.0,1919283.412070468,257.26623255657256,222.5843157614123,244559405.0963436,0.0,0.0012619791068322432
R1014_S+00,1014,0,291907800.0,0.0,1919238.564122051,257.2662325566503,222.5843042664932,244559405.0963436,0.0,0.0012619798141640841
R1014_S+00,1014,0,299797200.0,0.0,1919211.0095625818,257.266232556667,222.5842971945816,244559405.09634364,0.0,0.0012619802493264536
R1014_S+00,1014,0,307686600.0,0.0,1919194.2559038065,257.2662325566709,222.5842928852075,244559405.0963436,0.0,0.0012619805144985289
R1014_S+00,1014,0,315576000.0,0.0,1919181.918999467,257.2662325566723,222.58428971194397,244559405.09634364,0.0,0.0012619807097612994
R1014_S+01,1014,1,0.0,0.36455211863774656,0.0,0.0,0.0,0.0,0.0,0.0
R1014_S+01,1014,1,7889400.0,0.36455211863774656,689408.2053528205,29.813978322079468,26.69411908826294,2876097.4847806343,0.0,1.503778704347489e-05
R1014_S+01,1014,1,15778800.0,0.36455211863774656,692253.6063856613,41.93836617352452,37.46528080868674,5752194.9695612695,0.0,3.007528572290658e-05
R1014_S+01,1014,1,23668200.0,0.36455211863774656,704021.5849145725,51.122429847745636,45.56090197302143,8628292.454341907,0.0,4.5109178608547966e-05
R1014_S+01,1014,1,31557600.0,0.36455211863774656,717044.5589587577,59.756320607112976,52.40561228627433,11504389.939122532,0.0,6.013926676127618e-05
R1014_S+01,1014,1,39447000.0,0.36455211863774656,732930.4869171083,66.47110367788893,58.323806813537935,14380487.423903178,0.0,7.516396698392727e-05
R1014_S+01,1014,1,47336400.0,0.4819889215776148,942839.0769268777,74.80916775744981,65.30961900931709,18183090.82179762,0.0,9.489870375665072e-05
R1014_S+01,1014,1,55225800.0,0.4819889215776148,972630.9300132468,80.71804521611332,71.60176928889993,21985694.219692063,0.0,0.00011471630247685352
R1014_S+01,1014,1,63115200.0,0.4819889215776148,999751.1638584994,87.50414288885145,77.07174867294121,25788297.617586497,0.0,0.00013452624058387573
R1014_S+01,1014,1,71004600.0,0.4819889215776148,1025803.2842249572,94.67041709529994,82.20598336630825,29590901.015480936,0.0,0.00015432777234754733
R1014_S+01,1014,1,78894000.0,0.4819889215776148,1051098.530737318,98.44920313643658,87.11338891671944,33393504.413375363,0.0,0.00017412115916093965
R1014_S+01,1014,1,86783400.0,0.9876074954017102,1893060.0906564295,109.20928646641627,96.24189554636962,41185134.98759757,0.0,0.00021361029878198357
R1014_S+01,1014,1,94672800.0,0.9876074954017102,1976427.5328453444,119.951564834518,104.45313486233594,48976765.56181985,0.0,0.0002538521174777723
R1014_S+01,1014,1,102562200.0,0.9876074954017102,2038814.7894134931,129.77078436329668,112.63344263045465,56768396.13604211,0.0,0.00029408720267781366
R1014_S+01,1014,1,110451600.0,0.9876074954017102,2096230.1883618236,135.95115014121623,119.77708902810777,64560026.71026431,0.0,0.00033429257421899877
R1014_S+01,1014,1,118341000.0,0.9876074954017102,2152829.7414388955,145.8702119684591,126.36267556566249,72351657.2844866,0.0,0.0003744591724342705
R1014_S+01,1014,1,126230400.0,1.8814078401100331,3664304.9676432386,158.65423705807015,138.31915502040835,87194836.29825065,0.0,0.0004475808170725306
R1014_S+01,1014,1,134119800.0,1.8814078401100331,3829028.0401733667,169.4720799192548,149.4643517652263,102038015.31201479,0.0,0.0005230978436550635
R1014_S+01,1014,1,142009200.0,1.8814078401100331,3954154.9811003804,183.79235900828036,159.40469107280404,116881194.32577899,0.0,0.000598610874860938
R1014_S+01,1014,1,149898600.0,1.8814078401100331,4069400.545312591,191.28375892616367,169.44042345491275,131724373.33954316,0.0,0.0006740210186346207
R1014_S+01,1014,1,157788000.0,1.8814078401100331,4181623.774311181,204.9894918093364,177.7083329984302,146567552.35330716,0.0,0.0007493032982953868
R1014_S+01,1014,1,165677400.0,0.0,1458656.152257895,205.91663851547793,178.74744943321002,146567552.35330716,0.0,0.000759217473861287
R1014_S+01,1014,1,173566800.0,0.0,1307901.5958377402,205.98806349960387,178.82103743171524,146567552.35330716,0.0,0.0007604411650028404
R1014_S+01,1014,1,181456200.0,0.0,1251488.6808280405,206.0042763849524,178.83375146334777,146567552.35330716,0.0,0.0007609148138468076
R1014_S+01,1014,1,189345600.0,0.0,1224775.4296035655,206.0082738490164,178.8345656719295,146567552.35330716,0.0,0.0007611443270212526
R1014_S+01,1014,1,197235000.0,0.0,1211122.7448779903,206.00920727152035,178.8334086207391,146567552.35330716,0.0,0.000761263290600569
R1014_S+01,1014,1,205124400.0,0.0,1203245.8613596186,206.00945243286307,178.8323245482955,146567552.35330716,0.0,0.0007613323888440781
R1014_S+01,1014,1,213013800.0,0.0,1199027.3308023326,206.00950620264967,178.83163261049927,146567552.35330716,0.0,0.0007613695790081979
R1014_S+01,1014,1,220903200.0,0.0,1196040.883386679,206.00952672801,178.83111770565102,146567552.3533072,0.0,0.000761395942277104
R1014_S+01,1014,1,228792600.0,0.0,1194428.5806023069,206.0095300730101,178.83082822392026,146567552.3533072,0.0,0.0007614102122114751
R1014_S+01,1014,1,236682000.0,0.0,1193497.0567977391,206.00953083729854,178.83065899103855,146567552.35330716,0.0,0.0007614184743191491
R1014_S+01,1014,1,244571400.0,0.0,1192876.8676494546,206.00953106871972,178.830545843389,146567552.3533072,0.0,0.0007614239794733938
R1014_S+01,1014,1,252460800.0,0.0,1192517.1687650774,206.00953111463343,178.83047997748912,146567552.35330716,0.0,0.0007614271781749443
R1014_S+01,1014,1,260350200.0,0.0,1192293.1981333457,206.0095311260001,178.8304388926956,146567552.3533072,0.0,0.00076142917224788
R1014_S+01,1014,1,268239600.0,0.0,1192155.9963563923,206.00953112869186,178.8304136829664,146567552.35330716,0.0,0.0007614303955275746
R1014_S+01,1014,1,276129000.0,0.0,1192068.4720616117,206.00953112938032,178.8303975864693,146567552.35330716,0.0,0.0007614311765264318
R1014_S+01,1014,1,284018400.0,0.0,1192015.6989453007,206.00953112953715,178.83038786561758,146567552.3533072,0.0,0.0007614316481628038
R1014_S+01,1014,1,291907800.0,0.0,1191979.287047848,206.00953112958524,178.83038115672645,146567552.35330716,0.0,0.0007614319736607985
R1014_S+01,1014,1,299797200.0,0.0,1191957.3952750228,206.00953112959488,178.8303771177071,146567552.35330716,0.0,0.0007614321696222353
R1014_S+01,1014,1,307686600.0,0.0,1191943.1075749043,206.00953112959735,178.83037448059937,146567552.3533072,0.0,0.000761432297566758
R1014_S+01,1014,1,315576000.0,0.0,1191934.4155400898,206.0095311295979,178.83037287424312,146567552.3533072,0.0,0.000761432375502257
R1014_S+02,1014,2,0.0,0.3894276768617726,0.0,0.0,0.0,0.0,0.0,0.0
R1014_S+02,1014,2,7889400.0,0.3894276768617726,732544.0726640318,31.435171528867937,27.54070935269524,3072350.7138332636,0.0,1.605875033167897e-05
R1014_S+02,1014,2,15778800.0,0.3894276768617726,737446.6367768273,44.17060521697595,38.54744117538789,6144701.427666524,0.0,3.211695602774166e-05
R1014_S+02,1014,2,23668200.0,0.3894276768617726,748308.6082068849,53.43874524772324,47.00332030010345,9217052.141499797,0.0,4.8171761651542905e-05
R1014_S+02,1014,2,31557600.0,0.3894276768617726,764332.634378273,61.89326083026183,53.978442478196264,12289402.855333082,0.0,6.422089649743451e-05
R1014_S+02,1014,2,39447000.0,0.3894276768617726,781281.6878477763,68.95826331284584,60.089965656754046,15361753.569166344,0.0,8.0264586739461e-05
R1014_S+02,1014,2,47336400.0,0.7012055424768922,1314868.0974651333,78.99960120808143,70.04296808893399,20893844.57598354,0.0,0.00010877402399735502
R1014_S+02,1014,2,55225800.0,0.7012055424768922,1364590.3858942706,88.46653410326961,78.56448977448066,26425935.582800727,0.0,0.00013752176668939308
R1014_S+02,1014,2,63115200.0,0.7012055424768922,1404706.1096817665,97.5714757082889,85.95355006255153,31958026.589617915,0.0,0.00016625766605171224
R1014_S+02,1014,2,71004600.0,0.7012055424768922,1443289.2158793174,106.54294281190272,92.64504276378844,37490117.5964351,0.0,0.00019497528626396998
R1014_S+02,1014,2,78894000.0,0.7012055424768922,1480430.0125967842,112.43197377734846,99.19793594747786,43022208.60325229,0.0,0.00022367614750352612
R1014_S+02,1014,2,86783400.0,0.7759480982156843,1638120.7028770447,120.3634995764468,105.00392347143563,49143973.5293151,0.0,0.00025523404384397084
R1014_S+02,1014,2,94672800.0,0.7759480982156843,1685175.938596269,127.72886882471677,111.46093666409166,55265738.45537794,0.0,0.0002869120986967226
R1014_S+02,1014,2,102562200.0,0.7759480982156843,1729125.190498611,133.82196134259516,116.4784037155826,61387503.381440766,0.0,0.0003185722108382535
R1014_S+02,1014,2,110451600.0,0.7759480982156843,1772451.5931798648,137.9146340186968,122.19524569316717,67509268.30750363,0.0,0.0003502088581810621
R1014_S+02,1014,2,118341000.0,0.7759480982156843,1815682.7930959277,146.50187759981554,126.79572807423342,73631033.23356645,0.0,0.00038182129435724785
R1014_S+02,1014,2,126230400.0,0.6136553440781489,1608559.0833282433,149.49842205594766,129.97069763911392,78472405.70513657,0.0,0.0004073581362386452
R1014_S+02,1014,2,134119800.0,0.6136553440781489,1630617.1108591482,152.00112061032496,133.66670458969318,83313778.17670673,0.0,0.00043240504629042263
R1014_S+02,1014,2,142009200.0,0.6136553440781489,1659641.0100746881,156.58437998159695,136.90575524617034,88155150.64827684,0.0,0.00045741341324304676
R1014_S+02,1014,2,149898600.0,0.6136553440781489,1691360.4038971607,161.91749924362088,139.7262954013938,92996523.11984695,0.0,0.00048239653223966565
R1014_S+02,1014,2,157788000.0,0.6136553440781489,1723938.103270024,164.86267227804657,142.3266954234536,97837895.5914171,0.0,0.0005073613077603187
R1014_S+02,1014,2,165677400.0,0.0,868347.002677938,165.09785184073965,142.57230838615902,97837895.5914171,0.0,0.0005098846336926733
R1014_S+02,1014,2,173566800.0,0.0,815547.2344029881,165.11403812008805,142.58611479847028,97837895.5914171,0.0,0.0005101865248743907
R1014_S+02,1014,2,181456200.0,0.0,796647.0072573926,165.11679935019842,142.58689193946685,97837895.5914171,0.0,0.000510298934767592
R1014_S+02,1014,2,189345600.0,0.0,788026.2121540457,165.1172632249346,142.58615235411554,97837895.5914171,0.0,0.0005103513382179346
R1014_S+02,1014,2,197235000.0,0.0,783554.1096641645,165.11735099865803,142.58555759780634,97837895.5914171,0.0,0.0005103787718510026
R1014_S+02,1014,2,205124400.0,0.0,781012.596927505,165.11737110736314,142.58517802923643,97837895.5914171,0.0,0.0005103944282949889
R1014_S+02,1014,2,213013800.0,0.0,779497.259074945,165.11737599076537,142.58494160555145,97837895.5914171,0.0,0.0005104037862634917
R1014_S+02,1014,2,220903200.0,0.0,778626.3387359362,165.11737707754557,142.58480309240235,97837895.5914171,0.0,0.0005104091773137848
R1014_S+02,1014,2,228792600.0,0.0,778065.6027753465,165.11737737711044,142.58471324812376,97837895.5914171,0.0,0.0005104126532281115
R1014_S+02,1014,2,236682000.0,0.0,777733.9075582083,165.11737743745286,142.58465984768844,97837895.5914171,0.0,0.0005104147131257903
R1014_S+02,1014,2,244571400.0,0.0,777532.771576263,165.11737745003657,142.58462738302006,97837895.59141712,0.0,0.0005104159641929437
R1014_S+02,1014,2,252460800.0,0.0,777414.9500034917,165.11737745242027,142.58460832615665,97837895.5914171,0.0,0.0005104166983153584
R1014_S+02,1014,2,260350200.0,0.0,777343.0466800388,165.11737745296213,142.584596677099,97837895.5914171,0.0,0.0005104171470216744
R1014_S+02,1014,2,268239600.0,0.0,777297.2324029412,165.11737745309603,142.58458924684425,97837895.5914171,0.0,0.0005104174332143573
R1014_S+02,1014,2,276129000.0,0.0,777269.7862128671,165.11737745312521,142.58458478844813,97837895.5914171,0.0,0.0005104176049366983
R1014_S+02,1014,2,284018400.0,0.0,777250.6160769425,165.1173774531341,142.5845816725744,97837895.5914171,0.0,0.0005104177249490292
R1014_S+02,1014,2,291907800.0,0.0,777238.6122340821,165.11737745313576,142.5845797196263,97837895.5914171,0.0,0.0005104178001694116
R1014_S+02,1014,2,299797200.0,0.0,777231.4348891713,165.11737745313613,142.5845785507009,97837895.5914171,0.0,0.0005104178451920835
R1014_S+02,1014,2,307686600.0,0.0,777226.9846303798,165.11737745313613,142.58457782517814,97837895.5914171,0.0,0.0005104178731365218
R1014_S+02,1014,2,315576000.0,0.0,777223.925366668,165.11737745313613,142.58457732626468,97837895.5914171,0.0,0.0005104178923528157
R1014_S+03,1014,3,0.0,0.08713156043646939,0.0,0.0,0.0,0.0,0.0,0.0
R1014_S+03,1014,3,7889400.0,0.08713156043646939,190694.9461160209,15.137132251146877,13.30605629340071,687415.732907482,0.0,3.608093056708442e-06
R1014_S+03,1014,3,15778800.0,0.08713156043646939,186011.7947879508,21.067051711251967,18.561513999930057,1374831.4658149576,0.0,7.216326277819827e-06
R1014_S+03,1014,3,23668200.0,0.08713156043646939,186325.468420526,25.820929370901002,22.566750448611874,2062247.1987224473,0.0,1.0824358629935216e-05
R1014_S+03,1014,3,31557600.0,0.08713156043646939,188158.69930585474,29.346101923018004,25.936632184706426,2749662.9316299288,0.0,1.443211614403497e-05
R1014_S+03,1014,3,39447000.0,0.08713156043646939,191171.3110513445,32.68415607285856,28.816642770749432,3437078.6645374126,0.0,1.8039557197080435e-05
R1014_S+03,1014,3,47336400.0,0.41352874723966804,762608.6094664503,45.3725114791148,40.016775993528874,6699572.36301006,0.0,3.5011309219474625e-05
R1014_S+03,1014,3,55225800.0,0.41352874723966804,786996.4969024472,55.62522248743439,48.528583739926795,9962066.061482687,0.0,5.205103047708028e-05
R1014_S+03,1014,3,63115200.0,0.41352874723966804,807101.5028861985,63.170934741802974,55.85911866935375,13224559.759955348,0.0,6.908649453574835e-05
R1014_S+03,1014,3,71004600.0,0.41352874723966804,826947.1576953623,70.3832996005792,62.12593751601384,16487053.458427966,0.0,8.61160054685545e-05
R1014_S+03,1014,3,78894000.0,0.41352874723966804,847773.4409512263,77.4276938848427,67.53361290312202,19749547.1569006,0.0,0.00010313850209967308
R1014_S+03,1014,3,86783400.0,0.7480456445941159,1415705.648574775,87.36659760920722,76.83471022564045,25651178.465361398,0.0,0.00013345072216839466
R1014_S+03,1014,3,94672800.0,0.7480456445941159,1472360.9642487094,96.97824283615824,84.83420585478746,31552809.773822226,0.0,0.0001640812228838746
R1014_S+03,1014,3,102562200.0,0.7480456445941159,1516635.364735432,106.30251009891823,92.36003544014194,37454441.082283035,0.0,0.00019470119547607725
R1014_S+03,1014,3,110451600.0,0.7480456445941159,1557679.1818051115,112.93503305508519,99.3563004085141,43356072.39074384,0.0,0.0002253033095486096
R1014_S+03,1014,3,118341000.0,0.7480456445941159,1599215.6312690675,120.35629501173733,104.97154299996348,49257703.69920466,0.0,0.0002558811665779811
R1014_S+03,1014,3,126230400.0,1.0906822524998134,2191153.105348181,131.1044637032583,113.67695280618592,57862532.262076646,0.0,0.0002995045843670541
R1014_S+03,1014,3,134119800.0,1.0906822524998134,2271687.028810203,137.42784006608625,121.758988833382,66467360.82494873,0.0,0.00034381596767798985
R1014_S+03,1014,3,142009200.0,1.0906822524998134,2338877.8154600523,148.12513962286172,128.58033189448312,75072189.38782078,0.0,0.0003881093585986635
R1014_S+03,1014,3,149898600.0,1.0906822524998134,2402226.516991079,153.3707606910447,135.7769357004454,83677017.95069285,0.0,0.0004323645373045359
R1014_S+03,1014,3,157788000.0,1.0906822524998134,2464676.6520100273,163.74655996889533,141.76346287326322,92281846.51356494,0.0,0.00047657434410031916
R1014_S+03,1014,3,165677400.0,0.0,892953.6079160888,164.29775623696005,142.30304647147784,92281846.51356494,0.0,0.00048074463812264854
R1014_S+03,1014,3,173566800.0,0.0,812365.4393505938,164.33059154803698,142.33202308906053,92281846.51356494,0.0,0.00048116356938847924
R1014_S+03,1014,3,181456200.0,0.0,782560.5357990209,164.33713558998937,142.3357895624514,92281846.51356494,0.0,0.00048132344079095005
R1014_S+03,1014,3,189345600.0,0.0,769351.4758549202,164.3383622301943,142.3353724956736,92281846.51356494,0.0,0.0004813957527144828
R1014_S+03,1014,3,197235000.0,0.0,762185.2847137582,164.33865187883498,142.33467674716087,92281846.51356493,0.0,0.0004814353340140492
R1014_S+03,1014,3,205124400.0,0.0,758175.3168248329,164.33871831049595,142.33416746698032,92281846.51356493,0.0,0.00048145758896988916
R1014_S+03,1014,3,213013800.0,0.0,755812.5044625755,164.33873434515365,142.3338382013718,92281846.51356493,0.0,0.0004814707354254034
R1014_S+03,1014,3,220903200.0,0.0,754458.4306622017,164.3387379304065,142.3336422319309,92281846.51356493,0.0,0.00048147828486253284
R1014_S+03,1014,3,228792600.0,0.0,753606.3124051169,164.33873888343953,142.33351715992504,92281846.51356493,0.0,0.0004814830414637673
R1014_S+03,1014,3,236682000.0,0.0,753087.5298849735,164.33873909280496,142.33344046429696,92281846.51356493,0.0,0.00048148594095974944
R1014_S+03,1014,3,244571400.0,0.0,752784.5869524386,164.33873913107294,142.33339551905874,92281846.51356493,0.0,0.00048148763622877144
R1014_S+03,1014,3,252460800.0,0.0,752609.6525849253,164.33873913832065,142.33336950862008,92281846.51356493,0.0,0.00048148861661713417
R1014_S+03,1014,3,260350200.0,0.0,752499.3639345113,164.33873914011025,142.33335309368155,92281846.51356494,0.0,0.0004814892352023367
R1014_S+03,1014,3,268239600.0,0.0,752433.9357902035,164.33873914050008,142.33334334167017,92281846.51356491,0.0,0.00048148960266883024
R1014_S+03,1014,3,276129000.0,0.0,752388.7655541487,164.33873914061897,142.33333660571512,92281846.51356494,0.0,0.0004814898564800678
R1014_S+03,1014,3,284018400.0,0.0,752360.4302475937,164.33873914064253,142.33333237684516,92281846.51356491,0.0,0.0004814900158218137
R1014_S+03,1014,3,291907800.0,0.0,752343.3998734523,164.33873914064657,142.33332983287437,92281846.51356491,0.0,0.00048149011167691685
R1014_S+03,1014,3,299797200.0,0.0,752333.0356231239,164.33873914064725,142.3333282837397,92281846.51356494,0.0,0.00048149017004718553
R1014_S+03,1014,3,307686600.0,0.0,752326.8353081774,164.33873914064762,142.33332735600334,92281846.51356491,0.0,0.00048149020500360995
R1014_S+03,1014,3,315576000.0,0.0,752322.2202375848,164.33873914064776,142.3333266655583,92281846.51356491,0.0,0.0004814902310190711
R1015_S+00,1015,0,0.0,2.8448772512539406,0.0,0.0,0.0,0.0,0.0,0.0
R1015_S+00,1015,0,7889400.0,2.8448772512539406,2900361.8093020096,45.72907727315067,39.810338941281,22444374.586042855,0.0,0.00033265418412416144
R1015_S+00,1015,0,15778800.0,2.8448772512539406,3300856.848637916,63.47364084968962,55.79982726261113,44888749.17208569,0.0,0.0006634666713435678
R1015_S+00,1015,0,23668200.0,2.8448772512539406,3703384.8333469927,77.27675297884487,68.65740949020294,67333123.75812855,0.0,0.0009920246795314515
R1015_S+00,1015,0,31557600.0,2.8448772512539406,4104996.553801693,90.60346097426557,79.29300531085325,89777498.3441714,0.0,0.0013182744425849363
R1015_S+00,1015,0,39447000.0,2.8448772512539406,4504364.979294091,100.66718538710796,88.2714353114674,112221872.93021429,0.0,0.0016422151531358886
R1015_S+00,1015,0,47336400.0,2.4939990090210693,4512745.364038531,109.09704700755306,95.94107102984312,131898028.71198519,0.0,0.0019261881254869486
R1015_S+00,1015,0,55225800.0,2.4939990090210693,4856203.062083341,114.11144189024839,102.948110863046,151574184.49375606,0.0,0.002206736476999166
R1015_S+00,1015,0,63115200.0,2.4939990090210693,5198486.948874127,122.76221297242817,108.28914477533957,171250340.27552697,0.0,0.0024855333163203096
R1015_S+00,1015,0,71004600.0,2.4939990090210693,5539409.022349123,129.0001057381813,115.19839391884861,190926496.05729792,0.0,0.0027625903491744768
R1015_S+00,1015,0,78894000.0,2.4939990090210693,5878463.225926176,135.30558899545386,119.68749842694032,210602651.83906865,0.0,0.0030379442339918006
R1015_S+00,1015,0,86783400.0,1.659554799520381,5284450.350498237,137.58423349185978,124.65486655095631,223695543.4744048,0.0,0.0032267668861180794
R1015_S+00,1015,0,94672800.0,1.659554799520381,5503178.908632878,143.12571118900738,127.863110517683,236788435.10974085,0.0,0.0034085913488949254
R1015_S+00,1015,0,102562200.0,1.659554799520381,5721820.039603569,147.2019420906197,130.5262493522053,249881326.7450769,0.0,0.0035896697009770297
R1015_S+00,1015,0,110451600.0,1.659554799520381,5940719.71010121,149.47816911690992,134.15153380814007,262974218.38041306,0.0,0.0037699868858968887
R1015_S+00,1015,0,118341000.0,1.659554799520381,6159166.934488252,151.45960399295575,138.0554776910692,276067110.0157492,0.0,0.003949565646012756
R1015_S+00,1015,0,126230400.0,0.34154462275187664,4924149.858424481,151.84721321838342,138.87425140277358,278761692.16248786,0.0,0.003998431585745107
R1015_S+00,1015,0,134119800.0,0.34154462275187664,4965163.93399851,152.09836957102664,139.43145285223613,281456274.3092265,0.0,0.004035403553549652
R1015_S+00,1015,0,142009200.0,0.34154462275187664,5007430.756458342,152.38400426037612,139.9695001034357,284150856.45596516,0.0,0.0040723163343330876
R1015_S+00,1015,0,149898600.0,0.34154462275187664,5049915.95113273,152.70419464570548,140.49270806106026,286845438.6027038,0.0,0.004109193501970663
R1015_S+00,1015,0,157788000.0,0.34154462275187664,5092540.907945644,153.9859847602279,141.00426589873805,289540020.7494425,0.0,0.004146035752082267
R1015_S+00,1015,0,165677400.0,0.0,4767983.2555539645,154.10050144747544,141.05449797668146,289540020.7494425,0.0,0.0041492469225849395
R1015_S+00,1015,0,173566800.0,0.0,4766916.099866543,154.10152076833762,141.05514468247867,289540020.7494425,0.0,0.004149288644243019
R1015_S+00,1015,0,181456200.0,0.0,4766857.874888025,154.1015646740029,141.05517987303725,289540020.7494425,0.0,0.004149290941851218
R1015_S+00,1015,0,189345600.0,0.0,4766854.400869291,154.10156671564852,141.05518196370116,289540020.7494425,0.0,0.004149291079909602
R1015_S+00,1015,0,197235000.0,0.0,4766854.208578568,154.10156680237162,141.05518207892013,289540020.7494425,0.0,0.004149291087600496
R1015_S+00,1015,0,205124400.0,0.0,4766854.1953478865,154.10156680695331,141.0551820868149,289540020.7494425,0.0,0.004149291088132525
R1015_S+00,1015,0,213013800.0,0.0,4766854.194624461,154.1015668071357,141.0551820872446,289540020.7494425,0.0,0.004149291088161778
R1015_S+00,1015,0,220903200.0,0.0,4766854.194611274,154.10156680713797,141.05518208725238,289540020.74944246,0.0,0.0041492910881623145
R1015_S+00,1015,0,228792600.0,0.0,4766854.194610503,154.10156680713797,141.0551820872528,289540020.7494425,0.0,0.004149291088162347
R1015_S+00,1015,0,236682000.0,0.0,4766854.194610454,154.10156680713797,141.05518208725283,289540020.7494425,0.0,0.004149291088162348
R1015_S+00,1015,0,244571400.0,0.0,4766854.19461045,154.10156680713797,141.05518208725283,289540020.7494425,0.0,0.004149291088162348
R1015_S+00,1015,0,252460800.0,0.0,4766854.194610447,154.10156680713797,141.05518208725283,289540020.7494425,0.0,0.004149291088162348
R1015_S+00,1015,0,260350200.0,0.0,4766854.194610447,154.10156680713797,141.05518208725283,289540020.7494425,0.0,0.004149291088162348
R1015_S+00,1015,0,268239600.0,0.0,4766854.194610447,154.10156680713797,141.05518208725283,289540020.7494425,0.0,0.004149291088162348
R1015_S+00,1015,0,276129000.0,0.0,4766854.194610447,154.10156680713797,141.05518208725283,289540020.7494425,0.0,0.004149291088162348
R1015_S+00,1015,0,284018400.0,0.0,4766854.194610447,154.10156680713797,141.05518208725283,289540020.7494425,0.0,0.004149291088162348
R1015_S+00,1015,0,291907800.0,0.0,4766854.194610447,154.10156680713797,141.05518208725283,289540020.7494425,0.0,0.004149291088162348
R1015_S+00,1015,0,299797200.0,0.0,4766854.194610447,154.10156680713797,141.05518208725283,289540020.7494425,0.0,0.004149291088162348
R1015_S+00,1015,0,307686600.0,0.0,4766854.194610447,154.10156680713797,141.05518208725283,289540020.7494425,0.0,0.004149291088162348
R1015_S+00,1015,0,315576000.0,0.0,4766854.194610447,154.10156680713797,141.05518208725283,289540020.7494425,0.0,0.004149291088162348
R1015_S+01,1015,1,0.0,2.5789686711739117,0.0,0.0,0.0,0.0,0.0,0.0
R1015_S+01,1015,1,7889400.0,2.5789686711739117,2611802.3858018294,42.96078009082052,37.536879297806394,20346515.43435946,0.0,0.0003019383670104579
R1015_S+01,1015,1,15778800.0,2.5789686711739117,2972015.617482256,61.4403869179053,53.55317626169806,40693030.86871892,0.0,0.0006023579449121825
R1015_S+01,1015,1,23668200.0,2.5789686711739117,3335259.6539988928,74.94159394833689,65.44161170586524,61039546.30307835,0.0,0.0009009154134697791
R1015_S+01,1015,1,31557600.0,2.5789686711739117,3697636.463667497,84.819143228835,75.30150485790853,81386061.73743778,0.0,0.0011975655035169465
R1015_S+01,1015,1,39447000.0,2.5789686711739117,4058464.2891597413,94.11295973792078,84.47953488633087,101732577.17179719,0.0,0.0014923038645426115
R1015_S+01,1015,1,47336400.0,1.6089522932088198,3366186.088550985,101.14163863538363,88.95569116321622,114426245.39383888,0.0,0.0016799122234048421
R1015_S+01,1015,1,55225800.0,1.6089522932088198,3583182.9575308263,105.33383682936001,94.40104996811515,127119913.61588049,0.0,0.001862486394370623
R1015_S+01,1015,1,63115200.0,1.6089522932088198,3800195.8593224213,111.14740611770937,98.06657169459699,139813581.83792216,0.0,0.002044314515419411
R1015_S+01,1015,1,71004600.0,1.6089522932088198,4017299.6768027693,113.89955481449083,103.20348671407646,152507250.05996376,0.0,0.002225391347422518
R1015_S+01,1015,1,78894000.0,1.6089522932088198,4233374.703961045,120.67772232834263,106.75127434496531,165200918.28200537,0.0,0.0024057412997431737
R1015_S+01,1015,1,86783400.0,1.1477972288695308,3952637.4725418463,122.86737999881097,108.98962176816525,174256349.7394486,0.0,0.0025369992550647847
R1015_S+01,1015,1,94672800.0,1.1477972288695308,4103984.3937288374,124.51929319267181,112.91838317282726,183311781.1968919,0.0,0.0026649497130808355
R1015_S+01,1015,1,102562200.0,1.1477972288695308,4255276.716598459,127.4824324339168,115.4918695987823,192367212.6543352,0.0,0.0027925349923217393
R1015_S+01,1015,1,110451600.0,1.1477972288695308,4406146.349188041,132.09372811152068,117.60697214810878,201422644.11177847,0.0,0.0029197562585730166
R1015_S+01,1015,1,118341000.0,1.1477972288695308,4557179.692960896,134.42051990909982,119.59888851357371,210478075.5692217,0.0,0.0030465991181527472
R1015_S+01,1015,1,126230400.0,1.1955034781560447,4760048.6909342185,136.10176951185903,123.20330698562495,219909880.709786,0.0,0.0031779436004484678
R1015_S+01,1015,1,134119800.0,1.1955034781560447,4917198.874778766,137.70202143384535,125.95990709287226,229341685.85035026,0.0,0.003309260199521815
R1015_S+01,1015,1,142009200.0,1.1955034781560447,5073800.965405781,141.6382994231817,128.11137708684234,238773490.99091458,0.0,0.003440197740120921
R1015_S+01,1015,1,149898600.0,1.1955034781560447,5230069.748126902,145.60377736803497,130.04729060587317,248205296.13147885,0.0,0.003570744532103112
R1015_S+01,1015,1,157788000.0,1.1955034781560447,5386583.033453237,147.8285014350789,131.91934233644528,257637101.2720431,0.0,0.0037008897691046105
R1015_S+01,1015,1,165677400.0,0.0,4251796.886072814,147.97236995413851,132.08760327261197,257637101.2720431,0.0,0.0037112167274714735
R1015_S+01,1015,1,173566800.0,0.0,4249724.34401834,147.97303538386504,132.08877114719687,257637101.2720431,0.0,0.0037112893841695725
R1015_S+01,1015,1,181456200.0,0.0,4249621.994267616,147.97306192178488,132.08882857674413,257637101.2720431,0.0,0.0037112930016195513
R1015_S+01,1015,1,189345600.0,0.0,4249610.973051861,147.97306429871946,132.08883473505938,257637101.2720431,0.0,0.0037112933933435483
R1015_S+01,1015,1,197235000.0,0.0,4249610.793522373,147.97306432348304,132.08883483448176,257637101.2720431,0.0,0.003711293399798708
R1015_S+01,1015,1,205124400.0,0.0,4249610.787012145,147.9730643241191,132.08883483806494,257637101.2720431,0.0,0.003711293400034473
R1015_S+01,1015,1,213013800.0,0.0,4249610.786807802,147.97306432413282,132.08883483817678,257637101.2720431,0.0,0.003711293400041923
R1015_S+01,1015,1,220903200.0,0.0,4249610.786795504,147.97306432413345,132.0888348381835,257637101.2720431,0.0,0.0037112934000423743
R1015_S+01,1015,1,228792600.0,0.0,4249610.786794834,147.97306432413345,132.08883483818386,257637101.2720431,0.0,0.0037112934000423977
R1015_S+01,1015,1,236682000.0,0.0,4249610.786794785,147.97306432413345,132.0888348381839,257637101.2720431,0.0,0.0037112934000424003
R1015_S+01,1015,1,244571400.0,0.0,4249610.786794782,147.97306432413345,132.0888348381839,257637101.2720431,0.0,0.0037112934000424003
R1015_S+01,1015,1,252460800.0,0.0,4249610.786794782,147.97306432413345,132.0888348381839,257637101.2720431,0.0,0.0037112934000424003
R1015_S+01,1015,1,260350200.0,0.0,4249610.786794782,147.97306432413345,132.0888348381839,257637101.2720431,0.0,0.0037112934000424003
R1015_S+01,1015,1,268239600.0,0.0,4249610.786794782,147.97306432413345,132.0888348381839,257637101.2720431,0.0,0.0037112934000424003
R1015_S+01,1015,1,276129000.0,0.0,4249610.786794782,147.97306432413345,132.0888348381839,257637101.2720431,0.0,0.0037112934000424003
R1015_S+01,1015,1,284018400.0,0.0,4249610.786794782,147.97306432413345,132.0888348381839,257637101.2720431,0.0,0.0037112934000424003
R1015_S+01,1015,1,291907800.0,0.0,4249610.786794782,147.97306432413345,132.0888348381839,257637101.2720431,0.0,0.0037112934000424003
R1015_S+01,1015,1,299797200.0,0.0,4249610.786794782,147.97306432413345,132.0888348381839,257637101.2720431,0.0,0.0037112934000424003
R1015_S+01,1015,1,307686600.0,0.0,4249610.786794782,147.97306432413345,132.0888348381839,257637101.2720431,0.0,0.0037112934000424003
R1015_S+01,1015,1,315576000.0,0.0,4249610.786794782,147.97306432413345,132.0888348381839,257637101.2720431,0.0,0.0037112934000424003
R1015_S+02,1015,2,0.0,0.1157798481935771,0.0,0.0,0.0,0.0,0.0,0.0
R1015_S+02,1015,2,7889400.0,0.1157798481935771,131588.45461880043,9.606138823952051,8.505587571890906,913433.5343384091,0.0,1.3730435818460709e-05
R1015_S+02,1015,2,15778800.0,0.1157798481935771,138751.04475789703,13.295845710681053,11.597576236524228,1826867.0686768154,0.0,2.7458728125070915e-05
R1015_S+02,1015,2,23668200.0,0.1157798481935771,150075.831291914,16.101616068278286,14.049555706545625,2740300.6030152254,0.0,4.1183053149228625e-05
R1015_S+02,1015,2,31557600.0,0.1157798481935771,162982.10759085044,18.148651266246766,16.07791671371189,3653734.137353624,0.0,5.4903273823522016e-05
R1015_S+02,1015,2,39447000.0,0.1157798481935771,176659.9592496343,20.097565497305943,18.000123058100936,4567167.671692019,0.0,6.86193313920872e-05
R1015_S+02,1015,2,47336400.0,1.6307102512112863,1682988.789846003,39.26947882381424,34.69028643378599,17432493.12759836,0.0,0.000259756356007301
R1015_S+02,1015,2,55225800.0,1.6307102512112863,1906058.374850873,52.039754645201334,45.612290660230464,30297818.58350466,0.0,0.00045068167168994724
R1015_S+02,1015,2,63115200.0,1.6307102512112863,2131524.347456306,62.475191156922264,54.67345993610445,43163144.03941098,0.0,0.0006408360508408798
R1015_S+02,1015,2,71004600.0,1.6307102512112863,2357135.65331031,70.07646323725085,62.4854629629953,56028469.49531727,0.0,0.0008302062178256678
R1015_S+02,1015,2,78894000.0,1.6307102512112863,2582253.329019949,77.38962021342898,69.40967639177563,68893794.95122361,0.0,0.0010187902021823565
R1015_S+02,1015,2,86783400.0,3.1704669199498356,4476829.802281104,91.62014107068516,80.43770401611553,93906876.66947597,0.0,0.0013767743408275683
R1015_S+02,1015,2,94672800.0,3.1704669199498356,4929616.181604564,102.11836698863767,90.21260732391414,118919958.38772821,0.0,0.0017369047055971934
R1015_S+02,1015,2,102562200.0,3.1704669199498356,5377093.843637828,112.25226007324383,99.04154727171324,143933040.10598055,0.0,0.002094203387000671
R1015_S+02,1015,2,110451600.0,3.1704669199498356,5820351.884714607,122.21911613568707,107.60522349114302,168946121.82423288,0.0,0.002448698215106416
R1015_S+02,1015,2,118341000.0,3.1704669199498356,6260981.544178497,130.78275749661574,115.84695027528035,193959203.54248524,0.0,0.002800400242635178
R1015_S+02,1015,2,126230400.0,4.540240345270346,8294758.374347612,139.72485405230802,125.92521454012652,229778975.7224608,0.0,0.0032884126413835063
R1015_S+02,1015,2,134119800.0,4.540240345270346,8932920.109494757,150.46597936782888,134.71534898655997,265598747.90243703,0.0,0.003780626227000113
R1015_S+02,1015,2,142009200.0,4.540240345270346,9563147.079345368,162.01103546326405,142.99955305572462,301418520.0824127,0.0,0.004267522064507866
R1015_S+02,1015,2,149898600.0,4.540240345270346,10188240.184361666,167.5909220419002,152.00528317030017,337238292.2623868,0.0,0.004749145014748967
R1015_S+02,1015,2,157788000.0,4.540240345270346,10806364.583528928,179.12480641357214,158.3782326350224,373058064.4423628,0.0,0.005225707237149714
R1015_S+02,1015,2,165677400.0,0.0,6136775.422291771,179.7210140851447,159.03357083043574,373058064.44236284,0.0,0.005274261892810012
R1015_S+02,1015,2,173566800.0,0.0,6124564.141677029,179.72591888971863,159.0410786390052,373058064.4423628,0.0,0.005274840564944763
R1015_S+02,1015,2,181456200.0,0.0,6124340.587162737,179.7259818321967,159.0412111675775,373058064.44236284,0.0,0.005274851268422956
R1015_S+02,1015,2,189345600.0,0.0,6124332.55532198,179.72598351343507,159.04121579673148,373058064.44236284,0.0,0.005274851655505388
R1015_S+02,1015,2,197235000.0,0.0,6124332.402727183,179.72598353455064,159.04121588169298,373058064.44236284,0.0,0.005274851662916437
R1015_S+02,1015,2,205124400.0,0.0,6124332.393429901,179.7259835355678,159.04121588677964,373058064.44236284,0.0,0.005274851663369751
R1015_S+02,1015,2,213013800.0,0.0,6124332.392496996,179.72598353565007,159.04121588728225,373058064.44236284,0.0,0.005274851663415358
R1015_S+02,1015,2,220903200.0,0.0,6124332.392462824,179.7259835356522,159.04121588730027,373058064.44236284,0.0,0.005274851663417035
R1015_S+02,1015,2,228792600.0,0.0,6124332.392461978,179.7259835356522,159.0412158873007,373058064.4423628,0.0,0.005274851663417076
R1015_S+02,1015,2,236682000.0,0.0,6124332.392461915,179.7259835356522,159.04121588730072,373058064.4423628,0.0,0.00527485166341708
R1015_S+02,1015,2,244571400.0,0.0,6124332.392461915,179.7259835356522,159.04121588730072,373058064.4423628,0.0,0.00527485166341708
R1015_S+02,1015,2,252460800.0,0.0,6124332.392461915,179.7259835356522,159.04121588730072,373058064.4423628,0.0,0.00527485166341708
R1015_S+02,1015,2,260350200.0,0.0,6124332.392461915,179.7259835356522,159.04121588730072,373058064.4423628,0.0,0.00527485166341708
R1015_S+02,1015,2,268239600.0,0.0,6124332.392461915,179.7259835356522,159.04121588730072,373058064.4423628,0.0,0.00527485166341708
R1015_S+02,1015,2,276129000.0,0.0,6124332.392461915,179.7259835356522,159.04121588730072,373058064.4423628,0.0,0.00527485166341708
R1015_S+02,1015,2,284018400.0,0.0,6124332.392461915,179.7259835356522,159.04121588730072,373058064.4423628,0.0,0.00527485166341708
R1015_S+02,1015,2,291907800.0,0.0,6124332.392461915,179.7259835356522,159.04121588730072,373058064.4423628,0.0,0.00527485166341708
R1015_S+02,1015,2,299797200.0,0.0,6124332.392461915,179.7259835356522,159.04121588730072,373058064.4423628,0.0,0.00527485166341708
R1015_S+02,1015,2,307686600.0,0.0,6124332.392461915,179.7259835356522,159.04121588730072,373058064.4423628,0.0,0.00527485166341708
R1015_S+02,1015,2,315576000.0,0.0,6124332.392461915,179.7259835356522,159.04121588730072,373058064.4423628,0.0,0.00527485166341708
R1015_S+03,1015,3,0.0,5.609421532177611,0.0,0.0,0.0,0.0,0.0,0.0
R1015_S+03,1015,3,7889400.0,5.609421532177611,6062033.471329272,63.38626928035522,55.47970489944543,44254970.23596209,0.0,0.0006479316827013049
R1015_S+03,1015,3,15778800.0,5.609421532177611,6892811.394346409,90.62986476119573,79.0454287231791,88509940.47192414,0.0,0.0012889502102664376
R1015_S+03,1015,3,23668200.0,5.609421532177611,7715120.4337213375,110.34259731255501,96.43176656809412,132764910.70788598,0.0,0.0019216188414406287
R1015_S+03,1015,3,31557600.0,5.609421532177611,8527983.02885905,124.75530954863862,110.9347815899713,177019880.94384807,0.0,0.002545842195108734
R1015_S+03,1015,3,39447000.0,5.609421532177611,9330975.60986261,138.3238953763712,124.22124404663623,221274851.17981014,0.0,0.00316171974511506
R1015_S+03,1015,3,47336400.0,4.784253818395044,9127883.436350971,150.32366777534435,133.27803151334462,259019743.2546561,0.0,0.003687530132353091
R1015_S+03,1015,3,55225800.0,4.784253818395044,9789462.50711675,162.161102045175,142.69330177340512,296764635.329502,0.0,0.004201145668616008
R1015_S+03,1015,3,63115200.0,4.784253818395044,10447039.504245732,167.99063581823557,152.028680826009,334509527.404348,0.0,0.0047089338158385514
R1015_S+03,1015,3,71004600.0,4.784253818395044,11098803.063735448,179.7679419769816,158.6921730230124,372254419.4791939,0.0,0.005211064769417529
R1015_S+03,1015,3,78894000.0,4.784253818395044,11746223.993835699,184.76914039752575,167.6741779479043,409999311.55403996,0.0,0.00570758747768592
R1015_S+03,1015,3,86783400.0,3.446745965001872,10757596.87550947,194.5330166126025,172.34147832175364,437192069.17032593,0.0,0.006077694057927654
R1015_S+03,1015,3,94672800.0,3.446745965001872,11206486.974100042,198.67547767361216,176.20841181368766,464384826.7866117,0.0,0.006429902951667473
R1015_S+03,1015,3,102562200.0,3.446745965001872,11655420.41050933,201.68059202453557,183.00918986920607,491577584.4028975,0.0,0.006779267330057828
R1015_S+03,1015,3,110451600.0,3.446745965001872,12101825.918051839,207.9696163761183,187.471750476907,518770342.01918316,0.0,0.007125951192915545
R1015_S+03,1015,3,118341000.0,3.446745965001872,12545798.890287317,214.9843889733832,191.11790901600344,545963099.6354687,0.0,0.007469988096543429
R1015_S+03,1015,3,126230400.0,1.596897971998096,10749150.241660483,216.9260106985715,192.98115759751755,558561666.4957507,0.0,0.007653209904080028
R1015_S+03,1015,3,134119800.0,1.596897971998096,10944867.53695935,218.24026266184748,194.9017236443583,571160233.3560325,0.0,0.007811582192476295
R1015_S+03,1015,3,142009200.0,1.596897971998096,11142601.10616672,219.41695339930797,198.1854632468461,583758800.2163141,0.0,0.007969272903710113
R1015_S+03,1015,3,149898600.0,1.596897971998096,11340293.923365444,220.53522556897786,200.75897549479615,596357367.0765961,0.0,0.008126394684389046
R1015_S+03,1015,3,157788000.0,1.596897971998096,11537765.130322218,221.65675995508425,202.8811777655373,608955933.9368777,0.0,0.008282957166307205
R1015_S+03,1015,3,165677400.0,0.0,9845137.819009632,221.82255241421623,203.1931182221824,608955933.9368776,0.0,0.008305099080072117
R1015_S+03,1015,3,173566800.0,0.0,9838609.595412977,221.8249823306136,203.19938445953613,608955933.9368777,0.0,0.00830555570095528
R1015_S+03,1015,3,181456200.0,0.0,9838124.13408906,221.82513042329776,203.19984790556094,608955933.9368777,0.0,0.008305589926718569
R1015_S+03,1015,3,189345600.0,0.0,9838071.33303516,221.8251436796809,203.19989802633336,608955933.9368776,0.0,0.008305593671815152
R1015_S+03,1015,3,197235000.0,0.0,9838068.71866113,221.82514416867414,203.19990048930896,608955933.9368777,0.0,0.00830559385877461
R1015_S+03,1015,3,205124400.0,0.0,9838068.511159446,221.8251441992952,203.1999006837212,608955933.9368777,0.0,0.008305593873698858
R1015_S+03,1015,3,213013800.0,0.0,9838068.492985744,221.8251442014025,203.19990070065884,608955933.9368777,0.0,0.008305593875012472
R1015_S+03,1015,3,220903200.0,0.0,9838068.491555229,221.82514420153137,203.19990070198594,608955933.9368776,0.0,0.008305593875116384
R1015_S+03,1015,3,228792600.0,0.0,9838068.49139889,221.8251442015424,203.19990070213024,608955933.9368777,0.0,0.008305593875127783
R1015_S+03,1015,3,236682000.0,0.0,9838068.491390593,221.8251442015428,203.1999007021379,608955933.9368777,0.0,0.00830559387512839
R1015_S+03,1015,3,244571400.0,0.0,9838068.491389941,221.8251442015428,203.19990070213845,608955933.9368776,0.0,0.008305593875128438
R1015_S+03,1015,3,252460800.0,0.0,9838068.491389848,221.8251442015428,203.19990070213856,608955933.9368777,0.0,0.008305593875128447
R1015_S+03,1015,3,260350200.0,0.0,9838068.491389845,221.8251442015428,203.19990070213854,608955933.9368777,0.0,0.008305593875128447
R1015_S+03,1015,3,268239600.0,0.0,9838068.491389845,221.8251442015428,203.19990070213856,608955933.9368777,0.0,0.008305593875128447
R1015_S+03,1015,3,276129000.0,0.0,9838068.491389845,221.8251442015428,203.19990070213856,608955933.9368777,0.0,0.008305593875128447
R1015_S+03,1015,3,284018400.0,0.0,9838068.491389845,221.8251442015428,203.19990070213856,608955933.9368777,0.0,0.008305593875128447
R1015_S+03,1015,3,291907800.0,0.0,9838068.491389845,221.8251442015428,203.19990070213856,608955933.9368777,0.0,0.008305593875128447
R1015_S+03,1015,3,299797200.0,0.0,9838068.491389845,221.8251442015428,203.19990070213856,608955933.9368777,0.0,0.008305593875128447
R1015_S+03,1015,3,307686600.0,0.0,9838068.491389845,221.8251442015428,203.19990070213856,608955933.9368777,0.0,0.008305593875128447
R1015_S+03,1015,3,315576000.0,0.0,9838068.491389845,221.8251442015428,203.19990070213856,608955933.9368777,0.0,0.008305593875128447
R1016_S+00,1016,0,0.0,2.417052772972811,0.0,0.0,0.0,0.0,0.0,0.0
R1016_S+00,1016,0,7889400.0,2.417052772972811,3089835.1641306356,56.107373274683155,49.28559920577066,19069096.1470917,0.0,0.0002511820693075894
R1016_S+00,1016,0,15778800.0,2.417052772972811,3368453.657639209,79.04556751586122,69.1320123573435,38138192.29418339,0.0,0.0005015647943445115
R1016_S+00,1016,0,23668200.0,2.417052772972811,3663810.599821694,96.65075742236158,84.58490858469658,57207288.44127509,0.0,0.000750745319542992
R1016_S+00,1016,0,31557600.0,2.417052772972811,3967174.3570349775,109.36758591823053,98.33989788365922,76276384.58836676,0.0,0.0009986328809595418
R1016_S+00,1016,0,39447000.0,2.417052772972811,4271607.826545194,121.6415323453522,109.81759997167242,95345480.73545843,0.0,0.0012452375597573563
R1016_S+00,1016,0,47336400.0,2.410505685702149,4567546.346209329,133.43611255929716,120.020389864414,114362924.29223692,0.0,0.0014899159117362426
R1016_S+00,1016,0,55225800.0,2.410505685702149,4870326.79628814,145.4678238500666,127.98927233147072,133380367.84901541,0.0,0.0017332907248010937
R1016_S+00,1016,0,63115200.0,2.410505685702149,5174456.672209926,156.2172039214886,137.78123359137172,152397811.40579402,0.0,0.0019753492764049865
R1016_S+00,1016,0,71004600.0,2.410505685702149,5479223.404284522,162.6378143892631,146.2343051018496,171415254.96257263,0.0,0.002216088779830232
R1016_S+00,1016,0,78894000.0,2.410505685702149,5779938.229781773,173.94812984123922,153.36952983852254,190432698.51935095,0.0,0.0024556299497088888
R1016_S+00,1016,0,86783400.0,1.8499303113524288,5292647.260946602,178.46352286776775,158.7860898663845,205027538.7177348,0.0,0.0026437617462500584
R1016_S+00,1016,0,94672800.0,1.8499303113524288,5516415.913197428,181.7623048678093,165.37998804014597,219622378.91611868,0.0,0.0028262681822587483
R1016_S+00,1016,0,102562200.0,1.8499303113524288,5740643.238489129,191.55182872874948,169.67477612649887,234217219.11450243,0.0,0.0030080293910933723
R1016_S+00,1016,0,110451600.0,1.8499303113524288,5966298.681774203,196.22213116052987,173.4729314715958,248812059.31288633,0.0,0.003189005770980771
R1016_S+00,1016,0,118341000.0,1.8499303113524288,6191749.247475475,199.10957146543728,180.56723156073085,263406899.51127005,0.0,0.0033692423613113616
R1016_S+00,1016,0,126230400.0,0.7353266499236506,4876488.31706509,200.33783546139676,182.82695621278617,269208185.5831777,0.0,0.003453186497472673
R1016_S+00,1016,0,134119800.0,0.7353266499236506,4955692.060048617,201.43695921129313,184.4301980367479,275009471.6550853,0.0,0.003524870360618945
R1016_S+00,1016,0,142009200.0,0.7353266499236506,5039559.659597538,204.10324159451056,185.88757438106492,280810757.726993,0.0,0.0035963106434967252
R1016_S+00,1016,0,149898600.0,0.7353266499236506,5123723.304595735,208.24071480808442,187.2665151377147,286612043.79890066,0.0,0.003667630050470392
R1016_S+00,1016,0,157788000.0,0.7353266499236506,5207958.353071932,211.1694874195208,188.6118639432948,292413329.87080836,0.0,0.0037388340978789297
R1016_S+00,1016,0,165677400.0,0.0,4321217.632783543,211.47571063691328,188.79624073681714,292413329.87080836,0.0,0.003747445870951187
R1016_S+00,1016,0,173566800.0,0.0,4313570.48199847,211.48276739693628,188.80182658212803,292413329.8708083,0.0,0.0037477220452993036
R1016_S+00,1016,0,181456200.0,0.0,4312764.96059297,211.483370406085,188.8023962244243,292413329.8708083,0.0,0.0037477514955744054
R1016_S+00,1016,0,189345600.0,0.0,4312667.839841716,211.48342845119254,188.80246253316596,292413329.87080836,0.0,0.0037477550827137553
R1016_S+00,1016,0,197235000.0,0.0,4312657.422838353,211.48343331031455,188.80246939276114,292413329.87080836,0.0,0.0037477554713757884
R1016_S+00,1016,0,205124400.0,0.0,4312655.7300647795,211.48343393462824,188.8024704719969,292413329.87080836,0.0,0.0037477555350068467
R1016_S+00,1016,0,213013800.0,0.0,4312655.589176912,211.48343397107698,188.80247055809372,292413329.87080836,0.0,0.0037477555403594067
R1016_S+00,1016,0,220903200.0,0.0,4312655.5696298145,211.48343397487633,188.80247056968065,292413329.8708083,0.0,0.0037477555411067854
R1016_S+00,1016,0,228792600.0,0.0,4312655.567391794,211.48343397518042,188.80247057096463,292413329.87080836,0.0,0.0037477555411929192
R1016_S+00,1016,0,236682000.0,0.0,4312655.567252252,211.48343397519156,188.80247057104174,292413329.87080836,0.0,0.003747755541198333
R1016_S+00,1016,0,244571400.0,0.0,4312655.5672362745,211.4834339751922,188.80247057105038,292413329.8708083,0.0,0.003747755541198956
R1016_S+00,1016,0,252460800.0,0.0,4312655.567232791,211.48343397519227,188.80247057105223,292413329.8708083,0.0,0.003747755541199092
R1016_S+00,1016,0,260350200.0,0.0,4312655.567232545,211.48343397519227,188.80247057105237,292413329.8708083,0.0,0.0037477555411991005
R1016_S+00,1016,0,268239600.0,0.0,4312655.567232523,211.48343397519227,188.80247057105237,292413329.8708083,0.0,0.0037477555411991018
R1016_S+00,1016,0,276129000.0,0.0,4312655.567232512,211.48343397519227,188.80247057105237,292413329.8708083,0.0,0.0037477555411991018
R1016_S+00,1016,0,284018400.0,0.0,4312655.567232512,211.48343397519227,188.80247057105237,292413329.8708083,0.0,0.0037477555411991018
R1016_S+00,1016,0,291907800.0,0.0,4312655.567232512,211.48343397519227,188.80247057105237,292413329.8708083,0.0,0.0037477555411991018
R1016_S+00,1016,0,299797200.0,0.0,4312655.567232512,211.48343397519227,188.80247057105237,292413329.8708083,0.0,0.0037477555411991018
R1016_S+00,1016,0,307686600.0,0.0,4312655.567232512,211.48343397519227,188.80247057105237,292413329.8708083,0.0,0.0037477555411991018
R1016_S+00,1016,0,315576000.0,0.0,4312655.567232512,211.48343397519227,188.80247057105237,292413329.8708083,0.0,0.0037477555411991018
R1016_S+01,1016,1,0.0,0.4981345762040607,0.0,0.0,0.0,0.0,0.0,0.0
R1016_S+01,1016,1,7889400.0,0.4981345762040607,614135.0013960879,25.688584410018006,22.337689750550474,3929982.9255043175,0.0,5.2421225082120875e-05
R1016_S+01,1016,1,15778800.0,0.4981345762040607,649765.2757427674,35.54413404827674,31.48730954287826,7859965.851008635,0.0,0.00010480878727234774
R1016_S+01,1016,1,23668200.0,0.4981345762040607,699920.6938868593,43.412526888217364,38.32314362153951,11789948.776512958,0.0,0.00015714339123778387
R1016_S+01,1016,1,31557600.0,0.4981345762040607,755312.023121072,50.09853470619211,44.456777845321994,15719931.702017277,0.0,0.00020941975313960008
R1016_S+01,1016,1,39447000.0,0.4981345762040607,812138.1551039442,56.22954083951002,49.56503554102511,19649914.627521563,0.0,0.0002616387807889279
R1016_S+01,1016,1,47336400.0,0.5527364911266403,934442.4731594194,61.87894834161347,54.77941767887542,24010673.90061608,0.0,0.0003194168783911462
R1016_S+01,1016,1,55225800.0,0.5527364911266403,1000523.2506219931,65.96351267439387,59.62358397061855,28371433.173710577,0.0,0.0003772008139162271
R1016_S+01,1016,1,63115200.0,0.5527364911266403,1065884.2468368374,71.73382066747098,63.42042170861774,32732192.446805075,0.0,0.00043491373250381356
R1016_S+01,1016,1,71004600.0,0.5527364911266403,1131610.0105194375,76.98968609697965,67.86516218261065,37092951.71989961,0.0,0.0004925523399272543
R1016_S+01,1016,1,78894000.0,0.5527364911266403,1197978.5416325834,79.95220561845676,71.91144664878372,41453710.99299413,0.0,0.0005501136474725286
R1016_S+01,1016,1,86783400.0,0.45195469529002147,1144497.0601397976,84.21811747582144,74.80326539695187,45019362.36601524,0.0,0.0005974260074275168
R1016_S+01,1016,1,94672800.0,0.45195469529002147,1197357.606779702,87.27159789997896,76.99160319820736,48585013.73903634,0.0,0.0006444108542296108
R1016_S+01,1016,1,102562200.0,0.45195469529002147,1251207.5945914183,88.89182326928048,80.71503133592508,52150665.11205745,0.0,0.0006913432274507084
R1016_S+01,1016,1,110451600.0,0.45195469529002147,1304623.6671522912,93.22382050256326,83.0329226642969,55716316.485078536,0.0,0.0007382291582019962
R1016_S+01,1016,1,118341000.0,0.45195469529002147,1358336.3728923872,96.18113885157032,85.00053553351121,59281967.858099625,0.0,0.0007850636311551499
R1016_S+01,1016,1,126230400.0,0.19578918869420406,1113150.0825328566,96.83753873727152,86.49331859193931,60826627.08338369,0.0,0.0008062980349592506
R1016_S+01,1016,1,134119800.0,0.19578918869420406,1134003.367767876,97.38273919233924,88.06241199848643,62371286.30866773,0.0,0.0008265923818427453
R1016_S+01,1016,1,142009200.0,0.19578918869420406,1156391.2586567514,97.92333119267005,89.25873488385686,63915945.533951804,0.0,0.0008468687769426833
R1016_S+01,1016,1,149898600.0,0.19578918869420406,1178994.5507575348,98.50568792744754,90.23776794885589,65460604.75923586,0.0,0.0008671354846734293
R1016_S+01,1016,1,157788000.0,0.19578918869420406,1201665.8307004608,99.1618717305985,91.09156117630786,67005263.984519884,0.0,0.0008873931046724568
R1016_S+01,1016,1,165677400.0,0.0,999888.4554796629,99.1912134695294,91.12866479372308,67005263.98451989,0.0,0.000888193186407578
R1016_S+01,1016,1,173566800.0,0.0,998604.9079429545,99.1915355721598,91.12918982230084,67005263.98451989,0.0,0.0008882050849452466
R1016_S+01,1016,1,181456200.0,0.0,998504.1717585567,99.19155549987451,91.12922978921215,67005263.984519884,0.0,0.000888206031385218
R1016_S+01,1016,1,189345600.0,0.0,998495.6781964004,99.19155678508342,91.12923304803718,67005263.984519884,0.0,0.0008882061121350814
R1016_S+01,1016,1,197235000.0,0.0,998494.9576653279,99.19155686627072,91.12923331535211,67005263.984519884,0.0,0.0008882061190610686
R1016_S+01,1016,1,205124400.0,0.0,998494.8925445154,99.1915568716256,91.12923333875553,67005263.98451989,0.0,0.0008882061196931865
R1016_S+01,1016,1,213013800.0,0.0,998494.8868695851,99.19155687195818,91.12923334073588,67005263.98451989,0.0,0.0008882061197487529
R1016_S+01,1016,1,220903200.0,0.0,998494.8863077872,99.19155687198146,91.12923334092706,67005263.98451988,0.0,0.0008882061197542926
R1016_S+01,1016,1,228792600.0,0.0,998494.8862586841,99.19155687198277,91.12923334094337,67005263.98451989,0.0,0.0008882061197547798
R1016_S+01,1016,1,236682000.0,0.0,998494.8862520996,99.19155687198284,91.12923334094552,67005263.98451989,0.0,0.0008882061197548455
R1016_S+01,1016,1,244571400.0,0.0,998494.8862516824,99.19155687198284,91.12923334094563,67005263.98451989,0.0,0.0008882061197548496
R1016_S+01,1016,1,252460800.0,0.0,998494.8862516377,99.19155687198284,91.12923334094563,67005263.984519884,0.0,0.0008882061197548499
R1016_S+01,1016,1,260350200.0,0.0,998494.8862516358,99.19155687198284,91.12923334094563,67005263.98451989,0.0,0.0008882061197548499
R1016_S+01,1016,1,268239600.0,0.0,998494.8862516358,99.19155687198284,91.12923334094563,67005263.98451989,0.0,0.0008882061197548499
R1016_S+01,1016,1,276129000.0,0.0,998494.8862516358,99.19155687198284,91.12923334094562,67005263.98451989,0.0,0.0008882061197548501
R1016_S+01,1016,1,284018400.0,0.0,998494.8862516321,99.19155687198284,91.12923334094562,67005263.98451989,0.0,0.0008882061197548501
R1016_S+01,1016,1,291907800.0,0.0,998494.8862516321,99.19155687198284,91.12923334094562,67005263.98451989,0.0,0.0008882061197548501
R1016_S+01,1016,1,299797200.0,0.0,998494.8862516321,99.19155687198284,91.12923334094562,67005263.98451989,0.0,0.0008882061197548501
R1016_S+01,1016,1,307686600.0,0.0,998494.8862516321,99.19155687198284,91.12923334094562,67005263.98451989,0.0,0.0008882061197548501
R1016_S+01,1016,1,315576000.0,0.0,998494.8862516321,99.19155687198284,91.12923334094562,67005263.98451989,0.0,0.0008882061197548501
R1016_S+02,1016,2,0.0,6.660291871800184,0.0,0.0,0.0,0.0,0.0,0.0
R1016_S+02,1016,2,7889400.0,6.660291871800184,9610882.119070545,93.25021338533497,81.98582885681078,52545706.69338034,0.0,0.0006761242614249489
R1016_S+02,1016,2,15778800.0,6.660291871800184,10497893.255945489,131.10789809038698,114.7756787516313,105091413.38676073,0.0,0.0013466004653420465
R1016_S+02,1016,2,23668200.0,6.660291871800184,11404076.06475116,160.16680535034084,140.26305343379937,157637120.08014113,0.0,0.0020086404079668017
R1016_S+02,1016,2,31557600.0,6.660291871800184,12315885.941168971,181.08921717248847,162.76331632622927,210182826.77352136,0.0,0.002661782822125548
R1016_S+02,1016,2,39447000.0,6.660291871800184,13221186.718924992,201.18738339766102,181.58434905159015,262728533.46690184,0.0,0.0033061343239262123
R1016_S+02,1016,2,47336400.0,4.210973333404407,10100443.118454948,217.3987391822363,191.08230904100816,295950586.4834627,0.0,0.003737742289310283
R1016_S+02,1016,2,55225800.0,4.210973333404407,10622239.123004548,223.84755799855037,203.0574630064761,329172639.500023,0.0,0.004139500524566412
R1016_S+02,1016,2,63115200.0,4.210973333404407,11148548.603460498,239.37428235597088,210.63077232009306,362394692.5165838,0.0,0.00453773315308913
R1016_S+02,1016,2,71004600.0,4.210973333404407,11681578.334684681,244.92871110646763,221.65741496391513,395616745.5331441,0.0,0.004932172179873006
R1016_S+02,1016,2,78894000.0,4.210973333404407,12205582.381841563,258.91677557783424,229.31442813505893,428838798.5497049,0.0,0.005323500042376935
R1016_S+02,1016,2,86783400.0,2.8315837653684564,10543574.505373988,264.99283552158175,233.83279173234422,451178295.5082028,0.0,0.0056054410570516985
R1016_S+02,1016,2,94672800.0,2.8315837653684564,10873163.06533802,268.2717623647516,240.9501567411548,473517792.46670055,0.0,0.005866045077910648
R1016_S+02,1016,2,102562200.0,2.8315837653684564,11209653.924597982,271.328483241694,247.12322236691048,495857289.4251987,0.0,0.006124874561686831
R1016_S+02,1016,2,110451600.0,2.8315837653684564,11545164.135139469,277.7800659364175,251.6093572219694,518196786.3836967,0.0,0.0063822400312856745
R1016_S+02,1016,2,118341000.0,2.8315837653684564,11879769.520241886,287.583199527636,255.45880404135286,540536283.3421946,0.0,0.006638139663486244
R1016_S+02,1016,2,126230400.0,2.5221231676923312,11727338.268658336,292.1403584183259,258.7981663600811,560434321.8613864,0.0,0.00686999047399002
R1016_S+02,1016,2,134119800.0,2.5221231676923312,12020036.622541979,295.057387528154,264.27359713018825,580332360.380578,0.0,0.007095692112155683
R1016_S+02,1016,2,142009200.0,2.5221231676923312,12314065.26408403,297.45238837635355,270.1996249353284,600230398.8997695,0.0,0.0073201594523624805
R1016_S+02,1016,2,149898600.0,2.5221231676923312,12607650.031465515,299.84655991193114,274.460912047996,620128437.4189615,0.0,0.007543474735158804
R1016_S+02,1016,2,157788000.0,2.5221231676923312,12899790.085039772,302.5676401826988,277.91551994305973,640026475.938153,0.0,0.007765720598219306
R1016_S+02,1016,2,165677400.0,0.0,9338674.624459315,303.2032598059899,278.635143744584,640026475.938153,0.0,0.007809659707721375
R1016_S+02,1016,2,173566800.0,0.0,9297171.243895434,303.235310820765,278.6782624302455,640026475.938153,0.0,0.007812465242210791
R1016_S+02,1016,2,181456200.0,0.0,9293574.87335397,303.23742035894185,278.6818288285306,640026475.9381529,0.0,0.007812712318924659
R1016_S+02,1016,2,189345600.0,0.0,9293266.96822925,303.2375536650855,278.68211955986436,640026475.938153,0.0,0.007812733770376614
R1016_S+02,1016,2,197235000.0,0.0,9293221.84190683,303.23756933043484,278.6821607730891,640026475.9381529,0.0,0.007812736942766081
R1016_S+02,1016,2,205124400.0,0.0,9293214.251971472,303.2375714354454,278.68216748673075,640026475.9381529,0.0,0.007812737480306121
R1016_S+02,1016,2,213013800.0,0.0,9293213.164383493,303.2375716724946,278.6821684200433,640026475.938153,0.0,0.007812737557976821
R1016_S+02,1016,2,220903200.0,0.0,9293212.891115539,303.2375717210744,278.6821686487565,640026475.938153,0.0,0.007812737577575354
R1016_S+02,1016,2,228792600.0,0.0,9293212.864748362,303.237571724182,278.6821686699247,640026475.938153,0.0,0.007812737579484062
R1016_S+02,1016,2,236682000.0,0.0,9293212.861569293,303.2375717244454,278.68216867240193,640026475.938153,0.0,0.00781273757971568
R1016_S+02,1016,2,244571400.0,0.0,9293212.861080583,303.2375717244758,278.6821686727751,640026475.938153,0.0,0.007812737579751464
R1016_S+02,1016,2,252460800.0,0.0,9293212.860979017,303.23757172448063,278.6821686728513,640026475.938153,0.0,0.007812737579758916
R1016_S+02,1016,2,260350200.0,0.0,9293212.860966507,303.2375717244811,278.6821686728605,640026475.938153,0.0,0.00781273757975984
R1016_S+02,1016,2,268239600.0,0.0,9293212.86096457,303.23757172448114,278.68216867286196,640026475.938153,0.0,0.007812737579759985
R1016_S+02,1016,2,276129000.0,0.0,9293212.860964186,303.23757172448114,278.68216867286225,640026475.9381529,0.0,0.007812737579760013
R1016_S+02,1016,2,284018400.0,0.0,9293212.860964127,303.23757172448114,278.68216867286225,640026475.9381529,0.0,0.007812737579760018
R1016_S+02,1016,2,291907800.0,0.0,9293212.86096412,303.23757172448114,278.68216867286225,640026475.9381529,0.0,0.007812737579760018
R1016_S+02,1016,2,299797200.0,0.0,9293212.86096412,303.23757172448114,278.68216867286225,640026475.9381529,0.0,0.007812737579760018
R1016_S+02,1016,2,307686600.0,0.0,9293212.86096412,303.23757172448114,278.68216867286225,640026475.9381529,0.0,0.007812737579760018
R1016_S+02,1016,2,315576000.0,0.0,9293212.86096412,303.23757172448114,278.68216867286225,640026475.9381529,0.0,0.007812737579760018
R1016_S+03,1016,3,0.0,0.09852201863110809,0.0,0.0,0.0,0.0,0.0,0.0
R1016_S+03,1016,3,7889400.0,0.09852201863110809,140118.25704065524,11.578297819925297,10.144691527022436,777279.6137882634,0.0,1.0400500374076461e-05
R1016_S+03,1016,3,15778800.0,0.09852201863110809,141335.84701935388,15.906859790463649,14.238863139344378,1554559.2275765273,0.0,2.080013748384659e-05
R1016_S+03,1016,3,23668200.0,0.09852201863110809,148235.54754302464,19.40234512241097,17.294085521722117,2331838.841364797,0.0,3.1197639025180285e-05
R1016_S+03,1016,3,31557600.0,0.09852201863110809,157151.08937510662,22.688223139171207,19.90166324548917,3109118.455153076,0.0,4.1592841383433084e-05
R1016_S+03,1016,3,39447000.0,0.09852201863110809,166566.49976327643,25.31222393852152,22.160089127968465,3886398.0689413254,0.0,5.1985757274443224e-05
R1016_S+03,1016,3,47336400.0,0.1438064574668321,230004.0980496388,28.57088607636646,24.994306517477604,5020944.734480163,0.0,6.713082420118708e-05
R1016_S+03,1016,3,55225800.0,0.1438064574668321,244418.05384740047,31.568115574993925,27.62896379561836,6155491.400018992,0.0,8.228731839352398e-05
R1016_S+03,1016,3,63115200.0,0.1438064574668321,259754.80423243716,34.36824696724405,30.154874065919007,7290038.065557804,0.0,9.743873935804243e-05
R1016_S+03,1016,3,71004600.0,0.1438064574668321,275667.1184886843,35.93597108319789,32.52586770148825,8424584.731096625,0.0,0.00011258496875493259
R1016_S+03,1016,3,78894000.0,0.1438064574668321,291297.06046998873,38.88840564581749,34.19435083152426,9559131.396635473,0.0,0.00012772655730220478
R1016_S+03,1016,3,86783400.0,0.26404219516283833,443841.3017023746,42.94103795009235,37.733767787027354,11642265.891153168,0.0,0.00015540051026177306
R1016_S+03,1016,3,94672800.0,0.26404219516283833,474222.1431796793,46.819130429864835,41.13704800273855,13725400.385670858,0.0,0.00018315278165172765
R1016_S+03,1016,3,102562200.0,0.26404219516283833,505015.6169515848,48.841659465472105,44.385311798184794,15808534.88018854,0.0,0.000210887789588729
R1016_S+03,1016,3,110451600.0,0.26404219516283833,535476.8839629386,52.81270848426662,46.670687963776935,17891669.37470624,0.0,0.00023860689262521315
R1016_S+03,1016,3,118341000.0,0.26404219516283833,566350.2475062609,55.668111279297726,49.70632089222707,19974803.869223937,0.0,0.000266308107488642
R1016_S+03,1016,3,126230400.0,0.45922923171912683,821872.9727784712,59.687043586598165,54.24754868630817,23597846.969948813,0.0,0.0003141080740438881
R1016_S+03,1016,3,134119800.0,0.45922923171912683,879154.8225545958,64.90912820793622,57.983037255010686,27220890.070673704,0.0,0.00036214876358167794
R1016_S+03,1016,3,142009200.0,0.45922923171912683,934121.1388944704,69.87018031163595,61.64646890809721,30843933.171398588,0.0,0.0004101407862861407
R1016_S+03,1016,3,149898600.0,0.45922923171912683,989424.426020978,72.40605159740218,65.5358356763166,34466976.27212348,0.0,0.00045807821205112585
R1016_S+03,1016,3,157788000.0,0.45922923171912683,1043873.4228912592,77.52380495364909,68.41939288237475,38090019.37284836,0.0,0.0005059684136930175
R1016_S+03,1016,3,165677400.0,0.0,571376.5825924072,77.62196293428858,68.49042762602976,38090019.37284836,0.0,0.0005071488687818705
R1016_S+03,1016,3,173566800.0,0.0,569783.7422826588,77.62243651602331,68.49088231308333,38090019.37284836,0.0,0.0005071573167455448
R1016_S+03,1016,3,181456200.0,0.0,569707.5484379455,77.62245304611848,68.49090215044093,38090019.37284836,0.0,0.0005071577253397863
R1016_S+03,1016,3,189345600.0,0.0,569701.1998009775,77.62245409579295,68.49090367964997,38090019.37284836,0.0,0.0005071577596602618
R1016_S+03,1016,3,197235000.0,0.0,569700.6919876579,77.62245415800355,68.49090379238918,38090019.37284836,0.0,0.000507157762426565
R1016_S+03,1016,3,205124400.0,0.0,569700.6444937941,77.62245416226284,68.49090380213542,38090019.37284836,0.0,0.000507157762686996
R1016_S+03,1016,3,213013800.0,0.0,569700.6406491268,77.62245416250929,68.49090380286606,38090019.37284837,0.0,0.0005071577627082051
R1016_S+03,1016,3,220903200.0,0.0,569700.6400984786,77.62245416253535,68.49090380296445,38090019.37284837,0.0,0.0005071577627112555
R1016_S+03,1016,3,228792600.0,0.0,569700.6400742866,77.62245416253631,68.49090380296848,38090019.37284836,0.0,0.0005071577627113904
R1016_S+03,1016,3,236682000.0,0.0,569700.6400722098,77.62245416253633,68.4909038029688,38090019.37284836,0.0,0.0005071577627114019
R1016_S+03,1016,3,244571400.0,0.0,569700.6400719453,77.62245416253633,68.49090380296883,38090019.37284836,0.0,0.0005071577627114034
R1016_S+03,1016,3,252460800.0,0.0,569700.6400719322,77.62245416253633,68.49090380296883,38090019.37284836,0.0,0.0005071577627114035
R1016_S+03,1016,3,260350200.0,0.0,569700.6400719285,77.62245416253633,68.49090380296883,38090019.37284836,0.0,0.0005071577627114035
R1016_S+03,1016,3,268239600.0,0.0,569700.6400719285,77.62245416253633,68.49090380296883,38090019.37284836,0.0,0.0005071577627114035
R1016_S+03,1016,3,276129000.0,0.0,569700.6400719285,77.62245416253633,68.49090380296883,38090019.37284836,0.0,0.0005071577627114035
R1016_S+03,1016,3,284018400.0,0.0,569700.6400719285,77.62245416253633,68.49090380296883,38090019.37284836,0.0,0.0005071577627114035
R1016_S+03,1016,3,291907800.0,0.0,569700.6400719285,77.62245416253633,68.49090380296883,38090019.37284836,0.0,0.0005071577627114035
R1016_S+03,1016,3,299797200.0,0.0,569700.6400719285,77.62245416253633,68.49090380296883,38090019.37284836,0.0,0.0005071577627114035
R1016_S+03,1016,3,307686600.0,0.0,569700.6400719285,77.62245416253633,68.49090380296883,38090019.37284836,0.0,0.0005071577627114035
R1016_S+03,1016,3,315576000.0,0.0,569700.6400719285,77.62245416253633,68.49090380296883,38090019.37284836,0.0,0.0005071577627114035
R1017_S+00,1017,0,0.0,1.9805653846958944,0.0,0.0,0.0,0.0,0.0,0.0
R1017_S+00,1017,0,7889400.0,1.9805653846958944,1655059.9266271442,46.92693311691188,40.245781620816516,15625472.546019785,0.0,5.864335258604338e-05
R1017_S+00,1017,0,15778800.0,1.9805653846958944,1710371.6138793267,65.92353265049044,56.750959505204335,31250945.092039585,0.0,0.00011727562983561329
R1017_S+00,1017,0,23668200.0,1.9805653846958944,1763938.2737174574,81.41116700755009,69.83673921067454,46876417.63805938,0.0,0.00017586872921298422
R1017_S+00,1017,0,31557600.0,1.9805653846958944,1822283.9124297574,92.54385979464617,80.5151326260517,62501890.18407916,0.0,0.00023440399887739968
R1017_S+00,1017,0,39447000.0,1.9805653846958944,1883138.9546096511,103.3532637370863,89.9730086971768,78127362.73009889,0.0,0.00029287663977267236
R1017_S+00,1017,0,47336400.0,8.623321459948574,8301472.073631559,142.02764988205803,122.130206144358,146160195.05621707,0.0,0.0005341047007978392
R1017_S+00,1017,0,55225800.0,8.623321459948574,8717812.60806214,173.4718366313448,149.09691270698497,214193027.38233498,0.0,0.0007813237588478594
R1017_S+00,1017,0,63115200.0,8.623321459948574,9052300.629175141,197.82389624416635,170.2087280167922,282225859.708453,0.0,0.0010277772688192586
R1017_S+00,1017,0,71004600.0,8.623321459948574,9375747.456594832,220.5091705511869,189.69636703062682,350258692.0345713,0.0,0.0012731837597432395
R1017_S+00,1017,0,78894000.0,8.623321459948574,9698603.943952583,241.90111557598024,208.1778283517103,418291524.3606903,0.0,0.0015174533121837946
R1017_S+00,1017,0,86783400.0,12.415711495237328,14133996.996344522,266.32905089899697,230.39186841577262,516244038.6312143,0.0,0.0018489130717087823
R1017_S+00,1017,0,94672800.0,12.415711495237328,14733508.538123332,283.27650943764434,251.42588224317564,614196552.9017401,0.0,0.0021920381482012797
R1017_S+00,1017,0,102562200.0,12.415711495237328,15249431.75127463,309.63513291865036,267.5032992365205,712149067.1722684,0.0,0.0025337196113965985
R1017_S+00,1017,0,110451600.0,12.415711495237328,15741669.351815842,332.43608912436287,287.9660141251447,810101581.4427922,0.0,0.0028733881116189603
R1017_S+00,1017,0,118341000.0,12.415711495237328,16238532.325221904,347.30551537844406,301.53405943118486,908054095.7133155,0.0,0.0032104770389492485
R1017_S+00,1017,0,126230400.0,13.35773549056216,17788508.37992447,369.510639894198,321.1213329699041,1013438614.0925608,0.0,0.003564047945950797
R1017_S+00,1017,0,134119800.0,13.35773549056216,18355514.038160164,385.6828548586625,333.5551979136536,1118823132.4718037,0.0,0.00392004255750991
R1017_S+00,1017,0,142009200.0,13.35773549056216,18884410.027292505,395.4006015671404,352.5372210499065,1224207650.8510427,0.0,0.004274307914474937
R1017_S+00,1017,0,149898600.0,13.35773549056216,19411514.73166556,422.7161916572685,364.93070008490406,1329592169.230286,0.0,0.004625770190021898
R1017_S+00,1017,0,157788000.0,13.35773549056216,19934312.66224639,432.72487530098505,376.2751466145418,1434976687.6095269,0.0,0.004974670052647354
R1017_S+00,1017,0,165677400.0,0.0,6807029.661655873,435.3982618757205,383.693869691255,1434976687.609527,0.0,0.005083648361999094
R1017_S+00,1017,0,173566800.0,0.0,6366502.978149876,435.8419017352086,384.79652145437905,1434976687.6095266,0.0,0.005104055956081158
R1017_S+00,1017,0,181456200.0,0.0,6229258.271279432,435.96565764153684,385.1091571488696,1434976687.6095269,0.0,0.005110527432423627
R1017_S+00,1017,0,189345600.0,0.0,6181242.97646077,436.00331780623605,385.20828413620177,1434976687.6095269,0.0,0.0051128156798128065
R1017_S+00,1017,0,197235000.0,0.0,6165911.470461935,436.013454207728,385.2363547235891,1434976687.6095266,0.0,0.0051135529839625585
R1017_S+00,1017,0,205124400.0,0.0,6159202.208001468,436.01726117761774,385.2473534472504,1434976687.6095269,0.0,0.005113877895243121
R1017_S+00,1017,0,213013800.0,0.0,6157128.292013753,436.01817345021993,385.2501580217783,1434976687.6095269,0.0,0.005113979319718799
R1017_S+00,1017,0,220903200.0,0.0,6156467.254871018,436.01839697948674,385.2508802054594,1434976687.6095269,0.0,0.005114011927692512
R1017_S+00,1017,0,228792600.0,0.0,6156230.4549905695,436.0184598473083,385.2510896384796,1434976687.609527,0.0,0.005114023688227543
R1017_S+00,1017,0,236682000.0,0.0,6156138.16765359,436.01847907435763,385.25115461879676,1434976687.6095269,0.0,0.005114028298696163
R1017_S+00,1017,0,244571400.0,0.0,6156105.838862222,436.01848422352464,385.25117184574714,1434976687.609527,0.0,0.005114029922539591
R1017_S+00,1017,0,252460800.0,0.0,6156090.318921223,436.0184862066611,385.25117825815107,1434976687.609527,0.0,0.005114030705142264
R1017_S+00,1017,0,260350200.0,0.0,6156085.277865045,436.01848665584464,385.25117952245114,1434976687.609527,0.0,0.005114030960644957
R1017_S+00,1017,0,268239600.0,0.0,6156083.410642233,436.01848677942587,385.25117978713024,1434976687.609527,0.0,0.005114031055603206
R1017_S+00,1017,0,276129000.0,0.0,6156082.579283301,436.0184868214802,385.25117983714694,1434976687.609527,0.0,0.005114031097992834
R1017_S+00,1017,0,284018400.0,0.0,6156082.286114987,436.01848683185597,385.25117982890123,1434976687.609527,0.0,0.005114031112982293
R1017_S+00,1017,0,291907800.0,0.0,6156082.179609984,436.0184868346049,385.2511798191959,1434976687.609527,0.0,0.005114031118437885
R1017_S+00,1017,0,299797200.0,0.0,6156082.124627322,436.018486835723,385.25117981201873,1434976687.609527,0.0,0.0051140311212580485
R1017_S+00,1017,0,307686600.0,0.0,6156082.106377598,436.0184868359673,385.25117980862166,1434976687.6095269,0.0,0.005114031122195672
R1017_S+00,1017,0,315576000.0,0.0,6156082.09882519,436.01848683603953,385.25117980695137,1434976687.609527,0.0,0.005114031122584128
R1017_S+01,1017,1,0.0,5.195838023678378,0.0,0.0,0.0,0.0,0.0,0.0
R1017_S+01,1017,1,7889400.0,5.195838023678378,4617154.461139992,74.7393935873524,65.75719388384914,40992044.504008204,0.0,0.00015173024004095663
R1017_S+01,1017,1,15778800.0,5.195838023678378,4796030.5052722655,106.20221914251535,93.26682498302367,81984089.00801636,0.0,0.0003033932106284266
R1017_S+01,1017,1,23668200.0,5.195838023678378,4960076.24430605,129.6170955129517,113.72753110456178,122976133.51202461,0.0,0.0004547887948483378
R1017_S+01,1017,1,31557600.0,5.195838023678378,5127881.6571942195,152.06640794868005,131.65201794569813,163968178.01603281,0.0,0.0006058280665702771
R1017_S+01,1017,1,39447000.0,5.195838023678378,5303913.911642447,169.58538572453446,147.01552574007295,204960222.52004078,0.0,0.0007564423426815947
R1017_S+01,1017,1,47336400.0,3.694770715182328,4091673.3646769673,179.3355690214508,155.82533247124144,234109746.60040036,0.0,0.0008673830549958523
R1017_S+01,1017,1,55225800.0,3.694770715182328,4190091.4505472295,192.92037821856778,166.20003179794233,263259270.6807597,0.0,0.0009746155017454921
R1017_S+01,1017,1,63115200.0,3.694770715182328,4315431.8160182275,199.8714946562381,173.2239447437561,292408794.761119,0.0,0.0010814265500622303
R1017_S+01,1017,1,71004600.0,3.694770715182328,4441731.5295333825,210.45649671702313,183.42712898777097,321558318.8414786,0.0,0.0011880079874081416
R1017_S+01,1017,1,78894000.0,3.694770715182328,4573023.671861745,220.2668875476881,189.7898930267771,350707842.9218381,0.0,0.001294302872375408
R1017_S+01,1017,1,86783400.0,1.9458654782336906,3178123.2262153365,222.98090171830893,193.4758421136133,366059554.0258151,0.0,0.0013569592783919302
R1017_S+01,1017,1,94672800.0,1.9458654782336906,3208337.0427714773,225.22251878526313,199.1444606701418,381411265.1297919,0.0,0.0014134453003449888
R1017_S+01,1017,1,102562200.0,1.9458654782336906,3268016.7254932597,227.7560633800189,203.1768950144663,396762976.23376894,0.0,0.0014695143083227273
R1017_S+01,1017,1,110451600.0,1.9458654782336906,3333134.127520971,237.08119148237768,206.41902983884333,412114687.3377459,0.0,0.0015254521269505877
R1017_S+01,1017,1,118341000.0,1.9458654782336906,3399126.0973660015,242.12539215622348,209.29857658150044,427466398.4417229,0.0,0.0015813136612054595
R1017_S+01,1017,1,126230400.0,0.13481995662408575,1951871.8863386214,242.71804159928345,209.7927313556264,428530047.0075129,0.0,0.0015930418728929766
R1017_S+01,1017,1,134119800.0,0.13481995662408575,1912300.7553279474,242.7511553747623,209.85912173907397,429593695.57330304,0.0,0.0015975285629822283
R1017_S+01,1017,1,142009200.0,0.13481995662408575,1910155.940730773,242.75517850831898,209.90279998870668,430657344.1390931,0.0,0.0016015344717617282
R1017_S+01,1017,1,149898600.0,0.13481995662408575,1915666.8274226934,242.7557159998946,209.94688165224642,431720992.7048831,0.0,0.0016054586566318072
R1017_S+01,1017,1,157788000.0,0.13481995662408575,1922215.6493358016,242.75578828966167,209.99470581321432,432784641.27067316,0.0,0.0016093657954525445
R1017_S+01,1017,1,165677400.0,0.0,1864422.8007339276,242.7557975968058,210.00405816997377,432784641.27067316,0.0,0.0016099955539633681
R1017_S+01,1017,1,173566800.0,0.0,1859817.5208735168,242.75579907597898,210.00508155146727,432784641.27067316,0.0,0.0016100717307971951
R1017_S+01,1017,1,181456200.0,0.0,1858523.2805726714,242.75579939133561,210.00534289692223,432784641.27067316,0.0,0.0016100933745916294
R1017_S+01,1017,1,189345600.0,0.0,1858086.2238279842,242.75579946598452,210.005422487753,432784641.27067316,0.0,0.0016101007197097943
R1017_S+01,1017,1,197235000.0,0.0,1857953.3755385391,242.75579948109038,210.00544420332352,432784641.27067316,0.0,0.0016101029615350848
R1017_S+01,1017,1,205124400.0,0.0,1857893.9473681673,242.75579948595822,210.0054531739431,432784641.2706732,0.0,0.0016101039660363946
R1017_S+01,1017,1,213013800.0,0.0,1857876.7720180415,242.75579948675124,210.00545547082203,432784641.2706732,0.0,0.0016101042571649328
R1017_S+01,1017,1,220903200.0,0.0,1857871.993439518,242.75579948687653,210.00545604849418,432784641.2706732,0.0,0.0016101043383466105
R1017_S+01,1017,1,228792600.0,0.0,1857870.2281159945,242.75579948690614,210.00545624799804,432784641.27067316,0.0,0.0016101043683662104
R1017_S+01,1017,1,236682000.0,0.0,1857869.7669283077,242.75579948691018,210.00545629628346,432784641.27067316,0.0,0.001610104376220105
R1017_S+01,1017,1,244571400.0,0.0,1857869.6200793684,242.7557994869111,210.00545631100488,432784641.27067316,0.0,0.0016101043787239077
R1017_S+01,1017,1,252460800.0,0.0,1857869.5549430326,242.7557994869114,210.00545631734215,432784641.27067316,0.0,0.0016101043798343755
R1017_S+01,1017,1,260350200.0,0.0,1857869.5364851132,242.75579948691143,210.00545631907178,432784641.27067316,0.0,0.0016101043801492784
R1017_S+01,1017,1,268239600.0,0.0,1857869.5303895622,242.75579948691143,210.0054563196301,432784641.27067316,0.0,0.0016101043802533377
R1017_S+01,1017,1,276129000.0,0.0,1857869.528009832,242.75579948691143,210.0054563198443,432784641.27067316,0.0,0.0016101043802939606
R1017_S+01,1017,1,284018400.0,0.0,1857869.5272373147,242.75579948691143,210.0054563199127,432784641.27067316,0.0,0.0016101043803071504
R1017_S+01,1017,1,291907800.0,0.0,1857869.5270029567,242.75579948691143,210.0054563199332,432784641.27067316,0.0,0.0016101043803111526
R1017_S+01,1017,1,299797200.0,0.0,1857869.526926864,242.75579948691143,210.00545631993975,432784641.27067316,0.0,0.0016101043803124525
R1017_S+01,1017,1,307686600.0,0.0,1857869.5268952027,242.75579948691143,210.00545631994248,432784641.27067316,0.0,0.0016101043803129933
R1017_S+01,1017,1,315576000.0,0.0,1857869.5268856958,242.75579948691143,210.0054563199433,432784641.27067316,0.0,0.0016101043803131555
R1017_S+02,1017,2,0.0,13.48356944838851,0.0,0.0,0.0,0.0,0.0,0.0
R1017_S+02,1017,2,7889400.0,13.48356944838851,13563617.900324568,123.09033556251973,106.21898105980677,106377272.80611637,0.0,0.00038197393882599337
R1017_S+02,1017,2,15778800.0,13.48356944838851,14164547.054504275,174.29965361783553,149.80253730905258,212754545.61223248,0.0,0.0007635179457667963
R1017_S+02,1017,2,23668200.0,13.48356944838851,14671936.385264143,212.0484939115458,183.83903240590348,319131818.4183488,0.0,0.0011434912376562256
R1017_S+02,1017,2,31557600.0,13.48356944838851,15182217.829687562,245.0342486795942,210.70519645175517,425509091.22446495,0.0,0.0015211733456255172
R1017_S+02,1017,2,39447000.0,13.48356944838851,15699975.339202955,273.41953574131537,235.19218465101227,531886364.0305826,0.0,0.0018963128555556752
R1017_S+02,1017,2,47336400.0,8.073473357472313,10283749.07999532,283.412164204476,251.6810126783841,595581224.7370245,0.0,0.002147962258212183
R1017_S+02,1017,2,55225800.0,8.073473357472313,10433827.169566222,305.0698547379426,262.67598437249825,659276085.4434665,0.0,0.0023749462250677615
R1017_S+02,1017,2,63115200.0,8.073473357472313,10703285.751720216,312.8120645409336,274.78770031098264,722970946.1499088,0.0,0.0025990563152136106
R1017_S+02,1017,2,71004600.0,8.073473357472313,10990008.30196987,329.88188662082814,287.05349294371547,786665806.856351,0.0,0.002821902022600408
R1017_S+02,1017,2,78894000.0,8.073473357472313,11288290.876290873,342.6124091180607,295.5967617872553,850360667.5627915,0.0,0.0030434801258188977
R1017_S+02,1017,2,86783400.0,5.7331059376752345,9216241.006881397,347.6794899220246,303.5603525382115,895591433.547487,0.0,0.003216183248457683
R1017_S+02,1017,2,94672800.0,5.7331059376752345,9346761.124970704,352.10900939325535,313.19535974892585,940822199.5321825,0.0,0.0033748678222417154
R1017_S+02,1017,2,102562200.0,5.7331059376752345,9535611.118321557,364.66244408086425,319.8987019804545,986052965.5168779,0.0,0.0035315511802489945
R1017_S+02,1017,2,110451600.0,5.7331059376752345,9736974.195364535,376.02063629637854,325.4122509794508,1031283731.5015726,0.0,0.003687388237094234
R1017_S+02,1017,2,118341000.0,5.7331059376752345,9939920.91571417,382.1211578784149,330.4749358648513,1076514497.4862683,0.0,0.003842672624254331
R1017_S+02,1017,2,126230400.0,6.462467188997275,10870209.12836767,386.6611681063332,336.1000550927741,1127499486.1271434,0.0,0.004011451865599931
R1017_S+02,1017,2,134119800.0,6.462467188997275,11125531.684206739,390.85317292297646,346.77905838508053,1178484474.7680182,0.0,0.004184289557169413
R1017_S+02,1017,2,142009200.0,6.462467188997275,11363461.61546097,395.5565442281029,354.22660536800214,1229469463.4088938,0.0,0.004356980712577154
R1017_S+02,1017,2,149898600.0,6.462467188997275,11597778.517955884,412.0956029505797,360.1940549546902,1280454452.049768,0.0,0.004529104411258546
R1017_S+02,1017,2,157788000.0,6.462467188997275,11830144.27334673,421.60645600928535,365.50931472460104,1331439440.6906414,0.0,0.004700636895725196
R1017_S+02,1017,2,165677400.0,0.0,6023522.1303890385,423.6943401007782,367.2067928006852,1331439440.6906414,0.0,0.0047523869834441256
R1017_S+02,1017,2,173566800.0,0.0,5809168.619156621,423.99157847275416,367.48870929445195,1331439440.6906414,0.0,0.0047618189313853405
R1017_S+02,1017,2,181456200.0,0.0,5741903.754889719,424.0718249986481,367.5712057452511,1331439440.6906414,0.0,0.004764832756214775
R1017_S+02,1017,2,189345600.0,0.0,5719361.65878658,424.09450464536974,367.59642201664593,1331439440.6906414,0.0,0.00476585585576275
R1017_S+02,1017,2,197235000.0,0.0,5711799.881317802,424.10077379104337,367.60399501118894,1331439440.6906414,0.0,0.004766203073128691
R1017_S+02,1017,2,205124400.0,0.0,5709094.508081652,424.1025961760744,367.6063932242663,1331439440.6906414,0.0,0.004766328609469479
R1017_S+02,1017,2,213013800.0,0.0,5708173.559327766,424.1030878786278,367.6071037242956,1331439440.6906414,0.0,0.004766371795915823
R1017_S+02,1017,2,220903200.0,0.0,5707803.972136769,424.1032451846164,367.60735253169025,1331439440.6906414,0.0,0.004766389274320499
R1017_S+02,1017,2,228792600.0,0.0,5707674.150407862,424.1032863934097,367.60742583030685,1331439440.6906414,0.0,0.004766395471023826
R1017_S+02,1017,2,236682000.0,0.0,5707631.6440859325,424.10329614981373,367.6074456120484,1331439440.6906414,0.0,0.004766397518251084
R1017_S+02,1017,2,244571400.0,0.0,5707614.993163738,424.1032990308053,367.607452169308,1331439440.6906416,0.0,0.004766398324912603
R1017_S+02,1017,2,252460800.0,0.0,5707609.01864703,424.1032997925641,367.6074541401084,1331439440.6906414,0.0,0.004766398616104358
R1017_S+02,1017,2,260350200.0,0.0,5707606.303790454,424.1033000577451,367.6074549102416,1331439440.6906414,0.0,0.004766398748852312
R1017_S+02,1017,2,268239600.0,0.0,5707605.374034256,424.1033001205221,367.60745512585174,1331439440.6906414,0.0,0.004766398794539616
R1017_S+02,1017,2,276129000.0,0.0,5707604.995960988,424.1033001391969,367.6074552002309,1331439440.6906414,0.0,0.004766398813165613
R1017_S+02,1017,2,284018400.0,0.0,5707604.857914787,424.1033001440826,367.6074552232054,1331439440.6906414,0.0,0.0047663988199891354
R1017_S+02,1017,2,291907800.0,0.0,5707604.79051587,424.1033001458987,367.60745523305695,1331439440.6906414,0.0,0.004766398823323737
R1017_S+02,1017,2,299797200.0,0.0,5707604.767446548,424.10330014630495,367.6074552358523,1331439440.6906414,0.0,0.004766398824467807
R1017_S+02,1017,2,307686600.0,0.0,5707604.7582685165,424.1033001464166,367.60745523680976,1331439440.6906414,0.0,0.004766398824923513
R1017_S+02,1017,2,315576000.0,0.0,5707604.755093303,424.1033001464417,367.6074552370928,1331439440.6906414,0.0,0.004766398825081412
R1017_S+03,1017,3,0.0,0.07629244367010148,0.0,0.0,0.0,0.0,0.0,0.0
R1017_S+03,1017,3,7889400.0,0.07629244367010148,81140.32609373704,9.728257833134876,8.404210225740842,601901.6050909003,0.0,2.2813419340655993e-06
R1017_S+03,1017,3,15778800.0,0.07629244367010148,77245.82050942443,13.394473074233463,11.570078439431791,1203803.2101817983,0.0,4.562778656245458e-06
R1017_S+03,1017,3,23668200.0,0.07629244367010148,76691.83987380937,15.884090031934136,14.007362452003349,1805704.8152726963,0.0,6.844144815535358e-06
R1017_S+03,1017,3,31557600.0,0.07629244367010148,77240.60180194303,18.682839833673672,16.10867094462125,2407606.4203635966,0.0,9.125426568974752e-06
R1017_S+03,1017,3,39447000.0,0.07629244367010148,78249.16737837344,20.763412524884114,17.948383363876637,3009508.0254544797,0.0,1.1406607668021674e-05
R1017_S+03,1017,3,47336400.0,0.622925662288802,525334.9444911703,33.56590989076563,28.758915933142095,7924017.745515735,0.0,2.9940711198070377e-05
R1017_S+03,1017,3,55225800.0,0.622925662288802,539074.8576958012,42.30621665137139,36.39997344519517,12838527.46557698,0.0,4.850529716044989e-05
R1017_S+03,1017,3,63115200.0,0.622925662288802,553444.9455429353,49.46417253579189,43.17035343935788,17753037.185638275,0.0,6.706563768955689e-05
R1017_S+03,1017,3,71004600.0,0.622925662288802,569801.3379165232,56.28865724756614,48.648176780014936,22667546.905699555,0.0,8.561998372769186e-05
R1017_S+03,1017,3,78894000.0,0.622925662288802,587370.9370795842,60.65115091166714,53.610129573927,27582056.62576079,0.0,0.00010416757619024235
R1017_S+03,1017,3,86783400.0,1.041126038751578,936599.6641216408,70.92778518403323,61.06289250913682,35795916.39588744,0.0,0.00013490249039606515
R1017_S+03,1017,3,94672800.0,1.041126038751578,975760.3367136642,78.06606759050716,67.70454179339933,44009776.16601411,0.0,0.00016581008305321555
R1017_S+03,1017,3,102562200.0,1.041126038751578,1009741.0823180936,83.45427330994647,73.62965064891286,52223635.936140776,0.0,0.0001967026951265014
R1017_S+03,1017,3,110451600.0,1.041126038751578,1043255.2007000353,91.28907585136332,78.57360262669823,60437495.70626748,0.0,0.00022757671332823093
R1017_S+03,1017,3,118341000.0,1.041126038751578,1076418.8984418437,97.0880778624157,84.4531484811291,68651355.47639419,0.0,0.0002584327084146533
R1017_S+03,1017,3,126230400.0,1.3308935730584288,1342755.621828664,103.16371656454263,89.91733056230845,79151307.23168138,0.0,0.00029750661819439797
R1017_S+03,1017,3,134119800.0,1.3308935730584288,1391021.2741248626,111.67921600229684,96.08009977162232,89651258.9869686,0.0,0.0003368371185381553
R1017_S+03,1017,3,142009200.0,1.3308935730584288,1436109.3392955754,115.57066505104672,101.41266431447472,100151210.74225579,0.0,0.0003761426675240263
R1017_S+03,1017,3,149898600.0,1.3308935730584288,1480694.9858826157,123.7278080188358,106.75902732914993,110651162.49754295,0.0,0.0004154171640976433
R1017_S+03,1017,3,157788000.0,1.3308935730584288,1525818.0111195538,127.88326637592323,110.59322171947026,121151114.25283009,0.0,0.0004546567444105828
R1017_S+03,1017,3,165677400.0,0.0,552761.4115704857,128.05518089048928,110.82173935058168,121151114.25283009,0.0,0.00045683463257885414
R1017_S+03,1017,3,173566800.0,0.0,530569.0665200613,128.06182006369318,110.8314582301694,121151114.25283009,0.0,0.000456940018667715
R1017_S+03,1017,3,181456200.0,0.0,525804.2483913042,128.0629249392615,110.83323316989427,121151114.25283009,0.0,0.00045696286906998963
R1017_S+03,1017,3,189345600.0,0.0,524783.5643005092,128.06309542618584,110.83353583754413,121151114.25283009,0.0,0.0004569678109846622
R1017_S+03,1017,3,197235000.0,0.0,524492.2737895027,128.06313117628383,110.83360428782643,121151114.25283009,0.0,0.0004569692318204647
R1017_S+03,1017,3,205124400.0,0.0,524415.4700041078,128.06313779693897,110.83361780929191,121151114.25283009,0.0,0.00045696960910843084
R1017_S+03,1017,3,213013800.0,0.0,524387.9599045664,128.06313950625835,110.83362143060847,121151114.25283006,0.0,0.0004569697449404759
R1017_S+03,1017,3,220903200.0,0.0,524381.0326344296,128.06313977271253,110.83362199198781,121151114.25283009,0.0,0.00045696977934954155
R1017_S+03,1017,3,228792600.0,0.0,524378.7234193869,128.06313983203464,110.83362210479135,121151114.25283007,0.0,0.0004569697908620462
R1017_S+03,1017,3,236682000.0,0.0,524377.9896605164,128.06313984366602,110.83362211954812,121151114.25283009,0.0,0.0004569697945320777
R1017_S+03,1017,3,244571400.0,0.0,524377.8070875462,128.0631398451893,110.83362211839828,121151114.25283006,0.0,0.0004569697954480516
R1017_S+03,1017,3,252460800.0,0.0,524377.7528613713,128.0631398454501,110.8336221172176,121151114.25283007,0.0,0.00045696979572057954
R1017_S+03,1017,3,260350200.0,0.0,524377.7378811315,128.06313984549038,110.83362211672176,121151114.25283007,0.0,0.00045696979579596666
R1017_S+03,1017,3,268239600.0,0.0,524377.7332016304,128.0631398454982,110.83362211653505,121151114.25283009,0.0,0.00045696979581953565
R1017_S+03,1017,3,276129000.0,0.0,524377.731605906,128.06313984549988,110.83362211646379,121151114.25283009,0.0,0.0004569697958275764
R1017_S+03,1017,3,284018400.0,0.0,524377.7311310489,128.06313984550016,110.83362211644082,121151114.25283007,0.0,0.00045696979582997044
R1017_S+03,1017,3,291907800.0,0.0,524377.7309251335,128.06313984550027,110.83362211643048,121151114.25283006,0.0,0.0004569697958310088
R1017_S+03,1017,3,299797200.0,0.0,524377.7308685649,128.0631398455003,110.83362211642745,121151114.25283007,0.0,0.0004569697958312942
R1017_S+03,1017,3,307686600.0,0.0,524377.7308518831,128.0631398455003,110.83362211642654,121151114.25283007,0.0,0.00045696979583137833
R1017_S+03,1017,3,315576000.0,0.0,524377.7308477182,128.0631398455003,110.8336221164263,121151114.25283009,0.0,0.00045696979583139936
R1018_S+00,1018,0,0.0,2.2178269369651957,0.0,0.0,0.0,0.0,0.0,0.0
R1018_S+00,1018,0,7889400.0,2.2178269369651957,4661958.028445408,62.552793505154995,56.63155111907378,17497323.83649321,0.0,3.812867745478618e-05
R1018_S+00,1018,0,15778800.0,2.2178269369651957,4803184.623307854,89.4770117734703,79.91652753746033,34994647.67298646,0.0,7.626013508288793e-05
R1018_S+00,1018,0,23668200.0,2.2178269369651957,4893177.728583701,108.57011397603003,98.04888860955123,52491971.50947969,0.0,0.0001143869037570019
R1018_S+00,1018,0,31557600.0,2.2178269369651957,4961075.621579349,127.42050631411789,112.8375848353779,69989295.34597291,0.0,0.00015250657040969157
R1018_S+00,1018,0,39447000.0,2.2178269369651957,5023492.522112213,142.33563777336497,126.1253509359154,87486619.18246607,0.0,0.00019060779801933613
R1018_S+00,1018,0,47336400.0,1.2266863139270945,3047558.1263969913,149.57832711391654,133.8902210089644,97164438.1875625,0.0,0.00021345953781759172
R1018_S+00,1018,0,55225800.0,1.2266863139270945,2974947.4752925225,156.80527993634234,140.0365314742657,106842257.19265893,0.0,0.0002348780756192585
R1018_S+00,1018,0,63115200.0,1.2266863139270945,2970446.994364742,164.87130867247745,145.33533019386533,116520076.1977554,0.0,0.00025617135316617835
R1018_S+00,1018,0,71004600.0,1.2266863139270945,2982858.4064567722,169.0149801349024,152.13511057315387,126197895.20285177,0.0,0.0002774280805116774
R1018_S+00,1018,0,78894000.0,1.2266863139270945,3005614.651328109,176.8699445323506,157.17026055235877,135875714.2079482,0.0,0.00029865359209404617
R1018_S+00,1018,0,86783400.0,0.5778980094397536,1832443.5029685572,181.35089000042362,159.68453426493932,140434982.76362216,0.0,0.00031022250582798396
R1018_S+00,1018,0,94672800.0,0.5778980094397536,1772769.6927834526,183.75797071109582,161.74109323171143,144994251.31929618,0.0,0.00032046338491781355
R1018_S+00,1018,0,102562200.0,0.5778980094397536,1756830.2625676095,185.5584543245199,164.40038169769676,149553519.87497017,0.0,0.00033058522642403956
R1018_S+00,1018,0,110451600.0,0.5778980094397536,1756012.9945289623,187.1179414477583,167.04869907783103,154112788.43064415,0.0,0.00034066290494044857
R1018_S+00,1018,0,118341000.0,0.5778980094397536,1762821.7564361393,188.62996883193307,169.29263274605157,158672056.9863181,0.0,0.0003507169818309796
R1018_S+00,1018,0,126230400.0,0.2714620235031727,1247383.2031646129,189.4094757815383,170.29659494222008,160813729.47454408,0.0,0.00035626348095374634
R1018_S+00,1018,0,134119800.0,0.2714620235031727,1215097.6319810078,190.0539088813117,171.04949726856728,162955401.96277002,0.0,0.00036111826315051967
R1018_S+00,1018,0,142009200.0,0.2714620235031727,1204680.2139239423,190.6948750002333,171.74558029041262,165097074.45099595,0.0,0.00036589702270012933
R1018_S+00,1018,0,149898600.0,0.2714620235031727,1202512.2198336292,191.35000115074166,172.40850765441732,167238746.9392219,0.0,0.0003706498452280665
R1018_S+00,1018,0,157788000.0,0.2714620235031727,1203935.4580146093,192.02695174240426,173.04738182732217,169380419.42744783,0.0,0.00037539016001135987
R1018_S+00,1018,0,165677400.0,0.0,769737.3739071414,192.15152347200655,173.16154313264175,169380419.4274478,0.0,0.00037616024436323587
R1018_S+00,1018,0,173566800.0,0.0,734346.7962925211,192.17079207146142,173.1781106319351,169380419.42744783,0.0,0.0003763017774619428
R1018_S+00,1018,0,181456200.0,0.0,719077.1816549767,192.17752435360845,173.1833813558644,169380419.42744783,0.0,0.00037636421906206207
R1018_S+00,1018,0,189345600.0,0.0,709829.5799573399,192.18075086749948,173.18557511929325,169380419.42744783,0.0,0.0003764026084981294
R1018_S+00,1018,0,197235000.0,0.0,703953.9592812266,192.18223358664366,173.1863044062554,169380419.4274478,0.0,0.0003764273844369284
R1018_S+00,1018,0,205124400.0,0.0,700094.0718969312,192.18286805001242,173.18638486351654,169380419.42744783,0.0,0.0003764439187075083
R1018_S+00,1018,0,213013800.0,0.0,697415.7976014446,192.18313822822418,173.18623983485207,169380419.42744783,0.0,0.0003764555530909398
R1018_S+00,1018,0,220903200.0,0.0,695407.4576633144,192.1832636136405,173.1860390870406,169380419.4274478,0.0,0.000376464371406822
R1018_S+00,1018,0,228792600.0,0.0,693841.3615947049,192.18332243596834,173.18583560673565,169380419.42744783,0.0,0.00037647130888903617
R1018_S+00,1018,0,236682000.0,0.0,692592.7317649573,192.18334956808997,173.1856491187649,169380419.42744783,0.0,0.0003764768822188392
R1018_S+00,1018,0,244571400.0,0.0,691564.249470789,192.18336242393656,173.18548362063396,169380419.42744783,0.0,0.00037648149934222557
R1018_S+00,1018,0,252460800.0,0.0,690713.3408129048,192.18336825042013,173.1853404017124,169380419.42744783,0.0,0.00037648533961625604
R1018_S+00,1018,0,260350200.0,0.0,689985.0235527083,192.18337107911867,173.18521492615704,169380419.42744783,0.0,0.00037648863741522777
R1018_S+00,1018,0,268239600.0,0.0,689376.3383120261,192.1833722897241,173.18510828496602,169380419.42744783,0.0,0.00037649140522228174
R1018_S+00,1018,0,276129000.0,0.0,688821.6575043332,192.18337301073987,173.1850105535975,169380419.42744783,0.0,0.00037649393039560376
R1018_S+00,1018,0,284018400.0,0.0,688344.5481524598,192.18337330581218,173.1849258993883,169380419.42744783,0.0,0.0003764961080263402
R1018_S+00,1018,0,291907800.0,0.0,687925.7170040812,192.1833734384221,173.18485130841412,169380419.42744786,0.0,0.00037649802305857237
R1018_S+00,1018,0,299797200.0,0.0,687558.2857997622,192.183373496471,173.184785691695,169380419.42744783,0.0,0.00037649970597007106
R1018_S+00,1018,0,307686600.0,0.0,687229.5738916416,192.18337352402386,173.18472690976938,169380419.42744786,0.0,0.00037650121286891293
R1018_S+00,1018,0,315576000.0,0.0,686941.2945818249,192.18337353539522,173.18467526506302,169380419.42744783,0.0,0.00037650253642599176
R1018_S+01,1018,1,0.0,1.31194554805447,0.0,0.0,0.0,0.0,0.0,0.0
R1018_S+01,1018,1,7889400.0,1.31194554805447,2698721.561420083,48.784314420579854,43.79907450495426,10350463.206820935,0.0,2.27744129966993e-05
R1018_S+01,1018,1,15778800.0,1.31194554805447,2761521.3545307666,68.61182600200294,61.717428316539,20700926.413641874,0.0,4.555084928706746e-05
R1018_S+01,1018,1,23668200.0,1.31194554805447,2805618.4881244376,84.71377261151403,75.33157055668437,31051389.620462812,0.0,6.832523162313958e-05
R1018_S+01,1018,1,31557600.0,1.31194554805447,2839301.1427653655,96.67374050764631,87.15764237588739,41401852.82728373,0.0,9.109819774342118e-05
R1018_S+01,1018,1,39447000.0,1.31194554805447,2872217.703197457,108.08542774767581,97.4008220405082,51752316.034104675,0.0,0.00011386334685143312
R1018_S+01,1018,1,47336400.0,6.6055155531289484,15507114.791532487,150.71848756213504,135.60441110791066,103865870.43896113,0.0,0.00021836580377882983
R1018_S+01,1018,1,55225800.0,6.6055155531289484,16274654.199424967,186.56243987078454,166.6525104311813,155979424.84381709,0.0,0.0003271428508974333
R1018_S+01,1018,1,63115200.0,6.6055155531289484,16691909.031778838,213.43548244925498,193.06325134721067,208092979.24867254,0.0,0.0004360528805597507
R1018_S+01,1018,1,71004600.0,6.6055155531289484,17005429.97016852,238.88940414454174,216.1526619399526,260206533.6535281,0.0,0.0005448716414759384
R1018_S+01,1018,1,78894000.0,6.6055155531289484,17279588.179111764,263.5409848850155,237.11709933235778,312320088.0583848,0.0,0.0006535013177059293
R1018_S+01,1018,1,86783400.0,11.516685691811077,31027555.685285464,295.1582422015879,265.74806681307757,403179828.1553612,0.0,0.0008201854075731096
R1018_S+01,1018,1,94672800.0,11.516685691811077,32287559.31944096,328.0266531695925,294.13033610470353,494039568.2523377,0.0,0.0009997148474819965
R1018_S+01,1018,1,102562200.0,11.516685691811077,33059896.250401862,360.39324489781626,318.1748503208208,584899308.3493112,0.0,0.0011803530119087252
R1018_S+01,1018,1,110451600.0,11.516685691811077,33654610.21409443,382.63692244407844,343.96738777152325,675759048.446288,0.0,0.0013610936621525475
R1018_S+01,1018,1,118341000.0,11.516685691811077,34199680.39005147,409.7018453606738,367.0147714823902,766618788.5432626,0.0,0.0015410329354122265
R1018_S+01,1018,1,126230400.0,16.045455964100853,48015218.49489736,441.5597012569817,390.9888452596448,893207808.8264401,0.0,0.0017617216587420199
R1018_S+01,1018,1,134119800.0,16.045455964100853,49538810.75912336,463.9800261036457,419.10333722169554,1019796829.1096127,0.0,0.00199785773988542
R1018_S+01,1018,1,142009200.0,16.045455964100853,50574760.28809875,499.6914181457232,441.5136078476547,1146385849.3927917,0.0,0.0022364583171535788
R1018_S+01,1018,1,149898600.0,16.045455964100853,51435591.22454167,518.3170039802883,468.04289587766857,1272974869.6759715,0.0,0.0024751282854065357
R1018_S+01,1018,1,157788000.0,16.045455964100853,52174663.5944162,550.3062128529762,488.43931131412563,1399563889.9591308,0.0,0.0027133882480218354
R1018_S+01,1018,1,165677400.0,0.0,10651613.617413525,564.4203628762775,499.03570887295336,1399563889.9591308,0.0,0.0028291430099610685
R1018_S+01,1018,1,173566800.0,0.0,8629550.648698766,568.299036072148,505.49984567021886,1399563889.959131,0.0,0.002879253051648621
R1018_S+01,1018,1,181456200.0,0.0,7596454.845509868,570.0246868967513,508.55338181306365,1399563889.9591308,0.0,0.0029062587275759605
R1018_S+01,1018,1,189345600.0,0.0,7007739.194997106,570.8927952829658,510.0223171100002,1399563889.9591308,0.0,0.0029221245633830064
R1018_S+01,1018,1,197235000.0,0.0,6650541.974673867,571.3526039004875,510.7665237389325,1399563889.959131,0.0,0.002931971228436193
R1018_S+01,1018,1,205124400.0,0.0,6402092.471580479,571.6348865713845,511.20367627704843,1399563889.959131,0.0,0.0029389453818265314
R1018_S+01,1018,1,213013800.0,0.0,6243050.351912681,571.7839718860024,511.4181500711836,1399563889.9591308,0.0,0.002943502683149062
R1018_S+01,1018,1,220903200.0,0.0,6136393.133003067,571.8649418389513,511.52305877865166,1399563889.959131,0.0,0.002946615175302811
R1018_S+01,1018,1,228792600.0,0.0,6057652.35142621,571.9139776932547,511.57849531314974,1399563889.9591312,0.0,0.0029489507034120813
R1018_S+01,1018,1,236682000.0,0.0,6000963.650614332,571.9411362961639,511.6017301465559,1399563889.959131,0.0,0.0029506624265694345
R1018_S+01,1018,1,244571400.0,0.0,5959955.155675545,571.9555535270589,511.6077824057606,1399563889.9591308,0.0,0.0029519233570231515
R1018_S+01,1018,1,252460800.0,0.0,5929585.192641284,571.963187091457,511.6060042138204,1399563889.959131,0.0,0.0029528704555838526
R1018_S+01,1018,1,260350200.0,0.0,5904290.838538084,571.9681697091477,511.6016192871475,1399563889.959131,0.0,0.0029536695195987823
R1018_S+01,1018,1,268239600.0,0.0,5884713.194048915,571.9707455913315,511.5955379263065,1399563889.9591308,0.0,0.002954296530835699
R1018_S+01,1018,1,276129000.0,0.0,5868918.021976028,571.9721636168535,511.5892331686023,1399563889.959131,0.0,0.0029548075188081412
R1018_S+01,1018,1,284018400.0,0.0,5855750.90314417,571.9729853611311,511.58317869573125,1399563889.9591308,0.0,0.002955238264034871
R1018_S+01,1018,1,291907800.0,0.0,5844953.781221125,571.9734173906945,511.57770026415193,1399563889.9591308,0.0,0.0029555934298169727
R1018_S+01,1018,1,299797200.0,0.0,5835328.303564396,571.9737061323893,511.57257871498206,1399563889.9591308,0.0,0.0029559126722116806
R1018_S+01,1018,1,307686600.0,0.0,5827198.702061791,571.9738561461392,511.5680386792396,1399563889.9591308,0.0,0.002956183898778117
R1018_S+01,1018,1,315576000.0,0.0,5820158.424193904,571.9739398243031,511.56398838201545,1399563889.9591308,0.0,0.002956420296381676
R1018_S+02,1018,2,0.0,0.29379931536039006,0.0,0.0,0.0,0.0,0.0,0.0
R1018_S+02,1018,2,7889400.0,0.29379931536039006,639060.7467941735,23.45211428320697,20.907199876061146,2317900.3186042607,0.0,5.164192675925379e-06
R1018_S+02,1018,2,15778800.0,0.29379931536039006,630438.4128012173,33.13636516095802,29.37730400442401,4635800.63720853,0.0,1.0328930802429851e-05
R1018_S+02,1018,2,23668200.0,0.29379931536039006,629961.2304910515,39.77494012594249,36.03813545711998,6953700.95581278,0.0,1.5493506241016615e-05
R1018_S+02,1018,2,31557600.0,0.29379931536039006,632596.4074368123,46.85615173989182,41.35994050316203,9271601.274417045,0.0,2.065789549783564e-05
R1018_S+02,1018,2,39447000.0,0.29379931536039006,636378.5195742045,52.34899864753026,46.214030304973164,11589501.59302131,0.0,2.5821910584194e-05
R1018_S+02,1018,2,47336400.0,0.5338003588779756,1097088.2930488903,60.59970978510817,54.00058539539242,15800866.144353198,0.0,3.510205201127892e-05
R1018_S+02,1018,2,55225800.0,0.5338003588779756,1126807.8739033453,67.94435572828935,60.65470587277927,20012230.695685104,0.0,4.4449813907791276e-05
R1018_S+02,1018,2,63115200.0,0.5338003588779756,1144736.9492506478,75.14090722566246,66.20635585667863,24223595.247017004,0.0,5.379834541640693e-05
R1018_S+02,1018,2,71004600.0,0.5338003588779756,1158435.2076878306,81.22528183637382,71.91367862184163,28434959.798348922,0.0,6.31466512981163e-05
R1018_S+02,1018,2,78894000.0,0.5338003588779756,1172608.8619547002,85.93721068546253,77.24221470149118,32646324.349680834,0.0,7.24922879823062e-05
R1018_S+02,1018,2,86783400.0,1.1691089033522324,2410972.070061393,96.70915509318075,87.11379603151411,41869892.13178796,0.0,9.235471679243237e-05
R1018_S+02,1018,2,94672800.0,1.1691089033522324,2502059.8328822814,107.28939534060669,96.20184185644742,51093459.91389507,0.0,0.00011263418200841311
R1018_S+02,1018,2,102562200.0,1.1691089033522324,2555970.831686709,117.80579921085317,103.7535090713981,60317027.696002185,0.0,0.00013292535255528235
R1018_S+02,1018,2,110451600.0,1.1691089033522324,2594856.533596739,125.72420394401679,111.90252355584991,69540595.4781093,0.0,0.00015321990788965512
R1018_S+02,1018,2,118341000.0,1.1691089033522324,2633913.4923880957,133.55155227845398,119.20855843403736,78764163.26021641,0.0,0.00017350086032820252
R1018_S+02,1018,2,126230400.0,2.1997249487831607,4765329.0202530995,147.74479293264483,130.36296733756,96118673.27114613,0.0,0.00020976722626401184
R1018_S+02,1018,2,134119800.0,2.1997249487831607,4939941.696593963,161.0673933731055,141.92785514977555,113473183.28207599,0.0,0.0002473756947545847
R1018_S+02,1018,2,142009200.0,2.1997249487831607,5049372.5355345495,169.8326936370613,152.99867150669442,130827693.2930057,0.0,0.00028503399868986965
R1018_S+02,1018,2,149898600.0,2.1997249487831607,5138396.144701511,183.85914939185287,161.78043483432384,148182203.30393595,0.0,0.0003226812904529012
R1018_S+02,1018,2,157788000.0,2.1997249487831607,5211990.412379682,190.71138561662656,171.99477001338562,165536713.31486595,0.0,0.00036032844978455415
R1018_S+02,1018,2,165677400.0,0.0,1156376.522151025,192.09936063958804,173.47764038622896,165536713.31486592,0.0,0.00036614038047826027
R1018_S+02,1018,2,173566800.0,0.0,917466.5553639643,192.30890970376572,173.6801940514496,165536713.31486595,0.0,0.0003670340451888806
R1018_S+02,1018,2,181456200.0,0.0,816997.4188746791,192.38909110116882,173.75483759536354,165536713.31486595,0.0,0.0003674152929628252
R1018_S+02,1018,2,189345600.0,0.0,765662.4117455147,192.4239239130631,173.78583015895722,165536713.31486595,0.0,0.0003676121041292833
R1018_S+02,1018,2,197235000.0,0.0,738029.3094553594,192.45478831568093,173.79796947460235,165536713.31486595,0.0,0.0003677191409768916
R1018_S+02,1018,2,205124400.0,0.0,721666.11472697,192.47631466831183,173.80275129163795,165536713.31486595,0.0,0.0003677831403655311
R1018_S+02,1018,2,213013800.0,0.0,710505.83086331,192.487371141772,173.80477972726285,165536713.31486595,0.0,0.0003678271333006549
R1018_S+02,1018,2,220903200.0,0.0,703119.3001023903,192.49229857190926,173.80530531350107,165536713.31486595,0.0,0.00036785651271041753
R1018_S+02,1018,2,228792600.0,0.0,697943.54259062,192.49452902674489,173.80525424638225,165536713.31486595,0.0,0.00036787726234359673
R1018_S+02,1018,2,236682000.0,0.0,694249.5204538368,192.49548481634105,173.8049984685493,165536713.31486595,0.0,0.00036789218138114446
R1018_S+02,1018,2,244571400.0,0.0,691505.3515706956,192.49590659645176,173.8047081766093,165536713.31486592,0.0,0.0003679033365355118
R1018_S+02,1018,2,252460800.0,0.0,689249.3672089912,192.4961316794817,173.80442705797756,165536713.31486595,0.0,0.00036791254127317404
R1018_S+02,1018,2,260350200.0,0.0,687480.9351928383,192.4962271859175,173.8041779547413,165536713.31486595,0.0,0.0003679197918933549
R1018_S+02,1018,2,268239600.0,0.0,686016.5006406996,192.49627288425413,173.80395967026138,165536713.31486595,0.0,0.00036792581437806787
R1018_S+02,1018,2,276129000.0,0.0,684812.2934794817,192.49629319824692,173.80377370543764,165536713.31486595,0.0,0.00036793078290300814
R1018_S+02,1018,2,284018400.0,0.0,683760.6213507187,192.49630388895616,173.80360865353737,165536713.31486595,0.0,0.00036793512872694204
R1018_S+02,1018,2,291907800.0,0.0,682871.7003886513,192.4963084648573,173.80346735410447,165536713.31486595,0.0,0.0003679388092637407
R1018_S+02,1018,2,299797200.0,0.0,682110.2496745102,192.49631052799162,173.80334546975817,165536713.31486595,0.0,0.0003679419676608595
R1018_S+02,1018,2,307686600.0,0.0,681437.9670380615,192.49631155666924,173.8032374841858,165536713.31486595,0.0,0.0003679447589329325
R1018_S+02,1018,2,315576000.0,0.0,680843.526636729,192.49631204493923,173.8031417999304,165536713.31486595,0.0,0.00036794722854507054
R1018_S+03,1018,3,0.0,6.013709721202295,0.0,0.0,0.0,0.0,0.0,0.0
R1018_S+03,1018,3,7889400.0,6.013709721202295,14044277.352122094,104.71569310836915,92.42979427152805,47444561.47445332,0.0,9.983453682520108e-05
R1018_S+03,1018,3,15778800.0,6.013709721202295,14587448.057539344,147.71846558440004,131.0662053652503,94889122.94890663,0.0,0.00019967403199279402
R1018_S+03,1018,3,23668200.0,6.013709721202295,14905399.692199007,181.67499070539105,160.38069936627454,142333684.42336026,0.0,0.0002995163815813284
R1018_S+03,1018,3,31557600.0,6.013709721202295,15161890.655001234,208.20975111774078,185.89862084873658,189778245.89781362,0.0,0.00039926231526233436
R1018_S+03,1018,3,39447000.0,6.013709721202295,15379588.776502866,232.79883429694755,207.71185217111986,237222807.37226665,0.0,0.0004989122297790277
R1018_S+03,1018,3,47336400.0,5.133640110106825,13374500.099471584,254.28877569000974,224.49376433272192,277724147.6569437,0.0,0.0005871147244582868
R1018_S+03,1018,3,55225800.0,5.133640110106825,13419746.4352297,266.70720788774463,241.33867323318577,318225487.94161993,0.0,0.000672889845507879
R1018_S+03,1018,3,63115200.0,5.133640110106825,13541268.341048717,288.01720267433865,254.19369256150216,358726828.22629607,0.0,0.0007581913134668543
R1018_S+03,1018,3,71004600.0,5.133640110106825,13679138.868545406,298.13994858621555,269.6323511957578,399228168.5109725,0.0,0.0008432982978392997
R1018_S+03,1018,3,78894000.0,5.133640110106825,13835015.15842545,318.5986939859039,281.096851067316,439729508.79564965,0.0,0.000928109097999034
R1018_S+03,1018,3,86783400.0,4.38126838212671,12227850.944879472,327.81613825343373,293.5895872362123,474295087.5696003,0.0,0.0010041737380608287
R1018_S+03,1018,3,94672800.0,4.38126838212671,12241605.799936362,335.4517402114954,303.6226999278284,508860666.34355056,0.0,0.0010774499323561414
R1018_S+03,1018,3,102562200.0,4.38126838212671,12332335.841909911,353.2809739409756,312.1614080574568,543426245.1175008,0.0,0.001150024891368979
R1018_S+03,1018,3,110451600.0,4.38126838212671,12452780.419067137,362.68260835147004,321.09624488532114,577991823.8914514,0.0,0.0012222452849475968
R1018_S+03,1018,3,118341000.0,4.38126838212671,12577507.712193545,369.0829464539717,331.7350756861765,612557402.6654019,0.0,0.001294315621253393
R1018_S+03,1018,3,126230400.0,3.7565945372619476,11302422.961549848,375.1943451501573,339.3243580107316,642194679.6076765,0.0,0.0013597341015660312
R1018_S+03,1018,3,134119800.0,3.7565945372619476,11319301.13537293,389.21977371675456,345.8028347898298,671831956.5499518,0.0,0.001422395892616239
R1018_S+03,1018,3,142009200.0,3.7565945372619476,11395350.49784553,399.40135223397846,351.8863598191545,701469233.4922259,0.0,0.00148436780691825
R1018_S+03,1018,3,149898600.0,3.7565945372619476,11491195.209944248,405.59888095223914,358.39510704257134,731106510.4345006,0.0,0.0015460442809018587
R1018_S+03,1018,3,157788000.0,3.7565945372619476,11595616.44017709,410.39929212278696,366.7837023482735,760743787.3767745,0.0,0.0016075293319455662
R1018_S+03,1018,3,165677400.0,0.0,4287224.874784555,412.38970635381673,369.93224016901434,760743787.3767745,0.0,0.001631261361933175
R1018_S+03,1018,3,173566800.0,0.0,3789686.605640538,412.98723208004196,370.8086607548504,760743787.3767745,0.0,0.0016390346695801482
R1018_S+03,1018,3,181456200.0,0.0,3540051.0957509056,413.26586142225705,371.1997880565681,760743787.3767745,0.0,0.001643051893860841
R1018_S+03,1018,3,189345600.0,0.0,3395571.3282133006,413.4099978096944,371.3935448037564,760743787.3767745,0.0,0.001645425286382568
R1018_S+03,1018,3,197235000.0,0.0,3312536.6749851853,413.4796558537781,371.4815001530094,760743787.3767745,0.0,0.001646817357294655
R1018_S+03,1018,3,205124400.0,0.0,3254162.086973142,413.5215048893114,371.53086652303443,760743787.3767745,0.0,0.0016478102091103172
R1018_S+03,1018,3,213013800.0,0.0,3216863.8472618684,413.5419585656635,371.55155244087854,760743787.3767745,0.0,0.0016484569101054974
R1018_S+03,1018,3,220903200.0,0.0,3192188.0674444437,413.55180346428847,371.5588710851611,760743787.3767745,0.0,0.0016488930041361459
R1018_S+03,1018,3,228792600.0,0.0,3174292.3089203164,413.55701984125227,371.5608513021093,760743787.3767745,0.0,0.0016492140461833724
R1018_S+03,1018,3,236682000.0,0.0,3161234.7749744207,413.5596471142842,371.5602425720144,760743787.3767745,0.0,0.0016494519551906188
R1018_S+03,1018,3,244571400.0,0.0,3150927.0613815673,413.56111210817875,371.5586967741456,760743787.3767747,0.0,0.0016496418713971906
R1018_S+03,1018,3,252460800.0,0.0,3142785.8089292794,413.56187279071287,371.55677633209643,760743787.3767745,0.0,0.0016497935380726063
R1018_S+03,1018,3,260350200.0,0.0,3136206.418527592,413.56226219553207,371.5548225004464,760743787.3767745,0.0,0.0016499172525214646
R1018_S+03,1018,3,268239600.0,0.0,3130883.5057898946,413.5624482030461,371.5530069447667,760743787.3767745,0.0,0.001650018222235676
R1018_S+03,1018,3,276129000.0,0.0,3126487.2778631933,413.5625386355455,371.5513901694903,760743787.3767745,0.0,0.0016501021533836145
R1018_S+03,1018,3,284018400.0,0.0,3122844.868731167,413.56258241631883,371.5499875724424,760743787.3767745,0.0,0.0016501722073779211
R1018_S+03,1018,3,291907800.0,0.0,3119556.2534561194,413.56261001478487,371.54869888213744,760743787.3767745,0.0,0.0016502355675802986
R1018_S+03,1018,3,299797200.0,0.0,3116739.779771883,413.56262317130955,371.5475728859841,760743787.3767747,0.0,0.0016502900568267152
R1018_S+03,1018,3,307686600.0,0.0,3114300.752941411,413.5626296457559,371.54658599499135,760743787.3767747,0.0,0.0016503374121300057
R1018_S+03,1018,3,315576000.0,0.0,3112125.572903082,413.5626331588129,371.545700812816,760743787.3767747,0.0,0.0016503797044578887
R1019_S+00,1019,0,0.0,0.20004101483059006,0.0,0.0,0.0,0.0,0.0,0.0
R1019_S+00,1019,0,7889400.0,0.20004101483059006,169259.76167733595,15.553615120712292,13.59928769316025,1578203.5824044673,0.0,1.8913428307881407e-05
R1019_S+00,1019,0,15778800.0,0.20004101483059006,180966.99475471675,21.510134372363485,18.931439332089465,3156407.164808914,0.0,3.782180823843677e-05
R1019_S+00,1019,0,23668200.0,0.20004101483059006,197218.26552273706,26.279563964948398,23.071494377780954,4734610.747213369,0.0,5.672293616762805e-05
R1019_S+00,1019,0,31557600.0,0.20004101483059006,215281.97545875795,29.718555597572006,26.922224925033724,6312814.329617819,0.0,7.561643873164364e-05
R1019_S+00,1019,0,39447000.0,0.20004101483059006,234330.84138442948,33.04791492589673,30.03308747079067,7891017.91202227,0.0,9.450212443013342e-05
R1019_S+00,1019,0,47336400.0,0.254699915380005,293945.9892451316,37.40855442620687,33.53614729069077,9900447.424421294,0.0,0.00011850976836801467
R1019_S+00,1019,0,55225800.0,0.254699915380005,318895.9360788446,40.427371803301824,36.813223811481535,11909876.936820334,0.0,0.00014252682533315127
R1019_S+00,1019,0,63115200.0,0.254699915380005,344419.1128580384,44.10226818104397,39.758490799303374,13919306.449219402,0.0,0.00016653108268605514
R1019_S+00,1019,0,71004600.0,0.254699915380005,370131.63570251316,47.75339007964378,42.15670940589903,15928735.961618386,0.0,0.0001905225532235359
R1019_S+00,1019,0,78894000.0,0.254699915380005,396229.6754942294,49.430743924321014,45.12429409675923,17938165.47401738,0.0,0.00021450073519055292
R1019_S+00,1019,0,86783400.0,0.2974171893031214,452982.8520114627,53.47645914453079,47.48347993547326,20284608.64730543,0.0,0.00024244569577560332
R1019_S+00,1019,0,94672800.0,0.2974171893031214,483833.77438891307,55.580710299893994,50.56148381020698,22631051.820593506,0.0,0.0002704073492116129
R1019_S+00,1019,0,102562200.0,0.2974171893031214,514568.740071265,59.2307232418427,52.82061312127577,24977494.993881505,0.0,0.0002983520647643269
R1019_S+00,1019,0,110451600.0,0.2974171893031214,545652.4245918151,60.72987939764587,55.630042219401766,27323938.167169556,0.0,0.00032627813178919473
R1019_S+00,1019,0,118341000.0,0.2974171893031214,576351.4481528979,64.74186158930394,57.4612025865234,29670381.34045764,0.0,0.00035418806446295013
R1019_S+00,1019,0,126230400.0,0.32819283659993903,629475.7709799279,66.4654444900408,60.57645813577386,32259625.905529194,0.0,0.0003849223299609411
R1019_S+00,1019,0,134119800.0,0.32819283659993903,663667.7444370687,69.48350701646338,62.58413492900745,34848870.47060081,0.0,0.0004156749428744865
R1019_S+00,1019,0,142009200.0,0.32819283659993903,697931.4369189795,72.39074137665807,64.60541397723483,37438115.035672426,0.0,0.000446405596390086
R1019_S+00,1019,0,149898600.0,0.32819283659993903,732432.0191037543,73.76641868049167,67.46671314350971,40027359.600743994,0.0,0.0004771136978799521
R1019_S+00,1019,0,157788000.0,0.32819283659993903,766582.5902071316,76.44929914466333,69.25117365725133,42616604.16581556,0.0,0.000507802033705294
R1019_S+00,1019,0,165677400.0,0.0,568941.5914683137,76.5540540771533,69.28656804537937,42616604.16581556,0.0,0.0005083545156519741
R1019_S+00,1019,0,173566800.0,0.0,568050.613839658,76.55478734629517,69.28686749092857,42616604.16581556,0.0,0.0005083592175858673
R1019_S+00,1019,0,181456200.0,0.0,568009.6473613214,76.55481619242768,69.286881173702,42616604.16581556,0.0,0.0005083594349771272
R1019_S+00,1019,0,189345600.0,0.0,568007.4519369192,76.55481750266702,69.28688190184548,42616604.16581556,0.0,0.0005083594466777614
R1019_S+00,1019,0,197235000.0,0.0,568007.3468172792,76.55481755519587,69.2868819364693,42616604.16581556,0.0,0.0005083594472402728
R1019_S+00,1019,0,205124400.0,0.0,568007.3394236304,76.55481755830021,69.28688193888962,42616604.16581556,0.0,0.0005083594472799751
R1019_S+00,1019,0,213013800.0,0.0,568007.339221131,76.55481755836574,69.28688193895536,42616604.16581556,0.0,0.0005083594472810674
R1019_S+00,1019,0,220903200.0,0.0,568007.3392111361,76.55481755836777,69.2868819389586,42616604.16581556,0.0,0.0005083594472811215
R1019_S+00,1019,0,228792600.0,0.0,568007.33921046,76.55481755836779,69.28688193895883,42616604.16581556,0.0,0.0005083594472811251
R1019_S+00,1019,0,236682000.0,0.0,568007.3392104413,76.55481755836779,69.28688193895883,42616604.16581556,0.0,0.0005083594472811252
R1019_S+00,1019,0,244571400.0,0.0,568007.3392104413,76.55481755836779,69.28688193895883,42616604.16581556,0.0,0.0005083594472811252
R1019_S+00,1019,0,252460800.0,0.0,568007.3392104413,76.55481755836779,69.28688193895883,42616604.16581556,0.0,0.0005083594472811252
R1019_S+00,1019,0,260350200.0,0.0,568007.3392104413,76.55481755836779,69.28688193895883,42616604.16581556,0.0,0.0005083594472811252
R1019_S+00,1019,0,268239600.0,0.0,568007.3392104413,76.55481755836779,69.28688193895883,42616604.16581556,0.0,0.0005083594472811252
R1019_S+00,1019,0,276129000.0,0.0,568007.3392104413,76.55481755836779,69.28688193895883,42616604.16581556,0.0,0.0005083594472811252
R1019_S+00,1019,0,284018400.0,0.0,568007.3392104413,76.55481755836779,69.28688193895883,42616604.16581556,0.0,0.0005083594472811252
R1019_S+00,1019,0,291907800.0,0.0,568007.3392104413,76.55481755836779,69.28688193895883,42616604.16581556,0.0,0.0005083594472811252
R1019_S+00,1019,0,299797200.0,0.0,568007.3392104413,76.55481755836779,69.28688193895883,42616604.16581556,0.0,0.0005083594472811252
R1019_S+00,1019,0,307686600.0,0.0,568007.3392104413,76.55481755836779,69.28688193895883,42616604.16581556,0.0,0.0005083594472811252
R1019_S+00,1019,0,315576000.0,0.0,568007.3392104413,76.55481755836779,69.28688193895883,42616604.16581556,0.0,0.0005083594472811252
R1019_S+01,1019,1,0.0,0.9056543812631028,0.0,0.0,0.0,0.0,0.0,0.0
R1019_S+01,1019,1,7889400.0,0.9056543812631028,694820.7882416863,32.354540038354045,28.374369971471648,7145069.675537128,0.0,8.531442995462063e-05
R1019_S+01,1019,1,15778800.0,0.9056543812631028,768986.7969988715,44.769996150199376,40.447643852586026,14290139.351074262,0.0,0.00017051956893809656
R1019_S+01,1019,1,23668200.0,0.9056543812631028,856468.1500734668,54.72919826272376,49.46726427333454,21435209.026611365,0.0,0.0002555771853396746
R1019_S+01,1019,1,31557600.0,0.9056543812631028,947370.5385958459,64.55738064158427,56.76266305710087,28580278.702148505,0.0,0.0003404814043869436
R1019_S+01,1019,1,39447000.0,0.9056543812631028,1039993.4184731822,72.0020679394198,63.35709534636477,35725348.37768564,0.0,0.00042522918159279327
R1019_S+01,1019,1,47336400.0,0.7428134103996279,1014195.2428104635,76.96514168199458,68.7763033207546,41585700.497692466,0.0,0.0004948898559159409
R1019_S+01,1019,1,55225800.0,0.7428134103996279,1091107.1298463568,81.50475757203536,73.6339299034478,47446052.617699295,0.0,0.0005642062002545488
R1019_S+01,1019,1,63115200.0,0.7428134103996279,1168330.3894632254,87.53072537391061,77.47827266230962,53306404.73770611,0.0,0.0006334162472851869
R1019_S+01,1019,1,71004600.0,0.7428134103996279,1246219.1901177857,90.52456019299476,82.2854088787922,59166756.8577129,0.0,0.0007025151856973515
R1019_S+01,1019,1,78894000.0,0.7428134103996279,1323637.0705950782,96.31296585208496,85.61757454507381,65027108.97771973,0.0,0.000771511143671662
R1019_S+01,1019,1,86783400.0,0.6144097241988814,1308243.4720994644,99.03635361699261,89.05942015698993,69874433.05581439,0.0,0.0008288190284613371
R1019_S+01,1019,1,94672800.0,0.6144097241988814,1372441.7851698007,100.88627340871919,92.36170657020786,74721757.13390909,0.0,0.0008857489533158855
R1019_S+01,1019,1,102562200.0,0.6144097241988814,1436412.811470354,105.90091196724083,94.71510530551004,79569081.21200372,0.0,0.0009426090462702094
R1019_S+01,1019,1,110451600.0,0.6144097241988814,1500808.8195481207,108.90756782906398,97.35912357767143,84416405.29009838,0.0,0.0009993913651021409
R1019_S+01,1019,1,118341000.0,0.6144097241988814,1565391.158203125,110.64695082732396,101.01214091627682,89263729.36819305,0.0,0.0010560984652273483
R1019_S+01,1019,1,126230400.0,0.5204433226608632,1561469.131712215,112.10245270653876,103.0533995606772,93369714.91799366,0.0,0.0011043766610853748
R1019_S+01,1019,1,134119800.0,0.5204433226608632,1615468.585047992,116.405294987303,104.81605208797858,97475700.46779425,0.0,0.00115231767820381
R1019_S+01,1019,1,142009200.0,0.5204433226608632,1669851.3950217757,119.36558443188517,106.52008090150281,101581686.01759484,0.0,0.0012002023462867933
R1019_S+01,1019,1,149898600.0,0.5204433226608632,1724441.3305034526,121.05819518504289,109.53235175039431,105687671.56739548,0.0,0.0012480321324475914
R1019_S+01,1019,1,157788000.0,0.5204433226608632,1778946.113283895,122.34846613928542,111.97261189697792,109793657.11719608,0.0,0.0012958105207368303
R1019_S+01,1019,1,165677400.0,0.0,1459093.4672154821,122.40010198071244,112.06483103651446,109793657.11719608,0.0,0.0012976783008294595
R1019_S+01,1019,1,173566800.0,0.0,1458386.7799594197,122.40029427532764,112.06528830665405,109793657.11719608,0.0,0.0012976876801088148
R1019_S+01,1019,1,181456200.0,0.0,1458355.4619778022,122.40030130163201,112.06530850811049,109793657.11719608,0.0,0.0012976880982166494
R1019_S+01,1019,1,189345600.0,0.0,1458354.9266841542,122.4003013893072,112.06530885177017,109793657.11719608,0.0,0.0012976881054181017
R1019_S+01,1019,1,197235000.0,0.0,1458354.9100050572,122.40030139142968,112.06530886244381,109793657.11719608,0.0,0.0012976881056436284
R1019_S+01,1019,1,205124400.0,0.0,1458354.909114251,122.40030139152289,112.06530886301259,109793657.11719608,0.0,0.001297688105655714
R1019_S+01,1019,1,213013800.0,0.0,1458354.9090302195,122.40030139153025,112.06530886306616,109793657.1171961,0.0,0.0012976881056568571
R1019_S+01,1019,1,220903200.0,0.0,1458354.9090282414,122.4003013915304,112.06530886306744,109793657.1171961,0.0,0.0012976881056568842
R1019_S+01,1019,1,228792600.0,0.0,1458354.9090281818,122.4003013915304,112.06530886306744,109793657.1171961,0.0,0.001297688105656885
R1019_S+01,1019,1,236682000.0,0.0,1458354.9090281744,122.4003013915304,112.06530886306744,109793657.1171961,0.0,0.0012976881056568853
R1019_S+01,1019,1,244571400.0,0.0,1458354.9090281744,122.4003013915304,112.06530886306744,109793657.1171961,0.0,0.0012976881056568853
R1019_S+01,1019,1,252460800.0,0.0,1458354.9090281744,122.4003013915304,112.06530886306744,109793657.1171961,0.0,0.0012976881056568853
R1019_S+01,1019,1,260350200.0,0.0,1458354.9090281744,122.4003013915304,112.06530886306744,109793657.1171961,0.0,0.0012976881056568853
R1019_S+01,1019,1,268239600.0,0.0,1458354.9090281744,122.4003013915304,112.06530886306744,109793657.1171961,0.0,0.0012976881056568853
R1019_S+01,1019,1,276129000.0,0.0,1458354.9090281744,122.4003013915304,112.06530886306744,109793657.1171961,0.0,0.0012976881056568853
R1019_S+01,1019,1,284018400.0,0.0,1458354.9090281744,122.4003013915304,112.06530886306744,109793657.1171961,0.0,0.0012976881056568853
R1019_S+01,1019,1,291907800.0,0.0,1458354.9090281744,122.4003013915304,112.06530886306744,109793657.1171961,0.0,0.0012976881056568853
R1019_S+01,1019,1,299797200.0,0.0,1458354.9090281744,122.4003013915304,112.06530886306744,109793657.1171961,0.0,0.0012976881056568853
R1019_S+01,1019,1,307686600.0,0.0,1458354.9090281744,122.4003013915304,112.06530886306744,109793657.1171961,0.0,0.0012976881056568853
R1019_S+01,1019,1,315576000.0,0.0,1458354.9090281744,122.4003013915304,112.06530886306744,109793657.1171961,0.0,0.0012976881056568853
R1019_S+02,1019,2,0.0,4.555074312286605,0.0,0.0,0.0,0.0,0.0,0.0
R1019_S+02,1019,2,7889400.0,4.555074312286605,3582815.253056176,72.80248316735087,63.821559128018635,35936803.279353924,0.0,0.00042242461131057916
R1019_S+02,1019,2,15778800.0,4.555074312286605,4030487.1887261905,101.0832125899646,91.20021715606312,71873606.5587079,0.0,0.00084216685746209
R1019_S+02,1019,2,23668200.0,4.555074312286605,4508812.960651182,123.58164595667357,111.5223447164325,107810409.83806193,0.0,0.0012584005912566238
R1019_S+02,1019,2,31557600.0,4.555074312286605,4997065.470028266,144.9558239873535,127.95068317789308,143747213.1174159,0.0,0.0016710176981161186
R1019_S+02,1019,2,39447000.0,4.555074312286605,5489374.614172161,161.60066175768915,142.56478264650096,179684016.39677,0.0,0.002079997174278711
R1019_S+02,1019,2,47336400.0,4.775012284518091,6166201.260948606,176.75472560362263,156.82616030364517,217355998.31424746,0.0,0.0025035613046236345
R1019_S+02,1019,2,55225800.0,4.775012284518091,6685329.920761138,186.9520249673323,170.35887964938644,255027980.23172435,0.0,0.002924292773402723
R1019_S+02,1019,2,63115200.0,4.775012284518091,7201453.907520909,202.63841154971638,181.36527047191143,292699962.1492014,0.0,0.0033411993447999607
R1019_S+02,1019,2,71004600.0,4.775012284518091,7716786.035061866,215.61177080144586,192.4600470522848,330371944.0666779,0.0,0.003754263088747606
R1019_S+02,1019,2,78894000.0,4.775012284518091,8230628.116369192,225.3213347908857,203.61720026827066,368043925.984155,0.0,0.004163541777518189
R1019_S+02,1019,2,86783400.0,5.676080643230684,9516932.06250269,239.99694038016116,214.04560469405732,412824796.6108576,0.0,0.00463742328881839
R1019_S+02,1019,2,94672800.0,5.676080643230684,10130343.268856622,249.7075812527151,226.32660777855642,457605667.2375616,0.0,0.005113414707642129
R1019_S+02,1019,2,102562200.0,5.676080643230684,10736909.73884391,261.98764693585764,235.81303078965294,502386537.8642653,0.0,0.005584539312967221
R1019_S+02,1019,2,110451600.0,5.676080643230684,11340362.031630382,273.7608164827954,245.17192204507205,547167408.4909699,0.0,0.00605073974789384
R1019_S+02,1019,2,118341000.0,5.676080643230684,11942555.627858017,279.76857978324267,256.3460468581127,591948279.1176741,0.0,0.006512005782350769
R1019_S+02,1019,2,126230400.0,7.258279388424383,13963328.449163329,297.8234237195439,265.2567679279885,649211748.524709,0.0,0.007077802083564011
R1019_S+02,1019,2,134119800.0,7.258279388424383,14739992.316405483,306.3789861504723,278.90740287738925,706475217.9317446,0.0,0.007652295501810785
R1019_S+02,1019,2,142009200.0,7.258279388424383,15503788.191658102,316.14651457070585,288.36764627563775,763738687.3387784,0.0,0.008219910877412978
R1019_S+02,1019,2,149898600.0,7.258279388424383,16260627.25998845,332.5664621893795,296.1746601724121,821002156.7458127,0.0,0.008780518367263034
R1019_S+02,1019,2,157788000.0,7.258279388424383,17016768.841341935,339.36588236163584,309.56857526264224,878265626.1528472,0.0,0.009333807713322099
R1019_S+02,1019,2,165677400.0,0.0,11289574.124227073,340.3732513084937,311.3907457345746,878265626.152847,0.0,0.009423173878724754
R1019_S+02,1019,2,173566800.0,0.0,11251283.514011115,340.4016663713232,311.44985788203525,878265626.152847,0.0,0.009426253179428277
R1019_S+02,1019,2,181456200.0,0.0,11248544.097006947,340.40341089587787,311.45405016603263,878265626.152847,0.0,0.009426474659703164
R1019_S+02,1019,2,189345600.0,0.0,11248223.307168022,340.40359125248335,311.4545380816153,878265626.152847,0.0,0.009426500681322234
R1019_S+02,1019,2,197235000.0,0.0,11248191.521466903,340.4036069090104,311.45458614774014,878265626.152847,0.0,0.00942650326848485
R1019_S+02,1019,2,205124400.0,0.0,11248185.873867411,340.4036093941167,311.45459464599946,878265626.152847,0.0,0.009426503729219422
R1019_S+02,1019,2,213013800.0,0.0,11248185.508072808,340.40360952371765,311.4545951919303,878265626.152847,0.0,0.009426503759189013
R1019_S+02,1019,2,220903200.0,0.0,11248185.49092273,340.40360952833987,311.45459521730095,878265626.1528472,0.0,0.009426503760600632
R1019_S+02,1019,2,228792600.0,0.0,11248185.48990602,340.4036095285564,311.45459521879525,878265626.152847,0.0,0.009426503760684608
R1019_S+02,1019,2,236682000.0,0.0,11248185.489800163,340.4036095285755,311.4545952189503,878265626.152847,0.0,0.009426503760693372
R1019_S+02,1019,2,244571400.0,0.0,11248185.489784997,340.4036095285778,311.4545952189723,878265626.152847,0.0,0.009426503760694626
R1019_S+02,1019,2,252460800.0,0.0,11248185.489783853,340.403609528578,311.45459521897396,878265626.152847,0.0,0.009426503760694722
R1019_S+02,1019,2,260350200.0,0.0,11248185.489783738,340.403609528578,311.4545952189742,878265626.152847,0.0,0.00942650376069473
R1019_S+02,1019,2,268239600.0,0.0,11248185.489783715,340.40360952857804,311.4545952189742,878265626.1528472,0.0,0.009426503760694734
R1019_S+02,1019,2,276129000.0,0.0,11248185.489783715,340.40360952857804,311.45459521897425,878265626.1528472,0.0,0.009426503760694734
R1019_S+02,1019,2,284018400.0,0.0,11248185.489783715,340.40360952857804,311.45459521897425,878265626.1528472,0.0,0.009426503760694734
R1019_S+02,1019,2,291907800.0,0.0,11248185.489783715,340.40360952857804,311.45459521897425,878265626.1528472,0.0,0.009426503760694734
R1019_S+02,1019,2,299797200.0,0.0,11248185.489783715,340.40360952857804,311.45459521897425,878265626.1528472,0.0,0.009426503760694734
R1019_S+02,1019,2,307686600.0,0.0,11248185.489783715,340.40360952857804,311.45459521897425,878265626.1528472,0.0,0.009426503760694734
R1019_S+02,1019,2,315576000.0,0.0,11248185.489783715,340.40360952857804,311.45459521897425,878265626.1528472,0.0,0.009426503760694734
R1019_S+03,1019,3,0.0,1.2636034242785208,0.0,0.0,0.0,0.0,0.0,0.0
R1019_S+03,1019,3,7889400.0,1.2636034242785208,962298.1727735419,38.48248449132691,33.738800945566155,9969072.855502967,0.0,0.00011883108209733033
R1019_S+03,1019,3,15778800.0,1.2636034242785208,1073734.8868402727,53.74283136982367,47.164303763750674,19938145.711005926,0.0,0.0002374475143609837
R1019_S+03,1019,3,23668200.0,1.2636034242785208,1197734.685374748,65.80617522389026,57.83658366470912,29907218.566508885,0.0,0.00035578034005982376
R1019_S+03,1019,3,31557600.0,1.2636034242785208,1326206.6544146426,74.59966035527295,67.63179172721719,39876291.42201184,0.0,0.00047381574820535335
R1019_S+03,1019,3,39447000.0,1.2636034242785208,1456672.365958592,83.5721988179301,75.53768937023978,49845364.277514786,0.0,0.0005915496519446824
R1019_S+03,1019,3,47336400.0,0.8854506028938514,1307882.1357551292,89.83127365401677,80.45291851818801,56831038.26398553,0.0,0.0006746749266205316
R1019_S+03,1019,3,55225800.0,0.8854506028938514,1399721.5146001838,95.80425783290026,85.09591624782533,63816712.25045627,0.0,0.000756925760464249
R1019_S+03,1019,3,63115200.0,0.8854506028938514,1492494.6173656844,99.66803052558932,89.97360733880699,70802386.23692703,0.0,0.0008390221286372858
R1019_S+03,1019,3,71004600.0,0.8854506028938514,1585019.6987165827,104.89111075901798,93.96536693910579,77788060.22339776,0.0,0.0009209696216702565
R1019_S+03,1019,3,78894000.0,0.8854506028938514,1677867.036812935,109.40457015283232,97.85797937652276,84773734.2098685,0.0,0.0010027639411229192
R1019_S+03,1019,3,86783400.0,0.5290108593615857,1510826.430239331,110.81852038340011,100.9659851882032,88947312.4837158,0.0,0.0010526425967937521
R1019_S+03,1019,3,94672800.0,0.5290108593615857,1565361.8330252543,112.28067115376757,103.03258895080708,93120890.75756308,0.0,0.0011014284157005237
R1019_S+03,1019,3,102562200.0,0.5290108593615857,1620252.1498672962,116.82799130081213,104.81744561473458,97294469.03141041,0.0,0.001150159561675625
R1019_S+03,1019,3,110451600.0,0.5290108593615857,1675442.2649242133,119.57974176365718,106.54155205097071,101468047.30525772,0.0,0.0011988336935563895
R1019_S+03,1019,3,118341000.0,0.5290108593615857,1730870.11268601,121.20472901214319,109.61284143508956,105641625.57910502,0.0,0.0012474508431592134
R1019_S+03,1019,3,126230400.0,0.19428419368172367,1544625.22013738,121.64324845928243,110.68412822534734,107174411.29673764,0.0,0.0012664695818167702
R1019_S+03,1019,3,134119800.0,0.19428419368172367,1564105.3415738977,122.03797972261796,111.54110704527932,108707197.0143702,0.0,0.0012843232304200149
R1019_S+03,1019,3,142009200.0,0.19428419368172367,1584070.705402622,122.43788222504836,112.30579882092714,110239982.73200281,0.0,0.0013021652802285696
R1019_S+03,1019,3,149898600.0,0.19428419368172367,1604087.3650669064,122.85012839731964,113.00561601217387,111772768.44963539,0.0,0.001319999911965045
R1019_S+03,1019,3,157788000.0,0.19428419368172367,1624145.8545075022,123.28105031496769,113.65921878068298,113305554.16726795,0.0,0.001337827156079907
R1019_S+03,1019,3,165677400.0,0.0,1505370.0971560162,123.29986030791373,113.6888721601683,113305554.16726795,0.0,0.0013385439984005471
R1019_S+03,1019,3,173566800.0,0.0,1505070.5396941286,123.29993934723086,113.68904187610795,113305554.16726795,0.0,0.0013385481147439174
R1019_S+03,1019,3,181456200.0,0.0,1505063.9600710925,123.29994066960515,113.68904560146899,113305554.16726795,0.0,0.0013385482059022414
R1019_S+03,1019,3,189345600.0,0.0,1505063.7546374407,123.29994070187723,113.68904571768918,113305554.16726795,0.0,0.001338548208765437
R1019_S+03,1019,3,197235000.0,0.0,1505063.743682811,123.29994070329855,113.68904572388304,113305554.16726795,0.0,0.0013385482089187262
R1019_S+03,1019,3,205124400.0,0.0,1505063.7425841037,123.29994070341881,113.68904572450386,113305554.16726795,0.0,0.0013385482089341477
R1019_S+03,1019,3,213013800.0,0.0,1505063.7425594535,123.29994070342073,113.68904572451787,113305554.16726795,0.0,0.0013385482089344955
R1019_S+03,1019,3,220903200.0,0.0,1505063.74255809,123.29994070342073,113.6890457245186,113305554.16726795,0.0,0.0013385482089345146
R1019_S+03,1019,3,228792600.0,0.0,1505063.7425579913,123.29994070342073,113.68904572451866,113305554.16726795,0.0,0.001338548208934516
R1019_S+03,1019,3,236682000.0,0.0,1505063.7425579894,123.29994070342073,113.68904572451868,113305554.16726795,0.0,0.0013385482089345163
R1019_S+03,1019,3,244571400.0,0.0,1505063.7425579894,123.29994070342073,113.68904572451868,113305554.16726795,0.0,0.0013385482089345163
R1019_S+03,1019,3,252460800.0,0.0,1505063.7425579894,123.29994070342073,113.68904572451868,113305554.16726795,0.0,0.0013385482089345163
R1019_S+03,1019,3,260350200.0,0.0,1505063.7425579894,123.29994070342073,113.68904572451868,113305554.16726795,0.0,0.0013385482089345163
R1019_S+03,1019,3,268239600.0,0.0,1505063.7425579894,123.29994070342073,113.68904572451868,113305554.16726795,0.0,0.0013385482089345163
R1019_S+03,1019,3,276129000.0,0.0,1505063.7425579894,123.29994070342073,113.68904572451868,113305554.16726795,0.0,0.0013385482089345163
R1019_S+03,1019,3,284018400.0,0.0,1505063.7425579894,123.29994070342073,113.68904572451868,113305554.16726795,0.0,0.0013385482089345163
R1019_S+03,1019,3,291907800.0,0.0,1505063.7425579894,123.29994070342073,113.68904572451868,113305554.16726795,0.0,0.0013385482089345163
R1019_S+03,1019,3,299797200.0,0.0,1505063.7425579894,123.29994070342073,113.68904572451868,113305554.16726795,0.0,0.0013385482089345163
R1019_S+03,1019,3,307686600.0,0.0,1505063.7425579894,123.29994070342073,113.68904572451868,113305554.16726795,0.0,0.0013385482089345163
R1019_S+03,1019,3,315576000.0,0.0,1505063.7425579894,123.29994070342073,113.68904572451868,113305554.16726795,0.0,0.0013385482089345163
R1020_S+00,1020,0,0.0,0.672881672154245,0.0,0.0,0.0,0.0,0.0,0.0
R1020_S+00,1020,0,7889400.0,0.672881672154245,1682169.1604228541,27.659527438132773,25.13539328738759,5308632.664293702,0.0,2.3597248948154247e-05
R1020_S+00,1020,0,15778800.0,0.672881672154245,1741478.4338274654,38.80139342049443,35.43704851946267,10617265.328587402,0.0,4.719675026181564e-05
R1020_S+00,1020,0,23668200.0,0.672881672154245,1781686.0513238981,48.113652604880684,43.40778718754036,15925897.992881108,0.0,7.07956585011742e-05
R1020_S+00,1020,0,31557600.0,0.672881672154245,1822280.4913964644,54.52367125409344,49.96868658663421,21234530.657174807,0.0,9.43830707999626e-05
R1020_S+00,1020,0,39447000.0,0.672881672154245,1856242.530340854,60.97705442610118,55.88616716612432,26543163.321468495,0.0,0.0001179661609650811
R1020_S+00,1020,0,47336400.0,1.0195889828383777,2900227.489251174,69.86702375300474,63.36147942742622,34587108.642673634,0.0,0.000153159067179714
R1020_S+00,1020,0,55225800.0,1.0195889828383777,2980456.8594322167,76.82538535100679,70.52569627083105,42631053.96387872,0.0,0.00018871843075133612
R1020_S+00,1020,0,63115200.0,1.0195889828383777,3037432.5081749186,84.79429783236128,77.47787270196196,50674999.285083815,0.0,0.0002242812320954075
R1020_S+00,1020,0,71004600.0,1.0195889828383777,3089428.1765213385,93.1910976571013,82.71221393317158,58718944.606288925,0.0,0.0002598307338008951
R1020_S+00,1020,0,78894000.0,1.0195889828383777,3151829.0817348324,96.14104418213354,88.27721820948774,66762889.92749408,0.0,0.0002953222791892749
R1020_S+00,1020,0,86783400.0,1.0004387964212405,3136323.689439364,104.68528690997982,93.93511540998388,74655751.76797983,0.0,0.00033023271554639516
R1020_S+00,1020,0,94672800.0,1.0004387964212405,3194527.4865501635,107.12500439157576,98.3447191088839,82548613.60846551,0.0,0.00036501309153972743
R1020_S+00,1020,0,102562200.0,1.0004387964212405,3236397.5802466907,115.9132881360245,101.763983253766,90441475.44895127,0.0,0.00039982861327745206
R1020_S+00,1020,0,110451600.0,1.0004387964212405,3288296.8834191114,118.34849668452944,108.0598156985881,98334337.28943701,0.0,0.0004345767179862565
R1020_S+00,1020,0,118341000.0,1.0004387964212405,3342269.896420777,123.59473662365649,111.07155388592483,106227199.12992272,0.0,0.0004692948264862836
R1020_S+00,1020,0,126230400.0,0.6154311129028331,2246466.4323778115,128.74994568341785,113.1020639522856,111082581.35205835,0.0,0.0004922241666256723
R1020_S+00,1020,0,134119800.0,0.6154311129028331,2241362.7959601767,130.7191959549885,117.17805909845204,115937963.57419395,0.0,0.0005137490790356262
R1020_S+00,1020,0,142009200.0,0.6154311129028331,2260803.0195937194,131.90230307568007,120.07594005299912,120793345.79632956,0.0,0.000535171805586342
R1020_S+00,1020,0,149898600.0,0.6154311129028331,2287684.819653414,133.01601374002422,121.94428234012375,125648728.01846519,0.0,0.000556554656377294
R1020_S+00,1020,0,157788000.0,0.6154311129028331,2314533.92073996,134.44211793610185,123.54186907702154,130504110.24060076,0.0,0.0005779325037748982
R1020_S+00,1020,0,165677400.0,0.0,715718.8835786264,135.7459307151319,123.77409846305855,130504110.24060076,0.0,0.0005807293602431182
R1020_S+00,1020,0,173566800.0,0.0,672039.2172264811,135.86855344460423,123.79547161730295,130504110.24060076,0.0,0.0005809842431572211
R1020_S+00,1020,0,181456200.0,0.0,659973.8776217233,135.90163327159868,123.80141616279461,130504110.24060076,0.0,0.000581055373838144
R1020_S+00,1020,0,189345600.0,0.0,655673.3505145032,135.91311532313676,123.80353049766084,130504110.24060076,0.0,0.0005810807713196172
R1020_S+00,1020,0,197235000.0,0.0,653669.1205616724,135.9183456738844,123.80451311066581,130504110.24060076,0.0,0.0005810926140875289
R1020_S+00,1020,0,205124400.0,0.0,652923.7542491332,135.9202288169183,123.80487686646501,130504110.24060076,0.0,0.0005810970197696019
R1020_S+00,1020,0,213013800.0,0.0,652680.5113500282,135.9208211239946,123.80499493909683,130504110.24060076,0.0,0.0005810984577777202
R1020_S+00,1020,0,220903200.0,0.0,652587.2591660134,135.9210415530465,123.80504001057557,130504110.24060076,0.0,0.0005810990091291167
R1020_S+00,1020,0,228792600.0,0.0,652549.0770730637,135.92112926418937,123.80505838970383,130504110.24060076,0.0,0.0005810992349012721
R1020_S+00,1020,0,236682000.0,0.0,652535.0739419628,135.92116045537736,123.80506510090657,130504110.24060073,0.0,0.0005810993177110539
R1020_S+00,1020,0,244571400.0,0.0,652528.2567851543,135.9211752696648,123.80506835688666,130504110.24060076,0.0,0.0005810993580283659
R1020_S+00,1020,0,252460800.0,0.0,652525.906615423,135.92118018584398,123.80506947351495,130504110.24060076,0.0,0.0005810993719291532
R1020_S+00,1020,0,260350200.0,0.0,652525.0166559964,135.92118198370002,123.80506989437654,130504110.24060076,0.0,0.000581099377193633
R1020_S+00,1020,0,268239600.0,0.0,652524.7035935447,135.92118259306375,123.80507004169809,130504110.24060076,0.0,0.0005810993790457352
R1020_S+00,1020,0,276129000.0,0.0,652524.5816389434,135.9211828228262,123.80507009884502,130504110.24060076,0.0,0.0005810993797672973
R1020_S+00,1020,0,284018400.0,0.0,652524.5325636528,135.92118291234874,123.80507012174662,130504110.24060076,0.0,0.0005810993800576841
R1020_S+00,1020,0,291907800.0,0.0,652524.5138083529,135.9211829454296,123.80507013046213,130504110.24060076,0.0,0.0005810993801686732
R1020_S+00,1020,0,299797200.0,0.0,652524.5060118958,135.92118295875136,123.80507013407092,130504110.24060076,0.0,0.0005810993802148142
R1020_S+00,1020,0,307686600.0,0.0,652524.5032166671,135.92118296336363,123.8050701353593,130504110.24060076,0.0,0.0005810993802313588
R1020_S+00,1020,0,315576000.0,0.0,652524.5017109942,135.92118296578914,123.8050701360513,130504110.24060076,0.0,0.0005810993802402712
R1020_S+01,1020,1,0.0,1.512897939888554,0.0,0.0,0.0,0.0,0.0,0.0
R1020_S+01,1020,1,7889400.0,1.512897939888554,4225867.499400187,42.13093369755329,36.97498356628775,11935857.00695676,0.0,5.257839195727527e-05
R1020_S+01,1020,1,15778800.0,1.512897939888554,4419486.219982021,59.5293705583382,52.56989331127744,23871714.013913512,0.0,0.00010516399093939606
R1020_S+01,1020,1,23668200.0,1.512897939888554,4549877.193705015,72.99159016389932,64.27904585935002,35807571.020870276,0.0,0.00015772686478553194
R1020_S+01,1020,1,31557600.0,1.512897939888554,4639938.505939387,83.78376850943806,75.22889228038649,47743428.027827024,0.0,0.00021028963363189056
R1020_S+01,1020,1,39447000.0,1.512897939888554,4730424.3093749285,93.67338490350502,84.11933781871042,59679285.03478376,0.0,0.000262804031516018
R1020_S+01,1020,1,47336400.0,1.4587548245038988,4641548.580985419,103.09533047519821,90.5021969661061,71187985.34722482,0.0,0.00031353486491436276
R1020_S+01,1020,1,55225800.0,1.4587548245038988,4725268.311490193,107.27244807027941,98.4989104055959,82696685.65966585,0.0,0.00036408337660549306
R1020_S+01,1020,1,63115200.0,1.4587548245038988,4789424.01788044,117.36079688827589,105.90113466768003,94205385.9721069,0.0,0.00041465723854043846
R1020_S+01,1020,1,71004600.0,1.4587548245038988,4879579.554275792,123.17350335941045,110.97086042122764,105714086.28454795,0.0,0.00046508365942997626
R1020_S+01,1020,1,78894000.0,1.4587548245038988,4943325.958377369,131.05141059710067,118.01201823006551,117222786.59698898,0.0,0.000515568039789609
R1020_S+01,1020,1,86783400.0,1.0757175298554396,3780903.6503268033,133.13057089434443,122.06251148661921,125709552.47703049,0.0,0.0005543686236644806
R1020_S+01,1020,1,94672800.0,1.0757175298554396,3800140.5996498875,140.6643271099364,124.87614827280422,134196318.357072,0.0,0.0005917247610557253
R1020_S+01,1020,1,102562200.0,1.0757175298554396,3833861.9509444498,145.54120342124781,129.29596197580136,142683084.2371135,0.0,0.0006290070067841075
R1020_S+01,1020,1,110451600.0,1.0757175298554396,3883394.6482001655,147.53379047206926,134.3785371182337,151169850.11715502,0.0,0.0006661783914672286
R1020_S+01,1020,1,118341000.0,1.0757175298554396,3940091.34070047,149.38186266635745,137.15690566834684,159656615.99719653,0.0,0.0007032832345057142
R1020_S+01,1020,1,126230400.0,0.363786055943177,1876773.5620874688,151.10771882542136,138.2778109241003,162526669.7069546,0.0,0.0007197485320861173
R1020_S+01,1020,1,134119800.0,0.363786055943177,1831043.552126687,155.41304486204538,139.14495193429545,165396723.4167127,0.0,0.0007326918680717262
R1020_S+01,1020,1,142009200.0,0.363786055943177,1827181.2009474523,158.15306286944386,140.0191420159767,168266777.1264708,0.0,0.0007454061129804581
R1020_S+01,1020,1,149898600.0,0.363786055943177,1834644.708456114,160.02576824472408,140.91557768040892,171136830.83622894,0.0,0.0007580533546459705
R1020_S+01,1020,1,157788000.0,0.363786055943177,1845992.6105270982,161.36983119371914,141.83604248660066,174006884.54598707,0.0,0.0007706751221607867
R1020_S+01,1020,1,165677400.0,0.0,915424.9530698285,161.56793145616984,142.0040312604641,174006884.54598704,0.0,0.0007727103696167174
R1020_S+01,1020,1,173566800.0,0.0,886706.7014547642,161.5884751534076,142.02231857981405,174006884.54598707,0.0,0.0007729295648641591
R1020_S+01,1020,1,181456200.0,0.0,877275.6560215838,161.5951683391143,142.0284074010759,174006884.54598707,0.0,0.0007730025827525074
R1020_S+01,1020,1,189345600.0,0.0,873838.2082146462,161.59755736958041,142.0306324164467,174006884.54598704,0.0,0.0007730293106249396
R1020_S+01,1020,1,197235000.0,0.0,872453.7114826664,161.5984964289364,142.03152800629803,174006884.54598704,0.0,0.0007730400901288645
R1020_S+01,1020,1,205124400.0,0.0,871938.1319134571,161.59883663634574,142.03186094608512,174006884.54598704,0.0,0.0007730441064399263
R1020_S+01,1020,1,213013800.0,0.0,871698.8945548423,161.59899077699674,142.0320151725351,174006884.54598707,0.0,0.0007730459704648145
R1020_S+01,1020,1,220903200.0,0.0,871614.3216518052,161.59904350500403,142.03206956077275,174006884.54598704,0.0,0.0007730466295364945
R1020_S+01,1020,1,228792600.0,0.0,871579.9770746231,161.59906431736715,142.03209160103808,174006884.545987,0.0,0.0007730468972132674
R1020_S+01,1020,1,236682000.0,0.0,871566.7788389586,161.59907208043316,142.0321000524088,174006884.54598704,0.0,0.0007730470000905597
R1020_S+01,1020,1,244571400.0,0.0,871561.1591982059,161.59907529531642,142.03210364367308,174006884.54598704,0.0,0.0007730470438987712
R1020_S+01,1020,1,252460800.0,0.0,871558.8355686665,161.59907658439985,142.03210512535304,174006884.54598707,0.0,0.0007730470620146459
R1020_S+01,1020,1,260350200.0,0.0,871558.0587558169,161.59907699903079,142.0321056193623,174006884.54598704,0.0,0.0007730470680718126
R1020_S+01,1020,1,268239600.0,0.0,871557.7477984913,161.5990771599463,142.03210581669404,174006884.54598704,0.0,0.0007730470704967434
R1020_S+01,1020,1,276129000.0,0.0,871557.624685511,161.59907722167426,142.0321058946547,174006884.54598704,0.0,0.0007730470714569145
R1020_S+01,1020,1,284018400.0,0.0,871557.5750275422,161.5990772457986,142.03210592603457,174006884.54598707,0.0,0.0007730470718442412
R1020_S+01,1020,1,291907800.0,0.0,871557.5555691421,161.5990772549491,142.03210593830477,174006884.54598707,0.0,0.0007730470719960309
R1020_S+01,1020,1,299797200.0,0.0,871557.547575172,161.5990772585908,142.03210594333535,174006884.54598704,0.0,0.0007730470720583955
R1020_S+01,1020,1,307686600.0,0.0,871557.5445347,161.5990772599302,142.03210594524472,174006884.54598704,0.0,0.0007730470720821183
R1020_S+01,1020,1,315576000.0,0.0,871557.5431481693,161.59907726052322,142.0321059461139,174006884.54598704,0.0,0.0007730470720929372
R1020_S+02,1020,2,0.0,9.24906972551587,0.0,0.0,0.0,0.0,0.0,0.0
R1020_S+02,1020,2,7889400.0,9.24906972551587,39751539.7619234,103.62993625939141,91.37858439858316,72969610.69248487,0.0,0.0003004380060543716
R1020_S+02,1020,2,15778800.0,9.24906972551587,41842862.928625345,145.96670305482857,130.9416204538597,145939221.38497,0.0,0.0006009697793934138
R1020_S+02,1020,2,23668200.0,9.24906972551587,43152695.020866945,179.63414813649948,158.08092044225523,218908832.07745433,0.0,0.0009009950155868423
R1020_S+02,1020,2,31557600.0,9.24906972551587,44095239.73260398,205.13902474086765,185.94752774272283,291878442.7699391,0.0,0.0012007888912665737
R1020_S+02,1020,2,39447000.0,9.24906972551587,44943568.97653272,229.30040110370922,207.78127737493332,364848053.4624259,0.0,0.0014992671188074095
R1020_S+02,1020,2,47336400.0,5.676301392849781,27154684.743962616,247.00270704232585,218.97849358467855,409630665.6711755,0.0,0.0017166313022624676
R1020_S+02,1020,2,55225800.0,5.676301392849781,26957305.6620934,257.2882534446714,234.43727685158322,454413277.87992454,0.0,0.0019075051939791514
R1020_S+02,1020,2,63115200.0,5.676301392849781,27172757.089769974,266.8283010734705,242.42917071305132,499195890.0886734,0.0,0.0020935074704101337
R1020_S+02,1020,2,71004600.0,5.676301392849781,27414757.05839801,284.3255329447384,253.76184589196305,543978502.2974224,0.0,0.002279202938579409
R1020_S+02,1020,2,78894000.0,5.676301392849781,27726805.589140728,289.3680373660192,265.2594251472894,588761114.506171,0.0,0.0024629857181882706
R1020_S+02,1020,2,86783400.0,3.597873244900017,18246993.30986574,294.65091148788827,270.47643386697575,617146175.6844854,0.0,0.0026060036128278917
R1020_S+02,1020,2,94672800.0,3.597873244900017,18076461.160604876,311.3332349597629,274.909431867114,645531236.8627994,0.0,0.0027286861299280346
R1020_S+02,1020,2,102562200.0,3.597873244900017,18119541.0996412,317.5522770483208,282.98360318867554,673916298.0411141,0.0,0.002847701826705483
R1020_S+02,1020,2,110451600.0,3.597873244900017,18246494.87884946,320.8257275546088,291.432757098717,702301359.2194285,0.0,0.0029649779643292906
R1020_S+02,1020,2,118341000.0,3.597873244900017,18416626.12581473,323.34541943556775,296.3599822953094,730686420.3977429,0.0,0.0030811714335830308
R1020_S+02,1020,2,126230400.0,3.0137852816665753,16027782.69921964,325.9212943421981,299.83641449570547,754463377.9989234,0.0,0.0031866726125474093
R1020_S+02,1020,2,134119800.0,3.0137852816665753,16072709.62074551,332.0506377913219,302.909235549325,778240335.6001039,0.0,0.003285835134734128
R1020_S+02,1020,2,142009200.0,3.0137852816665753,16174626.278805412,344.71056202132877,306.04627740913566,802017293.2012832,0.0,0.003383739049299792
R1020_S+02,1020,2,149898600.0,3.0137852816665753,16294148.840527307,351.2481180546909,309.3369922693266,825794250.802463,0.0,0.0034811311985099296
R1020_S+02,1020,2,157788000.0,3.0137852816665753,16424332.428859953,355.1000306556975,316.94128821896896,849571208.4036433,0.0,0.003578085770621774
R1020_S+02,1020,2,165677400.0,0.0,4999069.028302576,356.5108267226605,320.754818545072,849571208.4036433,0.0,0.0036229709203851076
R1020_S+02,1020,2,173566800.0,0.0,4591329.363779087,356.85717949908656,321.668202390858,849571208.4036433,0.0,0.003635447516087002
R1020_S+02,1020,2,181456200.0,0.0,4414828.7246563025,357.00547698983337,322.05815468212114,849571208.4036431,0.0,0.00364102054245238
R1020_S+02,1020,2,189345600.0,0.0,4345879.544542115,357.06246016348956,322.20950433318524,849571208.4036431,0.0,0.0036432284487489764
R1020_S+02,1020,2,197235000.0,0.0,4313341.444492362,357.0888941122639,322.2805981125158,849571208.4036431,0.0,0.0036442748416589256
R1020_S+02,1020,2,205124400.0,0.0,4299861.828896422,357.099620335926,322.3099627356782,849571208.4036433,0.0,0.0036447091703463454
R1020_S+02,1020,2,213013800.0,0.0,4293817.966012463,357.10434379434787,322.3231033826088,849571208.4036433,0.0,0.0036449040397616697
R1020_S+02,1020,2,220903200.0,0.0,4290597.337650266,357.1068228430064,322.33009675044485,849571208.4036433,0.0,0.0036450079143451907
R1020_S+02,1020,2,228792600.0,0.0,4289201.895469982,357.10787537195364,322.33312283829844,849571208.4036433,0.0,0.0036450529320760645
R1020_S+02,1020,2,236682000.0,0.0,4288557.217110384,357.1083528749497,322.3345193521401,849571208.4036433,0.0,0.0036450737327752883
R1020_S+02,1020,2,244571400.0,0.0,4288243.284260672,357.1085813976762,322.33519874371,849571208.4036431,0.0,0.0036450838630661276
R1020_S+02,1020,2,252460800.0,0.0,4288103.809889536,357.1086810316645,322.3355002810829,849571208.4036431,0.0,0.0036450883642641743
R1020_S+02,1020,2,260350200.0,0.0,4288026.884957455,357.10873516442825,322.3356664590137,849571208.4036433,0.0,0.00364509084704323
R1020_S+02,1020,2,268239600.0,0.0,4287992.160959039,357.1087590897207,322.3357413909189,849571208.4036433,0.0,0.0036450919679021482
R1020_S+02,1020,2,276129000.0,0.0,4287977.597950831,357.1087688996944,322.33577278109476,849571208.4036433,0.0,0.0036450924380395672
R1020_S+02,1020,2,284018400.0,0.0,4287970.738050334,357.1087734338772,322.3357875534856,849571208.4036433,0.0,0.00364509265951978
R1020_S+02,1020,2,291907800.0,0.0,4287967.480739936,357.1087755463455,322.3357945613629,849571208.4036431,0.0,0.0036450927646963787
R1020_S+02,1020,2,299797200.0,0.0,4287965.953236248,357.10877651797176,322.33579784458806,849571208.4036431,0.0,0.0036450928140234593
R1020_S+02,1020,2,307686600.0,0.0,4287965.22234587,357.10877697404993,322.3357994141206,849571208.4036431,0.0,0.0036450928376281066
R1020_S+02,1020,2,315576000.0,0.0,4287964.883851461,357.1087771811144,322.3358001403262,849571208.4036431,0.0,0.003645092848561123
R1020_S+03,1020,3,0.0,0.7554871873479929,0.0,0.0,0.0,0.0,0.0,0.0
R1020_S+03,1020,3,7889400.0,0.7554871873479929,1914345.3030925766,29.68702857437623,26.209809712055637,5960340.615863254,0.0,2.646826181749076e-05
R1020_S+03,1020,3,15778800.0,0.7554871873479929,1984893.5097403899,42.0879343759756,36.92236007130683,11920681.231726512,0.0,5.294057591860894e-05
R1020_S+03,1020,3,23668200.0,0.7554871873479929,2036968.7197035402,50.71164931221712,45.47544864694576,17881021.847589754,0.0,7.940689765335425e-05
R1020_S+03,1020,3,31557600.0,0.7554871873479929,2073273.6114862151,59.47763780134219,52.31831252977189,23841362.46345301,0.0,0.00010587433699628718
R1020_S+03,1020,3,39447000.0,0.7554871873479929,2111952.613610223,66.51152283568533,58.5702422092231,29801703.07931626,0.0,0.00013232790252353958
R1020_S+03,1020,3,47336400.0,1.0315552029530508,2960352.2014354244,74.74442153048346,66.68791881605435,37940054.697494045,0.0,0.00016798343447523457
R1020_S+03,1020,3,55225800.0,1.0315552029530508,3037978.5711269416,82.77599352797357,72.61090288457295,46078406.31567183,0.0,0.00020394988436859884
R1020_S+03,1020,3,63115200.0,1.0315552029530508,3105119.140818253,88.0943723636777,79.36229087401499,54216757.93384965,0.0,0.00023989428506246028
R1020_S+03,1020,3,71004600.0,1.0315552029530508,3154280.117550086,94.50733447992334,86.09713978879132,62355109.55202744,0.0,0.000275849277916572
R1020_S+03,1020,3,78894000.0,1.0315552029530508,3210447.031505011,102.39743666514744,90.05427299690163,70493461.17020527,0.0,0.00031176444101643975
R1020_S+03,1020,3,86783400.0,1.8860798953809632,6088090.277069189,110.33603919563534,99.27059158468359,85373499.8968238,0.0,0.00037459528968731946
R1020_S+03,1020,3,94672800.0,1.8860798953809632,6272459.467068657,118.70029299135842,108.6202025320902,100253538.6234425,0.0,0.00043954202744963725
R1020_S+03,1020,3,102562200.0,1.8860798953809632,6401940.606353443,130.17521122770833,115.5391624892647,115133577.35006115,0.0,0.0005045406959480476
R1020_S+03,1020,3,110451600.0,1.8860798953809632,6537368.354516398,134.02825854160693,123.07710889194053,130013616.07667963,0.0,0.0005693709716398548
R1020_S+03,1020,3,118341000.0,1.8860798953809632,6633851.487827741,145.85594938910333,130.141455001717,144893654.80329818,0.0,0.0006343036293403389
R1020_S+03,1020,3,126230400.0,3.319061264631731,12287659.315358553,157.33847705662217,139.63506435321324,171079056.74448347,0.0,0.0007401428073305469
R1020_S+03,1020,3,134119800.0,3.319061264631731,12668645.385928378,165.83791159541545,151.78838644923619,197264458.6856687,0.0,0.0008521282155055876
R1020_S+03,1020,3,142009200.0,3.319061264631731,12942279.40605884,180.96291369688663,158.91507173744813,223449860.62685412,0.0,0.0009643041068924415
R1020_S+03,1020,3,149898600.0,3.319061264631731,13192448.34640304,186.00271398438156,170.5731424693525,249635262.56804106,0.0,0.0010761611067744814
R1020_S+03,1020,3,157788000.0,3.319061264631731,13409628.796871293,201.27893255925719,176.8645968412713,275820664.5092261,0.0,0.0011880513929334894
R1020_S+03,1020,3,165677400.0,0.0,1835738.5146688223,203.16689577897523,180.202667051158,275820664.5092261,0.0,0.0012135775553041993
R1020_S+03,1020,3,173566800.0,0.0,1544499.015485242,203.3653235140618,180.79344231221708,275820664.5092261,0.0,0.0012169772325912283
R1020_S+03,1020,3,181456200.0,0.0,1448139.943460675,203.42917667537748,180.9850667721543,275820664.5092261,0.0,0.0012181239102934452
R1020_S+03,1020,3,189345600.0,0.0,1409525.9116259087,203.45416699406374,181.061253142881,275820664.5092261,0.0,0.0012185864793454004
R1020_S+03,1020,3,197235000.0,0.0,1395360.8966853172,203.4631015402143,181.08907494667363,275820664.5092261,0.0,0.001218756594645709
R1020_S+03,1020,3,205124400.0,0.0,1387965.561546877,203.46767702610003,181.10356379118147,275820664.5092261,0.0,0.0012188454844680842
R1020_S+03,1020,3,213013800.0,0.0,1385372.5674826894,203.4692299138463,181.1086299793264,275820664.5092261,0.0,0.0012188766686075994
R1020_S+03,1020,3,220903200.0,0.0,1384393.0697377957,203.46979935739148,181.11053947128622,275820664.5092261,0.0,0.0012188884507459245
R1020_S+03,1020,3,228792600.0,0.0,1383989.6459928975,203.4700273969905,181.11132439956393,275820664.5092261,0.0,0.0012188933040329134
R1020_S+03,1020,3,236682000.0,0.0,1383848.976812724,203.47010429720308,181.1115974913694,275820664.5092261,0.0,0.0012188949965176985
R1020_S+03,1020,3,244571400.0,0.0,1383795.9573697913,203.47013247833186,181.11170023604217,275820664.5092261,0.0,0.0012188956344881454
R1020_S+03,1020,3,252460800.0,0.0,1383768.3017266765,203.4701468719153,181.11175375779453,275820664.5092261,0.0,0.0012188959672839066
R1020_S+03,1020,3,260350200.0,0.0,1383758.2709936388,203.47015191350206,181.1117731282412,275820664.5092261,0.0,0.001218896088002098
R1020_S+03,1020,3,268239600.0,0.0,1383754.4965481143,203.47015374768262,181.11178040217573,275820664.5092261,0.0,0.0012188961334314516
R1020_S+03,1020,3,276129000.0,0.0,1383753.0698998142,203.47015441769014,181.11178314595114,275820664.5092261,0.0,0.0012188961506043336
R1020_S+03,1020,3,284018400.0,0.0,1383752.5429777037,203.47015465659723,181.11178415726027,275820664.5092261,0.0,0.0012188961569476423
R1020_S+03,1020,3,291907800.0,0.0,1383752.35037026,203.47015474099555,181.11178452620365,275820664.5092261,0.0,0.00121889615926655
R1020_S+03,1020,3,299797200.0,0.0,1383752.2688296717,203.47015477570247,181.11178468214035,275820664.5092261,0.0,0.0012188961602483395
R1020_S+03,1020,3,307686600.0,0.0,1383752.2372584268,203.4701547887303,181.11178474241308,275820664.5092261,0.0,0.0012188961606285041
R1020_S+03,1020,3,315576000.0,0.0,1383752.2221918236,203.47015479478634,181.11178477113552,275820664.5092261,0.0,0.001218896160809941
R1021_S+00,1021,0,0.0,0.24516494824274002,0.0,0.0,0.0,0.0,0.0,0.0
R1021_S+00,1021,0,7889400.0,0.24516494824274002,498399.08086432517,24.819986407546104,21.680488328826243,1934204.342666272,0.0,1.6746101417632757e-05
R1021_S+00,1021,0,15778800.0,0.24516494824274002,499576.4005318098,34.44490021339617,30.389693085267805,3868408.6853325507,0.0,3.349061835129735e-05
R1021_S+00,1021,0,23668200.0,0.24516494824274002,510785.86542118713,42.21879711393761,36.86204418160136,5802613.02799882,0.0,5.0229863099458084e-05
R1021_S+00,1021,0,31557600.0,0.24516494824274002,527268.1479197107,47.729158275260815,42.337798188716086,7736817.370665094,0.0,6.696284402864842e-05
R1021_S+00,1021,0,39447000.0,0.24516494824274002,544904.6956159435,53.0870143104847,46.983530776918144,9671021.71333137,0.0,8.368943515981907e-05
R1021_S+00,1021,0,47336400.0,0.19283061179899866,472191.28190165386,57.62121258496349,49.98475345940436,11192339.54205839,0.0,9.689595102137382e-05
R1021_S+00,1021,0,55225800.0,0.19283061179899866,485588.64903790504,60.60414300636581,52.99298950665924,12713657.370785417,0.0,0.00011005216716896125
R1021_S+00,1021,0,63115200.0,0.19283061179899866,501354.31809179485,64.08237004469368,55.46752803217285,14234975.19951244,0.0,0.0001232024683186593
R1021_S+00,1021,0,71004600.0,0.19283061179899866,516718.46111899614,65.85051687532953,58.03785205456448,15756293.028239451,0.0,0.00013634891207442096
R1021_S+00,1021,0,78894000.0,0.19283061179899866,532727.0956453308,70.11274362812289,60.25682700653766,17277610.85696648,0.0,0.00014949095216148196
R1021_S+00,1021,0,86783400.0,0.17244663452878412,514279.86474009417,71.6197829547025,61.97460221410416,18638111.33541786,0.0,0.0001612736315723209
R1021_S+00,1021,0,94672800.0,0.17244663452878412,527525.3973273803,72.92363141577535,63.85548093587188,19998611.81386924,0.0,0.00017302401990313527
R1021_S+00,1021,0,102562200.0,0.17244663452878412,541786.1462157164,76.30313775567502,65.55370374626916,21359112.292320617,0.0,0.00018476988404022033
R1021_S+00,1021,0,110451600.0,0.17244663452878412,555745.9825377055,78.33543287325949,67.05805655952301,22719612.770772003,0.0,0.0001965126074359249
R1021_S+00,1021,0,118341000.0,0.17244663452878412,570023.489046108,79.48888083612528,68.46164694906426,24080113.24922342,0.0,0.00020825209952459863
R1021_S+00,1021,0,126230400.0,0.18401301643209636,603003.4829109535,80.60528956244944,70.02496734810668,25531865.54106278,0.0,0.00022075129478273738
R1021_S+00,1021,0,134119800.0,0.18401301643209636,618719.0008455925,83.01019679386124,71.72394714790134,26983617.83290214,0.0,0.0002332685089956548
R1021_S+00,1021,0,142009200.0,0.18401301643209636,634010.6903350707,85.91585118252567,73.18917196294674,28435370.124741502,0.0,0.0002457831746094144
R1021_S+00,1021,0,149898600.0,0.18401301643209636,649523.8111413997,87.41839435175194,74.59867698141119,29887122.416580893,0.0,0.0002582936639912897
R1021_S+00,1021,0,157788000.0,0.18401301643209636,664840.3257845491,88.44745719681264,75.92996604544555,31338874.708420232,0.0,0.0002708008790486752
R1021_S+00,1021,0,165677400.0,0.0,380085.6077258419,88.4818720788933,75.97407587781615,31338874.708420232,0.0,0.00027129347377991117
R1021_S+00,1021,0,173566800.0,0.0,371001.2681945786,88.48269544146476,75.97479955326699,31338874.708420232,0.0,0.0002713228983936214
R1021_S+00,1021,0,181456200.0,0.0,368213.8144949768,88.48279954956537,75.97477277146676,31338874.708420232,0.0,0.0002713322980670761
R1021_S+00,1021,0,189345600.0,0.0,367225.5197458081,88.48281217640391,75.97471783104587,31338874.708420232,0.0,0.00027133571583397217
R1021_S+00,1021,0,197235000.0,0.0,366801.25133040734,88.48281399609954,75.97468593045039,31338874.708420232,0.0,0.00027133720479421064
R1021_S+00,1021,0,205124400.0,0.0,366608.80705461465,88.48281422980791,75.97466951909114,31338874.70842023,0.0,0.0002713378874584939
R1021_S+00,1021,0,213013800.0,0.0,366530.9150844533,88.48281424530764,75.97466239178259,31338874.708420232,0.0,0.0002713381664123101
R1021_S+00,1021,0,220903200.0,0.0,366499.99971086346,88.48281424632033,75.97465946895363,31338874.70842023,0.0,0.00027133827786126165
R1021_S+00,1021,0,228792600.0,0.0,366484.1825703457,88.48281424645894,75.97465795309164,31338874.708420232,0.0,0.00027133833507438885
R1021_S+00,1021,0,236682000.0,0.0,366477.65053603053,88.48281424646672,75.97465731998348,31338874.708420232,0.0,0.00027133835878563253
R1021_S+00,1021,0,244571400.0,0.0,366474.5119795017,88.48281424646744,75.97465701423219,31338874.70842023,0.0,0.00027133837020070525
R1021_S+00,1021,0,252460800.0,0.0,366473.0106435437,88.48281424646754,75.97465686749379,31338874.70842023,0.0,0.00027133837566920005
R1021_S+00,1021,0,260350200.0,0.0,366472.3187762741,88.48281424646754,75.97465679972359,31338874.70842023,0.0,0.00027133837819220806
R1021_S+00,1021,0,268239600.0,0.0,366472.00502462126,88.48281424646754,75.97465676895054,31338874.70842023,0.0,0.0002713383793372688
R1021_S+00,1021,0,276129000.0,0.0,366471.8658172563,88.48281424646754,75.97465675528387,31338874.708420232,0.0,0.00027133837984568023
R1021_S+00,1021,0,284018400.0,0.0,366471.79553042166,88.48281424646754,75.97465674838082,31338874.70842023,0.0,0.00027133838010245416
R1021_S+00,1021,0,291907800.0,0.0,366471.7616702188,88.48281424646754,75.97465674505385,31338874.708420232,0.0,0.0002713383802261999
R1021_S+00,1021,0,299797200.0,0.0,366471.7438699696,88.48281424646754,75.97465674330458,31338874.708420232,0.0,0.00027133838029126125
R1021_S+00,1021,0,307686600.0,0.0,366471.73463529535,88.48281424646754,75.97465674239699,31338874.708420232,0.0,0.00027133838032501707
R1021_S+00,1021,0,315576000.0,0.0,366471.73061290197,88.48281424646754,75.97465674200163,31338874.70842023,0.0,0.0002713383803397225
R1021_S+01,1021,1,0.0,0.39016108396147714,0.0,0.0,0.0,0.0,0.0,0.0
R1021_S+01,1021,1,7889400.0,0.39016108396147714,764728.9306618422,30.96983089799833,27.269836935666984,3078136.85580568,0.0,2.6600967309609246e-05
R1021_S+01,1021,1,15778800.0,0.39016108396147714,775485.6018276494,43.07621317907044,38.285732697199315,6156273.711611356,0.0,5.319712304837497e-05
R1021_S+01,1021,1,23668200.0,0.39016108396147714,799740.2673099563,52.70064114203903,46.47376209373402,9234410.56741704,0.0,7.977983366720269e-05
R1021_S+01,1021,1,31557600.0,0.39016108396147714,827409.5493589398,60.867349167017736,53.275604981477755,12312547.423222708,0.0,0.00010634830612480735
R1021_S+01,1021,1,39447000.0,0.39016108396147714,858344.4805660453,67.56850073440918,59.088395764240644,15390684.279028386,0.0,0.00013289956115942515
R1021_S+01,1021,1,47336400.0,0.2447339067065123,637634.5211198553,71.34874177057037,61.94693100718622,17321487.96259874,0.0,0.00014976731568536102
R1021_S+01,1021,1,55225800.0,0.2447339067065123,651569.7184371036,73.64203664223156,64.94379284458317,19252291.64616908,0.0,0.00016643874119636414
R1021_S+01,1021,1,63115200.0,0.2447339067065123,670298.41148719,78.27110364559819,67.41930469628264,21183095.32973943,0.0,0.00018309731508084768
R1021_S+01,1021,1,71004600.0,0.2447339067065123,690329.6628028788,80.06934418370085,69.65010918997808,23113899.013309788,0.0,0.00019974820961569888
R1021_S+01,1021,1,78894000.0,0.2447339067065123,709918.2107754219,82.78600533930278,72.18401354645489,25044702.69688017,0.0,0.00021639352710463452
R1021_S+01,1021,1,86783400.0,0.11793413912421374,517007.60142563283,84.60445645710362,72.83658003798624,25975132.294086747,0.0,0.0002246876062819284
R1021_S+01,1021,1,94672800.0,0.11793413912421374,520751.8391339425,85.706064996143,73.38540940803668,26905561.89129334,0.0,0.0002327282690816793
R1021_S+01,1021,1,102562200.0,0.11793413912421374,527762.12820662,86.5093240669109,73.91385773714336,27835991.488499925,0.0,0.00024076035396308353
R1021_S+01,1021,1,110451600.0,0.11793413912421374,535582.8948085867,87.13951106282208,74.43904480724791,28766421.085706517,0.0,0.00024878910281760547
R1021_S+01,1021,1,118341000.0,0.11793413912421374,543877.4946772177,87.66691481338212,74.97523223317793,29696850.68291308,0.0,0.00025681565720246104
R1021_S+01,1021,1,126230400.0,0.01,288343.7551485393,87.68310668247479,74.97328489169405,29775744.68291307,0.0,0.00025777002679124505
R1021_S+01,1021,1,134119800.0,0.01,272242.2912954148,87.68395202316816,74.95397379082405,29854638.68291306,0.0,0.00025847885769583767
R1021_S+01,1021,1,142009200.0,0.01,268654.0806720089,87.68401909651524,74.93393996475909,29933532.682913058,0.0,0.0002591676295614671
R1021_S+01,1021,1,149898600.0,0.01,268021.5827193372,87.68402662584337,74.91390519622897,30012426.682913054,0.0,0.0002598524765029119
R1021_S+01,1021,1,157788000.0,0.01,268642.2889902666,87.68402719487923,74.89389593562568,30091320.682913043,0.0,0.0002605358259581427
R1021_S+01,1021,1,165677400.0,0.0,354007.8007743191,87.68402726710848,74.8929853479945,30091320.68291304,0.0,0.00026056694482671806
R1021_S+01,1021,1,173566800.0,0.0,353009.01793497056,87.68402727630138,74.89288471608603,30091320.682913043,0.0,0.0002605703876848702
R1021_S+01,1021,1,181456200.0,0.0,352664.1416905783,87.6840272774665,74.8928496662234,30091320.682913043,0.0,0.0002605715863013991
R1021_S+01,1021,1,189345600.0,0.0,352515.8424881827,87.6840272776152,74.89283451251147,30091320.682913043,0.0,0.0002605721042411561
R1021_S+01,1021,1,197235000.0,0.0,352448.2185952049,87.68402727763412,74.89282757110594,30091320.682913035,0.0,0.0002605723414022484
R1021_S+01,1021,1,205124400.0,0.0,352416.19222432934,87.68402727763659,74.89282427150373,30091320.68291304,0.0,0.00026057245411039245
R1021_S+01,1021,1,213013800.0,0.0,352401.0181406997,87.68402727763694,74.89282270330679,30091320.682913043,0.0,0.0002605725076693265
R1021_S+01,1021,1,220903200.0,0.0,352393.5784665365,87.68402727763697,74.89282193261785,30091320.682913043,0.0,0.0002605725339886182
R1021_S+01,1021,1,228792600.0,0.0,352390.04527525604,87.68402727763697,74.89282156585811,30091320.68291304,0.0,0.0002605725465129617
R1021_S+01,1021,1,236682000.0,0.0,352388.2535005268,87.68402727763697,74.89282137961514,30091320.68291304,0.0,0.00026057255287272935
R1021_S+01,1021,1,244571400.0,0.0,352387.43512390554,87.68402727763697,74.8928212944274,30091320.682913035,0.0,0.0002605725557816445
R1021_S+01,1021,1,252460800.0,0.0,352386.9438383654,87.68402727763697,74.8928212432604,30091320.682913043,0.0,0.00026057255752883504
R1021_S+01,1021,1,260350200.0,0.0,352386.7173770964,87.68402727763697,74.89282121965333,30091320.682913043,0.0,0.0002605725583349369
R1021_S+01,1021,1,268239600.0,0.0,352386.6137876194,87.68402727763697,74.89282120884741,30091320.68291304,0.0,0.0002605725587039201
R1021_S+01,1021,1,276129000.0,0.0,352386.5640463885,87.68402727763697,74.89282120365641,30091320.682913043,0.0,0.00026057255888117494
R1021_S+01,1021,1,284018400.0,0.0,352386.5402139779,87.68402727763697,74.8928212011684,30091320.68291304,0.0,0.0002605725589661311
R1021_S+01,1021,1,291907800.0,0.0,352386.5286402013,87.68402727763697,74.89282119995988,30091320.682913043,0.0,0.0002605725590073976
R1021_S+01,1021,1,299797200.0,0.0,352386.52329087816,87.68402727763697,74.89282119940123,30091320.682913043,0.0,0.00026057255902647397
R1021_S+01,1021,1,307686600.0,0.0,352386.52078290656,87.68402727763697,74.8928211991392,30091320.68291304,0.0,0.00026057255903542037
R1021_S+01,1021,1,315576000.0,0.0,352386.51932155713,87.68402727763697,74.89282119898658,30091320.68291304,0.0,0.00026057255904063284
R1021_S+02,1021,2,0.0,0.015065103708988802,0.0,0.0,0.0,0.0,0.0,0.0
R1021_S+02,1021,2,7889400.0,0.015065103708988802,43009.87231314555,6.753717746393067,5.980728982819096,118854.62920169462,0.0,1.0324350786282725e-06
R1021_S+02,1021,2,15778800.0,0.015065103708988802,41683.529547050595,8.884448986448799,7.986611230285946,237709.2584033868,0.0,2.0648964878538524e-06
R1021_S+02,1021,2,23668200.0,0.015065103708988802,40927.025823097676,10.809063094493808,9.59681429596238,356563.8876050839,0.0,3.0973512265834385e-06
R1021_S+02,1021,2,31557600.0,0.015065103708988802,41149.221970029175,12.233067190269988,10.959615853428224,475418.5168067727,0.0,4.129782538911407e-06
R1021_S+02,1021,2,39447000.0,0.015065103708988802,41603.54129638523,13.56295783881494,12.126462455622562,594273.1460084689,0.0,5.162189028270645e-06
R1021_S+02,1021,2,47336400.0,0.20320620627160096,415346.2667268049,25.991703749245502,22.97826380022347,2197448.1897676364,0.0,1.9036315988979783e-05
R1021_S+02,1021,2,55225800.0,0.20320620627160096,420559.34123810753,34.17233727719035,29.8576139278644,3800623.2335267956,0.0,3.2921705487235625e-05
R1021_S+02,1021,2,63115200.0,0.20320620627160096,431081.470696412,40.90279575369951,35.50139502567671,5403798.277285969,0.0,4.6803504623919e-05
R1021_S+02,1021,2,71004600.0,0.20320620627160096,445401.97129336,46.27448043974789,40.09036321937103,7006973.321045132,0.0,6.068066725307461e-05
R1021_S+02,1021,2,78894000.0,0.20320620627160096,459490.27260999195,50.97303961178654,44.08439160641448,8610148.364804287,0.0,7.455348770640433e-05
R1021_S+02,1021,2,86783400.0,0.40092508460441173,826644.3343898859,58.5099710149922,51.33681111360216,11773206.727282343,0.0,0.00010169027645515382
R1021_S+02,1021,2,94672800.0,0.40092508460441173,866040.3691186421,65.3472563611175,57.576821679371484,14936265.08976039,0.0,0.0001289699440082953
R1021_S+02,1021,2,102562200.0,0.40092508460441173,901725.7304549217,71.93531641797297,62.763687479046595,18099323.45223843,0.0,0.00015623492844629526
R1021_S+02,1021,2,110451600.0,0.40092508460441173,936470.0610998757,78.50193508910183,67.73627601439048,21262381.81471648,0.0,0.00018348343870163198
R1021_S+02,1021,2,118341000.0,0.40092508460441173,971252.8461138662,82.55439713919817,72.30300022575705,24425440.177194536,0.0,0.00021071467655286427
R1021_S+02,1021,2,126230400.0,0.5971168204207618,1353372.0216166917,89.61135442503651,78.50489563990388,29136333.6202221,0.0,0.00025076780561887016
R1021_S+02,1021,2,134119800.0,0.5971168204207618,1416833.6164722983,97.56946478447571,84.21303369934931,33847227.063249655,0.0,0.0002911642284781958
R1021_S+02,1021,2,142009200.0,0.5971168204207618,1471812.3214750495,103.7524693003177,89.7260770045365,38558120.50627722,0.0,0.00033153583531449644
R1021_S+02,1021,2,149898600.0,0.5971168204207618,1527086.3610684313,109.0754593130419,94.32026096840318,43269013.94930479,0.0,0.0003718651795805502
R1021_S+02,1021,2,157788000.0,0.5971168204207618,1580188.188882541,114.43481769779457,99.13973814101165,47979907.39233236,0.0,0.0004121620914993172
R1021_S+02,1021,2,165677400.0,0.0,623297.0986267999,114.97544255852482,99.36538287272886,47979907.39233236,0.0,0.0004143097031180698
R1021_S+02,1021,2,173566800.0,0.0,595831.0800873227,114.98919224662033,99.36958709006572,47979907.39233236,0.0,0.00041443611709876906
R1021_S+02,1021,2,181456200.0,0.0,587752.1080840304,114.99095150687417,99.3695616421804,47979907.392332375,0.0,0.00041447450469362366
R1021_S+02,1021,2,189345600.0,0.0,584905.861856034,114.99117479755422,99.36933184733299,47979907.39233237,0.0,0.0004144882923831041
R1021_S+02,1021,2,197235000.0,0.0,583741.1952534765,114.99120532857665,99.36920337959074,47979907.39233236,0.0,0.0004144939961112844
R1021_S+02,1021,2,205124400.0,0.0,583265.534909023,114.99120912605377,99.36914578010978,47979907.39233237,0.0,0.0004144963431745974
R1021_S+02,1021,2,213013800.0,0.0,583032.9745929539,114.99120972951636,99.36911681262511,47979907.392332375,0.0,0.00041449749577428117
R1021_S+02,1021,2,220903200.0,0.0,582930.2456881907,114.99120979109821,99.36910385373564,47979907.39233237,0.0,0.00041449800697173755
R1021_S+02,1021,2,228792600.0,0.0,582885.990105724,114.99120979682297,99.36909824323446,47979907.39233237,0.0,0.00041449822784767363
R1021_S+02,1021,2,236682000.0,0.0,582866.1771184932,114.99120979752071,99.36909572473986,47979907.392332375,0.0,0.00041449832695675596
R1021_S+02,1021,2,244571400.0,0.0,582854.9084119126,114.99120979765446,99.3690942910321,47979907.392332375,0.0,0.0004144983833711536
R1021_S+02,1021,2,252460800.0,0.0,582849.8113077153,114.99120979766532,99.36909364170145,47979907.392332375,0.0,0.0004144984089203524
R1021_S+02,1021,2,260350200.0,0.0,582847.5066561289,114.99120979766688,99.36909334781778,47979907.39233237,0.0,0.00041449842048370093
R1021_S+02,1021,2,268239600.0,0.0,582846.3848309685,114.9912097976669,99.36909320467433,47979907.392332375,0.0,0.0004144984261159121
R1021_S+02,1021,2,276129000.0,0.0,582845.8198719658,114.9912097976669,99.36909313256605,47979907.392332375,0.0,0.0004144984289531279
R1021_S+02,1021,2,284018400.0,0.0,582845.5488131382,114.9912097976669,99.36909309795132,47979907.39233237,0.0,0.0004144984303151002
R1021_S+02,1021,2,291907800.0,0.0,582845.4050731491,114.9912097976669,99.36909307959408,47979907.392332375,0.0,0.00041449843103739893
R1021_S+02,1021,2,299797200.0,0.0,582845.3321559802,114.9912097976669,99.36909307028131,47979907.392332375,0.0,0.00041449843140382354
R1021_S+02,1021,2,307686600.0,0.0,582845.2996296249,114.9912097976669,99.36909306612618,47979907.39233237,0.0,0.0004144984315673134
R1021_S+02,1021,2,315576000.0,0.0,582845.284104893,114.9912097976669,99.36909306414222,47979907.39233237,0.0,0.00041449843164537576
R1021_S+03,1021,3,0.0,0.026853253586032334,0.0,0.0,0.0,0.0,0.0,0.0
R1021_S+03,1021,3,7889400.0,0.026853253586032334,71684.74019574933,8.618137535511764,7.56088505449271,211856.05884164467,0.0,1.8399077189694087e-06
R1021_S+03,1021,3,15778800.0,0.026853253586032334,68468.99326918647,11.872596575484435,10.402364778751473,423712.11768329004,0.0,3.6798926754909275e-06
R1021_S+03,1021,3,23668200.0,0.026853253586032334,68138.52294741012,14.455793244857125,12.592603742755392,635568.176524926,0.0,5.519822122240756e-06
R1021_S+03,1021,3,31557600.0,0.026853253586032334,68579.2762806844,16.380357428820254,14.372360452444989,847424.2353665689,0.0,7.359673797663643e-06
R1021_S+03,1021,3,39447000.0,0.026853253586032334,69748.8405941762,18.18601097320476,15.91551761619986,1059280.2942082025,0.0,9.199442360603434e-06
R1021_S+03,1021,3,47336400.0,0.36315223036620514,710169.6768929847,34.542017791538555,30.503555752180166,3924333.5004593455,0.0,3.392622569675117e-05
R1021_S+03,1021,3,55225800.0,0.36315223036620514,728793.7544742674,45.959708970145336,39.831755627486736,6789386.706710476,0.0,5.868564669883371e-05
R1021_S+03,1021,3,63115200.0,0.36315223036620514,752970.1180013064,53.297353208896745,47.287223653269095,9654439.91296162,0.0,8.343302061353853e-05
R1021_S+03,1021,3,71004600.0,0.36315223036620514,780415.8281930666,61.36943600746194,53.446057705785904,12519493.119212754,0.0,0.0001081670822993793
R1021_S+03,1021,3,78894000.0,0.36315223036620514,810080.5706672855,66.94788755936987,58.81897570112235,15384546.325463902,0.0,0.00013288625086838333
R1021_S+03,1021,3,86783400.0,0.6566120849767119,1368569.9498946257,78.17724274679748,67.49692592781788,20564821.70867913,0.0,0.0001770196276000054
R1021_S+03,1021,3,94672800.0,0.6566120849767119,1437256.1750909332,87.0323999092247,75.12479162714418,25745097.0918944,0.0,0.00022149572477543896
R1021_S+03,1021,3,102562200.0,0.6566120849767119,1497444.1107032746,95.10787150307907,82.02771512942957,30925372.475109674,0.0,0.00026593474091186913
R1021_S+03,1021,3,110451600.0,0.6566120849767119,1556773.1959000453,100.14757795231012,88.16522184592016,36105647.85832493,0.0,0.0003103278622557124
R1021_S+03,1021,3,118341000.0,0.6566120849767119,1616441.7582888138,108.33414716113661,93.54956159508222,41285923.24154019,0.0,0.0003546723161459017
R1021_S+03,1021,3,126230400.0,0.9072328174175526,2131777.0261337087,117.45667535700457,101.03299462138108,48443445.8312742,0.0,0.0004149649809113678
R1021_S+03,1021,3,134119800.0,0.9072328174175526,2225901.692710299,123.0488393585333,107.70060022427515,55600968.42100825,0.0,0.0004759125378525982
R1021_S+03,1021,3,142009200.0,0.9072328174175526,2312276.8178663626,132.60519495340978,113.94128802553246,62758491.01074229,0.0,0.0005367921305824883
R1021_S+03,1021,3,149898600.0,0.9072328174175526,2395554.284877889,136.88061580222382,119.68983122853447,69916013.60047637,0.0,0.0005975970035873951
R1021_S+03,1021,3,157788000.0,0.9072328174175526,2479475.317747712,146.01674105887173,125.15427932561488,77073536.19021042,0.0,0.0006583076328198849
R1021_S+03,1021,3,165677400.0,0.0,996871.4580916893,146.44791422318707,125.51994268503236,77073536.19021043,0.0,0.0006630601529975776
R1021_S+03,1021,3,173566800.0,0.0,953964.9984307345,146.45987493192868,125.5271178807601,77073536.19021043,0.0,0.0006633759087001576
R1021_S+03,1021,3,181456200.0,0.0,941483.3589692283,146.46140349756465,125.52700795638198,77073536.19021042,0.0,0.0006634709747201075
R1021_S+03,1021,3,189345600.0,0.0,936745.415457923,146.46162928142758,125.52656360019137,77073536.19021043,0.0,0.0006635077827750977
R1021_S+03,1021,3,197235000.0,0.0,934984.3361896574,146.46165764306912,125.52633391764905,77073536.19021043,0.0,0.0006635216509951621
R1021_S+03,1021,3,205124400.0,0.0,934056.7769742217,146.46166368940652,125.52620233180387,77073536.19021043,0.0,0.0006635290005214639
R1021_S+03,1021,3,213013800.0,0.0,933696.5601369552,146.46166420306682,125.52614879225203,77073536.19021043,0.0,0.000663531877251117
R1021_S+03,1021,3,220903200.0,0.0,933527.4207202569,146.46166427611743,125.52612336572444,77073536.19021043,0.0,0.0006635332334647497
R1021_S+03,1021,3,228792600.0,0.0,933451.0221598968,146.46166428557146,125.52611181280948,77073536.19021043,0.0,0.0006635338482943935
R1021_S+03,1021,3,236682000.0,0.0,933411.1345342938,146.46166428712678,125.52610576584833,77073536.19021043,0.0,0.0006635341699069388
R1021_S+03,1021,3,244571400.0,0.0,933392.3524169698,146.46166428729416,125.52610291235007,77073536.19021043,0.0,0.000663534321639492
R1021_S+03,1021,3,252460800.0,0.0,933383.8710395712,146.4616642873105,125.52610162175752,77073536.19021043,0.0,0.000663534390262273
R1021_S+03,1021,3,260350200.0,0.0,933379.893627286,146.46166428731274,125.52610101563367,77073536.19021043,0.0,0.0006635344224904871
R1021_S+03,1021,3,268239600.0,0.0,933377.6828423198,146.4616642873131,125.52610067868243,77073536.19021043,0.0,0.0006635344404064769
R1021_S+03,1021,3,276129000.0,0.0,933376.6678373124,146.4616642873131,125.52610052385906,77073536.19021043,0.0,0.000663534448638559
R1021_S+03,1021,3,284018400.0,0.0,933376.1713873018,146.4616642873131,125.52610044808675,77073536.19021043,0.0,0.0006635344526674317
R1021_S+03,1021,3,291907800.0,0.0,933375.9170008246,146.4616642873131,125.52610040925993,77073536.19021043,0.0,0.000663534454731887
R1021_S+03,1021,3,299797200.0,0.0,933375.7961414624,146.4616642873131,125.52610039079939,77073536.19021043,0.0,0.0006635344557134495
R1021_S+03,1021,3,307686600.0,0.0,933375.7278094683,146.4616642873131,125.52610038036647,77073536.19021043,0.0,0.0006635344562681774
R1021_S+03,1021,3,315576000.0,0.0,933375.6962311156,146.4616642873131,125.52610037554275,77073536.19021043,0.0,0.000663534456524656
R1022_S+00,1022,0,0.0,1.1531242468760783,0.0,0.0,0.0,0.0,0.0,0.0
R1022_S+00,1022,0,7889400.0,1.1531242468760783,1259217.499834286,55.9017213245839,49.576361763159696,9097458.433304124,0.0,6.360831558374622e-05
R1022_S+00,1022,0,15778800.0,1.1531242468760783,1345974.1819045078,77.84851052215761,69.41471326400692,18194916.866608255,0.0,0.00012714252447661457
R1022_S+00,1022,0,23668200.0,1.1531242468760783,1441196.4119606297,95.61634163613786,83.75488701292302,27292375.29991238,0.0,0.00019057215919003213
R1022_S+00,1022,0,31557600.0,1.1531242468760783,1539809.9360149056,108.0262861908251,96.22915665499903,36389833.73321651,0.0,0.0002538912803405876
R1022_S+00,1022,0,39447000.0,1.1531242468760783,1639078.1122480426,120.05681204903816,106.51086853376076,45487292.16652064,0.0,0.0003171001574056641
R1022_S+00,1022,0,47336400.0,0.943996452526311,1510285.6062833462,130.85606812943172,113.29156551850753,52934857.77908171,0.0,0.00036914400941935393
R1022_S+00,1022,0,55225800.0,0.943996452526311,1587199.0226288196,135.02442176472883,120.22945917036844,60382423.3916428,0.0,0.00042079583626181925
R1022_S+00,1022,0,63115200.0,0.943996452526311,1664636.8308567815,145.65785740082993,125.74413006029326,67829989.00420386,0.0,0.0004723772793580383
R1022_S+00,1022,0,71004600.0,0.943996452526311,1742776.1450878642,149.21415685469464,131.62814879617224,75277554.61676492,0.0,0.0005238845535788338
R1022_S+00,1022,0,78894000.0,0.943996452526311,1818822.4119539782,158.10337135173287,136.69710434147072,82725120.22932601,0.0,0.0005753334744983812
R1022_S+00,1022,0,86783400.0,0.6445673630233779,1576138.0260527376,161.96963502288108,139.23364527855736,87810369.98316264,0.0,0.0006112601606489178
R1022_S+00,1022,0,94672800.0,0.6445673630233779,1620279.6805224884,163.96315741206843,141.5815883210248,92895619.73699927,0.0,0.0006464044183385042
R1022_S+00,1022,0,102562200.0,0.6445673630233779,1666441.4574148934,165.49948633242687,144.08888052304053,97980869.4908359,0.0,0.0006815104828857875
R1022_S+00,1022,0,110451600.0,0.6445673630233779,1711875.4091438893,167.10018231007228,146.86973036963673,103066119.2446725,0.0,0.0007165937709623108
R1022_S+00,1022,0,118341000.0,0.6445673630233779,1757653.7348412126,170.84150241767753,149.26004292017637,108151368.99850917,0.0,0.000751644689226828
R1022_S+00,1022,0,126230400.0,0.25483697836727875,1384395.0374107994,171.2681645547598,149.17764285729623,110161879.85563998,0.0,0.0007668356979432438
R1022_S+00,1022,0,134119800.0,0.25483697836727875,1396683.9175744,171.26958844852166,149.0352476159433,112172390.71277076,0.0,0.0007807979272061077
R1022_S+00,1022,0,142009200.0,0.25483697836727875,1415761.706565531,171.27343478776965,148.9868951549172,114182901.56990157,0.0,0.0007947237331854111
R1022_S+00,1022,0,149898600.0,0.25483697836727875,1425917.2624812778,171.42817742368965,149.08771877329548,116193412.4270324,0.0,0.0008086482600772286
R1022_S+00,1022,0,157788000.0,0.25483697836727875,1436231.5241450313,171.77970329951387,149.3314432156015,118203923.28416318,0.0,0.0008225678994228377
R1022_S+00,1022,0,165677400.0,0.0,1202408.9568277225,171.80082921666332,149.35096041040902,118203923.28416318,0.0,0.0008238168558170949
R1022_S+00,1022,0,173566800.0,0.0,1194015.085946558,171.8010872593176,149.35079262468017,118203923.28416318,0.0,0.0008239228983052614
R1022_S+00,1022,0,181456200.0,0.0,1191469.1642941851,171.80110306162436,149.350459746757,118203923.28416318,0.0,0.0008239568013497671
R1022_S+00,1022,0,189345600.0,0.0,1190408.4140721336,171.8011042238236,149.35025362949867,118203923.2841632,0.0,0.0008239714300924728
R1022_S+00,1022,0,197235000.0,0.0,1189955.854309287,171.80110429517006,149.3501504853204,118203923.28416318,0.0,0.000823977839541569
R1022_S+00,1022,0,205124400.0,0.0,1189682.0494310502,171.80110430396735,149.3500848954325,118203923.28416318,0.0,0.0008239817610773469
R1022_S+00,1022,0,213013800.0,0.0,1189548.7926130295,171.80110430418083,149.3500518508796,118203923.28416319,0.0,0.0008239836933970827
R1022_S+00,1022,0,220903200.0,0.0,1189478.3407445773,171.80110430418807,149.35003419707658,118203923.28416318,0.0,0.0008239847207434639
R1022_S+00,1022,0,228792600.0,0.0,1189442.5756866857,171.80110430418807,149.3500251872587,118203923.28416318,0.0,0.0008239852444302044
R1022_S+00,1022,0,236682000.0,0.0,1189422.2251014672,171.80110430418807,149.35002005356702,118203923.2841632,0.0,0.0008239855427476175
R1022_S+00,1022,0,244571400.0,0.0,1189411.076633526,171.80110430418807,149.35001723681194,118203923.2841632,0.0,0.0008239857064157106
R1022_S+00,1022,0,252460800.0,0.0,1189404.502105916,171.80110430418807,149.35001557535915,118203923.2841632,0.0,0.0008239858029525589
R1022_S+00,1022,0,260350200.0,0.0,1189400.6430250425,171.80110430418807,149.35001460054113,118203923.28416318,0.0,0.000823985859592835
R1022_S+00,1022,0,268239600.0,0.0,1189398.6561397444,171.80110430418807,149.35001409819094,118203923.2841632,0.0,0.0008239858887810272
R1022_S+00,1022,0,276129000.0,0.0,1189397.5251694322,171.80110430418807,149.35001381225408,118203923.28416318,0.0,0.0008239859053948892
R1022_S+00,1022,0,284018400.0,0.0,1189396.8898039088,171.80110430418807,149.3500136515791,118203923.28416319,0.0,0.0008239859147306284
R1022_S+00,1022,0,291907800.0,0.0,1189396.525317017,171.80110430418807,149.35001355943126,118203923.28416319,0.0,0.0008239859200847127
R1022_S+00,1022,0,299797200.0,0.0,1189396.323426038,171.80110430418807,149.3500135083638,118203923.2841632,0.0,0.0008239859230518958
R1022_S+00,1022,0,307686600.0,0.0,1189396.205608068,171.80110430418807,149.3500134785857,118203923.2841632,0.0,0.0008239859247820997
R1022_S+00,1022,0,315576000.0,0.0,1189396.143313419,171.80110430418807,149.35001346281987,118203923.2841632,0.0,0.000823985925698149
R1022_S+01,1022,1,0.0,0.7776272462424704,0.0,0.0,0.0,0.0,0.0,0.0
R1022_S+01,1022,1,7889400.0,0.7776272462424704,847395.6826226041,45.56079983393457,40.960972122909936,6135012.39650535,0.0,4.30011797743074e-05
R1022_S+01,1022,1,15778800.0,0.7776272462424704,899480.9522240851,63.45890569536731,57.10037197372539,12270024.793010684,0.0,8.596895502394376e-05
R1022_S+01,1022,1,23668200.0,0.7776272462424704,961081.458088262,77.77865485741661,69.21614915806731,18405037.18951602,0.0,0.00012888716235991422
R1022_S+01,1022,1,31557600.0,0.7776272462424704,1023410.3094160296,88.44159199782662,79.03914565101273,24540049.586021367,0.0,0.00017175864170903293
R1022_S+01,1022,1,39447000.0,0.7776272462424704,1089188.5258119386,97.83706073938137,87.52157584296519,30675061.982526734,0.0,0.0002145755219032154
R1022_S+01,1022,1,47336400.0,0.8642251875330006,1247684.9382661749,107.98954200140739,95.89480994729607,37493280.1770496,0.0,0.00026198227881337133
R1022_S+01,1022,1,55225800.0,0.8642251875330006,1322145.8407687675,118.38967726310331,102.82720655998065,44311498.371572465,0.0,0.0003094244098936628
R1022_S+01,1022,1,63115200.0,0.8642251875330006,1394807.4022609033,126.21562614449907,109.93720298516759,51129716.56609534,0.0,0.0003568092798665838
R1022_S+01,1022,1,71004600.0,0.8642251875330006,1468099.9087214954,132.6987035507313,115.64940439079096,57947934.7606182,0.0,0.0004041302776689949
R1022_S+01,1022,1,78894000.0,0.8642251875330006,1539095.2705049105,139.41434931871106,121.75370059933346,64766152.95514107,0.0,0.0004513998141076568
R1022_S+01,1022,1,86783400.0,0.8719227126712671,1618673.1887764577,146.65126060413425,126.63734672402055,71645100.00448972,0.0,0.0004990100472969337
R1022_S+01,1022,1,94672800.0,0.8719227126712671,1690638.105083216,149.69186547597803,132.04115729605866,78524047.0538384,0.0,0.0005465760712373818
R1022_S+01,1022,1,102562200.0,0.8719227126712671,1759738.542530883,158.54137091076646,136.58722240370804,85402994.10318708,0.0,0.0005940981062480663
R1022_S+01,1022,1,110451600.0,0.8719227126712671,1830591.1368988603,163.3756933949825,140.6725100485455,92281941.15253578,0.0,0.0006415501348419623
R1022_S+01,1022,1,118341000.0,0.8719227126712671,1900465.8212829232,165.93137384727495,144.99852219389322,99160888.20188451,0.0,0.0006889497899622488
R1022_S+01,1022,1,126230400.0,0.8007198216572698,1891516.0647178628,168.44865785689615,148.76781696483408,105478087.16286737,0.0,0.0007326765818894822
R1022_S+01,1022,1,134119800.0,0.8007198216572698,1952246.3599598221,177.33515313139546,152.00756458407116,111795286.12385026,0.0,0.0007761397146697634
R1022_S+01,1022,1,142009200.0,0.8007198216572698,2013833.9046487398,181.1098531553399,155.14493088835937,118112485.08483315,0.0,0.0008195503171069682
R1022_S+01,1022,1,149898600.0,0.8007198216572698,2074077.9935126863,183.26755444788498,158.02722387186577,124429684.045816,0.0,0.0008629250290525595
R1022_S+01,1022,1,157788000.0,0.8007198216572698,2133728.3104889765,185.086839583016,160.95283661309045,130746883.00679891,0.0,0.0009062574757410674
R1022_S+01,1022,1,165677400.0,0.0,1381493.330101205,185.19645198166575,161.14402291052772,130746883.00679891,0.0,0.0009096437020769392
R1022_S+01,1022,1,173566800.0,0.0,1365778.8912796099,185.1974649671766,161.14242954758132,130746883.00679891,0.0,0.0009098432660010999
R1022_S+01,1022,1,181456200.0,0.0,1361816.1813589577,185.19750414566315,161.14141844521953,130746883.00679891,0.0,0.0009098977633498103
R1022_S+01,1022,1,189345600.0,0.0,1360286.9787635133,185.1975066958088,161.14097675906254,130746883.00679891,0.0,0.0009099196366051422
R1022_S+01,1022,1,197235000.0,0.0,1359567.862182146,185.1975068835305,161.14076078127118,130746883.00679891,0.0,0.0009099301565889407
R1022_S+01,1022,1,205124400.0,0.0,1359229.065271845,185.1975068954543,161.14065696368309,130746883.00679891,0.0,0.00090993519363083
R1022_S+01,1022,1,213013800.0,0.0,1359028.3340723421,185.19750689666867,161.14059498612522,130746883.00679891,0.0,0.0009099381979691229
R1022_S+01,1022,1,220903200.0,0.0,1358919.3693547267,185.19750689672014,161.14056114844792,130746883.0067989,0.0,0.0009099398376495208
R1022_S+01,1022,1,228792600.0,0.0,1358865.6084085107,185.19750689672117,161.140544380755,130746883.0067989,0.0,0.0009099406500882775
R1022_S+01,1022,1,236682000.0,0.0,1358836.1687909663,185.19750689672128,161.14053517932444,130746883.00679891,0.0,0.0009099410959145906
R1022_S+01,1022,1,244571400.0,0.0,1358819.1150925085,185.19750689672128,161.1405298494626,130746883.00679888,0.0,0.0009099413541550297
R1022_S+01,1022,1,252460800.0,0.0,1358810.1073514,185.19750689672128,161.14052702848704,130746883.0067989,0.0,0.0009099414908356413
R1022_S+01,1022,1,260350200.0,0.0,1358804.169355709,185.19750689672128,161.14052517073134,130746883.0067989,0.0,0.0009099415808467385
R1022_S+01,1022,1,268239600.0,0.0,1358800.8824346531,185.19750689672128,161.14052414257856,130746883.0067989,0.0,0.0009099416306622986
R1022_S+01,1022,1,276129000.0,0.0,1358799.207482582,185.19750689672128,161.14052361844227,130746883.00679888,0.0,0.0009099416560574872
R1022_S+01,1022,1,284018400.0,0.0,1358798.2992780656,185.19750689672128,161.14052333392462,130746883.00679888,0.0,0.0009099416698427987
R1022_S+01,1022,1,291907800.0,0.0,1358797.7312670033,185.19750689672128,161.14052315618068,130746883.00679888,0.0,0.0009099416784547607
R1022_S+01,1022,1,299797200.0,0.0,1358797.4282714557,185.19750689672128,161.1405230613319,130746883.00679888,0.0,0.0009099416830503259
R1022_S+01,1022,1,307686600.0,0.0,1358797.258809654,185.19750689672128,161.14052300826486,130746883.00679888,0.0,0.0009099416856215032
R1022_S+01,1022,1,315576000.0,0.0,1358797.1609520596,185.19750689672128,161.14052297763783,130746883.00679888,0.0,0.0009099416871054289
R1022_S+02,1022,2,0.0,3.125318279728403,0.0,0.0,0.0,0.0,0.0,0.0
R1022_S+02,1022,2,7889400.0,3.125318279728403,3623525.1058373377,92.71715311387416,80.856340300017,24656886.036089264,0.0,0.00017038926634843095
R1022_S+02,1022,2,15778800.0,3.125318279728403,3901961.757933952,130.3519736194682,113.33970209362452,49313772.07217848,0.0,0.0003402744048277529
R1022_S+02,1022,2,23668200.0,3.125318279728403,4190353.6419810504,157.89971788308645,137.90776213090928,73970658.10826771,0.0,0.0005094200161159464
R1022_S+02,1022,2,31557600.0,3.125318279728403,4487491.222674344,181.16791161165486,157.37123789510846,98627544.14435704,0.0,0.0006777548992002735
R1022_S+02,1022,2,39447000.0,3.125318279728403,4780299.510972649,201.19767785549192,174.44376228920748,123284430.18044636,0.0,0.0008453404365233667
R1022_S+02,1022,2,47336400.0,2.0060693503775835,3688640.0338405,207.22779637970226,184.4240345243964,139111113.71331516,0.0,0.0009568546677262858
R1022_S+02,1022,2,55225800.0,2.0060693503775835,3845792.7213303037,221.97798125088391,191.93265331214113,154937797.2461841,0.0,0.0010643315611296314
R1022_S+02,1022,2,63115200.0,2.0060693503775835,4013309.0191553086,227.99519482297575,199.08233736347032,170764480.77905303,0.0,0.0011714373193879636
R1022_S+02,1022,2,71004600.0,2.0060693503775835,4178908.397934977,232.6306028225375,206.95171968909335,186591164.31192186,0.0,0.0012782749714344223
R1022_S+02,1022,2,78894000.0,2.0060693503775835,4343210.4765461385,247.4580991904419,213.1650459142331,202417847.84479088,0.0,0.0013848395730754132
R1022_S+02,1022,2,86783400.0,1.5003715040166647,3907545.081744183,251.57206352390395,217.01961694178678,214254878.78857994,0.0,0.0014671393858080339
R1022_S+02,1022,2,94672800.0,1.5003715040166647,4015208.5099136755,254.10313708984665,220.54676135016973,226091909.73236907,0.0,0.0015468136758883405
R1022_S+02,1022,2,102562200.0,1.5003715040166647,4125207.9475720376,256.4376135929468,225.0698917678679,237928940.67615816,0.0,0.001626315645766913
R1022_S+02,1022,2,110451600.0,1.5003715040166647,4234291.936531335,259.11975092972114,228.89858147147217,249765971.61994725,0.0,0.001705684600330548
R1022_S+02,1022,2,118341000.0,1.5003715040166647,4344824.258255623,268.9169321802128,232.37856124132975,261603002.56373632,0.0,0.0017848790485831178
R1022_S+02,1022,2,126230400.0,1.608224740645648,4584284.173180126,275.8832917008839,236.1982315769184,274290930.83258617,0.0,0.0018688520109686397
R1022_S+02,1022,2,134119800.0,1.608224740645648,4707785.724357687,279.7455610108553,239.99734755328313,286978859.10143584,0.0,0.0019532859823448716
R1022_S+02,1022,2,142009200.0,1.608224740645648,4827761.447132327,282.34080900210665,243.44925451505588,299666787.37028587,0.0,0.0020376150414628934
R1022_S+02,1022,2,149898600.0,1.608224740645648,4947423.640630748,284.5729127134784,246.56684697490275,312354715.6391356,0.0,0.002121773552458351
R1022_S+02,1022,2,157788000.0,1.608224740645648,5067097.901590843,286.9297959791498,250.98164375347042,325042643.9079852,0.0,0.00220575049955782
R1022_S+02,1022,2,165677400.0,0.0,3391345.9000805207,287.21876140642127,251.41863477850737,325042643.9079852,0.0,0.0022188341037127227
R1022_S+02,1022,2,173566800.0,0.0,3347369.562095996,287.22432682993104,251.4168195229119,325042643.9079852,0.0,0.0022201688277849498
R1022_S+02,1022,2,181456200.0,0.0,3336163.7756945044,287.2245592504828,251.41324407248695,325042643.9079852,0.0,0.0022205436657295585
R1022_S+02,1022,2,189345600.0,0.0,3332036.1230082884,287.2245721338995,251.41157537870353,325042643.90798527,0.0,0.0022206891808837508
R1022_S+02,1022,2,197235000.0,0.0,3330094.869393714,287.2245730417521,251.41072876024293,325042643.90798527,0.0,0.0022207596308895295
R1022_S+02,1022,2,205124400.0,0.0,3329211.576088086,287.22457308003226,251.41032774773768,325042643.9079852,0.0,0.0022207924398298423
R1022_S+02,1022,2,213013800.0,0.0,3328735.3827088363,287.22457308329973,251.41010838256986,325042643.9079852,0.0,0.002220810311514341
R1022_S+02,1022,2,220903200.0,0.0,3328474.998243764,287.2245730835702,251.4099873766403,325042643.9079852,0.0,0.0022208201545818565
R1022_S+02,1022,2,228792600.0,0.0,3328326.734226577,287.22457308359384,251.40991821307782,325042643.90798527,0.0,0.002220825777543256
R1022_S+02,1022,2,236682000.0,0.0,3328244.5739327185,287.22457308359577,251.4098797311848,325042643.9079852,0.0,0.002220828905483833
R1022_S+02,1022,2,244571400.0,0.0,3328196.119354479,287.22457308359606,251.40985704830769,325042643.9079852,0.0,0.002220830749105207
R1022_S+02,1022,2,252460800.0,0.0,3328170.31490916,287.22457308359606,251.40984491455868,325042643.90798527,0.0,0.002220831735288754
R1022_S+02,1022,2,260350200.0,0.0,3328152.67851929,287.22457308359606,251.40983664188738,325042643.9079852,0.0,0.002220832407654385
R1022_S+02,1022,2,268239600.0,0.0,3328142.8518664762,287.22457308359606,251.40983203415232,325042643.9079852,0.0,0.0022208327821488065
R1022_S+02,1022,2,276129000.0,0.0,3328137.7234168686,287.22457308359606,251.40982962657546,325042643.9079852,0.0,0.002220832977824783
R1022_S+02,1022,2,284018400.0,0.0,3328134.846430838,287.22457308359606,251.40982827381268,325042643.9079852,0.0,0.0022208330877706442
R1022_S+02,1022,2,291907800.0,0.0,3328133.1150901765,287.22457308359606,251.40982746025986,325042643.9079852,0.0,0.0022208331538921995
R1022_S+02,1022,2,299797200.0,0.0,3328132.0781247467,287.22457308359606,251.40982697388188,325042643.90798527,0.0,0.0022208331934225833
R1022_S+02,1022,2,307686600.0,0.0,3328131.532304842,287.22457308359606,251.40982671737595,325042643.90798527,0.0,0.002220833214270121
R1022_S+02,1022,2,315576000.0,0.0,3328131.2139201164,287.22457308359606,251.40982656784507,325042643.90798527,0.0,0.002220833226423245
R1022_S+03,1022,3,0.0,1.5349856735413183,0.0,0.0,0.0,0.0,0.0,0.0
R1022_S+03,1022,3,7889400.0,1.5349856735413183,1692681.4038364328,63.404914199155264,57.04108391242252,12110115.97283687,0.0,8.446812053647513e-05
R1022_S+03,1022,3,15778800.0,1.5349856735413183,1812780.9552546218,90.62255334564729,79.83721526910124,24220231.945673734,0.0,0.00016881135392123907
R1022_S+03,1022,3,23668200.0,1.5349856735413183,1945778.2027442306,108.45760939543243,97.02104242143295,36330347.91851061,0.0,0.0002529632286551355
R1022_S+03,1022,3,31557600.0,1.5349856735413183,2077155.6382067166,126.82643006222786,110.73510171703037,48440463.89134748,0.0,0.00033693393351749283
R1022_S+03,1022,3,39447000.0,1.5349856735413183,2213032.1291912124,139.98737140238967,122.69944299345737,60550579.86418436,0.0,0.0004206999670467725
R1022_S+03,1022,3,47336400.0,0.9604362646105827,1710715.8275585286,147.30477534700722,128.2507740513404,68127845.73020309,0.0,0.0004742893828464963
R1022_S+03,1022,3,55225800.0,0.9604362646105827,1782771.3214057423,150.76559434106997,134.33191994857395,75705111.59622182,0.0,0.0005267040880193816
R1022_S+03,1022,3,63115200.0,0.9604362646105827,1858482.2087552287,161.19740059782578,138.9932132950957,83282377.4622406,0.0,0.0005790378997324786
R1022_S+03,1022,3,71004600.0,0.9604362646105827,1935607.1275487319,164.78347438589452,143.38513118600346,90859643.32825932,0.0,0.0006312952575875191
R1022_S+03,1022,3,78894000.0,0.9604362646105827,2011550.24384965,167.68010243393232,148.57388280995028,98436909.19427797,0.0,0.0006834896183144647
R1022_S+03,1022,3,86783400.0,0.7844030352011849,1896279.7680391595,175.258546911303,151.5792996025765,104625378.50019419,0.0,0.0007266454657730604
R1022_S+03,1022,3,94672800.0,0.7844030352011849,1952521.7978038862,179.8982595881594,154.3192662581092,110813847.80611044,0.0,0.0007692458871267282
R1022_S+03,1022,3,102562200.0,0.7844030352011849,2011048.4018338397,182.33379920850965,157.01826238411874,117002317.11202666,0.0,0.0008117867094970888
R1022_S+03,1022,3,110451600.0,0.7844030352011849,2068338.0524377748,184.0911526561954,159.5347407803615,123190786.4179429,0.0,0.0008542937260079658
R1022_S+03,1022,3,118341000.0,0.7844030352011849,2124801.420388423,185.83303090774731,162.78794671504755,129379255.72385909,0.0,0.0008967652178306513
R1022_S+03,1022,3,126230400.0,1.0068859853131253,2423061.821601264,192.5152020731279,166.87693936588528,137322982.01638848,0.0,0.00095030924941628
R1022_S+03,1022,3,134119800.0,1.0068859853131253,2505050.4684650972,199.77785202889126,170.78585024255145,145266708.30891785,0.0,0.0010045611648431436
R1022_S+03,1022,3,142009200.0,1.0068859853131253,2583610.71842961,203.06301489661413,174.39725374558773,153210434.6014472,0.0,0.0010587695189398962
R1022_S+03,1022,3,149898600.0,1.0068859853131253,2660999.843264796,205.27252936726728,177.41408531212792,161154160.89397666,0.0,0.0011129143245631851
R1022_S+03,1022,3,157788000.0,1.0068859853131253,2738157.0412771255,207.49093467394042,181.3843811742996,169097887.18650603,0.0,0.0011669840964494095
R1022_S+03,1022,3,165677400.0,0.0,1769403.0509423483,207.6615886365253,181.64442343349086,169097887.18650603,0.0,0.0011721473445701345
R1022_S+03,1022,3,173566800.0,0.0,1748544.9061347526,207.6634105099524,181.6433803022312,169097887.18650603,0.0,0.0011724923916785967
R1022_S+03,1022,3,181456200.0,0.0,1743298.4727601614,207.6634870078423,181.64210827749702,169097887.18650606,0.0,0.0011725871505462269
R1022_S+03,1022,3,189345600.0,0.0,1741181.0316851605,207.66349277113613,181.6414789759006,169097887.18650603,0.0,0.0011726270438083403
R1022_S+03,1022,3,197235000.0,0.0,1740264.1578706913,207.6634931560316,181.6411843301014,169097887.18650603,0.0,0.0011726448342244489
R1022_S+03,1022,3,205124400.0,0.0,1739757.2572297528,207.66349319250097,181.64101671324389,169097887.18650606,0.0,0.0011726548109181317
R1022_S+03,1022,3,213013800.0,0.0,1739509.3668826893,207.6634931940202,181.64093321748953,169097887.18650603,0.0,0.0011726597500402284
R1022_S+03,1022,3,220903200.0,0.0,1739379.7885193173,207.663493194122,181.6408891860216,169097887.18650603,0.0,0.0011726623507221164
R1022_S+03,1022,3,228792600.0,0.0,1739301.2189727314,207.66349319413132,181.64086241977665,169097887.18650603,0.0,0.0011726639309298864
R1022_S+03,1022,3,236682000.0,0.0,1739259.72423039,207.66349319413183,181.64084825086977,169097887.18650606,0.0,0.001172664767266465
R1022_S+03,1022,3,244571400.0,0.0,1739237.8179176282,207.66349319413183,181.64084074723345,169097887.18650606,0.0,0.0011726652101573664
R1022_S+03,1022,3,252460800.0,0.0,1739223.3875643853,207.66349319413183,181.6408358090203,169097887.1865061,0.0,0.0011726655016244703
R1022_S+03,1022,3,260350200.0,0.0,1739215.3562354166,207.66349319413183,181.64083306088042,169097887.18650606,0.0,0.0011726656638263162
R1022_S+03,1022,3,268239600.0,0.0,1739211.251147814,207.66349319413183,181.64083165491434,169097887.18650606,0.0,0.001172665746809694
R1022_S+03,1022,3,276129000.0,0.0,1739208.9723919425,207.66349319413183,181.64083087376704,169097887.18650606,0.0,0.0011726657929148113
R1022_S+03,1022,3,284018400.0,0.0,1739207.6361137964,207.66349319413183,181.64083041622322,169097887.18650603,0.0,0.0011726658199200995
R1022_S+03,1022,3,291907800.0,0.0,1739206.9298100658,207.66349319413183,181.64083017387844,169097887.18650606,0.0,0.0011726658342238413
R1022_S+03,1022,3,299797200.0,0.0,1739206.4524793662,207.66349319413183,181.6408300104672,169097887.18650606,0.0,0.001172665843868753
R1022_S+03,1022,3,307686600.0,0.0,1739206.2053002007,207.66349319413183,181.640829925756,169097887.18650606,0.0,0.0011726658488686002
R1022_S+03,1022,3,315576000.0,0.0,1739206.0637656543,207.66349319413183,181.64082987726107,169097887.18650606,0.0,0.0011726658517308872
R1023_S+00,1023,0,0.0,0.31684809806537834,0.0,0.0,0.0,0.0,0.0,0.0
R1023_S+00,1023,0,7889400.0,0.31684809806537834,597324.7132716887,45.18891520045579,39.78605155512458,2499741.3848769963,0.0,2.9737737221701746e-05
R1023_S+00,1023,0,15778800.0,0.31684809806537834,628566.4955860004,62.988819092600494,55.63873014958974,4999482.769753982,0.0,5.945906783916358e-05
R1023_S+00,1023,0,23668200.0,0.31684809806537834,667063.2294595819,76.67503511573165,67.26803122355903,7499224.154630987,0.0,8.915800256821063e-05
R1023_S+00,1023,0,31557600.0,0.31684809806537834,708880.1883422583,87.26177491006986,76.56973011945152,9998965.539507978,0.0,0.0001188328318611447
R1023_S+00,1023,0,39447000.0,0.31684809806537834,751560.4591991082,96.82173865138166,84.67202602973039,12498706.924384976,0.0,0.0001484836857988644
R1023_S+00,1023,0,47336400.0,0.21816717095705868,624213.6293914914,99.89180813424541,89.5694573558414,14219915.002933592,0.0,0.00016905320148096528
R1023_S+00,1023,0,55225800.0,0.21816717095705868,649594.7478039172,107.03710140338892,93.19083241990968,15941123.081482215,0.0,0.00018947074157187535
R1023_S+00,1023,0,63115200.0,0.21816717095705868,676030.9682477172,109.86508505851974,96.97563954393442,17662331.160030827,0.0,0.00020987735506928446
R1023_S+00,1023,0,71004600.0,0.21816717095705868,702377.7591135539,112.45758580007447,100.45941703293099,19383539.23857946,0.0,0.00023027492601684966
R1023_S+00,1023,0,78894000.0,0.21816717095705868,729039.8234339152,119.30964616400979,103.35381507548071,21104747.317128077,0.0,0.00025066203155257785
R1023_S+00,1023,0,86783400.0,0.16969568545330663,674758.7484261934,121.13553100213528,105.08005329488749,22443544.45794337,0.0,0.000266635228853069
R1023_S+00,1023,0,94672800.0,0.16969568545330663,691343.938422842,122.40574043193696,106.83745146070913,23782341.59875869,0.0,0.00028249830480554734
R1023_S+00,1023,0,102562200.0,0.16969568545330663,709406.0769947395,123.61869647151127,108.85649214053186,25121138.73957403,0.0,0.0002983517983214554
R1023_S+00,1023,0,110451600.0,0.16969568545330663,727529.8153753877,125.00733623075328,110.55609209160563,26459935.880389333,0.0,0.0003142002264417971
R1023_S+00,1023,0,118341000.0,0.16969568545330663,745194.989797987,129.35924402338586,112.0955706410569,27798733.02120464,0.0,0.0003300450016017748
R1023_S+00,1023,0,126230400.0,0.17143364155412216,766329.8163561262,132.38401365574725,113.58401093811504,29151241.592881735,0.0,0.0003460387545138985
R1023_S+00,1023,0,134119800.0,0.17143364155412216,785081.0675560832,134.20092658795411,115.02534748203188,30503750.164558817,0.0,0.0003620309849545099
R1023_S+00,1023,0,142009200.0,0.17143364155412216,803316.4210695196,135.47072756215493,116.43185867390264,31856258.736235917,0.0,0.0003780198054286211
R1023_S+00,1023,0,149898600.0,0.17143364155412216,821393.2856648527,136.52628929080882,117.80922238615844,33208767.307912998,0.0,0.0003940035916179358
R1023_S+00,1023,0,157788000.0,0.17143364155412216,839629.6578704454,137.55666761422452,119.32544636840234,34561275.87959011,0.0,0.0004099808100639732
R1023_S+00,1023,0,165677400.0,0.0,589058.9048261642,137.58848122261176,119.36728630851592,34561275.8795901,0.0,0.00041071004304705583
R1023_S+00,1023,0,173566800.0,0.0,580626.7148173358,137.58893199601835,119.36643470829063,34561275.8795901,0.0,0.000410760136858413
R1023_S+00,1023,0,181456200.0,0.0,578206.8284225874,137.58896323867134,119.36596530351957,34561275.87959011,0.0,0.0004107749519132375
R1023_S+00,1023,0,189345600.0,0.0,577498.7197626121,137.58896511761728,119.36581101159707,34561275.87959011,0.0,0.00041077932731742225
R1023_S+00,1023,0,197235000.0,0.0,577183.4512588419,137.58896534612958,119.36574087047636,34561275.8795901,0.0,0.00041078127952010247
R1023_S+00,1023,0,205124400.0,0.0,577093.8172996603,137.5889653515789,119.3657207515746,34561275.8795901,0.0,0.0004107818359392404
R1023_S+00,1023,0,213013800.0,0.0,577066.6864231341,137.58896535174716,119.36571464831582,34561275.87959011,0.0,0.000410782004646768
R1023_S+00,1023,0,220903200.0,0.0,577058.6118224729,137.58896535175208,119.36571282902337,34561275.8795901,0.0,0.0004107820549333544
R1023_S+00,1023,0,228792600.0,0.0,577055.9285923224,137.5889653517523,119.36571222380437,34561275.8795901,0.0,0.000410782071661971
R1023_S+00,1023,0,236682000.0,0.0,577055.1719941888,137.58896535175234,119.36571205293222,34561275.8795901,0.0,0.0004107820763849771
R1023_S+00,1023,0,244571400.0,0.0,577054.9458289035,137.58896535175234,119.36571200180862,34561275.8795901,0.0,0.00041078207779806226
R1023_S+00,1023,0,252460800.0,0.0,577054.8807231337,137.58896535175234,119.3657119870764,34561275.87959011,0.0,0.0004107820782052698
R1023_S+00,1023,0,260350200.0,0.0,577054.8580317777,137.58896535175234,119.365711981939,34561275.8795901,0.0,0.00041078207834727024
R1023_S+00,1023,0,268239600.0,0.0,577054.8501232788,137.58896535175234,119.36571198014764,34561275.879590094,0.0,0.0004107820783967845
R1023_S+00,1023,0,276129000.0,0.0,577054.8473560233,137.58896535175234,119.36571197952051,34561275.87959011,0.0,0.00041078207841411694
R1023_S+00,1023,0,284018400.0,0.0,577054.8463905454,137.58896535175234,119.36571197930165,34561275.8795901,0.0,0.00041078207842016635
R1023_S+00,1023,0,291907800.0,0.0,577054.8460511118,137.58896535175234,119.36571197922477,34561275.8795901,0.0,0.0004107820784222938
R1023_S+00,1023,0,299797200.0,0.0,577054.8459329382,137.58896535175234,119.36571197919788,34561275.87959011,0.0,0.00041078207842303467
R1023_S+00,1023,0,307686600.0,0.0,577054.8458910529,137.58896535175234,119.36571197918845,34561275.8795901,0.0,0.0004107820784232974
R1023_S+00,1023,0,315576000.0,0.0,577054.8458765913,137.58896535175234,119.36571197918516,34561275.8795901,0.0,0.0004107820784233881
R1023_S+01,1023,1,0.0,4.420108300319822,0.0,0.0,0.0,0.0,0.0,0.0
R1023_S+01,1023,1,7889400.0,4.420108300319822,9455935.063448839,166.29889891748473,146.18917867023407,34872002.42454324,0.0,0.0003986572599027813
R1023_S+01,1023,1,15778800.0,4.420108300319822,10197496.2855739,232.85938442416204,205.0237025799002,69744004.8490863,0.0,0.0007946202956615149
R1023_S+01,1023,1,23668200.0,4.420108300319822,10934037.796896748,283.6309290496964,249.26157489931745,104616007.27362932,0.0,0.0011867952379013306
R1023_S+01,1023,1,31557600.0,4.420108300319822,11676902.216221768,323.1852444247356,283.96976448269373,139488009.69817293,0.0,0.00157492289777825
R1023_S+01,1023,1,39447000.0,4.420108300319822,12407406.742884696,358.6461152790901,314.31995169540966,174360012.12271687,0.0,0.001959266163372341
R1023_S+01,1023,1,47336400.0,4.028893862801486,12168819.886635907,382.9574279386568,339.6039506906603,206145567.36390305,0.0,0.002311488287107258
R1023_S+01,1023,1,55225800.0,4.028893862801486,12790171.591895599,406.7858312948537,360.97132674344755,237931122.6050894,0.0,0.0026566130382733727
R1023_S+01,1023,1,63115200.0,4.028893862801486,13404176.153332852,432.13350048703444,379.94780760587895,269716677.8462755,0.0,0.0029989065037922228
R1023_S+01,1023,1,71004600.0,4.028893862801486,14011262.262164809,451.40258855179354,396.62845548222896,301502233.0874611,0.0,0.003338505940290512
R1023_S+01,1023,1,78894000.0,4.028893862801486,14610251.595867109,462.7939377391809,414.7782483109449,333287788.32864624,0.0,0.003675449810107353
R1023_S+01,1023,1,86783400.0,2.7300336879576466,12110399.688250907,484.9148192219164,423.7518400105269,354826116.10642,0.0,0.003925987801732996
R1023_S+01,1023,1,94672800.0,2.7300336879576466,12399651.925614044,495.8452633674151,430.91557619754616,376364443.8841932,0.0,0.00415609744118902
R1023_S+01,1023,1,102562200.0,2.7300336879576466,12724290.716006622,502.2606497732475,437.79244954658606,397902771.66196644,0.0,0.004384079863520907
R1023_S+01,1023,1,110451600.0,2.7300336879576466,13052087.310033552,507.3034988054113,446.3930413898459,419441099.4397397,0.0,0.004610857338487458
R1023_S+01,1023,1,118341000.0,2.7300336879576466,13385137.550560363,512.3648704022547,454.3007009663483,440979427.21751225,0.0,0.004836244859697533
R1023_S+01,1023,1,126230400.0,0.5235277757883048,7166360.249181457,513.4889227927931,455.339880167451,445109747.2518164,0.0,0.004927896915234003
R1023_S+01,1023,1,134119800.0,0.5235277757883048,6939203.17080906,513.5128421029121,454.9014888002744,449240067.2861207,0.0,0.004979989797065215
R1023_S+01,1023,1,142009200.0,0.5235277757883048,6919716.3262939565,513.5134287685692,454.4710453968609,453370387.3204249,0.0,0.0050270713177131676
R1023_S+01,1023,1,149898600.0,0.5235277757883048,6961796.485016063,513.5134431631371,454.0530748004192,457500707.3547292,0.0,0.005072689501630055
R1023_S+01,1023,1,157788000.0,0.5235277757883048,7024041.237774335,513.5134435162395,453.63977157734126,461631027.38903344,0.0,0.005117795790283609
R1023_S+01,1023,1,165677400.0,0.0,7707691.902475998,513.5134435245761,453.5089780152881,461631027.3890334,0.0,0.005132070066746358
R1023_S+01,1023,1,173566800.0,0.0,7653561.187351126,513.5134435250469,453.47926364662015,461631027.3890334,0.0,0.0051353129716184
R1023_S+01,1023,1,181456200.0,0.0,7633248.124318451,513.5134435251036,453.46797921297724,461631027.38903344,0.0,0.0051365445086095215
R1023_S+01,1023,1,189345600.0,0.0,7624909.6787038855,513.5134435251111,453.46333625450814,461631027.3890333,0.0,0.005137051222127528
R1023_S+01,1023,1,197235000.0,0.0,7621650.77651928,513.5134435251118,453.4615102487226,461631027.3890333,0.0,0.00513725050493822
R1023_S+01,1023,1,205124400.0,0.0,7620182.886125721,513.5134435251119,453.4606888994377,461631027.3890334,0.0,0.005137340143643284
R1023_S+01,1023,1,213013800.0,0.0,7619585.822226666,513.5134435251119,453.46035461425566,461631027.3890333,0.0,0.005137376626162209
R1023_S+01,1023,1,220903200.0,0.0,7619354.046727546,513.5134435251119,453.4602246978137,461631027.3890334,0.0,0.005137390804711855
R1023_S+01,1023,1,228792600.0,0.0,7619263.518247142,513.5134435251119,453.4601739678945,461631027.3890334,0.0,0.005137396341167954
R1023_S+01,1023,1,236682000.0,0.0,7619232.739581853,513.5134435251119,453.460156674336,461631027.3890334,0.0,0.005137398228516263
R1023_S+01,1023,1,244571400.0,0.0,7619220.880635295,513.5134435251119,453.46014996035694,461631027.3890334,0.0,0.005137398961252523
R1023_S+01,1023,1,252460800.0,0.0,7619214.728215396,513.5134435251119,453.4601465000934,461631027.3890334,0.0,0.005137399338891508
R1023_S+01,1023,1,260350200.0,0.0,7619212.51909443,513.5134435251119,453.4601452553026,461631027.3890334,0.0,0.005137399474742911
R1023_S+01,1023,1,268239600.0,0.0,7619211.65431064,513.5134435251119,453.4601447648363,461631027.3890333,0.0,0.0051373995282703875
R1023_S+01,1023,1,276129000.0,0.0,7619211.227648724,513.5134435251119,453.4601445244859,461631027.3890333,0.0,0.005137399554501264
R1023_S+01,1023,1,284018400.0,0.0,7619211.069104228,513.5134435251119,453.46014443459035,461631027.3890334,0.0,0.005137399564312093
R1023_S+01,1023,1,291907800.0,0.0,7619210.996977612,513.5134435251119,453.4601443937853,461631027.3890333,0.0,0.005137399568765415
R1023_S+01,1023,1,299797200.0,0.0,7619210.966168359,513.5134435251119,453.4601443763957,461631027.3890334,0.0,0.005137399570663257
R1023_S+01,1023,1,307686600.0,0.0,7619210.9549970515,513.5134435251119,453.4601443700731,461631027.3890333,0.0,0.005137399571353244
R1023_S+01,1023,1,315576000.0,0.0,7619210.950451214,513.5134435251119,453.46014436749164,461631027.3890334,0.0,0.005137399571634975
R1023_S+02,1023,2,0.0,3.5851423341659303,0.0,0.0,0.0,0.0,0.0,0.0
R1023_S+02,1023,2,7889400.0,3.5851423341659303,7441938.732715208,149.7339587118797,131.65960144312592,28284621.931168705,0.0,0.0003256735230602566
R1023_S+02,1023,2,15778800.0,3.5851423341659303,8019078.200520512,209.4930179516638,185.2560942003788,56569243.862337485,0.0,0.0006495328378350988
R1023_S+02,1023,2,23668200.0,3.5851423341659303,8597623.900308281,255.8748142164907,224.5157584182636,84853865.79350609,0.0,0.0009708449940775389
R1023_S+02,1023,2,31557600.0,3.5851423341659303,9187705.724213935,290.80072221191887,256.4229269103962,113138487.72467461,0.0,0.0012893895277155134
R1023_S+02,1023,2,39447000.0,3.5851423341659303,9767178.326722436,322.88406785791886,283.1753987712067,141423109.65584344,0.0,0.0016053897472550216
R1023_S+02,1023,2,47336400.0,3.296523604610938,9663023.020480327,347.69887428946004,306.0739753413375,167430702.9820608,0.0,0.0018970824591705896
R1023_S+02,1023,2,55225800.0,3.296523604610938,10163584.886067025,366.1467358068136,325.9999685201792,193438296.3082785,0.0,0.002184043296896805
R1023_S+02,1023,2,63115200.0,3.296523604610938,10659932.542997725,391.91665769072597,342.7329948783105,219445889.6344961,0.0,0.0024690114417796898
R1023_S+02,1023,2,71004600.0,3.296523604610938,11151985.36132744,406.49900810871515,358.9777972775209,245453482.96071392,0.0,0.002752061772039786
R1023_S+02,1023,2,78894000.0,3.296523604610938,11630319.362864122,419.8474398314929,374.42863555348805,271461076.28693116,0.0,0.00303346939361819
R1023_S+02,1023,2,86783400.0,2.232088588487077,9695227.588649556,439.31685362288965,382.2979476956779,289070915.99694085,0.0,0.0032402019417751234
R1023_S+02,1023,2,94672800.0,2.232088588487077,9932613.278520927,447.1721828184993,388.72999140853204,306680755.70695066,0.0,0.0034318606025262877
R1023_S+02,1023,2,102562200.0,2.232088588487077,10193044.951986011,452.3005257261382,395.1065131734255,324290595.41696084,0.0,0.003622211872021066
R1023_S+02,1023,2,110451600.0,2.232088588487077,10459444.966596983,456.81278493278825,403.2950475329513,341900435.1269711,0.0,0.0038115836637609125
R1023_S+02,1023,2,118341000.0,2.232088588487077,10729463.729694884,461.70724958458067,409.9876998899657,359510274.8369807,0.0,0.004000031972564018
R1023_S+02,1023,2,126230400.0,0.3918372857943478,5623859.959635798,462.6915488797139,410.7462614900887,362601635.91952664,0.0,0.0040701489236083885
R1023_S+02,1023,2,134119800.0,0.3918372857943478,5433118.450855695,462.70806505215376,410.38691696884166,365692997.0020726,0.0,0.004109289405524152
R1023_S+02,1023,2,142009200.0,0.3918372857943478,5415387.958906688,462.708398943892,410.03891693467386,368784358.08461857,0.0,0.004144904159758148
R1023_S+02,1023,2,149898600.0,0.3918372857943478,5446784.855378438,462.70840570271855,409.700127305021,371875719.16716444,0.0,0.0041795295907330965
R1023_S+02,1023,2,157788000.0,0.3918372857943478,5493841.492884718,462.70840583951815,409.36459774365073,374967080.2497103,0.0,0.004213820865717792
R1023_S+02,1023,2,165677400.0,0.0,6264264.400646448,462.7084058422058,409.2687758208759,374967080.2497103,0.0,0.00422361390477253
R1023_S+02,1023,2,173566800.0,0.0,6223820.29503027,462.70840584233065,409.24900671646793,374967080.2497103,0.0,0.00422563431513195
R1023_S+02,1023,2,181456200.0,0.0,6210564.326351095,462.7084058423403,409.24246278836864,374967080.2497104,0.0,0.0042263031071903935
R1023_S+02,1023,2,189345600.0,0.0,6205784.583986379,462.7084058423415,409.240081516217,374967080.2497103,0.0,0.004226546474152481
R1023_S+02,1023,2,197235000.0,0.0,6203424.931960493,462.70840584234173,409.2389106175437,374967080.2497103,0.0,0.004226666140463058
R1023_S+02,1023,2,205124400.0,0.0,6202628.0886791535,462.70840584234173,409.2385134264949,374967080.2497103,0.0,0.004226706733546413
R1023_S+02,1023,2,213013800.0,0.0,6202284.875125296,462.70840584234173,409.2383427366147,374967080.2497103,0.0,0.004226724178120089
R1023_S+02,1023,2,220903200.0,0.0,6202172.262144923,462.70840584234173,409.23828646491967,374967080.2497103,0.0,0.00422672992910974
R1023_S+02,1023,2,228792600.0,0.0,6202127.583494257,462.70840584234173,409.2382640899972,374967080.2497103,0.0,0.004226732215835741
R1023_S+02,1023,2,236682000.0,0.0,6202109.124718767,462.70840584234173,409.2382548536063,374967080.2497104,0.0,0.004226733159798567
R1023_S+02,1023,2,244571400.0,0.0,6202101.950766463,462.70840584234173,409.23825125006556,374967080.2497104,0.0,0.004226733528081866
R1023_S+02,1023,2,252460800.0,0.0,6202098.80424257,462.70840584234173,409.23824967191126,374967080.2497104,0.0,0.0042267336893698606
R1023_S+02,1023,2,260350200.0,0.0,6202097.509242743,462.70840584234173,409.23824902365914,374967080.2497104,0.0,0.004226733755621468
R1023_S+02,1023,2,268239600.0,0.0,6202097.058714598,462.70840584234173,409.23824879722326,374967080.2497104,0.0,0.004226733778763321
R1023_S+02,1023,2,276129000.0,0.0,6202096.875023905,462.70840584234173,409.238248704866,374967080.2497104,0.0,0.004226733788202271
R1023_S+02,1023,2,284018400.0,0.0,6202096.80060114,462.70840584234173,409.2382486674143,374967080.2497103,0.0,0.004226733792029845
R1023_S+02,1023,2,291907800.0,0.0,6202096.770061988,462.70840584234173,409.23824865204716,374967080.2497104,0.0,0.004226733793600348
R1023_S+02,1023,2,299797200.0,0.0,6202096.757754475,462.70840584234173,409.2382486458464,374967080.2497104,0.0,0.004226733794234099
R1023_S+02,1023,2,307686600.0,0.0,6202096.752638977,462.70840584234173,409.23824864327156,374967080.2497103,0.0,0.004226733794497253
R1023_S+02,1023,2,315576000.0,0.0,6202096.750613097,462.70840584234173,409.23824864224883,374967080.2497104,0.0,0.004226733794601758
R1023_S+03,1023,3,0.0,4.280561889764492,0.0,0.0,0.0,0.0,0.0,0.0
R1023_S+03,1023,3,7889400.0,4.280561889764492,9110746.727238327,163.54231121838222,144.14524365352474,33771064.973108016,0.0,0.000386532820475699
R1023_S+03,1023,3,15778800.0,4.280561889764492,9825805.440259412,230.0725806276321,202.0956905412865,67542129.94621602,0.0,0.0007705204086191256
R1023_S+03,1023,3,23668200.0,4.280561889764492,10538780.320250988,276.6120382172449,245.77363013742627,101313194.91932367,0.0,0.0011509137324843103
R1023_S+03,1023,3,31557600.0,4.280561889764492,11247000.698296078,319.35311627663384,279.9698721151973,135084259.89243162,0.0,0.0015276301852113138
R1023_S+03,1023,3,39447000.0,4.280561889764492,11951772.294556342,353.5575672649234,309.90198934779517,168855324.86553952,0.0,0.0019006966455258228
R1023_S+03,1023,3,47336400.0,3.194279439943314,10077601.427444778,368.6241932129602,330.5456254481048,194056273.07902873,0.0,0.002190050400901018
R1023_S+03,1023,3,55225800.0,3.194279439943314,10514133.512766734,395.6259199431668,345.67082893404495,219257221.29251775,0.0,0.002466768724167529
R1023_S+03,1023,3,63115200.0,3.194279439943314,10971309.792259905,407.6740494330146,361.7722564377617,244458169.50600675,0.0,0.002741407351960697
R1023_S+03,1023,3,71004600.0,3.194279439943314,11425915.867579233,423.18131307006104,375.80294574899426,269659117.719495,0.0,0.0030143304352808643
R1023_S+03,1023,3,78894000.0,3.194279439943314,11876961.465518475,445.2850643847194,387.67893172379263,294860065.9329839,0.0,0.0032855768227113844
R1023_S+03,1023,3,86783400.0,2.105404087713157,9866386.12853359,451.16320580904096,394.2469077373049,311470440.9425881,0.0,0.003481826661451038
R1023_S+03,1023,3,94672800.0,2.105404087713157,10063884.414333679,455.233069301289,401.6458384294908,328080815.95219237,0.0,0.003662658328106748
R1023_S+03,1023,3,102562200.0,2.105404087713157,10296769.22158755,459.3435769920814,407.7368140165796,344691190.9617965,0.0,0.0038417578210106764
R1023_S+03,1023,3,110451600.0,2.105404087713157,10539179.387960318,464.0312691260012,413.126313214742,361301565.9714005,0.0,0.004019863190738298
R1023_S+03,1023,3,118341000.0,2.105404087713157,10780058.980230674,479.09901069427906,418.1527713863926,377911940.9810046,0.0,0.004197396918329663
R1023_S+03,1023,3,126230400.0,1.0139358330740176,8676677.565059338,481.8337776755327,418.61728406541675,385911286.3424587,0.0,0.004304442452041709
R1023_S+03,1023,3,134119800.0,1.0139358330740176,8692921.646618746,482.2700426150492,418.070320772289,393910631.7039128,0.0,0.004394047333559431
R1023_S+03,1023,3,142009200.0,1.0139358330740176,8747091.32961779,482.8077035608245,417.60651336178205,401909977.065367,0.0,0.004481896249917616
R1023_S+03,1023,3,149898600.0,1.0139358330740176,8811529.557762269,483.55606095500997,417.2870607587997,409909322.4268209,0.0,0.0045691230936681215
R1023_S+03,1023,3,157788000.0,1.0139358330740176,8879722.582577117,484.50303611778065,417.1168761945757,417908667.7882752,0.0,0.004656019395831555
R1023_S+03,1023,3,165677400.0,0.0,7062456.573521249,484.6894654552109,417.00683523572917,417908667.7882751,0.0,0.0046821259062831445
R1023_S+03,1023,3,173566800.0,0.0,6973948.743835218,484.6970666324465,416.9627790421342,417908667.7882751,0.0,0.004687727093274256
R1023_S+03,1023,3,181456200.0,0.0,6941977.172451369,484.6979074980792,416.9453281748914,417908667.78827524,0.0,0.004689788303363388
R1023_S+03,1023,3,189345600.0,0.0,6928682.200273763,484.69801580141535,416.93789583837963,417908667.7882752,0.0,0.004690648035535226
R1023_S+03,1023,3,197235000.0,0.0,6923823.570304066,484.69802726658077,416.9351364901995,417908667.7882752,0.0,0.00469096513447647
R1023_S+03,1023,3,205124400.0,0.0,6921181.688602023,484.69802971776494,416.9336406943646,417908667.7882751,0.0,0.004691136755075672
R1023_S+03,1023,3,213013800.0,0.0,6920301.07720485,484.698029845647,416.9331392977473,417908667.7882751,0.0,0.004691194232584719
R1023_S+03,1023,3,220903200.0,0.0,6919911.4569529705,484.6980298609141,416.9329176704138,417908667.7882751,0.0,0.0046912196357966575
R1023_S+03,1023,3,228792600.0,0.0,6919776.734976355,484.69802986167286,416.93284087445784,417908667.78827524,0.0,0.004691228437919484
R1023_S+03,1023,3,236682000.0,0.0,6919726.958886981,484.6980298617325,416.93281241496635,417908667.7882752,0.0,0.004691231699845229
R1023_S+03,1023,3,244571400.0,0.0,6919706.604841147,484.69802986173886,416.9328007581702,417908667.7882751,0.0,0.004691233035904444
R1023_S+03,1023,3,252460800.0,0.0,6919698.057779618,484.6980298617399,416.93279586381755,417908667.78827524,0.0,0.0046912335968770395
R1023_S+03,1023,3,260350200.0,0.0,6919694.604513448,484.6980298617399,416.9327938813412,417908667.7882752,0.0,0.0046912338241011115
R1023_S+03,1023,3,268239600.0,0.0,6919693.1150719,484.6980298617399,416.93279302791177,417908667.78827524,0.0,0.004691233921918046
R1023_S+03,1023,3,276129000.0,0.0,6919692.538026489,484.6980298617399,416.932792695547,417908667.78827524,0.0,0.004691233960012445
R1023_S+03,1023,3,284018400.0,0.0,6919692.248817738,484.6980298617399,416.9327925295921,417908667.78827524,0.0,0.00469123397903358
R1023_S+03,1023,3,291907800.0,0.0,6919692.136278592,484.6980298617399,416.9327924650049,417908667.7882752,0.0,0.004691233986436328
R1023_S+03,1023,3,299797200.0,0.0,6919692.095304418,484.6980298617399,416.93279244143724,417908667.78827524,0.0,0.004691233989137595
R1023_S+03,1023,3,307686600.0,0.0,6919692.077953387,484.6980298617399,416.93279243147197,417908667.78827524,0.0,0.004691233990279748
R1023_S+03,1023,3,315576000.0,0.0,6919692.071717337,484.6980298617399,416.93279242788384,417908667.78827524,0.0,0.004691233990691007
R1024_S+00,1024,0,0.0,0.03869973752321161,0.0,0.0,0.0,0.0,0.0,0.0
R1024_S+00,1024,0,7889400.0,0.03869973752321161,55184.90480359644,8.640908809412023,7.4641570589644495,305317.70921562467,0.0,2.0145186059729833e-06
R1024_S+00,1024,0,15778800.0,0.03869973752321161,51335.081684602425,11.993309502906126,10.383105714352865,610635.4184312526,0.0,4.029125611566318e-06
R1024_S+00,1024,0,23668200.0,0.03869973752321161,51092.32803921588,14.610127171552435,12.56618480653337,915953.1276468821,0.0,6.043644357135451e-06
R1024_S+00,1024,0,31557600.0,0.03869973752321161,51929.57959201932,16.552771630419077,14.313874589216162,1221270.8368625015,0.0,8.05807205818608e-06
R1024_S+00,1024,0,39447000.0,0.03869973752321161,53472.945360563695,18.36712510890817,15.82722117496485,1526588.5460781278,0.0,1.0072404668912508e-05
R1024_S+00,1024,0,47336400.0,0.6229387551578713,631188.5995589867,37.78430458315698,32.411920636181534,6441201.561020631,0.0,4.2337979868205006e-05
R1024_S+00,1024,0,55225800.0,0.6229387551578713,660664.6779713351,48.64156903854109,42.65238070053667,11355814.575963149,0.0,7.46245969222637e-05
R1024_S+00,1024,0,63115200.0,0.6229387551578713,694317.5464228112,58.935685602506304,50.473857611434,16270427.590905651,0.0,0.00010689231135551652
R1024_S+00,1024,0,71004600.0,0.6229387551578713,733016.5575872064,66.18443596785642,57.02314870384731,21185040.60584815,0.0,0.0001391336076654852
R1024_S+00,1024,0,78894000.0,0.6229387551578713,771850.2755617257,73.29372323422798,62.79769595341702,26099653.620790683,0.0,0.0001713538166376704
R1024_S+00,1024,0,86783400.0,1.0983194363064095,1288308.0650224555,82.90143440279374,72.16939828565856,34764734.98158648,0.0,0.0002275948358084771
R1024_S+00,1024,0,94672800.0,1.0983194363064095,1365989.2470313478,92.2888903625387,80.31748003503098,43429816.342382245,0.0,0.000284152268743193
R1024_S+00,1024,0,102562200.0,1.0983194363064095,1439589.2571988981,101.5959131660108,87.42573033231466,52094897.70317804,0.0,0.0003406411774838848
R1024_S+00,1024,0,110451600.0,1.0983194363064095,1511761.9674251862,110.75066164440287,94.0113054327108,60759979.06397381,0.0,0.0003970620801735364
R1024_S+00,1024,0,118341000.0,1.0983194363064095,1584621.0698309503,114.71640468586892,99.86058182831029,69425060.42476958,0.0,0.00045340789854823296
R1024_S+00,1024,0,126230400.0,1.4004314269191311,1973122.4872949868,125.10911667594378,107.00479630026456,80473624.12430531,0.0,0.0005244946038299508
R1024_S+00,1024,0,134119800.0,1.4004314269191311,2069190.9638244398,133.64283993760358,113.70729504713614,91522187.82384118,0.0,0.0005960341342168163
R1024_S+00,1024,0,142009200.0,1.4004314269191311,2165254.0395145155,139.65900659592484,119.74419400231677,102570751.52337697,0.0,0.0006674486668371344
R1024_S+00,1024,0,149898600.0,1.4004314269191311,2256569.670529913,146.7758302711194,125.47774189953196,113619315.22291294,0.0,0.000738776881114772
R1024_S+00,1024,0,157788000.0,1.4004314269191311,2351437.301693056,153.95648031646246,130.9587670698765,124667878.92244884,0.0,0.0008099613416080709
R1024_S+00,1024,0,165677400.0,0.0,1037917.0701979361,154.1525526808034,131.2493239221708,124667878.92244884,0.0,0.000814333604667993
R1024_S+00,1024,0,173566800.0,0.0,1021944.8716788758,154.1544658510459,131.25159039413302,124667878.92244884,0.0,0.0008144785800214133
R1024_S+00,1024,0,181456200.0,0.0,1019523.3647684958,154.15454736498035,131.2515345617906,124667878.92244884,0.0,0.0008145012050300445
R1024_S+00,1024,0,189345600.0,0.0,1019147.1861385871,154.1545503283275,131.2515010272454,124667878.92244884,0.0,0.000814504765389448
R1024_S+00,1024,0,197235000.0,0.0,1019065.795232553,154.15455055066215,131.25149202964107,124667878.92244883,0.0,0.0008145055395915275
R1024_S+00,1024,0,205124400.0,0.0,1019044.6587947868,154.15455057164442,131.25148944963547,124667878.92244884,0.0,0.0008145057410919357
R1024_S+00,1024,0,213013800.0,0.0,1019039.9552170336,154.15455057295992,131.25148883600627,124667878.92244884,0.0,0.0008145057860109978
R1024_S+00,1024,0,220903200.0,0.0,1019039.1545149405,154.15455057300724,131.2514887269223,124667878.92244884,0.0,0.000814505793670256
R1024_S+00,1024,0,228792600.0,0.0,1019038.9799873177,154.15455057301077,131.25148870268936,124667878.92244884,0.0,0.0008145057953421246
R1024_S+00,1024,0,236682000.0,0.0,1019038.9249869324,154.15455057301125,131.25148869498008,124667878.92244884,0.0,0.0008145057958687026
R1024_S+00,1024,0,244571400.0,0.0,1019038.9148712922,154.15455057301125,131.2514886935472,124667878.92244884,0.0,0.0008145057959655877
R1024_S+00,1024,0,252460800.0,0.0,1019038.9129376579,154.15455057301125,131.25148869327174,124667878.92244884,0.0,0.000814505795984119
R1024_S+00,1024,0,260350200.0,0.0,1019038.9124824982,154.15455057301125,131.2514886932067,124667878.92244884,0.0,0.0008145057959884818
R1024_S+00,1024,0,268239600.0,0.0,1019038.9123746306,154.15455057301125,131.25148869319122,124667878.92244884,0.0,0.0008145057959895158
R1024_S+00,1024,0,276129000.0,0.0,1019038.9123493172,154.15455057301125,131.25148869318767,124667878.92244884,0.0,0.0008145057959897587
R1024_S+00,1024,0,284018400.0,0.0,1019038.9123432599,154.15455057301125,131.2514886931868,124667878.92244883,0.0,0.0008145057959898166
R1024_S+00,1024,0,291907800.0,0.0,1019038.9123418313,154.15455057301125,131.25148869318664,124667878.92244884,0.0,0.00081450579598983
R1024_S+00,1024,0,299797200.0,0.0,1019038.912341509,154.15455057301125,131.25148869318653,124667878.92244884,0.0,0.0008145057959898333
R1024_S+00,1024,0,307686600.0,0.0,1019038.9123414289,154.15455057301125,131.2514886931865,124667878.92244884,0.0,0.000814505795989834
R1024_S+00,1024,0,315576000.0,0.0,1019038.9123414066,154.15455057301125,131.25148869318653,124667878.92244883,0.0,0.0008145057959898344
R1024_S+01,1024,1,0.0,3.4186094501434003,0.0,0.0,0.0,0.0,0.0,0.0
R1024_S+01,1024,1,7889400.0,3.4186094501434003,3746526.402690511,75.02640897346117,66.11669706920411,26970777.395961348,0.0,0.00017468368154956255
R1024_S+01,1024,1,15778800.0,3.4186094501434003,3985810.1394521333,108.0617828210479,92.93204513127999,53941554.7919227,0.0,0.00034904439483602674
R1024_S+01,1024,1,23668200.0,3.4186094501434003,4229847.856245119,128.30912423485054,113.00948762269475,80912332.18788397,0.0,0.000522811669845833
R1024_S+01,1024,1,31557600.0,3.4186094501434003,4470753.808213703,151.54488348775956,129.35220683135032,107883109.58384527,0.0,0.0006959710796062363
R1024_S+01,1024,1,39447000.0,3.4186094501434003,4718168.441827446,168.31181412588867,143.52030187155194,134853886.97980654,0.0,0.0008684460650682085
R1024_S+01,1024,1,47336400.0,2.1862856891105373,3498522.0322403274,174.06896749201132,151.0327514853239,152102369.29547518,0.0,0.0009827556512492677
R1024_S+01,1024,1,55225800.0,2.1862856891105373,3631218.0453441814,185.83222485661472,158.21574197599693,169350851.61114374,0.0,0.0010929920801479626
R1024_S+01,1024,1,63115200.0,2.1862856891105373,3776250.4694628604,191.6946728833384,164.42185201997597,186599333.9268124,0.0,0.0012028715222081956
R1024_S+01,1024,1,71004600.0,2.1862856891105373,3921231.9509718567,195.6961124254882,170.61202709819096,203847816.24248123,0.0,0.0013124857864098346
R1024_S+01,1024,1,78894000.0,2.1862856891105373,4063954.9814781323,208.2189406488582,176.4895615220379,221096298.55814984,0.0,0.0014218675319350152
R1024_S+01,1024,1,86783400.0,1.0884443215483057,2974152.805190537,210.54976107334858,178.68883105648175,229683471.188573,0.0,0.001481629893964738
R1024_S+01,1024,1,94672800.0,1.0884443215483057,3025589.456551891,211.94584468660065,180.5019086600905,238270643.8189962,0.0,0.001536312743210188
R1024_S+01,1024,1,102562200.0,1.0884443215483057,3086104.2441548333,213.11270202092138,182.1943235243311,246857816.44941932,0.0,0.0015908207721837156
R1024_S+01,1024,1,110451600.0,1.0884443215483057,3147059.532428894,214.20479756425917,183.70258587938469,255444989.07984263,0.0,0.0016452668598299974
R1024_S+01,1024,1,118341000.0,1.0884443215483057,3209594.0254489854,215.3320560326469,185.0660484599048,264032161.71026576,0.0,0.0016996230124132678
R1024_S+01,1024,1,126230400.0,0.1250853474567042,1952061.786870826,215.44863092758877,185.15260947505368,265019010.0504907,0.0,0.0017114735720917976
R1024_S+01,1024,1,134119800.0,0.1250853474567042,1936355.8998627178,215.44968050090696,185.1046910039451,266005858.39071563,0.0,0.001718018633066288
R1024_S+01,1024,1,142009200.0,0.1250853474567042,1945470.0938050374,215.44970453826807,185.05670747304868,266992706.73094052,0.0,0.0017243510404929086
R1024_S+01,1024,1,149898600.0,0.1250853474567042,1958966.928562317,215.4497051691739,185.0096691000621,267979555.07116547,0.0,0.0017306536258534242
R1024_S+01,1024,1,157788000.0,0.1250853474567042,1973378.9299450256,215.4497051858016,184.96379276233074,268966403.4113904,0.0,0.0017369499154044476
R1024_S+01,1024,1,165677400.0,0.0,2129958.0472598597,215.4497051862308,184.95784864773015,268966403.4113904,0.0,0.0017377925469195623
R1024_S+01,1024,1,173566800.0,0.0,2126238.579936385,215.4497051862498,184.9573351577197,268966403.4113904,0.0,0.00173786570889162
R1024_S+01,1024,1,181456200.0,0.0,2125354.314403195,215.44970518625138,184.9572123964627,268966403.4113904,0.0,0.0017378832071021477
R1024_S+01,1024,1,189345600.0,0.0,2125204.670267828,215.44970518625144,184.9571915711323,268966403.4113904,0.0,0.0017378861754773118
R1024_S+01,1024,1,197235000.0,0.0,2125166.384163238,215.44970518625144,184.9571862461721,268966403.4113904,0.0,0.0017378869344338267
R1024_S+01,1024,1,205124400.0,0.0,2125159.3574557677,215.44970518625144,184.9571852676508,268966403.4113904,0.0,0.0017378870738872332
R1024_S+01,1024,1,213013800.0,0.0,2125157.57573469,215.44970518625144,184.95718501954423,268966403.4113904,0.0,0.0017378871092434336
R1024_S+01,1024,1,220903200.0,0.0,2125157.1334049664,215.44970518625144,184.9571849579305,268966403.4113904,0.0,0.0017378871180229955
R1024_S+01,1024,1,228792600.0,0.0,2125157.01966583,215.44970518625144,184.9571849420916,268966403.4113904,0.0,0.0017378871202797883
R1024_S+01,1024,1,236682000.0,0.0,2125156.991954375,215.44970518625144,184.95718493822997,268966403.4113904,0.0,0.0017378871208299524
R1024_S+01,1024,1,244571400.0,0.0,2125156.9845338203,215.44970518625144,184.95718493719684,268966403.4113904,0.0,0.001737887120977144
R1024_S+01,1024,1,252460800.0,0.0,2125156.9828155003,215.44970518625144,184.95718493695713,268966403.4113904,0.0,0.0017378871210112809
R1024_S+01,1024,1,260350200.0,0.0,2125156.982218992,215.44970518625144,184.95718493687403,268966403.4113904,0.0,0.0017378871210231087
R1024_S+01,1024,1,268239600.0,0.0,2125156.9821056165,215.44970518625144,184.95718493685828,268966403.4113904,0.0,0.0017378871210253588
R1024_S+01,1024,1,276129000.0,0.0,2125156.9820774384,215.44970518625144,184.95718493685436,268966403.4113904,0.0,0.001737887121025918
R1024_S+01,1024,1,284018400.0,0.0,2125156.982070219,215.44970518625144,184.95718493685334,268966403.4113904,0.0,0.0017378871210260618
R1024_S+01,1024,1,291907800.0,0.0,2125156.982068442,215.44970518625144,184.95718493685317,268966403.4113904,0.0,0.0017378871210260967
R1024_S+01,1024,1,299797200.0,0.0,2125156.9820679612,215.44970518625144,184.95718493685305,268966403.4113904,0.0,0.0017378871210261058
R1024_S+01,1024,1,307686600.0,0.0,2125156.9820678793,215.44970518625144,184.95718493685303,268966403.4113904,0.0,0.0017378871210261082
R1024_S+01,1024,1,315576000.0,0.0,2125156.982067842,215.44970518625144,184.95718493685303,268966403.4113904,0.0,0.0017378871210261086
R1024_S+02,1024,2,0.0,1.1552391697466193,0.0,0.0,0.0,0.0,0.0,0.0
R1024_S+02,1024,2,7889400.0,1.1552391697466193,1163560.765660748,43.91090188939555,38.7445240960649,9114143.905798975,0.0,5.972467276653287e-05
R1024_S+02,1024,2,15778800.0,1.1552391697466193,1227133.712697547,62.258794762377555,54.175318189570184,18228287.81159795,0.0,0.00011940927025991072
R1024_S+02,1024,2,23668200.0,1.1552391697466193,1299328.8070138078,74.8680687454638,65.7559629868537,27342431.71739693,0.0,0.00017902338641301454
R1024_S+02,1024,2,31557600.0,1.1552391697466193,1370952.8452018686,88.02582990550098,75.26632153999749,36456575.62319592,0.0,0.00023856862129405636
R1024_S+02,1024,2,39447000.0,1.1552391697466193,1446285.2482445631,97.66945894972046,83.46003319053177,45570719.528994896,0.0,0.0002980305000730351
R1024_S+02,1024,2,47336400.0,1.0879004904938732,1453722.7493428309,103.17298441067304,90.2166148171521,54153601.65869729,0.0,0.00035405467891208765
R1024_S+02,1024,2,55225800.0,1.0879004904938732,1524730.296969425,112.35130648815307,96.19385679941328,62736483.788399644,0.0,0.0004099215834550094
R1024_S+02,1024,2,63115200.0,1.0879004904938732,1595021.094356425,118.90922084434115,101.93983801478004,71319365.91810201,0.0,0.00046572276829721953
R1024_S+02,1024,2,71004600.0,1.0879004904938732,1666497.9983334132,125.08885699041689,107.01144262040482,79902248.04780439,0.0,0.0005214490055789849
R1024_S+02,1024,2,78894000.0,1.0879004904938732,1737012.9142065514,128.36942785713217,111.88610219344052,88485130.17750674,0.0,0.0005771093207529187
R1024_S+02,1024,2,86783400.0,0.7230641939832649,1435850.0397168063,135.370991974824,114.60519595841944,94189672.82951832,0.0,0.000614970972422656
R1024_S+02,1024,2,94672800.0,0.7230641939832649,1476844.6900503598,138.0209122427309,117.1773221814477,99894215.48152986,0.0,0.000651967125756227
R1024_S+02,1024,2,102562200.0,0.7230641939832649,1520531.0582471713,139.59861342926368,119.49440000923337,105598758.13354144,0.0,0.0006889228011055424
R1024_S+02,1024,2,110451600.0,0.7230641939832649,1563407.954437701,141.05652607465524,121.35844469114576,111303300.785553,0.0,0.0007258564191545393
R1024_S+02,1024,2,118341000.0,0.7230641939832649,1607230.8143899757,143.27731136498633,123.92577456020365,117007843.43756455,0.0,0.0007627513863052794
R1024_S+02,1024,2,126230400.0,0.060730280214794194,871222.6457905807,143.75327401824603,124.01536267003934,117486968.91029117,0.0,0.00076785892762761
R1024_S+02,1024,2,134119800.0,0.060730280214794194,860196.5677905679,143.75859590435377,123.95788770143814,117966094.38301775,0.0,0.0007710481001161555
R1024_S+02,1024,2,142009200.0,0.060730280214794194,863387.924345836,143.75880641270263,123.89889077376468,118445219.85574435,0.0,0.0007741744729932133
R1024_S+02,1024,2,149898600.0,0.060730280214794194,869245.8022075836,143.75881416929667,123.83989937269077,118924345.32847096,0.0,0.0007772911358994716
R1024_S+02,1024,2,157788000.0,0.060730280214794194,875727.4967430755,143.75881456190683,123.78093015328827,119403470.80119756,0.0,0.0007804059047017732
R1024_S+02,1024,2,165677400.0,0.0,949229.7522534579,143.75881458392743,123.77675314785245,119403470.80119756,0.0,0.0007806265401332556
R1024_S+02,1024,2,173566800.0,0.0,947659.9533431157,143.75881458499242,123.77648398741918,119403470.80119756,0.0,0.0007806407581300099
R1024_S+02,1024,2,181456200.0,0.0,947312.0133737139,143.75881458508385,123.77642405132701,119403470.80119756,0.0,0.0007806439240922107
R1024_S+02,1024,2,189345600.0,0.0,947238.1079028789,143.7588145850895,123.77641129956125,119403470.80119756,0.0,0.000780644597654949
R1024_S+02,1024,2,197235000.0,0.0,947214.0973627027,143.75881458509048,123.77640715921302,119403470.80119756,0.0,0.0007806448163499412
R1024_S+02,1024,2,205124400.0,0.0,947209.9376141205,143.7588145850912,123.77640644168294,119403470.80119756,0.0,0.0007806448542496549
R1024_S+02,1024,2,213013800.0,0.0,947209.0052767396,143.7588145850912,123.77640628078781,119403470.80119756,0.0,0.0007806448627480306
R1024_S+02,1024,2,220903200.0,0.0,947208.7406097781,143.7588145850912,123.77640623513683,119403470.80119756,0.0,0.0007806448651592801
R1024_S+02,1024,2,228792600.0,0.0,947208.6893809661,143.7588145850912,123.77640622630027,119403470.80119756,0.0,0.0007806448656260102
R1024_S+02,1024,2,236682000.0,0.0,947208.6782420967,143.7588145850912,123.77640622437764,119403470.80119754,0.0,0.000780644865727564
R1024_S+02,1024,2,244571400.0,0.0,947208.6745382417,143.7588145850912,123.77640622373886,119403470.80119756,0.0,0.0007806448657613029
R1024_S+02,1024,2,252460800.0,0.0,947208.6738799531,143.7588145850912,123.77640622362533,119403470.80119756,0.0,0.0007806448657673023
R1024_S+02,1024,2,260350200.0,0.0,947208.6737187188,143.7588145850912,123.77640622359748,119403470.80119756,0.0,0.0007806448657687714
R1024_S+02,1024,2,268239600.0,0.0,947208.6736823153,143.7588145850912,123.77640622359118,119403470.80119756,0.0,0.0007806448657691033
R1024_S+02,1024,2,276129000.0,0.0,947208.6736723538,143.7588145850912,123.77640622358946,119403470.80119756,0.0,0.000780644865769194
R1024_S+02,1024,2,284018400.0,0.0,947208.673670236,143.7588145850912,123.7764062235891,119403470.80119756,0.0,0.0007806448657692133
R1024_S+02,1024,2,291907800.0,0.0,947208.6736698262,143.7588145850912,123.77640622358909,119403470.80119754,0.0,0.000780644865769217
R1024_S+02,1024,2,299797200.0,0.0,947208.6736697257,143.7588145850912,123.77640622358903,119403470.80119756,0.0,0.0007806448657692178
R1024_S+02,1024,2,307686600.0,0.0,947208.673669707,143.7588145850912,123.77640622358896,119403470.80119756,0.0,0.0007806448657692181
R1024_S+02,1024,2,315576000.0,0.0,947208.6736696959,143.7588145850912,123.77640622358896,119403470.80119756,0.0,0.0007806448657692182
R1024_S+03,1024,3,0.0,0.18287508102999586,0.0,0.0,0.0,0.0,0.0,0.0
R1024_S+03,1024,3,7889400.0,0.18287508102999586,203185.35189537331,18.31797771916877,15.81714453872564,1442774.6642780497,0.0,9.50986204217333e-06
R1024_S+03,1024,3,15778800.0,0.18287508102999586,202522.00796505064,25.3877497322144,22.007852318329657,2885549.328556098,0.0,1.9019129955738294e-05
R1024_S+03,1024,3,23668200.0,0.18287508102999586,208926.72980157472,31.05005749086645,26.646840324708226,4328323.992834162,0.0,2.8526568188224668e-05
R1024_S+03,1024,3,31557600.0,0.18287508102999586,216953.6766406577,35.04443707650488,30.371630801413218,5771098.657112205,0.0,3.8032046162102736e-05
R1024_S+03,1024,3,39447000.0,0.18287508102999586,226254.1861091461,38.90530006474626,33.596991954970576,7213873.3213902535,0.0,4.753545393764911e-05
R1024_S+03,1024,3,47336400.0,2.5043348730019317,2695870.917295564,74.57622601851455,65.28633928515363,26971572.868451834,0.0,0.00017545963194826264
R1024_S+03,1024,3,55225800.0,2.5043348730019317,2870645.2233845107,100.11408103846526,85.65080502731647,46729272.41551335,0.0,0.0003037228976075017
R1024_S+03,1024,3,63115200.0,2.5043348730019317,3046006.29466673,116.43293285906914,101.74808519935937,66486971.962574854,0.0,0.00043164804167058704
R1024_S+03,1024,3,71004600.0,2.5043348730019317,3219049.9947573394,134.6248619197134,115.04316301600855,86244671.50963627,0.0,0.000559232706062299
R1024_S+03,1024,3,78894000.0,2.5043348730019317,3395088.402893983,147.33052360286334,126.67009360662618,106002371.05669776,0.0,0.0006864468345285611
R1024_S+03,1024,3,86783400.0,4.911006806939137,6568958.260767937,171.50506929903543,146.8276465706668,144747268.1593638,0.0,0.0009266077605093013
R1024_S+03,1024,3,94672800.0,4.911006806939137,6977722.858078174,191.7218811440216,164.7897832381654,183492165.26202965,0.0,0.0011716115111164275
R1024_S+03,1024,3,102562200.0,4.911006806939137,7356560.383549333,211.6101745577516,180.73131718172115,222237062.3646955,0.0,0.0014154251614861752
R1024_S+03,1024,3,110451600.0,4.911006806939137,7727062.955503013,228.812709784249,195.13445303982184,260981959.4673603,0.0,0.0016579526612800586
R1024_S+03,1024,3,118341000.0,4.911006806939137,8099602.161690336,239.57779988610736,207.42607521926934,299726856.5700263,0.0,0.0018990801149470656
R1024_S+03,1024,3,126230400.0,7.217340302135107,11710715.55785944,263.0340720128278,225.20595198024662,356667341.1496923,0.0,0.0022359607933433675
R1024_S+03,1024,3,134119800.0,7.217340302135107,12320177.93714431,284.5646375621498,242.079694891919,413607825.72935665,0.0,0.0025827957234738044
R1024_S+03,1024,3,142009200.0,7.217340302135107,12896961.916511599,296.4393830270676,256.51297293513124,470548310.3090242,0.0,0.0029271595447568854
R1024_S+03,1024,3,149898600.0,7.217340302135107,13445705.79765058,319.373374728043,271.25130681596465,527488794.88869274,0.0,0.0032693121508957585
R1024_S+03,1024,3,157788000.0,7.217340302135107,14004097.835602798,328.71675421163707,283.6412235709196,584429279.4683585,0.0,0.00360836070137398
R1024_S+03,1024,3,165677400.0,0.0,4957907.194347028,330.10572361650156,285.70658848915235,584429279.4683584,0.0,0.0036727612052657502
R1024_S+03,1024,3,173566800.0,0.0,4809748.322062306,330.16189245669227,285.7816543311732,584429279.4683584,0.0,0.003678192251870864
R1024_S+03,1024,3,181456200.0,0.0,4779647.850189943,330.1680823130682,285.7846816455844,584429279.4683584,0.0,0.003679334546761162
R1024_S+03,1024,3,189345600.0,0.0,4769197.1851007715,330.1693124980896,285.7836034461125,584429279.4683584,0.0,0.0036797374345431157
R1024_S+03,1024,3,197235000.0,0.0,4767150.644737575,330.16939226884284,285.78301642420905,584429279.4683584,0.0,0.0036798177109465774
R1024_S+03,1024,3,205124400.0,0.0,4766699.463935651,330.16939828778794,285.78285955241506,584429279.4683583,0.0,0.0036798355533059785
R1024_S+03,1024,3,213013800.0,0.0,4766595.56633804,330.16939875378284,285.7828211735381,584429279.4683585,0.0,0.0036798396802988236
R1024_S+03,1024,3,220903200.0,0.0,4766573.620657325,330.1693987853484,285.7828128859412,584429279.4683584,0.0,0.003679840555052027
R1024_S+03,1024,3,228792600.0,0.0,4766567.303670775,330.1693987890355,285.782810486109,584429279.4683584,0.0,0.0036798408070409755
R1024_S+03,1024,3,236682000.0,0.0,4766566.000511579,330.1693987892469,285.7828099889874,584429279.4683584,0.0,0.0036798408591044575
R1024_S+03,1024,3,244571400.0,0.0,4766565.698118653,330.1693987892642,285.78280987338354,584429279.4683584,0.0,0.003679840871203426
R1024_S+03,1024,3,252460800.0,0.0,4766565.614328865,330.1693987892663,285.78280984132914,584429279.4683585,0.0,0.0036798408745574974
R1024_S+03,1024,3,260350200.0,0.0,4766565.590941414,330.16939878926655,285.7828098323792,584429279.4683584,0.0,0.003679840875493914
R1024_S+03,1024,3,268239600.0,0.0,4766565.584472176,330.16939878926667,285.78280982990225,584429279.4683584,0.0,0.0036798408757530232
R1024_S+03,1024,3,276129000.0,0.0,4766565.582652893,330.16939878926667,285.78280982920563,584429279.4683585,0.0,0.0036798408758258886
R1024_S+03,1024,3,284018400.0,0.0,4766565.582153693,330.16939878926667,285.7828098290147,584429279.4683583,0.0,0.003679840875845889
R1024_S+03,1024,3,291907800.0,0.0,4766565.582010854,330.16939878926667,285.78280982895996,584429279.4683583,0.0,0.0036798408758516084
R1024_S+03,1024,3,299797200.0,0.0,4766565.581972491,330.16939878926667,285.78280982894535,584429279.4683584,0.0,0.003679840875853144
R1024_S+03,1024,3,307686600.0,0.0,4766565.581960935,330.16939878926667,285.7828098289407,584429279.4683584,0.0,0.003679840875853608
R1024_S+03,1024,3,315576000.0,0.0,4766565.581957467,330.16939878926667,285.78280982893955,584429279.4683583,0.0,0.003679840875853745
R1025_S+00,1025,0,0.0,0.420804130492851,0.0,0.0,0.0,0.0,0.0,0.0
R1025_S+00,1025,0,7889400.0,0.420804130492851,254923.44746146165,31.45699670646126,27.841081869270422,3319892.107110308,0.0,7.105954701957845e-05
R1025_S+00,1025,0,15778800.0,0.420804130492851,342815.3612278979,40.77891659192433,36.119281680773106,6639784.214220598,0.0,0.0001419938995189164
R1025_S+00,1025,0,23668200.0,0.420804130492851,426691.2206283454,48.46882833258848,41.634782547335476,9959676.3213309,0.0,0.00021281531048729325
R1025_S+00,1025,0,31557600.0,0.420804130492851,508489.77467379905,53.72486025541595,46.310202115488735,13279568.428441178,0.0,0.0002835269581977982
R1025_S+00,1025,0,39447000.0,0.420804130492851,588830.2636785712,58.719754039243995,50.5165806890422,16599460.535551477,0.0,0.0003541304453507864
R1025_S+00,1025,0,47336400.0,1.9487552381264948,1557905.4012136646,85.90747103390346,73.45604140411496,31973970.111226752,0.0,0.0006773520343746128
R1025_S+00,1025,0,55225800.0,1.9487552381264948,2004213.7561779916,101.96566501090282,87.92700349489603,47348479.68690189,0.0,0.0009990751566936657
R1025_S+00,1025,0,63115200.0,1.9487552381264948,2422097.2509687394,116.20158200520633,99.53823468801197,62722989.26257706,0.0,0.0013185386518948215
R1025_S+00,1025,0,71004600.0,1.9487552381264948,2824796.590825349,127.17118195798692,109.22250382344038,78097498.83825229,0.0,0.0016357775415063941
R1025_S+00,1025,0,78894000.0,1.9487552381264948,3219130.844425667,133.2526366481734,117.51552697493612,93472008.41392756,0.0,0.0019507957106337241
R1025_S+00,1025,0,86783400.0,4.279222546180772,5125334.067238845,159.75044887445748,138.4685713222379,127232506.76976612,0.0,0.002624560330293081
R1025_S+00,1025,0,94672800.0,4.279222546180772,6092487.838369951,177.63336253083432,154.55619158755954,160993005.12560505,0.0,0.0032940898981765106
R1025_S+00,1025,0,102562200.0,4.279222546180772,7013071.306322135,194.49719799531093,168.85721693962967,194753503.4814434,0.0,0.003953965829290858
R1025_S+00,1025,0,110451600.0,4.279222546180772,7902013.419085067,211.38566226353223,182.10999919181452,228514001.83728206,0.0,0.004604451884241574
R1025_S+00,1025,0,118341000.0,4.279222546180772,8768560.490136318,221.01536076796046,193.5047553547919,262274500.19312114,0.0,0.005245836108643928
R1025_S+00,1025,0,126230400.0,7.412206054655681,11929084.800363973,248.87247758587878,214.8508851389932,320752358.6407222,0.0,0.0063109679862577185
R1025_S+00,1025,0,134119800.0,7.412206054655681,13562981.272017483,264.06436727032633,231.9447600250053,379230217.08832294,0.0,0.0073662325717441576
R1025_S+00,1025,0,142009200.0,7.412206054655681,15124946.504961409,286.0203051141873,247.72023810665297,437708075.535927,0.0,0.008397815815021888
R1025_S+00,1025,0,149898600.0,7.412206054655681,16629940.707960855,304.5151331188156,263.2159070576466,496185933.98352563,0.0,0.009406870567183348
R1025_S+00,1025,0,157788000.0,7.412206054655681,18097526.363102444,315.99622715914467,274.5189016469366,554663792.4311285,0.0,0.010394503657626978
R1025_S+00,1025,0,165677400.0,0.0,14224496.812417794,316.2176672105563,274.9343266098939,554663792.4311285,0.0,0.010466908715748789
R1025_S+00,1025,0,173566800.0,0.0,14221103.627607688,316.2176714703967,274.9337438397747,554663792.4311285,0.0,0.010467494076603984
R1025_S+00,1025,0,181456200.0,0.0,14220922.856100015,316.2176714885397,274.93370218318114,554663792.4311285,0.0,0.010467525962072214
R1025_S+00,1025,0,189345600.0,0.0,14220910.890615411,316.21767148863876,274.93369923122873,554663792.4311285,0.0,0.010467528062681798
R1025_S+00,1025,0,197235000.0,0.0,14220910.256643485,316.217671488639,274.9336990680556,554663792.4311285,0.0,0.010467528176090398
R1025_S+00,1025,0,205124400.0,0.0,14220910.176046941,316.217671488639,274.93369904766195,554663792.4311285,0.0,0.010467528190169766
R1025_S+00,1025,0,213013800.0,0.0,14220910.174648155,316.217671488639,274.9336990473056,554663792.4311285,0.0,0.010467528190414578
R1025_S+00,1025,0,220903200.0,0.0,14220910.174615923,316.217671488639,274.93369904729735,554663792.4311285,0.0,0.010467528190420294
R1025_S+00,1025,0,228792600.0,0.0,14220910.174614009,316.217671488639,274.9336990472969,554663792.4311284,0.0,0.010467528190420619
R1025_S+00,1025,0,236682000.0,0.0,14220910.174613867,316.217671488639,274.93369904729684,554663792.4311285,0.0,0.01046752819042064
R1025_S+00,1025,0,244571400.0,0.0,14220910.17461386,316.217671488639,274.9336990472969,554663792.4311285,0.0,0.01046752819042064
R1025_S+00,1025,0,252460800.0,0.0,14220910.17461386,316.217671488639,274.9336990472969,554663792.4311285,0.0,0.01046752819042064
R1025_S+00,1025,0,260350200.0,0.0,14220910.17461386,316.217671488639,274.9336990472969,554663792.4311285,0.0,0.01046752819042064
R1025_S+00,1025,0,268239600.0,0.0,14220910.17461386,316.217671488639,274.9336990472969,554663792.4311285,0.0,0.01046752819042064
R1025_S+00,1025,0,276129000.0,0.0,14220910.17461386,316.217671488639,274.9336990472969,554663792.4311285,0.0,0.01046752819042064
R1025_S+00,1025,0,284018400.0,0.0,14220910.17461386,316.217671488639,274.9336990472969,554663792.4311285,0.0,0.01046752819042064
R1025_S+00,1025,0,291907800.0,0.0,14220910.17461386,316.217671488639,274.9336990472969,554663792.4311285,0.0,0.01046752819042064
R1025_S+00,1025,0,299797200.0,0.0,14220910.17461386,316.217671488639,274.9336990472969,554663792.4311285,0.0,0.01046752819042064
R1025_S+00,1025,0,307686600.0,0.0,14220910.17461386,316.217671488639,274.9336990472969,554663792.4311285,0.0,0.01046752819042064
R1025_S+00,1025,0,315576000.0,0.0,14220910.17461386,316.217671488639,274.9336990472969,554663792.4311285,0.0,0.01046752819042064
R1025_S+01,1025,1,0.0,0.018233521337325538,0.0,0.0,0.0,0.0,0.0,0.0
R1025_S+01,1025,1,7889400.0,0.018233521337325538,15000.524241415784,6.909972904980241,6.183451904621542,143851.5432386907,0.0,3.0851752998706037e-06
R1025_S+01,1025,1,15778800.0,0.018233521337325538,18812.3049481716,9.275599327689104,8.226606216726823,287703.08647739433,0.0,6.170107072158865e-06
R1025_S+01,1025,1,23668200.0,0.018233521337325538,22344.437091194093,10.998420015038938,9.552185230634983,431554.62971609185,0.0,9.254818553286769e-06
R1025_S+01,1025,1,31557600.0,0.018233521337325538,25679.581761315465,12.17044699470809,10.493592969929818,575406.1729547778,0.0,1.2339323606098449e-05
R1025_S+01,1025,1,39447000.0,0.018233521337325538,28969.378460086882,12.891868101192369,11.266264386944147,719257.7161934613,0.0,1.5423629313775266e-05
R1025_S+01,1025,1,47336400.0,0.32338943776744433,214118.69352554902,29.866162191088346,26.033598319944467,3270606.346515956,0.0,7.002651019544878e-05
R1025_S+01,1025,1,55225800.0,0.32338943776744433,281995.3433827907,37.180050608930905,32.90974616130251,5821954.976838388,0.0,0.00012456737375114883
R1025_S+01,1025,1,63115200.0,0.32338943776744433,346406.87014929764,43.89082030720164,37.665331910343525,8373303.607160894,0.0,0.00017904183588167053
R1025_S+01,1025,1,71004600.0,0.32338943776744433,408726.6813548226,48.48259679155264,41.698230149778034,10924652.23748343,0.0,0.00023345129360951425
R1025_S+01,1025,1,78894000.0,0.32338943776744433,470153.44266165793,52.59227025389351,45.30914856494706,13476000.867805842,0.0,0.0002877962595096628
R1025_S+01,1025,1,86783400.0,0.5585205392484076,663342.2195323259,59.82387974826865,51.86097551602946,17882392.810152233,0.0,0.0003812834445592235
R1025_S+01,1025,1,94672800.0,0.5585205392484076,778470.749232661,66.00716199467921,57.278731971120905,22288784.752498634,0.0,0.00047471068576587864
R1025_S+01,1025,1,102562200.0,0.5585205392484076,889883.0693689287,72.07916153720859,62.18313203293535,26695176.694845054,0.0,0.0005679483530381047
R1025_S+01,1025,1,110451600.0,0.5585205392484076,999036.5576460492,76.90557757728696,66.6864695719068,31101568.63719149,0.0,0.0006609940769357108
R1025_S+01,1025,1,118341000.0,0.5585205392484076,1107618.718795374,80.37494148115002,70.18261431501324,35507960.579537906,0.0,0.0007538416416090386
R1025_S+01,1025,1,126230400.0,0.6410825172065404,1261963.7742868774,86.94292666431518,75.02864512184713,40565716.99078716,0.0,0.0008600366995797974
R1025_S+01,1025,1,134119800.0,0.6410825172065404,1387680.6977544334,89.46441173778761,79.16419695174314,45623473.402036466,0.0,0.000966089059341753
R1025_S+01,1025,1,142009200.0,0.6410825172065404,1512451.2209619991,95.99538988493275,83.10779867335457,50681229.81328575,0.0,0.0010718777304451162
R1025_S+01,1025,1,149898600.0,0.6410825172065404,1635242.9187156446,98.15109523962307,86.46890218230632,55738986.22453505,0.0,0.0011774334792318843
R1025_S+01,1025,1,157788000.0,0.6410825172065404,1758197.118183883,103.91416947298565,90.49072020925709,60796742.6357843,0.0,0.0012827209717568193
R1025_S+01,1025,1,165677400.0,0.0,1553258.0582039636,103.95149262504893,90.53553643164129,60796742.6357843,0.0,0.0012844473979554552
R1025_S+01,1025,1,173566800.0,0.0,1553206.6830314547,103.95149263766561,90.53555505305722,60796742.635784306,0.0,0.0012844488163913513
R1025_S+01,1025,1,181456200.0,0.0,1553205.6080066543,103.95149263767173,90.53555543543658,60796742.6357843,0.0,0.001284448846240414
R1025_S+01,1025,1,189345600.0,0.0,1553205.6028107945,103.95149263767173,90.53555543727366,60796742.635784306,0.0,0.001284448846384921
R1025_S+01,1025,1,197235000.0,0.0,1553205.6027912665,103.95149263767173,90.53555543728055,60796742.6357843,0.0,0.0012844488463854653
R1025_S+01,1025,1,205124400.0,0.0,1553205.6027907487,103.95149263767173,90.53555543728076,60796742.6357843,0.0,0.0012844488463854794
R1025_S+01,1025,1,213013800.0,0.0,1553205.6027907263,103.95149263767173,90.53555543728075,60796742.6357843,0.0,0.0012844488463854798
R1025_S+01,1025,1,220903200.0,0.0,1553205.6027907263,103.95149263767173,90.53555543728075,60796742.6357843,0.0,0.0012844488463854798
R1025_S+01,1025,1,228792600.0,0.0,1553205.6027907263,103.95149263767173,90.53555543728075,60796742.6357843,0.0,0.0012844488463854798
R1025_S+01,1025,1,236682000.0,0.0,1553205.6027907263,103.95149263767173,90.53555543728075,60796742.6357843,0.0,0.0012844488463854798
R1025_S+01,1025,1,244571400.0,0.0,1553205.6027907263,103.95149263767173,90.53555543728075,60796742.6357843,0.0,0.0012844488463854798
R1025_S+01,1025,1,252460800.0,0.0,1553205.6027907263,103.95149263767173,90.53555543728075,60796742.6357843,0.0,0.0012844488463854798
R1025_S+01,1025,1,260350200.0,0.0,1553205.6027907263,103.95149263767173,90.53555543728075,60796742.6357843,0.0,0.0012844488463854798
R1025_S+01,1025,1,268239600.0,0.0,1553205.6027907263,103.95149263767173,90.53555543728075,60796742.6357843,0.0,0.0012844488463854798
R1025_S+01,1025,1,276129000.0,0.0,1553205.6027907263,103.95149263767173,90.53555543728075,60796742.6357843,0.0,0.0012844488463854798
R1025_S+01,1025,1,284018400.0,0.0,1553205.6027907263,103.95149263767173,90.53555543728075,60796742.6357843,0.0,0.0012844488463854798
R1025_S+01,1025,1,291907800.0,0.0,1553205.6027907263,103.95149263767173,90.53555543728075,60796742.6357843,0.0,0.0012844488463854798
R1025_S+01,1025,1,299797200.0,0.0,1553205.6027907263,103.95149263767173,90.53555543728075,60796742.6357843,0.0,0.0012844488463854798
R1025_S+01,1025,1,307686600.0,0.0,1553205.6027907263,103.95149263767173,90.53555543728075,60796742.6357843,0.0,0.0012844488463854798
R1025_S+01,1025,1,315576000.0,0.0,1553205.6027907263,103.95149263767173,90.53555543728075,60796742.6357843,0.0,0.0012844488463854798
R1025_S+02,1025,2,0.0,0.16281444924792612,0.0,0.0,0.0,0.0,0.0,0.0
R1025_S+02,1025,2,7889400.0,0.16281444924792612,106123.20327998325,20.103246177888373,17.64752252398088,1284508.3158965881,0.0,2.752788644563969e-05
R1025_S+02,1025,2,15778800.0,0.16281444924792612,139281.70314102247,26.47307269252505,22.96208764541227,2569016.6317932075,0.0,5.503682619558551e-05
R1025_S+02,1025,2,23668200.0,0.16281444924792612,171041.70625848696,30.176307267442358,26.334889811936783,3853524.9476897917,0.0,8.25285334181991e-05
R1025_S+02,1025,2,31557600.0,0.16281444924792612,201919.35789629817,33.37057313298695,29.04929841842946,5138033.263586396,0.0,0.00011000361640202976
R1025_S+02,1025,2,39447000.0,0.16281444924792612,232285.3560428936,36.526128696006374,31.6378947363623,6422541.579482958,0.0,0.00013746226827687297
R1025_S+02,1025,2,47336400.0,0.3049142659426126,341429.4064939637,43.28007433255897,37.16271386238123,8828132.18921061,0.0,0.00018877175773204374
R1025_S+02,1025,2,55225800.0,0.3049142659426126,403244.9524649773,48.145406884213386,41.367151889849154,11233722.798938282,0.0,0.00024006283293612654
R1025_S+02,1025,2,63115200.0,0.3049142659426126,462911.9119509794,51.89856444363566,44.94666893676671,13639313.408665894,0.0,0.0002912966638751451
R1025_S+02,1025,2,71004600.0,0.3049142659426126,521561.3616525475,54.559995488745,47.79838997424118,16044904.01839346,0.0,0.00034247270359983516
R1025_S+02,1025,2,78894000.0,0.3049142659426126,579589.9634917714,59.006619299363315,50.94858624625765,18450494.628121175,0.0,0.000393591530157833
R1025_S+02,1025,2,86783400.0,0.3368275261965868,654974.494084077,61.518318426854094,54.3217190879458,21107861.713296562,0.0,0.00044996057419099424
R1025_S+02,1025,2,94672800.0,0.3368275261965868,720368.3263485767,65.5974653688555,57.05320348270293,23765228.798471905,0.0,0.0005062789221755299
R1025_S+02,1025,2,102562200.0,0.3368275261965868,784611.1327900086,67.78757258199335,60.03807529085599,26422595.88364727,0.0,0.0005625300527174145
R1025_S+02,1025,2,110451600.0,0.3368275261965868,848786.6996534206,71.97332323975976,62.606764793828795,29079962.96882268,0.0,0.0006187085415220655
R1025_S+02,1025,2,118341000.0,0.3368275261965868,912682.2803320456,73.33103163837049,65.06874725482206,31737330.053998075,0.0,0.0006748151683368261
R1025_S+02,1025,2,126230400.0,0.2585542300098487,932946.9601951689,75.64100415952149,67.07627203409137,33777167.79623775,0.0,0.0007179488040776599
R1025_S+02,1025,2,134119800.0,0.2585542300098487,978309.4929189216,78.51426271456447,68.74830353503292,35817005.538477406,0.0,0.0007609504521352352
R1025_S+02,1025,2,142009200.0,0.2585542300098487,1025389.6794204246,79.73358377908905,70.03211686370666,37856843.280717105,0.0,0.0008038989881302236
R1025_S+02,1025,2,149898600.0,0.2585542300098487,1072971.3032831084,80.61134285525625,72.25439988655408,39896681.02295676,0.0,0.0008468042497234605
R1025_S+02,1025,2,157788000.0,0.2585542300098487,1120627.697239142,81.87489498028155,74.28952281052405,41936518.76519644,0.0,0.0008896688188484843
R1025_S+02,1025,2,165677400.0,0.0,1041913.7266743984,81.90750288950034,74.30929246612153,41936518.765196435,0.0,0.000890207186419435
R1025_S+02,1025,2,173566800.0,0.0,1041820.7672818322,81.90750501612607,74.30934691607489,41936518.765196435,0.0,0.0008902090186201617
R1025_S+02,1025,2,181456200.0,0.0,1041818.1963231973,81.90750501940309,74.30934843157709,41936518.765196435,0.0,0.0008902090709178379
R1025_S+02,1025,2,189345600.0,0.0,1041818.1331301928,81.90750501941345,74.30934846890187,41936518.76519644,0.0,0.00089020907221433
R1025_S+02,1025,2,197235000.0,0.0,1041818.1293381844,81.90750501941345,74.30934847113821,41936518.765196435,0.0,0.0008902090722921372
R1025_S+02,1025,2,205124400.0,0.0,1041818.1293215994,81.90750501941345,74.309348471148,41936518.76519644,0.0,0.0008902090722924782
R1025_S+02,1025,2,213013800.0,0.0,1041818.1293214094,81.90750501941345,74.30934847114804,41936518.76519644,0.0,0.0008902090722924821
R1025_S+02,1025,2,220903200.0,0.0,1041818.1293214057,81.90750501941345,74.30934847114813,41936518.765196435,0.0,0.0008902090722924821
R1025_S+02,1025,2,228792600.0,0.0,1041818.1293214057,81.90750501941345,74.30934847114813,41936518.765196435,0.0,0.0008902090722924821
R1025_S+02,1025,2,236682000.0,0.0,1041818.1293214019,81.90750501941345,74.30934847114813,41936518.765196435,0.0,0.0008902090722924821
R1025_S+02,1025,2,244571400.0,0.0,1041818.1293214019,81.90750501941345,74.30934847114813,41936518.765196435,0.0,0.0008902090722924821
R1025_S+02,1025,2,252460800.0,0.0,1041818.1293214019,81.90750501941345,74.30934847114813,41936518.765196435,0.0,0.0008902090722924821
R1025_S+02,1025,2,260350200.0,0.0,1041818.1293214019,81.90750501941345,74.30934847114813,41936518.765196435,0.0,0.0008902090722924821
R1025_S+02,1025,2,268239600.0,0.0,1041818.1293214019,81.90750501941345,74.30934847114813,41936518.765196435,0.0,0.0008902090722924821
R1025_S+02,1025,2,276129000.0,0.0,1041818.1293214019,81.90750501941345,74.30934847114813,41936518.765196435,0.0,0.0008902090722924821
R1025_S+02,1025,2,284018400.0,0.0,1041818.1293214019,81.90750501941345,74.30934847114813,41936518.765196435,0.0,0.0008902090722924821
R1025_S+02,1025,2,291907800.0,0.0,1041818.1293214019,81.90750501941345,74.30934847114813,41936518.765196435,0.0,0.0008902090722924821
R1025_S+02,1025,2,299797200.0,0.0,1041818.1293214019,81.90750501941345,74.30934847114813,41936518.765196435,0.0,0.0008902090722924821
R1025_S+02,1025,2,307686600.0,0.0,1041818.1293214019,81.90750501941345,74.30934847114813,41936518.765196435,0.0,0.0008902090722924821
R1025_S+02,1025,2,315576000.0,0.0,1041818.1293214019,81.90750501941345,74.30934847114813,41936518.765196435,0.0,0.0008902090722924821
R1025_S+03,1025,3,0.0,0.23682078099960363,0.0,0.0,0.0,0.0,0.0,0.0
R1025_S+03,1025,3,7889400.0,0.23682078099960363,149571.01988507062,24.135137661861567,21.122416018798003,1868373.8696182815,0.0,4.002598903559537e-05
R1025_S+03,1025,3,15778800.0,0.23682078099960363,198191.61442138255,31.127936892165028,27.452485979099027,3736747.739236554,0.0,8.001199253785308e-05
R1025_S+03,1025,3,23668200.0,0.23682078099960363,244731.21931871586,36.4420627616343,31.54797279224984,5605121.608854808,0.0,0.0001199617222867749
R1025_S+03,1025,3,31557600.0,0.23682078099960363,289968.75375910103,40.31563890853148,34.933090827915045,7473495.47847311,0.0,0.00015987646752039182
R1025_S+03,1025,3,39447000.0,0.23682078099960363,334257.9226110764,44.12663745358672,38.05607670622211,9341869.348091388,0.0,0.0001997568634646709
R1025_S+03,1025,3,47336400.0,0.26380533921856403,393420.89872926846,48.116092795021515,41.432926372195496,11423135.191322336,0.0,0.00024412251451541437
R1025_S+03,1025,3,55225800.0,0.26380533921856403,443558.977162363,50.007585534913304,44.387535682761694,13504401.034553245,0.0,0.0002884558593462345
R1025_S+03,1025,3,63115200.0,0.26380533921856403,493367.37296455726,53.99458629613943,46.894374895162855,15585666.87778415,0.0,0.00033274577071158387
R1025_S+03,1025,3,71004600.0,0.26380533921856403,542815.8919454068,57.01322108617655,49.721529263181075,17666932.7210152,0.0,0.000376992589516926
R1025_S+03,1025,3,78894000.0,0.26380533921856403,592649.6705428883,59.57491181776814,51.94758201233396,19748198.56424608,0.0,0.000421193003170624
R1025_S+03,1025,3,86783400.0,0.27876802952663493,650492.1064878888,62.32265061057548,54.71831849295371,21947511.056393433,0.0,0.0004678378719397142
R1025_S+03,1025,3,94672800.0,0.27876802952663493,703459.8731281199,65.42050338497633,57.00867580926919,24146823.548540913,0.0,0.0005144462384803632
R1025_S+03,1025,3,102562200.0,0.27876802952663493,756514.8634445202,66.68216511774601,59.372716416044,26346136.040688444,0.0,0.0005610027119250609
R1025_S+03,1025,3,110451600.0,0.27876802952663493,809066.9127701167,70.86744493746006,61.77517773373163,28545448.532835886,0.0,0.0006075132304799148
R1025_S+03,1025,3,118341000.0,0.27876802952663493,861669.6161929052,72.45921703017504,63.49914734522196,30744761.024983283,0.0,0.0006539728502218768
R1025_S+03,1025,3,126230400.0,0.2817088519238161,916111.6776815504,73.6251495645928,66.04266774045472,32967274.841351047,0.0,0.000700866077637941
R1025_S+03,1025,3,134119800.0,0.2817088519238161,968988.2792290393,77.75889429940273,68.21037830052259,35189788.65771884,0.0,0.0007477175303993855
R1025_S+03,1025,3,142009200.0,0.2817088519238161,1022213.2976246718,79.55804144985025,69.75147017338615,37412302.47408655,0.0,0.0007945142674503901
R1025_S+03,1025,3,149898600.0,0.2817088519238161,1075542.1863434687,80.56592085620177,71.95393341107018,39634816.29045425,0.0,0.000841260400286631
R1025_S+03,1025,3,157788000.0,0.2817088519238161,1128261.2034658603,82.37910314318079,74.27377064446458,41857330.10682202,0.0,0.0008879610582894448
R1025_S+03,1025,3,165677400.0,0.0,1042431.8598577157,82.41187929630766,74.29521847748214,41857330.10682202,0.0,0.0008885398149116857
R1025_S+03,1025,3,173566800.0,0.0,1042357.5954321101,82.41187998820267,74.29526149008052,41857330.10682202,0.0,0.0008885412862043085
R1025_S+03,1025,3,181456200.0,0.0,1042357.3005292695,82.41187998820719,74.29526166163518,41857330.10682202,0.0,0.0008885412922181469
R1025_S+03,1025,3,189345600.0,0.0,1042357.2931654267,82.41187998820719,74.295261665923,41857330.106822014,0.0,0.0008885412923686588
R1025_S+03,1025,3,197235000.0,0.0,1042357.2928191591,82.41187998820719,74.29526166612436,41857330.10682202,0.0,0.000888541292375729
R1025_S+03,1025,3,205124400.0,0.0,1042357.2928167004,82.41187998820719,74.29526166612577,41857330.10682203,0.0,0.0008885412923757793
R1025_S+03,1025,3,213013800.0,0.0,1042357.2928166799,82.41187998820719,74.29526166612574,41857330.10682203,0.0,0.0008885412923757798
R1025_S+03,1025,3,220903200.0,0.0,1042357.2928166799,82.41187998820719,74.29526166612575,41857330.10682202,0.0,0.0008885412923757798
R1025_S+03,1025,3,228792600.0,0.0,1042357.2928166799,82.41187998820719,74.29526166612575,41857330.10682202,0.0,0.0008885412923757798
R1025_S+03,1025,3,236682000.0,0.0,1042357.2928166799,82.41187998820719,74.29526166612575,41857330.10682202,0.0,0.0008885412923757798
R1025_S+03,1025,3,244571400.0,0.0,1042357.2928166799,82.41187998820719,74.29526166612575,41857330.10682202,0.0,0.0008885412923757798
R1025_S+03,1025,3,252460800.0,0.0,1042357.2928166799,82.41187998820719,74.29526166612575,41857330.10682202,0.0,0.0008885412923757798
R1025_S+03,1025,3,260350200.0,0.0,1042357.2928166799,82.41187998820719,74.29526166612575,41857330.10682202,0.0,0.0008885412923757798
R1025_S+03,1025,3,268239600.0,0.0,1042357.2928166799,82.41187998820719,74.29526166612575,41857330.10682202,0.0,0.0008885412923757798
R1025_S+03,1025,3,276129000.0,0.0,1042357.2928166799,82.41187998820719,74.29526166612575,41857330.10682202,0.0,0.0008885412923757798
R1025_S+03,1025,3,284018400.0,0.0,1042357.2928166799,82.41187998820719,74.29526166612575,41857330.10682202,0.0,0.0008885412923757798
R1025_S+03,1025,3,291907800.0,0.0,1042357.2928166799,82.41187998820719,74.29526166612575,41857330.10682202,0.0,0.0008885412923757798
R1025_S+03,1025,3,299797200.0,0.0,1042357.2928166799,82.41187998820719,74.29526166612575,41857330.10682202,0.0,0.0008885412923757798
R1025_S+03,1025,3,307686600.0,0.0,1042357.2928166799,82.41187998820719,74.29526166612575,41857330.10682202,0.0,0.0008885412923757798
R1025_S+03,1025,3,315576000.0,0.0,1042357.2928166799,82.41187998820719,74.29526166612575,41857330.10682202,0.0,0.0008885412923757798
R1026_S+00,1026,0,0.0,5.746226896170018,0.0,0.0,0.0,0.0,0.0,0.0
R1026_S+00,1026,0,7889400.0,5.746226896170018,4836976.591064226,83.5121741663699,76.69997132885852,45334282.47464377,0.0,0.0003783712825934466
R1026_S+00,1026,0,15778800.0,5.746226896170018,5256967.020506505,119.09469249862352,107.82288388031344,90668564.94928746,0.0,0.0007550361688210767
R1026_S+00,1026,0,23668200.0,5.746226896170018,5708418.310781606,144.78842870065412,131.97729056148404,136002847.42393124,0.0,0.001129011732948472
R1026_S+00,1026,0,31557600.0,5.746226896170018,6171696.822101422,168.0008886323909,151.9475982589605,181337129.89857492,0.0,0.0015001177486171661
R1026_S+00,1026,0,39447000.0,5.746226896170018,6637153.927468922,187.00906982845282,170.0974092314608,226671412.37321863,0.0,0.0018683648120421806
R1026_S+00,1026,0,47336400.0,3.8785188419203775,5403754.47392042,198.95798791476247,180.75343280295667,257270598.92466527,0.0,0.0021245082895128323
R1026_S+00,1026,0,55225800.0,3.8785188419203775,5707267.303537495,209.1375395785436,192.11678772485445,287869785.47611195,0.0,0.002370886423207217
R1026_S+00,1026,0,63115200.0,3.8785188419203775,6007095.062254306,220.0371994241599,200.40048876802283,318468972.0275587,0.0,0.0026160631631388
R1026_S+00,1026,0,71004600.0,3.8785188419203775,6314367.93876363,230.19469586247124,210.6846550443215,349068158.57900524,0.0,0.0028597276548528545
R1026_S+00,1026,0,78894000.0,3.8785188419203775,6616014.6744418815,236.40495648723737,219.0298148753843,379667345.1304517,0.0,0.003102221959399783
R1026_S+00,1026,0,86783400.0,2.8242444154921924,5981481.056695238,247.22143217926816,223.94321581568278,401948939.022036,0.0,0.003284944610066501
R1026_S+00,1026,0,94672800.0,2.8242444154921924,6195296.421385422,253.40723106435055,231.17792014171846,424230532.91362005,0.0,0.003460263560600896
R1026_S+00,1026,0,102562200.0,2.8242444154921924,6410223.823136136,257.3982334498711,237.84269032208135,446512126.8052044,0.0,0.003634879181113039
R1026_S+00,1026,0,110451600.0,2.8242444154921924,6624467.083196707,261.3532092622909,242.65618430744564,468793720.69678825,0.0,0.0038088293881908203
R1026_S+00,1026,0,118341000.0,2.8242444154921924,6837527.298120622,269.75507710664385,246.883039531626,491075314.5883724,0.0,0.0039821318799624274
R1026_S+00,1026,0,126230400.0,2.5834036168854624,6838831.029214866,277.1478989729934,250.68521728817325,511456819.0834285,0.0,0.0041418339399169
R1026_S+00,1026,0,134119800.0,2.5834036168854624,7033190.1356524825,281.4179486427141,258.3161894820816,531838323.5784844,0.0,0.004299209826786108
R1026_S+00,1026,0,142009200.0,2.5834036168854624,7227656.568886213,284.6493103010735,263.46066624938226,552219828.0735409,0.0,0.004456014186854126
R1026_S+00,1026,0,149898600.0,2.5834036168854624,7421463.251773141,287.74213090104695,267.47646223335903,572601332.5685972,0.0,0.004612278476468743
R1026_S+00,1026,0,157788000.0,2.5834036168854624,7614140.704711486,291.22174097244414,271.0347279504186,592982837.0636532,0.0,0.0047680298229490535
R1026_S+00,1026,0,165677400.0,0.0,5572812.4753939435,291.8297629763671,271.603989615973,592982837.0636532,0.0,0.004789125968477957
R1026_S+00,1026,0,173566800.0,0.0,5552226.437470309,291.8524591299938,271.6276901160798,592982837.0636532,0.0,0.004790040383932591
R1026_S+00,1026,0,181456200.0,0.0,5551080.496174607,291.85348859228174,271.628955105424,592982837.0636532,0.0,0.004790092093316953
R1026_S+00,1026,0,189345600.0,0.0,5550943.160884209,291.8535951893725,271.6291023316542,592982837.0636532,0.0,0.004790098346641597
R1026_S+00,1026,0,197235000.0,0.0,5550923.831501715,291.85360804823375,271.6291224525507,592982837.0636532,0.0,0.004790099233829954
R1026_S+00,1026,0,205124400.0,0.0,5550921.560590953,291.8536093209153,271.6291247482972,592982837.0636532,0.0,0.004790099339000029
R1026_S+00,1026,0,213013800.0,0.0,5550921.029552262,291.85360957929737,271.6291252727175,592982837.0636532,0.0,0.00479009936371394
R1026_S+00,1026,0,220903200.0,0.0,5550920.994934179,291.8536095913643,271.62912530538296,592982837.0636532,0.0,0.004790099365344442
R1026_S+00,1026,0,228792600.0,0.0,5550920.990274832,291.8536095926385,271.6291253096579,592982837.0636532,0.0,0.0047900993655652455
R1026_S+00,1026,0,236682000.0,0.0,5550920.989952337,291.8536095926988,271.62912530994384,592982837.0636531,0.0,0.004790099365580658
R1026_S+00,1026,0,244571400.0,0.0,5550920.98991061,291.85360959270486,271.6291253099802,592982837.0636532,0.0,0.004790099365582662
R1026_S+00,1026,0,252460800.0,0.0,5550920.989902891,291.85360959270565,271.6291253099868,592982837.0636532,0.0,0.004790099365583034
R1026_S+00,1026,0,260350200.0,0.0,5550920.989902101,291.85360959270565,271.6291253099875,592982837.0636532,0.0,0.004790099365583072
R1026_S+00,1026,0,268239600.0,0.0,5550920.989901986,291.85360959270565,271.62912530998756,592982837.0636532,0.0,0.004790099365583077
R1026_S+00,1026,0,276129000.0,0.0,5550920.989901967,291.85360959270565,271.62912530998756,592982837.0636532,0.0,0.0047900993655830785
R1026_S+00,1026,0,284018400.0,0.0,5550920.989901967,291.85360959270565,271.62912530998756,592982837.0636532,0.0,0.0047900993655830785
R1026_S+00,1026,0,291907800.0,0.0,5550920.989901967,291.85360959270565,271.62912530998756,592982837.0636532,0.0,0.0047900993655830785
R1026_S+00,1026,0,299797200.0,0.0,5550920.989901967,291.85360959270565,271.62912530998756,592982837.0636532,0.0,0.0047900993655830785
R1026_S+00,1026,0,307686600.0,0.0,5550920.989901967,291.85360959270565,271.62912530998756,592982837.0636532,0.0,0.0047900993655830785
R1026_S+00,1026,0,315576000.0,0.0,5550920.989901967,291.85360959270565,271.62912530998756,592982837.0636532,0.0,0.0047900993655830785
R1026_S+01,1026,1,0.0,5.58356934665899,0.0,0.0,0.0,0.0,0.0,0.0
R1026_S+01,1026,1,7889400.0,5.58356934665899,4686082.729320928,82.75269188262644,75.5834363222858,44051012.00353144,0.0,0.0003678756756304086
R1026_S+01,1026,1,15778800.0,5.58356934665899,5096372.011794239,115.63959992607238,106.57151922208868,88102024.00706282,0.0,0.0007341148930425359
R1026_S+01,1026,1,23668200.0,5.58356934665899,5534016.591637813,141.43444796160543,130.43119210730381,132153036.01059425,0.0,0.0010978179815468946
R1026_S+01,1026,1,31557600.0,5.58356934665899,5977537.680174988,166.04880017119095,149.13116891419787,176204048.01412573,0.0,0.0014588851902506057
R1026_S+01,1026,1,39447000.0,5.58356934665899,6429125.285628915,185.06426447355662,166.2955668687033,220255060.0176571,0.0,0.0018171832649897452
R1026_S+01,1026,1,47336400.0,4.880974640199748,6234236.782258563,199.49123201600642,180.95083993727414,258763021.34404904,0.0,0.002131666197554682
R1026_S+01,1026,1,55225800.0,4.880974640199748,6626584.273874097,211.13987697461644,194.85546989359142,297270982.67044073,0.0,0.002440874454472911
R1026_S+01,1026,1,63115200.0,4.880974640199748,7013708.642934959,227.11883501694044,204.57760363494242,335778943.9968327,0.0,0.002748113583496172
R1026_S+01,1026,1,71004600.0,4.880974640199748,7402782.206393667,235.30523511800337,217.73218809433675,374286905.32322454,0.0,0.0030532374724324615
R1026_S+01,1026,1,78894000.0,4.880974640199748,7788924.2575041205,250.8513308975576,225.96233904714447,412794866.6496167,0.0,0.0033563500174101078
R1026_S+01,1026,1,86783400.0,3.2554295225153727,6698267.590230722,256.4271143425538,235.9396856205332,438478252.3245496,0.0,0.003568652489945982
R1026_S+01,1026,1,94672800.0,3.2554295225153727,6940821.739872273,260.9168490672879,241.89743108431904,464161637.9994821,0.0,0.0037693954621986618
R1026_S+01,1026,1,102562200.0,3.2554295225153727,7187346.558604363,270.32953439917816,246.8185371224087,489845023.67441523,0.0,0.003969142594953961
R1026_S+01,1026,1,110451600.0,3.2554295225153727,7436929.699498642,278.6885827217289,252.62146271276777,515528409.34934807,0.0,0.004167878499326649
R1026_S+01,1026,1,118341000.0,3.2554295225153727,7685472.852986135,283.3633794177953,260.98912270219915,541211795.0242808,0.0,0.0043657556879904075
R1026_S+01,1026,1,126230400.0,0.7069339936058648,5692310.453264698,284.50936869759454,263.01134534471464,546789080.0734348,0.0,0.004428978761570855
R1026_S+01,1026,1,134119800.0,0.7069339936058648,5733610.5890679285,285.15626580787557,264.1582424520825,552366365.122589,0.0,0.004472295056003888
R1026_S+01,1026,1,142009200.0,0.7069339936058648,5783185.511539392,285.81219160380783,265.23445521338266,557943650.171743,0.0,0.004515253127227305
R1026_S+01,1026,1,149898600.0,0.7069339936058648,5833161.52274771,286.4884692231066,266.26325410216754,563520935.2208972,0.0,0.0045581573298550055
R1026_S+01,1026,1,157788000.0,0.7069339936058648,5883265.54255205,287.1896699108751,267.2559330151849,569098220.2700511,0.0,0.004601015706617714
R1026_S+01,1026,1,165677400.0,0.0,5339980.8096161,287.298970866039,267.4165903761392,569098220.2700511,0.0,0.004606774933182755
R1026_S+01,1026,1,173566800.0,0.0,5334535.72521783,287.3026125194047,267.42295550108537,569098220.2700511,0.0,0.0046070123489773025
R1026_S+01,1026,1,181456200.0,0.0,5334140.190029241,287.30282713847276,267.4234043910898,569098220.2700512,0.0,0.004607029852837528
R1026_S+01,1026,1,189345600.0,0.0,5334089.481729016,287.30285037915326,267.4234606341428,569098220.2700511,0.0,0.004607032117364574
R1026_S+01,1026,1,197235000.0,0.0,5334083.158639248,287.30285278595414,267.4234674901982,569098220.2700511,0.0,0.004607032402258394
R1026_S+01,1026,1,205124400.0,0.0,5334082.293045301,287.302853056821,267.4234684087244,569098220.2700511,0.0,0.004607032441556104
R1026_S+01,1026,1,213013800.0,0.0,5334082.185248729,287.3028530841201,267.4234685208901,569098220.2700511,0.0,0.004607032446487994
R1026_S+01,1026,1,220903200.0,0.0,5334082.167154621,287.30285308784255,267.42346853938807,569098220.2700511,0.0,0.004607032447320135
R1026_S+01,1026,1,228792600.0,0.0,5334082.1654079035,287.3028530881094,267.4234685411382,569098220.2700512,0.0,0.004607032447401025
R1026_S+01,1026,1,236682000.0,0.0,5334082.165187653,287.30285308813586,267.4234685413561,569098220.2700511,0.0,0.004607032447411277
R1026_S+01,1026,1,244571400.0,0.0,5334082.165141866,287.3028530881403,267.42346854140095,569098220.2700511,0.0,0.004607032447413413
R1026_S+01,1026,1,252460800.0,0.0,5334082.16513807,287.3028530881405,267.4234685414046,569098220.2700511,0.0,0.00460703244741359
R1026_S+01,1026,1,260350200.0,0.0,5334082.165137567,287.30285308814064,267.4234685414051,569098220.2700511,0.0,0.004607032447413614
R1026_S+01,1026,1,268239600.0,0.0,5334082.165137477,287.30285308814064,267.42346854140516,569098220.2700511,0.0,0.004607032447413617
R1026_S+01,1026,1,276129000.0,0.0,5334082.16513747,287.30285308814064,267.42346854140516,569098220.2700511,0.0,0.004607032447413619
R1026_S+01,1026,1,284018400.0,0.0,5334082.16513747,287.30285308814064,267.42346854140516,569098220.2700511,0.0,0.004607032447413619
R1026_S+01,1026,1,291907800.0,0.0,5334082.16513747,287.30285308814064,267.42346854140516,569098220.2700511,0.0,0.004607032447413619
R1026_S+01,1026,1,299797200.0,0.0,5334082.16513747,287.30285308814064,267.42346854140516,569098220.2700511,0.0,0.004607032447413619
R1026_S+01,1026,1,307686600.0,0.0,5334082.16513747,287.30285308814064,267.42346854140516,569098220.2700511,0.0,0.004607032447413619
R1026_S+01,1026,1,315576000.0,0.0,5334082.16513747,287.30285308814064,267.42346854140516,569098220.2700511,0.0,0.004607032447413619
R1026_S+02,1026,2,0.0,5.94561754871161,0.0,0.0,0.0,0.0,0.0,0.0
R1026_S+02,1026,2,7889400.0,5.94561754871161,5020203.989714652,84.55936428487861,77.8875612104805,46907355.08880536,0.0,0.00039123205205571633
R1026_S+02,1026,2,15778800.0,5.94561754871161,5458272.879740469,121.74380267345101,109.2630958428021,93814710.17761064,0.0,0.0007806226953558514
R1026_S+02,1026,2,23668200.0,5.94561754871161,5925895.067408036,148.68223935221957,133.74549367071876,140722065.266416,0.0,0.0011671618883526645
R1026_S+02,1026,2,31557600.0,5.94561754871161,6410220.207906093,169.88268596370008,155.3676860783365,187629420.35522157,0.0,0.0015505846584744766
R1026_S+02,1026,2,39447000.0,5.94561754871161,6891889.036398288,189.0260415862021,173.50673692474624,234536775.44402692,0.0,0.0019310090356200868
R1026_S+02,1026,2,47336400.0,7.736313863318356,9083574.394329771,210.61740965314982,193.99938774979205,295571650.0372907,0.0,0.002411830341640504
R1026_S+02,1026,2,55225800.0,7.736313863318356,9730753.524370499,231.80042564927942,212.78595432928387,356606524.6305545,0.0,0.0028956475263366213
R1026_S+02,1026,2,63115200.0,7.736313863318356,10365187.06889584,252.38982962499657,227.8917801533022,417641399.22381854,0.0,0.0033746470766899943
R1026_S+02,1026,2,71004600.0,7.736313863318356,10997423.811100475,265.1576040698049,244.58880853521168,478676273.8170825,0.0,0.00384869758424853
R1026_S+02,1026,2,78894000.0,7.736313863318356,11632209.367009535,283.798088832764,260.4293037548132,539711148.4103458,0.0,0.004317599084071847
R1026_S+02,1026,2,86783400.0,7.3604982872867355,11878700.493500672,296.6498558887631,272.19138374599504,597781063.5980663,0.0,0.004762839001407398
R1026_S+02,1026,2,94672800.0,7.3604982872867355,12469345.192956291,312.5906338820056,285.7585975844028,655850978.7857889,0.0,0.005200485880411019
R1026_S+02,1026,2,102562200.0,7.3604982872867355,13052198.928366467,320.93100244269243,297.5674993611259,713920893.9735081,0.0,0.005634182090823391
R1026_S+02,1026,2,110451600.0,7.3604982872867355,13629835.332526457,338.73609616714657,306.321622911269,771990809.1612282,0.0,0.006063805220930894
R1026_S+02,1026,2,118341000.0,7.3604982872867355,14211101.348812032,348.3804281112316,320.6272247130648,830060724.3489473,0.0,0.006489005963795957
R1026_S+02,1026,2,126230400.0,4.818170820616743,12253846.278117001,353.4642986167834,327.8705630352434,868073201.2211211,0.0,0.006790906903383016
R1026_S+02,1026,2,134119800.0,4.818170820616743,12599187.96875313,358.6697286370634,333.19508161120115,906085678.093294,0.0,0.00706691480276434
R1026_S+02,1026,2,142009200.0,4.818170820616743,12956479.525739938,371.5038583811764,338.14408863995834,944098154.9654684,0.0,0.007340604284719377
R1026_S+02,1026,2,149898600.0,4.818170820616743,13316195.922045216,379.4194954475708,345.12786791500434,982110631.8376423,0.0,0.0076124371330938
R1026_S+02,1026,2,157788000.0,4.818170820616743,13674394.516693406,384.49001720754353,354.07647259971964,1020123108.7098182,0.0,0.007882662173838494
R1026_S+02,1026,2,165677400.0,0.0,9463940.561318621,385.4218745545097,355.68388699796503,1020123108.7098184,0.0,0.007933028336620804
R1026_S+02,1026,2,173566800.0,0.0,9416653.491307277,385.472449181124,355.7801746621547,1020123108.7098184,0.0,0.007936247125929753
R1026_S+02,1026,2,181456200.0,0.0,9412777.955589991,385.47599364865926,355.7878661632722,1020123108.7098184,0.0,0.007936514221297472
R1026_S+02,1026,2,189345600.0,0.0,9412232.284415979,385.47643674642336,355.7889297304777,1020123108.7098184,0.0,0.00793655212268731
R1026_S+02,1026,2,197235000.0,0.0,9412128.561020337,385.4765114189592,355.7891282853935,1020123108.7098184,0.0,0.007936559372720219
R1026_S+02,1026,2,205124400.0,0.0,9412116.909006204,385.4765184263385,355.78915005659536,1020123108.7098184,0.0,0.007936560194787156
R1026_S+02,1026,2,213013800.0,0.0,9412115.212152887,385.4765192996766,355.78915316890243,1020123108.7098184,0.0,0.007936560315438285
R1026_S+02,1026,2,220903200.0,0.0,9412114.870408002,385.47651945072096,355.7891537845818,1020123108.7098182,0.0,0.007936560339859748
R1026_S+02,1026,2,228792600.0,0.0,9412114.830489017,385.47651946482944,355.78915385496197,1020123108.7098182,0.0,0.007936560342735911
R1026_S+02,1026,2,236682000.0,0.0,9412114.824236587,385.47651946665604,355.7891538658104,1020123108.7098182,0.0,0.007936560343189026
R1026_S+02,1026,2,244571400.0,0.0,9412114.82319143,385.47651946690695,355.7891538675969,1020123108.7098182,0.0,0.007936560343265104
R1026_S+02,1026,2,252460800.0,0.0,9412114.82302915,385.4765194669387,355.78915386787065,1020123108.7098182,0.0,0.00793656034327698
R1026_S+02,1026,2,260350200.0,0.0,9412114.82299868,385.4765194669435,355.7891538679216,1020123108.7098184,0.0,0.007936560343279215
R1026_S+02,1026,2,268239600.0,0.0,9412114.822994016,385.476519466944,355.78915386792914,1020123108.7098184,0.0,0.007936560343279556
R1026_S+02,1026,2,276129000.0,0.0,9412114.822993502,385.476519466944,355.7891538679298,1020123108.7098184,0.0,0.007936560343279594
R1026_S+02,1026,2,284018400.0,0.0,9412114.822993413,385.476519466944,355.7891538679301,1020123108.7098182,0.0,0.007936560343279601
R1026_S+02,1026,2,291907800.0,0.0,9412114.822993401,385.476519466944,355.78915386793017,1020123108.7098182,0.0,0.007936560343279601
R1026_S+02,1026,2,299797200.0,0.0,9412114.822993401,385.476519466944,355.78915386793017,1020123108.7098182,0.0,0.007936560343279601
R1026_S+02,1026,2,307686600.0,0.0,9412114.822993401,385.476519466944,355.78915386793017,1020123108.7098182,0.0,0.007936560343279601
R1026_S+02,1026,2,315576000.0,0.0,9412114.822993401,385.476519466944,355.78915386793017,1020123108.7098182,0.0,0.007936560343279601
R1026_S+03,1026,3,0.0,1.7002527206186766,0.0,0.0,0.0,0.0,0.0,0.0
R1026_S+03,1026,3,7889400.0,1.7002527206186766,1323714.871196149,45.069215222894144,41.37471422691868,13413973.814048978,0.0,0.0001137113473531707
R1026_S+03,1026,3,15778800.0,1.7002527206186766,1431317.48528976,64.76877154996835,58.30719030775415,26827947.628097944,0.0,0.00022726682537856056
R1026_S+03,1026,3,23668200.0,1.7002527206186766,1552440.5461218655,79.16930070533263,71.50327437820154,40241921.44214693,0.0,0.0003405737196634977
R1026_S+03,1026,3,31557600.0,1.7002527206186766,1679907.8597342595,91.15073715991365,82.87853348105665,53655895.256195925,0.0,0.00045360864896489635
R1026_S+03,1026,3,39447000.0,1.7002527206186766,1808198.1712530293,101.50466525266135,92.79043428099384,67069869.070244946,0.0,0.0005663785058941504
R1026_S+03,1026,3,47336400.0,2.0227606293127325,2195987.934133418,112.6680881408322,103.19533405564994,83028236.77914482,0.0,0.0006995045768686483
R1026_S+03,1026,3,55225800.0,2.0227606293127325,2351725.4658756703,123.59342126537173,112.2057488042891,98986604.48804468,0.0,0.0008328172013366925
R1026_S+03,1026,3,63115200.0,2.0227606293127325,2506155.1062678434,133.2291625141728,120.35069166298496,114944972.1969446,0.0,0.0009657582491809488
R1026_S+03,1026,3,71004600.0,2.0227606293127325,2664137.86700321,140.0457660140077,129.3230085984117,130903339.90584442,0.0,0.0010982819850935582
R1026_S+03,1026,3,78894000.0,2.0227606293127325,2820414.994453341,150.41083133480763,135.48633940631657,146861707.61474428,0.0,0.0012304337082912158
R1026_S+03,1026,3,86783400.0,1.8096450411732776,2804563.4329512827,155.0898074075239,143.35334723753968,161138721.2025767,0.0,0.001349080180802019
R1026_S+03,1026,3,94672800.0,1.8096450411732776,2942357.671974562,163.78276582818532,148.2082206537103,175415734.79040927,0.0,0.0014667380857918933
R1026_S+03,1026,3,102562200.0,1.8096450411732776,3082943.0793495923,169.30723965345535,155.4071967899191,189692748.37824166,0.0,0.0015840496635843332
R1026_S+03,1026,3,110451600.0,1.8096450411732776,3221486.0327884145,173.27600791458246,160.63100303488756,203969761.96607417,0.0,0.0017010841354250833
R1026_S+03,1026,3,118341000.0,1.8096450411732776,3359920.5400020704,182.16568623298767,164.83543959296304,218246775.55390668,0.0,0.0018178090646951695
R1026_S+03,1026,3,126230400.0,1.0609059562003125,2896806.0824237727,185.5024089649982,168.97285127119162,226616687.00475344,0.0,0.0018894678804501296
R1026_S+03,1026,3,134119800.0,1.0609059562003125,2974743.33093632,187.68290325325646,172.8568362999808,234986598.45560017,0.0,0.001957764334008359
R1026_S+03,1026,3,142009200.0,1.0609059562003125,3054218.5655899122,189.6140681497139,175.71610286034522,243356509.90644693,0.0,0.0020259317586867717
R1026_S+03,1026,3,149898600.0,1.0609059562003125,3133542.7125645913,191.65649468078064,178.12145306589613,251726421.35729367,0.0,0.002093999173908617
R1026_S+03,1026,3,157788000.0,1.0609059562003125,3212567.5103657395,194.5565756927682,180.34736158651023,260096332.8081405,0.0,0.0021619676542785436
R1026_S+03,1026,3,165677400.0,0.0,2464180.9007016495,195.2297929487335,180.55333960046326,260096332.8081405,0.0,0.0021672251784193765
R1026_S+03,1026,3,173566800.0,0.0,2459430.846802514,195.24020139971105,180.55718225118966,260096332.80814046,0.0,0.0021673278056525947
R1026_S+03,1026,3,181456200.0,0.0,2459131.4268796407,195.24074837458622,180.55741587149944,260096332.80814046,0.0,0.0021673343564124568
R1026_S+03,1026,3,189345600.0,0.0,2459101.463670451,195.2407947915668,180.55743852023363,260096332.80814046,0.0,0.002167335018072372
R1026_S+03,1026,3,197235000.0,0.0,2459098.4303609952,195.2407986995593,180.55744073919809,260096332.8081405,0.0,0.0021673350856669725
R1026_S+03,1026,3,205124400.0,0.0,2459098.1132768802,195.2407990333089,180.55744096376674,260096332.8081405,0.0,0.0021673350927935457
R1026_S+03,1026,3,213013800.0,0.0,2459098.0802481025,195.24079906120173,180.55744098644493,260096332.8081405,0.0,0.0021673350935417835
R1026_S+03,1026,3,220903200.0,0.0,2459098.076627802,195.24079906362192,180.55744098886095,260096332.8081405,0.0,0.0021673350936243637
R1026_S+03,1026,3,228792600.0,0.0,2459098.0762456246,195.24079906382073,180.55744098910952,260096332.80814052,0.0,0.002167335093633136
R1026_S+03,1026,3,236682000.0,0.0,2459098.0762006566,195.2407990638385,180.55744098913806,260096332.80814046,0.0,0.002167335093634172
R1026_S+03,1026,3,244571400.0,0.0,2459098.0761959217,195.24079906384017,180.5574409891411,260096332.8081405,0.0,0.0021673350936342816
R1026_S+03,1026,3,252460800.0,0.0,2459098.07619521,195.24079906384017,180.5574409891415,260096332.80814046,0.0,0.0021673350936342976
R1026_S+03,1026,3,260350200.0,0.0,2459098.0761951543,195.24079906384017,180.55744098914153,260096332.80814046,0.0,0.002167335093634299
R1026_S+03,1026,3,268239600.0,0.0,2459098.076195147,195.24079906384017,180.55744098914155,260096332.80814046,0.0,0.0021673350936342994
R1026_S+03,1026,3,276129000.0,0.0,2459098.076195147,195.24079906384017,180.55744098914155,260096332.80814046,0.0,0.0021673350936342994
R1026_S+03,1026,3,284018400.0,0.0,2459098.076195147,195.24079906384017,180.55744098914155,260096332.80814046,0.0,0.0021673350936342994
R1026_S+03,1026,3,291907800.0,0.0,2459098.076195147,195.24079906384017,180.55744098914155,260096332.80814046,0.0,0.0021673350936342994
R1026_S+03,1026,3,299797200.0,0.0,2459098.076195147,195.24079906384017,180.55744098914155,260096332.80814046,0.0,0.0021673350936342994
R1026_S+03,1026,3,307686600.0,0.0,2459098.076195147,195.24079906384017,180.55744098914155,260096332.80814046,0.0,0.0021673350936342994
R1026_S+03,1026,3,315576000.0,0.0,2459098.076195147,195.24079906384017,180.55744098914155,260096332.80814046,0.0,0.0021673350936342994
R1027_S+00,1027,0,0.0,0.05386507380085618,0.0,0.0,0.0,0.0,0.0,0.0
R1027_S+00,1027,0,7889400.0,0.05386507380085618,12382.439558371902,10.138438264842256,9.057404410189935,424963.1132444613,0.0,2.0727955191665354e-06
R1027_S+00,1027,0,15778800.0,0.05386507380085618,14686.582444392145,13.967702979690042,12.22405485463031,849926.226488881,0.0,4.145482112680324e-06
R1027_S+00,1027,0,23668200.0,0.05386507380085618,17285.824412973598,16.840472752462457,14.399532975640557,1274889.3397334004,0.0,6.2180513569403065e-06
R1027_S+00,1027,0,31557600.0,0.05386507380085618,19929.579583898187,18.93771815235426,16.144560073346405,1699852.4529777998,0.0,8.290508031695754e-06
R1027_S+00,1027,0,39447000.0,0.05386507380085618,22522.3907276839,20.37289101829961,17.645553610741057,2124815.5662221694,0.0,1.0362857019186886e-05
R1027_S+00,1027,0,47336400.0,0.9371586319163346,183055.7859146539,46.014739160444016,39.301229458988445,9518434.876863021,0.0,4.636347725629357e-05
R1027_S+00,1027,0,55225800.0,0.9371586319163346,232972.68376114778,58.563904205119364,50.907584660041586,16912054.18750373,0.0,8.233659725015236e-05
R1027_S+00,1027,0,63115200.0,0.9371586319163346,281871.396950813,69.68063580961604,59.555622810389124,24305673.4981444,0.0,0.00011827614277629818
R1027_S+00,1027,0,71004600.0,0.9371586319163346,329585.1034355406,77.90993810037706,66.69070908105326,31699292.80878523,0.0,0.0001541834749779636
R1027_S+00,1027,0,78894000.0,0.9371586319163346,376642.25233355723,82.44192409575138,72.80658380016467,39092912.11942585,0.0,0.0001900586869764071
R1027_S+00,1027,0,86783400.0,1.635940956001403,545660.8180231992,98.30406093908175,83.89150372995766,51999504.69770327,0.0,0.0002524794398014753
R1027_S+00,1027,0,94672800.0,1.635940956001403,631163.7615943421,108.73573625529534,93.12250506679015,64906097.27598077,0.0,0.00031488925857220065
R1027_S+00,1027,0,102562200.0,1.635940956001403,714552.4510368314,114.45185225974949,101.03993318567734,77812689.85425828,0.0,0.0003772040713475256
R1027_S+00,1027,0,110451600.0,1.635940956001403,796319.603734903,125.23316949301484,107.42844311262341,90719282.43253578,0.0,0.00043942537291438754
R1027_S+00,1027,0,118341000.0,1.635940956001403,876069.0148900226,131.18778619504118,114.90940269322883,103625875.0108133,0.0,0.0005015588590054514
R1027_S+00,1027,0,126230400.0,1.916226644202981,1005753.7267714534,140.44150179980392,121.16324177215816,118743753.4975884,0.0,0.0005741124373513746
R1027_S+00,1027,0,134119800.0,1.916226644202981,1100421.8334655706,149.0702672036519,129.27964804891712,133861631.98436327,0.0,0.0006466195806482172
R1027_S+00,1027,0,142009200.0,1.916226644202981,1193054.0803675726,156.15845049444584,134.58678000718777,148979510.47113836,0.0,0.0007190113401724918
R1027_S+00,1027,0,149898600.0,1.916226644202981,1285153.4044307917,159.28872180020386,141.89850937062778,164097388.9579132,0.0,0.0007912757978630963
R1027_S+00,1027,0,157788000.0,1.916226644202981,1375842.4028673396,170.92498054792694,147.140597853379,179215267.44468814,0.0,0.0008634242078031983
R1027_S+00,1027,0,165677400.0,0.0,1143229.9691988304,170.97763421925146,147.1908473678818,179215267.44468814,0.0,0.000864629781063053
R1027_S+00,1027,0,173566800.0,0.0,1142781.2766744085,170.9776344273039,147.1907555238488,179215267.44468814,0.0,0.0008646409087794746
R1027_S+00,1027,0,181456200.0,0.0,1142733.9033156727,170.97763442734058,147.19074415678537,179215267.44468814,0.0,0.0008646421173330117
R1027_S+00,1027,0,189345600.0,0.0,1142725.480901681,170.9776344273421,147.1907421226824,179215267.44468814,0.0,0.0008646423323579545
R1027_S+00,1027,0,197235000.0,0.0,1142724.1240572091,170.9776344273421,147.19074179430282,179215267.4446881,0.0,0.0008646423670410392
R1027_S+00,1027,0,205124400.0,0.0,1142723.8383892253,170.9776344273421,147.19074172524708,179215267.4446881,0.0,0.0008646423743337268
R1027_S+00,1027,0,213013800.0,0.0,1142723.8013377097,170.9776344273421,147.19074171628924,179215267.4446881,0.0,0.0008646423752797036
R1027_S+00,1027,0,220903200.0,0.0,1142723.7955209482,170.9776344273421,147.19074171488072,179215267.4446881,0.0,0.0008646423754284543
R1027_S+00,1027,0,228792600.0,0.0,1142723.7940387577,170.9776344273421,147.19074171452252,179215267.4446881,0.0,0.0008646423754662769
R1027_S+00,1027,0,236682000.0,0.0,1142723.7938696481,170.9776344273421,147.19074171448162,179215267.4446881,0.0,0.0008646423754705973
R1027_S+00,1027,0,244571400.0,0.0,1142723.79384044,170.9776344273421,147.19074171447457,179215267.4446881,0.0,0.0008646423754713432
R1027_S+00,1027,0,252460800.0,0.0,1142723.7938355803,170.9776344273421,147.19074171447338,179215267.4446881,0.0,0.0008646423754714678
R1027_S+00,1027,0,260350200.0,0.0,1142723.7938347124,170.9776344273421,147.19074171447318,179215267.4446881,0.0,0.0008646423754714898
R1027_S+00,1027,0,268239600.0,0.0,1142723.7938345838,170.9776344273421,147.19074171447312,179215267.4446881,0.0,0.0008646423754714934
R1027_S+00,1027,0,276129000.0,0.0,1142723.793834556,170.9776344273421,147.19074171447315,179215267.4446881,0.0,0.0008646423754714941
R1027_S+00,1027,0,284018400.0,0.0,1142723.7938345484,170.9776344273421,147.19074171447315,179215267.4446881,0.0,0.0008646423754714942
R1027_S+00,1027,0,291907800.0,0.0,1142723.7938345484,170.9776344273421,147.19074171447315,179215267.4446881,0.0,0.0008646423754714942
R1027_S+00,1027,0,299797200.0,0.0,1142723.7938345484,170.9776344273421,147.19074171447315,179215267.4446881,0.0,0.0008646423754714942
R1027_S+00,1027,0,307686600.0,0.0,1142723.7938345484,170.9776344273421,147.19074171447315,179215267.4446881,0.0,0.0008646423754714942
R1027_S+00,1027,0,315576000.0,0.0,1142723.7938345484,170.9776344273421,147.19074171447315,179215267.4446881,0.0,0.0008646423754714942
R1027_S+01,1027,1,0.0,0.2696393925586208,0.0,0.0,0.0,0.0,0.0,0.0
R1027_S+01,1027,1,7889400.0,0.2696393925586208,53033.976615555584,22.087972009755585,19.75408071565181,2127293.0236519724,0.0,1.0372671347767066e-05
R1027_S+01,1027,1,15778800.0,0.2696393925586208,66366.56686249189,30.307297681081565,26.59842088101427,4254586.047303972,0.0,2.074241873045677e-05
R1027_S+01,1027,1,23668200.0,0.2696393925586208,79916.9074658025,36.78802503490705,31.327703367613807,6381879.070955841,0.0,3.11093209748884e-05
R1027_S+01,1027,1,31557600.0,0.2696393925586208,93253.1072245203,41.29200971466862,35.20919413192746,8509172.094607947,0.0,4.147349518694324e-05
R1027_S+01,1027,1,39447000.0,0.2696393925586208,106442.79345455952,45.13785211396407,38.63136974448845,10636465.118259884,0.0,5.183497963486827e-05
R1027_S+01,1027,1,47336400.0,0.3767671648007692,138154.39719479904,50.52995223443782,43.23326105014279,13608931.988239074,0.0,6.630253116941572e-05
R1027_S+01,1027,1,55225800.0,0.3767671648007692,156901.91339094006,53.226235959348074,47.20495936129388,16581398.858218307,0.0,8.076919068413035e-05
R1027_S+01,1027,1,63115200.0,0.3767671648007692,175377.36514541507,58.27320260018652,50.1804435898116,19553865.72819755,0.0,9.523071415701599e-05
R1027_S+01,1027,1,71004600.0,0.3767671648007692,193424.99772486277,62.61356936808472,53.86954119472006,22526332.59817673,0.0,0.00010968739911780881
R1027_S+01,1027,1,78894000.0,0.3767671648007692,211352.97858142294,65.09886625603929,56.292227862794405,25498799.4681559,0.0,0.00012413907325580664
R1027_S+01,1027,1,86783400.0,0.48901513304649297,248482.17752451636,70.65241202624352,60.61909596934173,29356835.45881267,0.0,0.00014287593351679256
R1027_S+01,1027,1,94672800.0,0.48901513304649297,272294.2282031942,73.02712739498436,64.12177364806544,33214871.44946953,0.0,0.0001616145531952676
R1027_S+01,1027,1,102562200.0,0.48901513304649297,295839.2588626351,78.36760726730735,67.51802890874346,37072907.440126374,0.0,0.0001803446468455147
R1027_S+01,1027,1,110451600.0,0.48901513304649297,318992.9575662445,80.92628478671986,69.97026551487463,40930943.43078352,0.0,0.00019906682452459318
R1027_S+01,1027,1,118341000.0,0.48901513304649297,341962.49205319025,82.40870244019168,73.71946606851316,44788979.42144063,0.0,0.00021778082268767153
R1027_S+01,1027,1,126230400.0,0.6063832972957919,384944.8206562158,89.33879162405033,76.88219865463631,49572979.80712594,0.0,0.00024095386070898108
R1027_S+01,1027,1,134119800.0,0.6063832972957919,414240.81676597707,91.1524978177944,80.70235224777768,54356980.192811385,0.0,0.00026413088274847643
R1027_S+01,1027,1,142009200.0,0.6063832972957919,442984.9038522057,96.56290303159254,83.99368396228611,59140980.578496896,0.0,0.0002872958232130838
R1027_S+01,1027,1,149898600.0,0.6063832972957919,471355.55628189445,100.11313563661862,86.40131273385646,63924980.96418231,0.0,0.000310448919916022
R1027_S+01,1027,1,157788000.0,0.6063832972957919,499684.18684947863,101.57621455187028,90.01767890205797,68708981.34986779,0.0,0.00033358870643725115
R1027_S+01,1027,1,165677400.0,0.0,430168.0459280275,101.5815271206959,90.03871025260332,68708981.34986779,0.0,0.0003337713477324798
R1027_S+01,1027,1,173566800.0,0.0,430030.0233859103,101.58152714715051,90.03868102442843,68708981.34986779,0.0,0.00033377284196460706
R1027_S+01,1027,1,181456200.0,0.0,430012.93689538725,101.58152714716485,90.03867658267238,68708981.34986779,0.0,0.00033377303192079976
R1027_S+01,1027,1,189345600.0,0.0,430010.5642650686,101.58152714716485,90.03867595739543,68708981.34986779,0.0,0.00033377305834740085
R1027_S+01,1027,1,197235000.0,0.0,430010.2668628786,101.58152714716485,90.03867587891973,68708981.34986779,0.0,0.0003337730616610239
R1027_S+01,1027,1,205124400.0,0.0,430010.21876101755,101.58152714716485,90.03867586622387,68708981.34986779,0.0,0.0003337730621970739
R1027_S+01,1027,1,213013800.0,0.0,430010.21009755693,101.58152714716485,90.03867586393788,68708981.34986779,0.0,0.000333773062293592
R1027_S+01,1027,1,220903200.0,0.0,430010.2087554261,101.58152714716485,90.03867586358356,68708981.34986779,0.0,0.00033377306230855186
R1027_S+01,1027,1,228792600.0,0.0,430010.208427595,101.58152714716485,90.03867586349708,68708981.34986779,0.0,0.0003337730623122037
R1027_S+01,1027,1,236682000.0,0.0,430010.2083921712,101.58152714716485,90.03867586348773,68708981.34986779,0.0,0.0003337730623125984
R1027_S+01,1027,1,244571400.0,0.0,430010.20838664286,101.58152714716485,90.03867586348625,68708981.34986779,0.0,0.00033377306231266
R1027_S+01,1027,1,252460800.0,0.0,430010.2083853949,101.58152714716485,90.03867586348593,68708981.34986779,0.0,0.000333773062312674
R1027_S+01,1027,1,260350200.0,0.0,430010.2083852254,101.58152714716485,90.03867586348589,68708981.34986779,0.0,0.00033377306231267584
R1027_S+01,1027,1,268239600.0,0.0,430010.20838520676,101.58152714716485,90.03867586348588,68708981.34986779,0.0,0.00033377306231267606
R1027_S+01,1027,1,276129000.0,0.0,430010.20838520676,101.58152714716485,90.03867586348592,68708981.34986779,0.0,0.0003337730623126761
R1027_S+01,1027,1,284018400.0,0.0,430010.20838520676,101.58152714716485,90.03867586348592,68708981.34986779,0.0,0.0003337730623126761
R1027_S+01,1027,1,291907800.0,0.0,430010.20838520676,101.58152714716485,90.03867586348592,68708981.34986779,0.0,0.0003337730623126761
R1027_S+01,1027,1,299797200.0,0.0,430010.20838520676,101.58152714716485,90.03867586348592,68708981.34986779,0.0,0.0003337730623126761
R1027_S+01,1027,1,307686600.0,0.0,430010.20838520676,101.58152714716485,90.03867586348592,68708981.34986779,0.0,0.0003337730623126761
R1027_S+01,1027,1,315576000.0,0.0,430010.20838520676,101.58152714716485,90.03867586348592,68708981.34986779,0.0,0.0003337730623126761
R1027_S+02,1027,2,0.0,2.1936907243628263,0.0,0.0,0.0,0.0,0.0,0.0
R1027_S+02,1027,2,7889400.0,2.1936907243628263,392527.4572163299,63.85861716400896,54.74404467087902,17306903.600788094,0.0,8.41734562969801e-05
R1027_S+02,1027,2,15778800.0,2.1936907243628263,512874.3760530725,86.1297050676242,74.09612815562315,34613807.20157617,0.0,0.0001681575924348127
R1027_S+02,1027,2,23668200.0,2.1936907243628263,631043.4986889958,101.3188300286973,87.3352965614336,51920710.802364275,0.0,0.00025195682963892056
R1027_S+02,1027,2,31557600.0,2.1936907243628263,745798.649456609,113.63582019867407,98.55085445692463,69227614.4031524,0.0,0.0003355800012932495
R1027_S+02,1027,2,39447000.0,2.1936907243628263,857547.9674644917,125.89898107193022,108.120776210174,86534518.00394061,0.0,0.0004190334497630409
R1027_S+02,1027,2,47336400.0,1.7475514889089514,886521.2634545285,133.9977270624735,115.59737022542873,100321650.72053885,0.0,0.0004855426764038135
R1027_S+02,1027,2,55225800.0,1.7475514889089514,969419.5199635886,140.1266790912121,120.58914011167741,114108783.43713707,0.0,0.0005518328523692714
R1027_S+02,1027,2,63115200.0,1.7475514889089514,1051413.8824868388,143.27654393727852,127.68101715619159,127895916.15373543,0.0,0.0006180228514379519
R1027_S+02,1027,2,71004600.0,1.7475514889089514,1133607.1682992335,154.42764375061066,132.6053798444892,141683048.87033376,0.0,0.0006841061476877865
R1027_S+02,1027,2,78894000.0,1.7475514889089514,1215213.0272651166,157.4506824955489,138.09149429323185,155470181.5869321,0.0,0.0007500894656847644
R1027_S+02,1027,2,86783400.0,1.0662578183637357,1173181.1304720063,158.3999867682483,141.21273437488057,163882316.01913083,0.0,0.0007906455894817564
R1027_S+02,1027,2,94672800.0,1.0662578183637357,1214984.8615658116,159.74781048091862,143.9297492269947,172294450.4513297,0.0,0.0008308867408893626
R1027_S+02,1027,2,102562200.0,1.0662578183637357,1258167.6876949351,166.61709529890138,146.24751182268074,180706584.8835286,0.0,0.0008710844963021128
R1027_S+02,1027,2,110451600.0,1.0662578183637357,1302249.440334389,170.81342922628374,148.3195014954956,189118719.31572747,0.0,0.0009112410214061027
R1027_S+02,1027,2,118341000.0,1.0662578183637357,1347135.2701298539,173.11895624386665,150.35203998467375,197530853.74792647,0.0,0.0009513541946797402
R1027_S+02,1027,2,126230400.0,0.14980971272717897,1104231.9271108843,173.13409241283924,150.3410359437606,198712762.49551624,0.0,0.0009576432880050807
R1027_S+02,1027,2,134119800.0,0.14980971272717897,1117312.4591475148,173.13409241310217,150.30265073526786,199894671.24310607,0.0,0.000963331697881326
R1027_S+02,1027,2,142009200.0,0.14980971272717897,1123306.6293204948,173.13409241310217,150.27311856393064,201076579.99069583,0.0,0.000969015658669856
R1027_S+02,1027,2,149898600.0,0.14980971272717897,1130052.1408808157,173.13409241310217,150.25341621002866,202258488.73828566,0.0,0.000974694457416229
R1027_S+02,1027,2,157788000.0,0.14980971272717897,1137361.2837140616,173.13409241310217,150.24362584303748,203440397.4858755,0.0,0.000980369191681332
R1027_S+02,1027,2,165677400.0,0.0,1222623.7767499387,173.13409241310217,150.24240749966057,203440397.4858755,0.0,0.0009806652817730011
R1027_S+02,1027,2,173566800.0,0.0,1222388.4188632518,173.13409241310217,150.24234468569156,203440397.4858755,0.0,0.0009806744120473565
R1027_S+02,1027,2,181456200.0,0.0,1222362.523078151,173.13409241310217,150.24233766056648,203440397.4858755,0.0,0.0009806754207835765
R1027_S+02,1027,2,189345600.0,0.0,1222358.2239218038,173.13409241310217,150.24233649264812,203440397.4858755,0.0,0.0009806755883843155
R1027_S+02,1027,2,197235000.0,0.0,1222357.3808711004,173.13409241310217,150.24233626374567,203440397.4858755,0.0,0.000980675621229835
R1027_S+02,1027,2,205124400.0,0.0,1222357.2363377847,173.13409241310217,150.24233622452513,203440397.4858755,0.0,0.0009806756268575618
R1027_S+02,1027,2,213013800.0,0.0,1222357.2209596764,173.13409241310217,150.24233622034944,203440397.4858755,0.0,0.0009806756274567214
R1027_S+02,1027,2,220903200.0,0.0,1222357.2184127588,173.13409241310217,150.24233621965743,203440397.4858755,0.0,0.0009806756275560222
R1027_S+02,1027,2,228792600.0,0.0,1222357.2178911678,173.13409241310217,150.24233621951583,203440397.4858755,0.0,0.0009806756275763417
R1027_S+02,1027,2,236682000.0,0.0,1222357.2178137116,173.13409241310217,150.24233621949477,203440397.4858755,0.0,0.000980675627579358
R1027_S+02,1027,2,244571400.0,0.0,1222357.2178035192,173.13409241310217,150.242336219492,203440397.4858755,0.0,0.0009806756275797558
R1027_S+02,1027,2,252460800.0,0.0,1222357.2178017031,173.13409241310217,150.24233621949156,203440397.4858755,0.0,0.0009806756275798265
R1027_S+02,1027,2,260350200.0,0.0,1222357.2178013958,173.13409241310217,150.24233621949145,203440397.4858755,0.0,0.0009806756275798382
R1027_S+02,1027,2,268239600.0,0.0,1222357.2178013455,173.13409241310217,150.24233621949142,203440397.4858755,0.0,0.0009806756275798406
R1027_S+02,1027,2,276129000.0,0.0,1222357.2178013362,173.13409241310217,150.24233621949142,203440397.4858755,0.0,0.0009806756275798408
R1027_S+02,1027,2,284018400.0,0.0,1222357.2178013325,173.13409241310217,150.24233621949142,203440397.4858755,0.0,0.000980675627579841
R1027_S+02,1027,2,291907800.0,0.0,1222357.2178013325,173.13409241310217,150.24233621949142,203440397.4858755,0.0,0.000980675627579841
R1027_S+02,1027,2,299797200.0,0.0,1222357.2178013325,173.13409241310217,150.24233621949142,203440397.4858755,0.0,0.000980675627579841
R1027_S+02,1027,2,307686600.0,0.0,1222357.2178013325,173.13409241310217,150.24233621949142,203440397.4858755,0.0,0.000980675627579841
R1027_S+02,1027,2,315576000.0,0.0,1222357.2178013325,173.13409241310217,150.24233621949142,203440397.4858755,0.0,0.000980675627579841
R1027_S+03,1027,3,0.0,0.44427261957120956,0.0,0.0,0.0,0.0,0.0,0.0
R1027_S+03,1027,3,7889400.0,0.44427261957120956,84454.44660695456,29.195951531148317,25.129393213865974,3505044.404845107,0.0,1.708631333325664e-05
R1027_S+03,1027,3,15778800.0,0.44427261957120956,106760.7440572679,38.248474363053866,33.91421819646499,7010088.809690176,0.0,3.416471691162503e-05
R1027_S+03,1027,3,23668200.0,0.44427261957120956,129414.88881801628,46.535871557491,39.898349962515326,10515133.214535143,0.0,5.1235421281486624e-05
R1027_S+03,1027,3,31557600.0,0.44427261957120956,151691.7086973153,52.11697287382702,44.72769717580515,14020177.619380271,0.0,6.829863038378145e-05
R1027_S+03,1027,3,39447000.0,0.44427261957120956,173509.29293572344,57.61187649587231,49.18455153610124,17525222.02422542,0.0,8.535474291069612e-05
R1027_S+03,1027,3,47336400.0,0.42979737863593875,192537.8206105698,60.86042401084427,53.115558539942484,20916065.46323576,0.0,0.00010184962170329038
R1027_S+03,1027,3,55225800.0,0.42979737863593875,213195.71399731748,64.97347179242014,55.93366026814784,24306908.902246088,0.0,0.0001183368607709253
R1027_S+03,1027,3,63115200.0,0.42979737863593875,233435.95805670694,68.60723468564296,59.702554803832925,27697752.341256432,0.0,0.00013481791148564263
R1027_S+03,1027,3,71004600.0,0.42979737863593875,253645.11964749172,72.22682055751959,62.18464542640498,31088595.78026684,0.0,0.00015129239417898375
R1027_S+03,1027,3,78894000.0,0.42979737863593875,273677.57559667714,73.62636286626025,65.57599887369778,34479439.219277374,0.0,0.0001677605455637567
R1027_S+03,1027,3,86783400.0,0.3604508564799916,281596.9903568886,78.03096552346331,67.56512216967185,37323180.20639089,0.0,0.00018157674832025667
R1027_S+03,1027,3,94672800.0,0.3604508564799916,297480.27273826674,80.22580358385368,69.25412438553279,40166921.193504006,0.0,0.0001953804988872501
R1027_S+03,1027,3,102562200.0,0.3604508564799916,313482.9480000455,81.2483906441856,71.5912254411255,43010662.18061732,0.0,0.00020917972393710553
R1027_S+03,1027,3,110451600.0,0.3604508564799916,329478.7802984342,82.27317727545513,73.99676248482459,45854403.16773072,0.0,0.00022297447066846972
R1027_S+03,1027,3,118341000.0,0.3604508564799916,345417.6748289857,86.70000850537228,75.688789279575,48698144.15484427,0.0,0.00023676507502698368
R1027_S+03,1027,3,126230400.0,0.2362330531033682,340025.41598978825,87.99813559207327,76.4700019079757,50561881.203997925,0.0,0.00024582417082528925
R1027_S+03,1027,3,134119800.0,0.2362330531033682,349048.8612707369,88.97568342050259,77.26938004286895,52425618.253151715,0.0,0.0002548618216198628
R1027_S+03,1027,3,142009200.0,0.2362330531033682,358274.7522391528,89.69041141451251,78.12072868817432,54289355.30230498,0.0,0.0002638975735999484
R1027_S+03,1027,3,149898600.0,0.2362330531033682,367709.330484584,90.24429526790811,80.00710160902885,56153092.351458415,0.0,0.00027293100634102446
R1027_S+03,1027,3,157788000.0,0.2362330531033682,377336.5900641717,90.732866071137,81.47808790157548,58016829.40061248,0.0,0.00028196204813075147
R1027_S+03,1027,3,165677400.0,0.0,350553.44292508624,90.73438741954548,81.48437322921849,58016829.40061248,0.0,0.00028203884255099075
R1027_S+03,1027,3,173566800.0,0.0,350435.04109717906,90.73438751190075,81.48435491302322,58016829.40061248,0.0,0.0002820400942253025
R1027_S+03,1027,3,181456200.0,0.0,350424.77618424967,90.73438751190417,81.48435246786724,58016829.40061248,0.0,0.0002820402079030049
R1027_S+03,1027,3,189345600.0,0.0,350423.1584562231,90.73438751190417,81.48435207822136,58016829.40061248,0.0,0.0002820402258456097
R1027_S+03,1027,3,197235000.0,0.0,350422.8256162163,90.73438751190417,81.48435199795759,58016829.40061248,0.0,0.00028204022953682174
R1027_S+03,1027,3,205124400.0,0.0,350422.78333338536,90.73438751190417,81.48435198775857,58016829.40061248,0.0,0.0002820402300057594
R1027_S+03,1027,3,213013800.0,0.0,350422.7768671382,90.73438751190417,81.48435198619819,58016829.40061248,0.0,0.0002820402300775015
R1027_S+03,1027,3,220903200.0,0.0,350422.775124982,90.73438751190417,81.484351985778,58016829.40061247,0.0,0.00028204023009682056
R1027_S+03,1027,3,228792600.0,0.0,350422.77494857274,90.73438751190417,81.48435198573543,58016829.40061248,0.0,0.0002820402300987773
R1027_S+03,1027,3,236682000.0,0.0,350422.7749201562,90.73438751190417,81.48435198572858,58016829.40061248,0.0,0.00028204023009909256
R1027_S+03,1027,3,244571400.0,0.0,350422.77491496876,90.73438751190417,81.48435198572736,58016829.40061248,0.0,0.0002820402300991501
R1027_S+03,1027,3,252460800.0,0.0,350422.77491418086,90.73438751190417,81.48435198572713,58016829.40061248,0.0,0.00028204023009915886
R1027_S+03,1027,3,260350200.0,0.0,350422.77491396666,90.73438751190417,81.4843519857271,58016829.40061248,0.0,0.0002820402300991612
R1027_S+03,1027,3,268239600.0,0.0,350422.77491394803,90.73438751190417,81.48435198572709,58016829.40061248,0.0,0.00028204023009916146
R1027_S+03,1027,3,276129000.0,0.0,350422.77491394244,90.73438751190417,81.48435198572712,58016829.40061248,0.0,0.00028204023009916146
R1027_S+03,1027,3,284018400.0,0.0,350422.77491394244,90.73438751190417,81.48435198572707,58016829.40061248,0.0,0.0002820402300991615
R1027_S+03,1027,3,291907800.0,0.0,350422.77491394244,90.73438751190417,81.48435198572707,58016829.40061248,0.0,0.0002820402300991615
R1027_S+03,1027,3,299797200.0,0.0,350422.77491394244,90.73438751190417,81.48435198572707,58016829.40061248,0.0,0.0002820402300991615
R1027_S+03,1027,3,307686600.0,0.0,350422.77491394244,90.73438751190417,81.48435198572707,58016829.40061248,0.0,0.0002820402300991615
R1027_S+03,1027,3,315576000.0,0.0,350422.77491394244,90.73438751190417,81.48435198572707,58016829.40061248,0.0,0.0002820402300991615
R1028_S+00,1028,0,0.0,4.820781692594899,0.0,0.0,0.0,0.0,0.0,0.0
R1028_S+00,1028,0,7889400.0,4.820781692594899,2504774.780930117,69.50570005752205,59.80091035076625,38033075.08555823,0.0,0.00013646961652477355
R1028_S+00,1028,0,15778800.0,4.820781692594899,2622240.222215593,98.73298199316967,84.13284263061404,76066150.17111643,0.0,0.0002727951996072121
R1028_S+00,1028,0,23668200.0,4.820781692594899,2752256.206305817,120.01622127400884,102.35741383964337,114099225.25667465,0.0,0.00040883592434698185
R1028_S+00,1028,0,31557600.0,4.820781692594899,2897542.835643925,137.37886970585018,117.13264657757844,152132300.34223294,0.0,0.0005445137339821205
R1028_S+00,1028,0,39447000.0,4.820781692594899,3048272.225201536,152.6443466056292,129.91422124445538,190165375.42779094,0.0,0.0006798272425773423
R1028_S+00,1028,0,47336400.0,4.3092640756978655,2940509.1870804466,164.86947604422903,140.04485408222394,224162883.4266016,0.0,0.0008013773263460445
R1028_S+00,1028,0,55225800.0,4.3092640756978655,3078108.2695131265,173.15794443549083,148.7497775077129,258160391.42541224,0.0,0.0009218385195164629
R1028_S+00,1028,0,63115200.0,4.3092640756978655,3217148.1154968925,186.12910638653585,157.2454424944326,292157899.42422307,0.0,0.0010419997341264392
R1028_S+00,1028,0,71004600.0,4.3092640756978655,3362449.3389464393,192.30892730615906,164.81401030701767,326155407.42303395,0.0,0.0011617963107773185
R1028_S+00,1028,0,78894000.0,4.3092640756978655,3501749.9908232167,203.50174601131476,172.01314387522865,360152915.4218449,0.0,0.001281362932626399
R1028_S+00,1028,0,86783400.0,3.415450762556482,3202181.5595954135,209.77682000214082,177.4453198641778,387098772.66795796,0.0,0.0013782546351877604
R1028_S+00,1028,0,94672800.0,3.415450762556482,3305217.808306966,213.25533960644972,182.40395918940095,414044629.9140711,0.0,0.0014728310621081942
R1028_S+00,1028,0,102562200.0,3.415450762556482,3412893.130711578,216.9044491401262,185.7781194055663,440990487.16018414,0.0,0.0015671672932302027
R1028_S+00,1028,0,110451600.0,3.415450762556482,3525711.833669409,226.72939011463347,191.1051832823276,467936344.406297,0.0,0.001661233010208288
R1028_S+00,1028,0,118341000.0,3.415450762556482,3638174.5432859473,232.24057629031284,196.6385146138876,494882201.6524102,0.0,0.0017551153597521387
R1028_S+00,1028,0,126230400.0,2.1393417531707457,3130127.863652531,234.13255377949048,199.54116692504758,511760324.47987545,0.0,0.0018180788410588281
R1028_S+00,1028,0,134119800.0,2.1393417531707457,3182860.12848223,235.56834353556707,201.6531662933074,528638447.3073407,0.0,0.0018771043466669591
R1028_S+00,1028,0,142009200.0,2.1393417531707457,3247429.415198367,236.95155088473138,203.32780252326145,545516570.1348058,0.0,0.0019358523504832007
R1028_S+00,1028,0,149898600.0,2.1393417531707457,3313758.9757111073,238.3943835369789,204.77803732618003,562394692.9622713,0.0,0.001994493627202652
R1028_S+00,1028,0,157788000.0,2.1393417531707457,3380132.099010695,239.97985994022747,206.21762355918594,579272815.7897367,0.0,0.002053060562489994
R1028_S+00,1028,0,165677400.0,0.0,2472452.715135943,240.18314856474692,206.43493704331988,579272815.7897367,0.0,0.002060919611198904
R1028_S+00,1028,0,173566800.0,0.0,2443479.699771274,240.1908334579012,206.44947089584792,579272815.7897367,0.0,0.0020615709476714153
R1028_S+00,1028,0,181456200.0,0.0,2437201.745613698,240.19176884124857,206.45235798770622,579272815.7897367,0.0,0.002061714671661062
R1028_S+00,1028,0,189345600.0,0.0,2435271.10891271,240.19193493331565,206.45319606006723,579272815.7897367,0.0,0.0020617592248437593
R1028_S+00,1028,0,197235000.0,0.0,2434872.4976314306,240.19195053342025,206.45336022043404,579272815.7897367,0.0,0.002061768488245317
R1028_S+00,1028,0,205124400.0,0.0,2434766.331432119,240.191952716749,206.453402698386,579272815.7897367,0.0,0.0020617709612923744
R1028_S+00,1028,0,213013800.0,0.0,2434740.7814772353,240.19195298746894,206.45341270668968,579272815.7897367,0.0,0.002061771557833268
R1028_S+00,1028,0,220903200.0,0.0,2434732.717046242,240.19195303454939,206.4534158141889,579272815.7897367,0.0,0.0020617717461518716
R1028_S+00,1028,0,228792600.0,0.0,2434731.007644389,240.19195303893105,206.45341646131666,579272815.7897367,0.0,0.002061771786122423
R1028_S+00,1028,0,236682000.0,0.0,2434730.5682159066,240.19195303950605,206.45341662545258,579272815.7897367,0.0,0.0020617717964035013
R1028_S+00,1028,0,244571400.0,0.0,2434730.454770997,240.1919530395819,206.45341666729828,579272815.7897367,0.0,0.002061771799058952
R1028_S+00,1028,0,252460800.0,0.0,2434730.425604768,240.19195303959182,206.45341667792954,579272815.7897367,0.0,0.002061771799741976
R1028_S+00,1028,0,260350200.0,0.0,2434730.41803832,240.1919530395931,206.4534166806563,579272815.7897367,0.0,0.0020617717999192316
R1028_S+00,1028,0,268239600.0,0.0,2434730.4160991423,240.1919530395931,206.4534166813474,579272815.7897367,0.0,0.0020617717999646804
R1028_S+00,1028,0,276129000.0,0.0,2434730.415591236,240.1919530395931,206.45341668152656,579272815.7897367,0.0,0.0020617717999765884
R1028_S+00,1028,0,284018400.0,0.0,2434730.415462449,240.1919530395931,206.45341668157158,579272815.7897367,0.0,0.0020617717999796103
R1028_S+00,1028,0,291907800.0,0.0,2434730.415427897,240.1919530395931,206.45341668158346,579272815.7897367,0.0,0.002061771799980421
R1028_S+00,1028,0,299797200.0,0.0,2434730.4154193774,240.1919530395931,206.45341668158648,579272815.7897367,0.0,0.0020617717999806212
R1028_S+00,1028,0,307686600.0,0.0,2434730.4154167734,240.1919530395931,206.45341668158727,579272815.7897367,0.0,0.0020617717999806815
R1028_S+00,1028,0,315576000.0,0.0,2434730.4154161774,240.1919530395931,206.4534166815875,579272815.7897367,0.0,0.002061771799980695
R1028_S+01,1028,1,0.0,1.9659891068313537,0.0,0.0,0.0,0.0,0.0,0.0
R1028_S+01,1028,1,7889400.0,1.9659891068313537,1015673.9727498367,43.88950312055894,38.3900108909822,15510474.459435264,0.0,5.6154633231023964e-05
R1028_S+01,1028,1,15778800.0,1.9659891068313537,1050267.8225379381,62.50798191549963,53.77917153898672,31020948.918870576,0.0,0.00011228801089688269
R1028_S+01,1028,1,23668200.0,1.9659891068313537,1099199.1265809853,74.96428608434341,65.31935565312234,46531423.37830579,0.0,0.000168369171565151
R1028_S+01,1028,1,31557600.0,1.9659891068313537,1155013.5686427224,88.09783823507331,74.85872042219047,62041897.83774109,0.0,0.00022438762147799119
R1028_S+01,1028,1,39447000.0,1.9659891068313537,1213058.308205843,97.85006293769541,83.02192607835045,77552372.2971764,0.0,0.0002803438094987502
R1028_S+01,1028,1,47336400.0,2.0515998781288363,1314275.599237796,105.77794444367285,90.54407112604135,93738264.37568599,0.0,0.0003385902858617458
R1028_S+01,1028,1,55225800.0,2.0515998781288363,1379071.5034999177,113.14396669692047,97.15046610865987,109924156.45419565,0.0,0.00039682629125915473
R1028_S+01,1028,1,63115200.0,2.0515998781288363,1442997.1360899191,122.44159101228576,103.45512121058185,126110048.53270523,0.0,0.00045499653882630377
R1028_S+01,1028,1,71004600.0,2.0515998781288363,1509294.9533931594,126.73792496575903,108.90203146956102,142295940.61121488,0.0,0.0005130851353127156
R1028_S+01,1028,1,78894000.0,2.0515998781288363,1573990.3814725056,135.76285973343295,114.39589911772839,158481832.6897245,0.0,0.0005711118781044338
R1028_S+01,1028,1,86783400.0,2.1512867759657928,1688544.0141150188,139.82387192329213,119.67961328315862,175454194.58002907,0.0,0.0006317172355931602
R1028_S+01,1028,1,94672800.0,2.1512867759657928,1756939.3364839368,147.44883105883213,124.43343081769247,192426556.47033352,0.0,0.0006923941688116404
R1028_S+01,1028,1,102562200.0,2.1512867759657928,1828895.857432615,152.9866220626144,129.58592724193076,209398918.36063796,0.0,0.0007529666638145555
R1028_S+01,1028,1,110451600.0,2.1512867759657928,1897090.3918668516,156.1559999981708,133.77142723069878,226371280.25094247,0.0,0.0008134874255504078
R1028_S+01,1028,1,118341000.0,2.1512867759657928,1966924.149701275,163.1525350097178,137.7276930756744,243343642.14124697,0.0,0.0008739157336995354
R1028_S+01,1028,1,126230400.0,2.265049800342223,2091795.4259659424,169.1053051152882,143.0668730583124,261213526.03606692,0.0,0.0009372110032738318
R1028_S+01,1028,1,134119800.0,2.265049800342223,2165268.526343718,172.17330478546089,147.30233380100762,279083409.9308868,0.0,0.0010006509769313865
R1028_S+01,1028,1,142009200.0,2.265049800342223,2239260.091771111,175.26414575103806,149.94680723437153,296953293.8257067,0.0,0.0010639952149472393
R1028_S+01,1028,1,149898600.0,2.265049800342223,2313823.6737325974,183.51411492698554,155.05700455971999,314823177.7205266,0.0,0.0011272441956299345
R1028_S+01,1028,1,157788000.0,2.265049800342223,2387001.248387631,188.038601379051,159.9428462005527,332693061.61534643,0.0,0.001190422552957437
R1028_S+01,1028,1,165677400.0,0.0,1441007.6003324036,188.29649320885832,160.33018002660808,332693061.61534643,0.0,0.0011959723775675697
R1028_S+01,1028,1,173566800.0,0.0,1416107.6727904156,188.30330107439818,160.3465961350065,332693061.6153465,0.0,0.0011962975206575158
R1028_S+01,1028,1,181456200.0,0.0,1411134.0140432827,188.30405373818382,160.34946240018007,332693061.61534643,0.0,0.0011963637549054827
R1028_S+01,1028,1,189345600.0,0.0,1409699.2761934083,188.30417619160934,160.35022272648,332693061.61534643,0.0,0.0011963830409567474
R1028_S+01,1028,1,197235000.0,0.0,1409424.9617361892,188.30418640521378,160.35035842991937,332693061.61534643,0.0,0.0011963867561437626
R1028_S+01,1028,1,205124400.0,0.0,1409356.8442570474,188.30418769169648,160.35039110375988,332693061.61534643,0.0,0.0011963876812183577
R1028_S+01,1028,1,213013800.0,0.0,1409341.2315907013,188.3041878384223,160.35039845413985,332693061.61534643,0.0,0.0011963878936807942
R1028_S+01,1028,1,220903200.0,0.0,1409336.8081647847,188.3041878601161,160.35040051209035,332693061.6153465,0.0,0.001196387953912844
R1028_S+01,1028,1,228792600.0,0.0,1409335.872292893,188.3041878620653,160.35040094297784,332693061.61534643,0.0,0.001196387966667133
R1028_S+01,1028,1,236682000.0,0.0,1409335.6736645214,188.30418786224084,160.3504010337128,332693061.6153465,0.0,0.001196387969375744
R1028_S+01,1028,1,244571400.0,0.0,1409335.6316124797,188.30418786225658,160.35040105279617,332693061.61534643,0.0,0.0011963879699494829
R1028_S+01,1028,1,252460800.0,0.0,1409335.6225549988,188.30418786225806,160.3504010568823,332693061.6153465,0.0,0.0011963879700731077
R1028_S+01,1028,1,260350200.0,0.0,1409335.6207387205,188.30418786225823,160.35040105769713,332693061.61534643,0.0,0.001196387970097908
R1028_S+01,1028,1,268239600.0,0.0,1409335.6203330327,188.30418786225823,160.35040105787846,332693061.6153465,0.0,0.0011963879701034528
R1028_S+01,1028,1,276129000.0,0.0,1409335.6201911103,188.30418786225823,160.35040105794155,332693061.61534643,0.0,0.0011963879701053916
R1028_S+01,1028,1,284018400.0,0.0,1409335.6201647595,188.30418786225823,160.35040105795326,332693061.61534643,0.0,0.001196387970105752
R1028_S+01,1028,1,291907800.0,0.0,1409335.6201596782,188.30418786225823,160.3504010579555,332693061.6153465,0.0,0.0011963879701058213
R1028_S+01,1028,1,299797200.0,0.0,1409335.6201586667,188.30418786225823,160.35040105795593,332693061.61534643,0.0,0.0011963879701058352
R1028_S+01,1028,1,307686600.0,0.0,1409335.620158447,188.30418786225823,160.350401057956,332693061.61534643,0.0,0.0011963879701058387
R1028_S+01,1028,1,315576000.0,0.0,1409335.6201583836,188.30418786225823,160.3504010579561,332693061.6153465,0.0,0.0011963879701058396
R1028_S+02,1028,2,0.0,1.0599857647575541,0.0,0.0,0.0,0.0,0.0,0.0
R1028_S+02,1028,2,7889400.0,1.0599857647575541,563683.7354409285,32.60645604535347,28.36779542457382,8362651.692478243,0.0,3.037289100297924e-05
R1028_S+02,1028,2,15778800.0,1.0599857647575541,574958.5573609844,46.46778548223614,39.68357502966505,16725303.384956531,0.0,6.073924086172528e-05
R1028_S+02,1028,2,23668200.0,1.0599857647575541,598595.8503324036,55.55137581171003,48.11792944389763,25087955.077434763,0.0,9.109044914372084e-05
R1028_S+02,1028,2,31557600.0,1.0599857647575541,625592.2783620209,64.62982996545395,54.97795202833017,33450606.769913033,0.0,0.00012142365350013833
R1028_S+02,1028,2,39447000.0,1.0599857647575541,655909.0322370864,71.7842000332105,60.94045558799325,41813258.46239124,0.0,0.0001517379242601479
R1028_S+02,1028,2,47336400.0,0.9296538292892574,625465.7288061529,75.6277729154252,65.48584081009291,49147669.38318602,0.0,0.00017837786902227823
R1028_S+02,1028,2,55225800.0,0.9296538292892574,652381.1459206194,81.46675238489304,69.54734602712296,56482080.30398067,0.0,0.00020494502897164062
R1028_S+02,1028,2,63115200.0,0.9296538292892574,680604.293691704,86.43426700711585,73.40863771026471,63816491.22477533,0.0,0.00023149586859047794
R1028_S+02,1028,2,71004600.0,0.9296538292892574,709874.8779849056,90.43396569341076,76.91267200609258,71150902.14556994,0.0,0.00025802967112458815
R1028_S+02,1028,2,78894000.0,0.9296538292892574,738375.4779027198,92.97344740948293,80.10010521455226,78485313.06636465,0.0,0.00028455087200829733
R1028_S+02,1028,2,86783400.0,1.0708446079677072,832935.4416502025,99.52602017736614,83.98391165398414,86933634.51646504,0.0,0.00031495808491892026
R1028_S+02,1028,2,94672800.0,1.0708446079677072,868082.3827989958,102.06522652042997,87.46288904349258,95381955.96656549,0.0,0.0003454524348130421
R1028_S+02,1028,2,102562200.0,1.0708446079677072,901918.695413772,107.79360325318022,90.71199938323507,103830277.41666594,0.0,0.00037593010760985594
R1028_S+02,1028,2,110451600.0,1.0708446079677072,936834.9551654868,111.2953577651828,94.3416922978855,112278598.8667663,0.0,0.0004063828487461657
R1028_S+02,1028,2,118341000.0,1.0708446079677072,970092.0893891454,113.4166218194594,97.13610981099885,120726920.31686673,0.0,0.0004368226496446275
R1028_S+02,1028,2,126230400.0,1.483558100792904,1194858.74136444,120.58040498142356,101.40654422912647,132431303.59726226,0.0,0.000478457550827345
R1028_S+02,1028,2,134119800.0,1.483558100792904,1246396.8107373826,124.48040934136232,106.14408140022218,144135686.87765786,0.0,0.0005204975493929369
R1028_S+02,1028,2,142009200.0,1.483558100792904,1294414.0847984795,127.38669944427282,108.965560202117,155840070.1580534,0.0,0.0005625115276588113
R1028_S+02,1028,2,149898600.0,1.483558100792904,1343323.393943496,134.75386099223323,113.61695735193346,167544453.43844897,0.0,0.0006044806378667744
R1028_S+02,1028,2,157788000.0,1.483558100792904,1390878.7288769782,138.0283590761512,117.73465768547537,179248836.71884453,0.0,0.0006464196704804442
R1028_S+02,1028,2,165677400.0,0.0,779629.2102098819,138.1535483660977,117.92028082273096,179248836.71884453,0.0,0.0006486955790482461
R1028_S+02,1028,2,173566800.0,0.0,764906.8345438838,138.15609662939596,117.92589832511074,179248836.71884453,0.0,0.0006488009041703372
R1028_S+02,1028,2,181456200.0,0.0,762689.5043865908,138.1562600366412,117.92655735906469,179248836.71884453,0.0,0.0006488171287857725
R1028_S+02,1028,2,189345600.0,0.0,762170.2586072646,138.1562794743333,117.92669527110188,179248836.71884453,0.0,0.0006488209582423795
R1028_S+02,1028,2,197235000.0,0.0,762057.8944719452,138.1562815398042,117.92672317267596,179248836.71884453,0.0,0.0006488217907048789
R1028_S+02,1028,2,205124400.0,0.0,762026.2985959202,138.1562818404934,117.92673074238537,179248836.71884453,0.0,0.0006488220252420959
R1028_S+02,1028,2,213013800.0,0.0,762020.3447757661,138.15628186342005,117.92673213078544,179248836.71884453,0.0,0.0006488220695127661
R1028_S+02,1028,2,220903200.0,0.0,762019.0304517504,138.15628186585892,117.92673243341237,179248836.71884453,0.0,0.0006488220792954888
R1028_S+02,1028,2,228792600.0,0.0,762018.6595149226,138.1562818662108,117.92673251809303,179248836.71884453,0.0,0.0006488220820572021
R1028_S+02,1028,2,236682000.0,0.0,762018.5888740271,138.15628186623758,117.92673253408282,179248836.71884453,0.0,0.0006488220825834473
R1028_S+02,1028,2,244571400.0,0.0,762018.5734267179,138.1562818662403,117.92673253755991,179248836.71884453,0.0,0.0006488220826985976
R1028_S+02,1028,2,252460800.0,0.0,762018.5687723383,138.15628186624085,117.92673253860256,179248836.71884453,0.0,0.0006488220827332937
R1028_S+02,1028,2,260350200.0,0.0,762018.5677990876,138.156281866241,117.9267325388194,179248836.71884453,0.0,0.0006488220827405511
R1028_S+02,1028,2,268239600.0,0.0,762018.5676327366,138.156281866241,117.92673253885619,179248836.71884453,0.0,0.0006488220827417922
R1028_S+02,1028,2,276129000.0,0.0,762018.5676058661,138.156281866241,117.92673253886214,179248836.71884453,0.0,0.0006488220827419928
R1028_S+02,1028,2,284018400.0,0.0,762018.5676002577,138.156281866241,117.92673253886333,179248836.71884453,0.0,0.0006488220827420346
R1028_S+02,1028,2,291907800.0,0.0,762018.5675991811,138.156281866241,117.9267325388635,179248836.71884453,0.0,0.0006488220827420427
R1028_S+02,1028,2,299797200.0,0.0,762018.5675989352,138.156281866241,117.92673253886362,179248836.71884453,0.0,0.0006488220827420444
R1028_S+02,1028,2,307686600.0,0.0,762018.5675988682,138.156281866241,117.92673253886363,179248836.71884453,0.0,0.000648822082742045
R1028_S+02,1028,2,315576000.0,0.0,762018.5675988551,138.156281866241,117.92673253886372,179248836.71884453,0.0,0.0006488220827420452
R1028_S+03,1028,3,0.0,3.3365653223964635,0.0,0.0,0.0,0.0,0.0,0.0
R1028_S+03,1028,3,7889400.0,3.3365653223964635,1718269.9241939057,58.25447531911955,49.73780577858507,26323498.454514652,0.0,9.487945073728258e-05
R1028_S+03,1028,3,15778800.0,3.3365653223964635,1794223.5650755763,81.3879596889235,69.89799296631654,52646996.90902926,0.0,0.00018968998177649652
R1028_S+03,1028,3,23668200.0,3.3365653223964635,1881146.8045836687,99.72680611526418,85.07231755586824,78970495.36354388,0.0,0.00028435969360219275
R1028_S+03,1028,3,31557600.0,3.3365653223964635,1976308.2523346841,112.98486201404553,97.31552465110474,105293993.81805854,0.0,0.0003788626792495714
R1028_S+03,1028,3,39447000.0,3.3365653223964635,2077968.7829741016,125.55922890160551,107.94546383219885,131617492.27257323,0.0,0.0004731801033490781
R1028_S+03,1028,3,47336400.0,8.357919438102597,4860631.489353027,153.86921421575198,131.48537807226555,197556461.88753995,0.0,0.0007004787112191704
R1028_S+03,1028,3,55225800.0,8.357919438102597,5171801.400544658,175.02335324562847,151.52677695178718,263495431.50250673,0.0,0.0009323060376249604
R1028_S+03,1028,3,63115200.0,8.357919438102597,5459024.49105851,194.90079253877718,168.71829106663813,329434401.1174735,0.0,0.0011632026559710003
R1028_S+03,1028,3,71004600.0,8.357919438102597,5747145.062198095,213.89072943753888,183.7311060939077,395373370.73244005,0.0,0.0013930143654365984
R1028_S+03,1028,3,78894000.0,8.357919438102597,6033903.317561857,232.98772312505892,197.5481174525336,461312340.34740573,0.0,0.001621775345955044
R1028_S+03,1028,3,86783400.0,14.480472509750461,9921362.036243364,258.4978977303302,218.99219165783768,575554580.16583,0.0,0.001994018064508433
R1028_S+03,1028,3,94672800.0,14.480472509750461,10529134.906161956,282.6756482612008,239.27120740421856,689796819.9842548,0.0,0.002380081537123212
R1028_S+03,1028,3,102562200.0,14.480472509750461,11082338.752797883,297.76521127818376,256.93428342868623,804039059.8026805,0.0,0.0027636694570647353
R1028_S+03,1028,3,110451600.0,14.480472509750461,11618134.17596358,322.273934095792,273.9528740677124,918281299.6211051,0.0,0.0031444276611724727
R1028_S+03,1028,3,118341000.0,14.480472509750461,12148827.949705712,335.550366588369,288.8574597706495,1032523539.4395316,0.0,0.0035222438848420377
R1028_S+03,1028,3,126230400.0,21.704224537340057,17392789.815769162,362.05987045260775,309.92179023617217,1203756848.5044284,0.0,0.004043421297146948
R1028_S+03,1028,3,134119800.0,21.704224537340057,18340358.84903146,390.77613651850004,330.3794243180539,1374990157.5693245,0.0,0.004590530432131426
R1028_S+03,1028,3,142009200.0,21.704224537340057,19210509.04355848,405.8898995941742,348.95147947000265,1546223466.6342082,0.0,0.005132743310568366
R1028_S+03,1028,3,149898600.0,21.704224537340057,20029220.185705468,433.80992257228826,366.86438907793524,1717456775.6991055,0.0,0.005670189064628857
R1028_S+03,1028,3,157788000.0,21.704224537340057,20864980.02742806,447.73457132791356,383.68466825652905,1888690084.7639983,0.0,0.006200363609479536
R1028_S+03,1028,3,165677400.0,0.0,8476146.465175256,450.5694723960425,387.28974308798786,1888690084.7639983,0.0,0.006338504676621609
R1028_S+03,1028,3,173566800.0,0.0,8123752.877887163,450.8337423019863,387.57421484735636,1888690084.7639985,0.0,0.0063595996845752095
R1028_S+03,1028,3,181456200.0,0.0,8032132.531066801,450.87975564594933,387.6210498737921,1888690084.7639983,0.0,0.006365228261877554
R1028_S+03,1028,3,189345600.0,0.0,7995078.550462108,450.8928409934448,387.6337767043655,1888690084.7639983,0.0,0.006367530995842319
R1028_S+03,1028,3,197235000.0,0.0,7985720.959381703,450.89457310871967,387.6352397828995,1888690084.7639985,0.0,0.006368119665238181
R1028_S+03,1028,3,205124400.0,0.0,7983384.223185349,450.89480041122124,387.6353754371787,1888690084.7639985,0.0,0.006368267726933525
R1028_S+03,1028,3,213013800.0,0.0,7982646.997505095,450.89484374795245,387.63538610603734,1888690084.7639985,0.0,0.006368314569440745
R1028_S+03,1028,3,220903200.0,0.0,7982417.599185552,450.8948518302167,387.6353831932148,1888690084.7639983,0.0,0.006368329175573177
R1028_S+03,1028,3,228792600.0,0.0,7982343.800594881,450.8948533944918,387.63538102907586,1888690084.7639983,0.0,0.0063683338786539615
R1028_S+03,1028,3,236682000.0,0.0,7982321.114837527,450.894853680917,387.63538012216355,1888690084.7639983,0.0,0.006368335326429483
R1028_S+03,1028,3,244571400.0,0.0,7982313.552205306,450.8948537389607,387.6353797706652,1888690084.7639983,0.0,0.006368335808935115
R1028_S+03,1028,3,252460800.0,0.0,7982311.333075948,450.8948537491279,387.6353796572944,1888690084.7639985,0.0,0.006368335950800255
R1028_S+03,1028,3,260350200.0,0.0,7982310.415355399,450.8948537518699,387.6353796080859,1888690084.7639983,0.0,0.006368336009386037
R1028_S+03,1028,3,268239600.0,0.0,7982310.182060428,450.8948537522206,387.63537959487996,1888690084.7639983,0.0,0.006368336024289115
R1028_S+03,1028,3,276129000.0,0.0,7982310.113439858,450.894853752282,387.6353795908737,1888690084.7639983,0.0,0.0063683360286806105
R1028_S+03,1028,3,284018400.0,0.0,7982310.0850252025,450.89485375229856,387.6353795891855,1888690084.7639983,0.0,0.0063683360304962935
R1028_S+03,1028,3,291907800.0,0.0,7982310.077786714,450.89485375230066,387.63537958874423,1888690084.7639983,0.0,0.006368336030959085
R1028_S+03,1028,3,299797200.0,0.0,7982310.075658709,450.89485375230106,387.6353795886123,1888690084.7639983,0.0,0.006368336031095391
R1028_S+03,1028,3,307686600.0,0.0,7982310.074770376,450.8948537523011,387.63537958855636,1888690084.7639985,0.0,0.006368336031152189
R1028_S+03,1028,3,315576000.0,0.0,7982310.0745428465,450.8948537523011,387.63537958854175,1888690084.7639985,0.0,0.006368336031166762
R1029_S+00,1029,0,0.0,1.3333490293156736,0.0,0.0,0.0,0.0,0.0,0.0
R1029_S+00,1029,0,7889400.0,1.3333490293156736,1909966.205596082,58.15804879160468,51.202322239361706,10519323.831883073,0.0,5.0519550689535356e-05
R1029_S+00,1029,0,15778800.0,1.3333490293156736,2017320.045221988,81.38393057315812,72.221056514362,21038647.66376614,0.0,0.0001010010518213082
R1029_S+00,1029,0,23668200.0,1.3333490293156736,2113065.6543884054,100.26206095459573,87.45840053308152,31557971.49564922,0.0,0.0001514258727169331
R1029_S+00,1029,0,31557600.0,1.3333490293156736,2212756.267256774,113.66721015262651,101.18226180573797,42077295.32753227,0.0,0.00020177180406412412
R1029_S+00,1029,0,39447000.0,1.3333490293156736,2307176.8483189233,126.74210453298016,112.47891242321964,52596619.15941535,0.0,0.0002520530675428877
R1029_S+00,1029,0,47336400.0,1.2147524805635495,2211788.158755198,139.06647105528847,120.99623030225897,62180287.37957343,0.0,0.0002979926138982537
R1029_S+00,1029,0,55225800.0,1.2147524805635495,2294635.935795732,144.18379439915546,129.8893703657463,71763955.59973148,0.0,0.00034370575526233334
R1029_S+00,1029,0,63115200.0,1.2147524805635495,2375093.3199377507,156.78158296947282,136.77659553541065,81347623.81988958,0.0,0.0003893676695464488
R1029_S+00,1029,0,71004600.0,1.2147524805635495,2459093.6816854626,160.88814865681405,144.708238477323,90931292.04004765,0.0,0.000434956489879108
R1029_S+00,1029,0,78894000.0,1.2147524805635495,2537388.874680061,173.55892102037433,150.6837185719372,100514960.26020572,0.0,0.00048050904725517054
R1029_S+00,1029,0,86783400.0,0.7850654042749962,1954216.4624201916,176.12762580201357,154.9423095516844,106708655.2606929,0.0,0.0005109839851730592
R1029_S+00,1029,0,94672800.0,0.7850654042749962,1992809.3669343814,177.99806312428208,158.77600869244597,112902350.26118007,0.0,0.000540466114164156
R1029_S+00,1029,0,102562200.0,0.7850654042749962,2035762.8477199376,180.27488408661398,161.83989315385077,119096045.26166719,0.0,0.0005699137405292621
R1029_S+00,1029,0,110451600.0,0.7850654042749962,2080030.5529533885,189.4732963627762,164.7015214034848,125289740.26215433,0.0,0.0005993342110323407
R1029_S+00,1029,0,118341000.0,0.7850654042749962,2124765.158618804,193.63244148491873,167.4950407166726,131483435.26264147,0.0,0.0006287317673546718
R1029_S+00,1029,0,126230400.0,0.044287800450013355,762959.1953912117,193.84009381288692,167.66367675899806,131832839.43551183,0.0,0.0006326935513721755
R1029_S+00,1029,0,134119800.0,0.044287800450013355,725405.4946075864,193.8434735231815,167.6333397778283,132182243.60838217,0.0,0.0006345022189595299
R1029_S+00,1029,0,142009200.0,0.044287800450013355,710204.3309516124,193.84370595980715,167.600930719114,132531647.78125249,0.0,0.0006362211858158263
R1029_S+00,1029,0,149898600.0,0.044287800450013355,703265.7355881277,193.84371871040787,167.56871729421437,132881051.95412283,0.0,0.0006379159865084699
R1029_S+00,1029,0,157788000.0,0.044287800450013355,700908.2244420927,193.84371941208954,167.5366487918584,133230456.12699315,0.0,0.000639602404717462
R1029_S+00,1029,0,165677400.0,0.0,1008422.5667441767,193.84371944078367,167.53319043550727,133230456.12699315,0.0,0.0006397842697709543
R1029_S+00,1029,0,173566800.0,0.0,1005533.3768592812,193.84371944234658,167.53278197743828,133230456.12699316,0.0,0.0006398057492952113
R1029_S+00,1029,0,181456200.0,0.0,1004465.2515374422,193.84371944242542,167.53262902611107,133230456.12699316,0.0,0.0006398137924920682
R1029_S+00,1029,0,189345600.0,0.0,1003946.5202215891,193.8437194424306,167.53255430352263,133230456.12699318,0.0,0.0006398177219000521
R1029_S+00,1029,0,197235000.0,0.0,1003691.9222713672,193.8437194424309,167.53251742266255,133230456.12699316,0.0,0.0006398196613394991
R1029_S+00,1029,0,205124400.0,0.0,1003554.830849031,193.84371944243094,167.53249749135924,133230456.12699315,0.0,0.0006398207094591828
R1029_S+00,1029,0,213013800.0,0.0,1003485.4821334202,193.84371944243094,167.5324873617343,133230456.1269932,0.0,0.0006398212421418254
R1029_S+00,1029,0,220903200.0,0.0,1003445.9060909115,193.84371944243094,167.5324815675169,133230456.12699318,0.0,0.0006398215468400808
R1029_S+00,1029,0,228792600.0,0.0,1003423.572849717,193.84371944243094,167.53247828978255,133230456.12699315,0.0,0.0006398217192050195
R1029_S+00,1029,0,236682000.0,0.0,1003410.465981558,193.84371944243094,167.53247636413394,133230456.12699318,0.0,0.0006398218204683562
R1029_S+00,1029,0,244571400.0,0.0,1003403.1436910909,193.84371944243094,167.5324752859377,133230456.12699318,0.0,0.000639821877167039
R1029_S+00,1029,0,252460800.0,0.0,1003398.5205924846,193.84371944243094,167.53247460514876,133230456.12699315,0.0,0.0006398219129674208
R1029_S+00,1029,0,260350200.0,0.0,1003395.9610398617,193.84371944243094,167.53247422803332,133230456.12699318,0.0,0.0006398219327986413
R1029_S+00,1029,0,268239600.0,0.0,1003394.5720005501,193.84371944243094,167.53247402289807,133230456.12699318,0.0,0.0006398219435860117
R1029_S+00,1029,0,276129000.0,0.0,1003393.5876865909,193.84371944243094,167.53247387772814,133230456.12699315,0.0,0.0006398219512200083
R1029_S+00,1029,0,284018400.0,0.0,1003393.0577011891,193.84371944243094,167.53247379948817,133230456.12699316,0.0,0.0006398219553343828
R1029_S+00,1029,0,291907800.0,0.0,1003392.7474417202,193.84371944243094,167.53247375367548,133230456.12699316,0.0,0.0006398219577435173
R1029_S+00,1029,0,299797200.0,0.0,1003392.5619757324,193.84371944243094,167.53247372629377,133230456.12699316,0.0,0.000639821959183427
R1029_S+00,1029,0,307686600.0,0.0,1003392.4590828344,193.84371944243094,167.53247371110004,133230456.12699316,0.0,0.0006398219599824139
R1029_S+00,1029,0,315576000.0,0.0,1003392.4026910979,193.84371944243094,167.5324737027674,133230456.12699316,0.0,0.0006398219604205999
R1029_S+01,1029,1,0.0,1.3947148252349182,0.0,0.0,0.0,0.0,0.0,0.0
R1029_S+01,1029,1,7889400.0,1.3947148252349182,2010899.8089667782,58.74674246890065,52.58980267639352,11003463.142208364,0.0,5.282087727607165e-05
R1029_S+01,1029,1,15778800.0,1.3947148252349182,2122437.5876560174,82.21947548041479,73.90620426978245,22006926.284416717,0.0,0.00010560309883823222
R1029_S+01,1029,1,23668200.0,1.3947148252349182,2224723.070422966,101.48233848489163,89.97787208955465,33010389.4266251,0.0,0.00015831937773335236
R1029_S+01,1029,1,31557600.0,1.3947148252349182,2325357.8816041313,114.91130130067741,103.41926138643534,44013852.56883347,0.0,0.00021096077498621962
R1029_S+01,1029,1,39447000.0,1.3947148252349182,2425547.130957432,128.094905254924,115.06865617725416,55017315.71104185,0.0,0.00026352178493883985
R1029_S+01,1029,1,47336400.0,1.5806343541243533,2826619.0815051273,142.14204592232218,126.8286923295401,67487572.38447052,0.0,0.0003226766725527484
R1029_S+01,1029,1,55225800.0,1.5806343541243533,2941625.5530789196,156.45977308230644,136.42541509143587,79957829.05789916,0.0,0.00038199505232558147
R1029_S+01,1029,1,63115200.0,1.5806343541243533,3055788.425890565,165.58390978429938,146.6146002334497,92428085.73132782,0.0,0.0004412087476544689
R1029_S+01,1029,1,71004600.0,1.5806343541243533,3168234.795321908,176.25075187103008,155.63113895548258,104898342.40475647,0.0,0.0005003218293787684
R1029_S+01,1029,1,78894000.0,1.5806343541243533,3277650.3991782516,185.3928535907498,163.69027954737268,117368599.07818507,0.0,0.0005593472905551912
R1029_S+01,1029,1,86783400.0,2.1405352192264266,4349250.92754649,197.2321158812537,174.5729871434103,134256137.63675022,0.0,0.0006374160341222438
R1029_S+01,1029,1,94672800.0,2.1405352192264266,4514523.893091679,210.9936365353824,184.14298003051198,151143676.19531506,0.0,0.0007167777725229261
R1029_S+01,1029,1,102562200.0,2.1405352192264266,4676074.652699634,219.84917463100035,193.8286053657837,168031214.75388014,0.0,0.0007959457563880726
R1029_S+01,1029,1,110451600.0,2.1405352192264266,4828956.207174487,226.648054793493,202.63740729876386,184918753.31244493,0.0,0.0008749853359996938
R1029_S+01,1029,1,118341000.0,2.1405352192264266,4978031.51964521,242.17665524789518,210.10974696158434,201806291.8710101,0.0,0.0009538632163436371
R1029_S+01,1029,1,126230400.0,3.074417420541138,6873752.246055149,248.83987584420214,222.69222173681067,226061600.6686272,0.0,0.0010625558676320035
R1029_S+01,1029,1,134119800.0,3.074417420541138,7123821.290255439,268.66542476282257,232.8086633689162,250316909.4662443,0.0,0.001174625684883508
R1029_S+01,1029,1,142009200.0,3.074417420541138,7367700.154732019,275.5077518613149,244.412089828637,274572218.2638616,0.0,0.0012863067213822238
R1029_S+01,1029,1,149898600.0,3.074417420541138,7592226.564468887,288.10929128530074,253.8294390379867,298827527.06147903,0.0,0.001397801689409144
R1029_S+01,1029,1,157788000.0,3.074417420541138,7813122.6783824675,302.4584509028351,262.3277366248659,323082835.8590965,0.0,0.0015089619856193074
R1029_S+01,1029,1,165677400.0,0.0,2657096.6926980056,303.4272082350422,263.54955262088765,323082835.8590965,0.0,0.0015268921306804827
R1029_S+01,1029,1,173566800.0,0.0,2565012.669972297,303.45785893010486,263.5795917727026,323082835.8590965,0.0,0.0015284425552147829
R1029_S+01,1029,1,181456200.0,0.0,2538739.368460603,303.4608740093187,263.57870842514154,323082835.8590965,0.0,0.001528916812471367
R1029_S+01,1029,1,189345600.0,0.0,2529434.7440582216,303.4611381996677,263.577036274542,323082835.8590965,0.0,0.0015290916914363168
R1029_S+01,1029,1,197235000.0,0.0,2524994.123323258,303.461174088007,263.57607730713875,323082835.8590965,0.0,0.0015291766246444609
R1029_S+01,1029,1,205124400.0,0.0,2522940.202317767,303.46117821674363,263.57560665353924,323082835.8590965,0.0,0.0015292165178491456
R1029_S+01,1029,1,213013800.0,0.0,2521675.6672656536,303.4611790312028,263.57531273133577,323082835.8590965,0.0,0.001529241196751122
R1029_S+01,1029,1,220903200.0,0.0,2521057.4850571975,303.4611790916131,263.57516718023487,323082835.8590965,0.0,0.0015292533722596538
R1029_S+01,1029,1,228792600.0,0.0,2520711.2544054575,303.46117909930797,263.5750852821272,323082835.8590965,0.0,0.0015292602196325022
R1029_S+01,1029,1,236682000.0,0.0,2520519.7892443836,303.461179100232,263.5750397945013,323082835.8590965,0.0,0.0015292640223368496
R1029_S+01,1029,1,244571400.0,0.0,2520407.4898275994,303.4611791003563,263.57501307951736,323082835.8590965,0.0,0.0015292662556179945
R1029_S+01,1029,1,252460800.0,0.0,2520346.2261304557,303.4611791003706,263.57499844605104,323082835.8590965,0.0,0.0015292674789185105
R1029_S+01,1029,1,260350200.0,0.0,2520305.565995112,303.46117910037333,263.57498873972077,323082835.8590965,0.0,0.001529268290328827
R1029_S+01,1029,1,268239600.0,0.0,2520282.9409181476,303.46117910037356,263.57498333003,323082835.8590965,0.0,0.0015292687425571309
R1029_S+01,1029,1,276129000.0,0.0,2520270.227454044,303.46117910037356,263.57498028552,323082835.8590965,0.0,0.0015292689970658668
R1029_S+01,1029,1,284018400.0,0.0,2520262.4107822403,303.46117910037356,263.57497841367365,323082835.8590965,0.0,0.0015292691535446481
R1029_S+01,1029,1,291907800.0,0.0,2520257.942865994,303.46117910037356,263.57497734342064,323082835.8590966,0.0,0.001529269243013474
R1029_S+01,1029,1,299797200.0,0.0,2520255.527908791,303.46117910037356,263.57497676474895,323082835.8590966,0.0,0.0015292692913880881
R1029_S+01,1029,1,307686600.0,0.0,2520254.1987251267,303.46117910037356,263.57497644530963,323082835.8590966,0.0,0.0015292693180919263
R1029_S+01,1029,1,315576000.0,0.0,2520253.2477743663,303.46117910037356,263.5749762173522,323082835.8590966,0.0,0.0015292693371482438
R1029_S+02,1029,2,0.0,0.7094535429757307,0.0,0.0,0.0,0.0,0.0,0.0
R1029_S+02,1029,2,7889400.0,0.7094535429757307,979154.9745785072,42.24668677640564,37.94442487558222,5597162.781952727,0.0,2.6995021090611447e-05
R1029_S+02,1029,2,15778800.0,0.7094535429757307,1020128.9842772726,58.97520568025817,53.04207693671896,11194325.563905463,0.0,5.398038601114317e-05
R1029_S+02,1029,2,23668200.0,0.7094535429757307,1064113.1396612823,72.76509653251809,64.37587576557645,16791488.345858186,0.0,8.094885176502384e-05
R1029_S+02,1029,2,31557600.0,0.7094535429757307,1111943.8451481666,82.31293049600478,73.99136990230791,22388651.12781091,0.0,0.00010789533912980076
R1029_S+02,1029,2,39447000.0,0.7094535429757307,1158846.7753009591,91.74725081388553,82.26115051452527,27985813.909763627,0.0,0.0001348223511635748
R1029_S+02,1029,2,47336400.0,1.565962666314716,2521356.5058127977,112.01134250807975,97.58668295366758,40340319.7693869,0.0,0.00019323763645504057
R1029_S+02,1029,2,55225800.0,1.565962666314716,2655588.6762182936,126.51074256214848,111.83518732660377,52694825.62901022,0.0,0.00025221087348454625
R1029_S+02,1029,2,63115200.0,1.565962666314716,2773885.0979458354,140.73470220908368,123.45311611993392,65049331.48863356,0.0,0.0003111008512429076
R1029_S+02,1029,2,71004600.0,1.565962666314716,2888035.150784053,154.22796965087346,134.08655716679448,77403837.3482568,0.0,0.0003698957003780551
R1029_S+02,1029,2,78894000.0,1.565962666314716,3003998.22129672,160.5901041242644,144.42070154782226,89758343.20788014,0.0,0.00042857736590109515
R1029_S+02,1029,2,86783400.0,2.855566730658146,5382410.5609635785,179.04052187859665,160.8683674978705,112287051.37273452,0.0,0.0005319989082515216
R1029_S+02,1029,2,94672800.0,2.855566730658146,5639872.195837054,197.85501655603676,176.13806644886452,134815759.53758883,0.0,0.0006377384670240843
R1029_S+02,1029,2,102562200.0,2.855566730658146,5864818.416786771,216.99170215168633,188.67774365161085,157344467.70244312,0.0,0.0007432636143224105
R1029_S+02,1029,2,110451600.0,2.855566730658146,6093586.8308056295,224.535736281988,202.11340454322658,179873175.86729795,0.0,0.0008484019454396812
R1029_S+02,1029,2,118341000.0,2.855566730658146,6306954.017835822,243.81396737159534,212.56416617858827,202401884.0321524,0.0,0.0009533007878647688
R1029_S+02,1029,2,126230400.0,4.578265736006021,9981987.676977105,264.3873382028496,230.36644251677862,238521653.72979766,0.0,0.0011128311677664122
R1029_S+02,1029,2,134119800.0,4.578265736006021,10426504.078948174,277.0240588708968,247.84925063511963,274641423.4274436,0.0,0.0012779763015067032
R1029_S+02,1029,2,142009200.0,4.578265736006021,10800908.307126835,301.3172479235865,261.66815122200273,310761193.1250906,0.0,0.0014428262859828762
R1029_S+02,1029,2,149898600.0,4.578265736006021,11185077.031465303,309.75000230941606,277.35173876631,346880962.82273793,0.0,0.0016066547788256887
R1029_S+02,1029,2,157788000.0,4.578265736006021,11534188.183549087,333.27729250799104,289.3445365132966,383000732.5203836,0.0,0.0017700877174953499
R1029_S+02,1029,2,165677400.0,0.0,3240715.7245686986,335.67496569663007,291.2859044859689,383000732.52038354,0.0,0.0017994774034779046
R1029_S+02,1029,2,173566800.0,0.0,3096283.059123881,335.7598918610331,291.34743590239975,383000732.5203836,0.0,0.0018022314094231873
R1029_S+02,1029,2,181456200.0,0.0,3057020.1189538576,335.7682530510521,291.34766526574765,383000732.5203836,0.0,0.0018030350530524736
R1029_S+02,1029,2,189345600.0,0.0,3042188.7871201336,335.7691254061639,291.3451329156925,383000732.5203836,0.0,0.001803350493276809
R1029_S+02,1029,2,197235000.0,0.0,3035972.0781647675,335.769206736024,291.3437287672076,383000732.5203836,0.0,0.001803485702236094
R1029_S+02,1029,2,205124400.0,0.0,3032953.0395200476,335.7692170494883,291.34300570002654,383000732.5203836,0.0,0.0018035522135171373
R1029_S+02,1029,2,213013800.0,0.0,3031314.857851494,335.76921856089876,291.34260608202015,383000732.5203836,0.0,0.0018035885590709034
R1029_S+02,1029,2,220903200.0,0.0,3030494.6235918254,335.76921874296613,291.3424037502017,383000732.5203836,0.0,0.0018036069037575006
R1029_S+02,1029,2,228792600.0,0.0,3029942.3226283416,335.76921878630174,291.3422672175239,383000732.5203836,0.0,0.001803619274829965
R1029_S+02,1029,2,236682000.0,0.0,3029662.085739102,335.76921878921286,291.3421975894225,383000732.5203836,0.0,0.001803625581860586
R1029_S+02,1029,2,244571400.0,0.0,3029505.6781585664,335.7692187895814,291.3421586022416,383000732.5203836,0.0,0.0018036291132605832
R1029_S+02,1029,2,252460800.0,0.0,3029411.982776884,335.76921878963606,291.342135211045,383000732.52038366,0.0,0.0018036312319834448
R1029_S+02,1029,2,260350200.0,0.0,3029354.4491356947,335.76921878964345,291.34212083990917,383000732.52038366,0.0,0.001803632533686561
R1029_S+02,1029,2,268239600.0,0.0,3029323.8073054664,335.76921878964384,291.3421131704179,383000732.52038366,0.0,0.00180363322837039
R1029_S+02,1029,2,276129000.0,0.0,3029305.93628709,335.76921878964396,291.34210869218003,383000732.52038366,0.0,0.001803633633998245
R1029_S+02,1029,2,284018400.0,0.0,3029295.18865069,335.76921878964396,291.3421059985732,383000732.52038366,0.0,0.001803633877978571
R1029_S+02,1029,2,291907800.0,0.0,3029289.00694678,335.76921878964396,291.3421044472334,383000732.5203837,0.0,0.0018036340184951379
R1029_S+02,1029,2,299797200.0,0.0,3029285.0896082595,335.76921878964396,291.3421034643856,383000732.52038366,0.0,0.0018036341075190927
R1029_S+02,1029,2,307686600.0,0.0,3029282.7700078636,335.76921878964396,291.3421028824456,383000732.5203836,0.0,0.0018036341602297938
R1029_S+02,1029,2,315576000.0,0.0,3029281.460993409,335.76921878964396,291.3421025538039,383000732.5203836,0.0,0.0018036341899973565
R1029_S+03,1029,3,0.0,6.276296463923347,0.0,0.0,0.0,0.0,0.0,0.0
R1029_S+03,1029,3,7889400.0,6.276296463923347,11600930.541757964,125.3925615988069,109.70386197685846,49516213.322476864,0.0,0.00023104862656528157
R1029_S+03,1029,3,15778800.0,6.276296463923347,12339648.805348158,175.84210938675645,155.73720203488088,99032426.64495365,0.0,0.00046136361632893007
R1029_S+03,1029,3,23668200.0,6.276296463923347,12949957.971220054,216.529232530244,188.99078936048522,148548639.96743074,0.0,0.000690504786017369
R1029_S+03,1029,3,31557600.0,6.276296463923347,13542597.363429628,245.73452050995454,218.7227903088641,198064853.28990734,0.0,0.0009181183798234574
R1029_S+03,1029,3,39447000.0,6.276296463923347,14098871.622545414,274.01463041744927,243.22761555745274,247581066.6123845,0.0,0.0011443983802121836
R1029_S+03,1029,3,47336400.0,4.546273917323821,10755903.35141695,296.077425761613,258.68020358589825,283448440.05571854,0.0,0.0013164005591662776
R1029_S+03,1029,3,55225800.0,4.546273917323821,11061196.871434465,307.4312677528837,274.3832100667328,319315813.49905354,0.0,0.001479989513874439
R1029_S+03,1029,3,63115200.0,4.546273917323821,11388340.025539204,326.5244347768754,286.5979026646321,355183186.94238794,0.0,0.001642734989272149
R1029_S+03,1029,3,71004600.0,4.546273917323821,11723594.046185762,340.31552959201116,298.98639576360415,391050560.3857219,0.0,0.0018046374171281712
R1029_S+03,1029,3,78894000.0,4.546273917323821,12067561.233328648,346.8764937276815,311.9027513598542,426917933.82905614,0.0,0.0019656825514585076
R1029_S+03,1029,3,86783400.0,2.489445240599632,8093287.826036073,359.2820366065594,317.64417376559715,446558163.11024314,0.0,0.002068698543917704
R1029_S+03,1029,3,94672800.0,2.489445240599632,8174031.750003617,370.20750867637776,322.09366872238377,466198392.39142984,0.0,0.0021583769987454644
R1029_S+03,1029,3,102562200.0,2.489445240599632,8306320.039006323,375.8777142766047,326.4306624672167,485838621.6726166,0.0,0.0022470950956256907
R1029_S+03,1029,3,110451600.0,2.489445240599632,8448258.549720138,379.3804773643557,330.7187186182581,505478850.95380336,0.0,0.002335500510409102
R1029_S+03,1029,3,118341000.0,2.489445240599632,8595405.644484919,381.9948679216423,337.02077063242257,525119080.2349902,0.0,0.0024236268686687714
R1029_S+03,1029,3,126230400.0,0.1677228256949698,3110143.0689459406,382.5231360891813,338.10712841983786,526442312.6960281,0.0,0.0024494870718624606
R1029_S+03,1029,3,134119800.0,0.1677228256949698,2937451.9417427704,382.54029293387543,338.0405157890969,527765545.1570659,0.0,0.0024577870307171848
R1029_S+03,1029,3,142009200.0,0.1677228256949698,2888879.724865008,382.5411857050116,337.9508351830826,529088777.61810386,0.0,0.002464587748054863
R1029_S+03,1029,3,149898600.0,0.1677228256949698,2874451.383612022,382.5412319063886,337.863967407324,530412010.07914174,0.0,0.0024710136639692556
R1029_S+03,1029,3,157788000.0,0.1677228256949698,2871967.084757384,382.541234311508,337.77873229141966,531735242.5401796,0.0,0.002477310318722336
R1029_S+03,1029,3,165677400.0,0.0,3919749.0638159327,382.5412344357922,337.7534862338882,531735242.5401796,0.0,0.002479175228254746
R1029_S+03,1029,3,173566800.0,0.0,3905326.4722533934,382.5412344448839,337.7483222690297,531735242.5401796,0.0,0.0024795566836739516
R1029_S+03,1029,3,181456200.0,0.0,3899109.660633795,382.5412344461136,337.7460495008146,531735242.54017955,0.0,0.0024797245695779625
R1029_S+03,1029,3,189345600.0,0.0,3896377.66158475,382.541234446229,337.74503325732337,531735242.5401796,0.0,0.0024797996378404974
R1029_S+03,1029,3,197235000.0,0.0,3894918.717608828,382.54123444624634,337.744486798069,531735242.5401796,0.0,0.002479840003892622
R1029_S+03,1029,3,205124400.0,0.0,3894126.7747217193,382.54123444624884,337.74418809379296,531735242.5401796,0.0,0.002479862068687973
R1029_S+03,1029,3,213013800.0,0.0,3893674.3562333137,382.5412344462492,337.744016950083,531735242.5401796,0.0,0.0024798747107931418
R1029_S+03,1029,3,220903200.0,0.0,3893423.7169950567,382.54123444624923,337.74392149504973,531735242.5401796,0.0,0.0024798817618998546
R1029_S+03,1029,3,228792600.0,0.0,3893271.4067704305,382.54123444624923,337.74386340602484,531735242.54017955,0.0,0.002479886052840841
R1029_S+03,1029,3,236682000.0,0.0,3893180.5051977746,382.54123444624923,337.7438287499709,531735242.5401796,0.0,0.002479888612826695
R1029_S+03,1029,3,244571400.0,0.0,3893131.2708082385,382.54123444624923,337.7438098628322,531735242.54017955,0.0,0.0024798900079886486
R1029_S+03,1029,3,252460800.0,0.0,3893101.5459859073,382.54123444624923,337.7437984654678,531735242.5401795,0.0,0.0024798908498932623
R1029_S+03,1029,3,260350200.0,0.0,3893084.50396597,382.54123444624923,337.74379189896143,531735242.5401796,0.0,0.002479891334950312
R1029_S+03,1029,3,268239600.0,0.0,3893073.499374792,382.54123444624923,337.74378766767995,531735242.5401795,0.0,0.002479891647508137
R1029_S+03,1029,3,276129000.0,0.0,3893067.160356056,382.54123444624923,337.74378522509085,531735242.5401795,0.0,0.0024798918279381687
R1029_S+03,1029,3,284018400.0,0.0,3893063.235501338,382.54123444624923,337.74378371395113,531735242.54017955,0.0,0.002479891939563599
R1029_S+03,1029,3,291907800.0,0.0,3893060.9523475617,382.54123444624923,337.74378283535697,531735242.54017955,0.0,0.002479892004463902
R1029_S+03,1029,3,299797200.0,0.0,3893059.674163636,382.54123444624923,337.7437823424384,531735242.54017955,0.0,0.0024798920408749983
R1029_S+03,1029,3,307686600.0,0.0,3893058.9160195664,382.54123444624923,337.74378204945293,531735242.5401795,0.0,0.0024798920625173425
R1029_S+03,1029,3,315576000.0,0.0,3893058.4469517805,382.54123444624923,337.74378186865533,531735242.5401796,0.0,0.0024798920758725717
R1030_S+00,1030,0,0.0,0.3878153449777801,0.0,0.0,0.0,0.0,0.0,0.0
R1030_S+00,1030,0,7889400.0,0.3878153449777801,564093.4163444489,17.798486295228013,15.365612341367484,3059630.382667698,0.0,6.743281373138491e-06
R1030_S+00,1030,0,15778800.0,0.3878153449777801,555799.9068329595,24.9778835698458,21.554887805755715,6119260.7653354,0.0,1.3486955030143226e-05
R1030_S+00,1030,0,23668200.0,0.3878153449777801,554219.0881455243,30.791209703395005,26.51270475334781,9178891.14800309,0.0,2.0230565459965535e-05
R1030_S+00,1030,0,31557600.0,0.3878153449777801,554376.9017460626,35.11710735210659,30.331603664127716,12238521.530670784,0.0,2.6974152426780385e-05
R1030_S+00,1030,0,39447000.0,0.3878153449777801,555713.0592299812,39.31838110486708,33.97513246241159,15298151.913338508,0.0,3.371749797551018e-05
R1030_S+00,1030,0,47336400.0,0.6418936046840824,868266.0580405928,44.74822875486584,39.69991180045034,20362307.318133116,0.0,4.477825095732757e-05
R1030_S+00,1030,0,55225800.0,0.6418936046840824,887823.3831168097,49.948393561185206,44.24072877977226,25426462.722927704,0.0,5.590740222957167e-05
R1030_S+00,1030,0,63115200.0,0.6418936046840824,899528.1996155828,55.20806876883836,47.743779092354984,30490618.127722304,0.0,6.703790594670757e-05
R1030_S+00,1030,0,71004600.0,0.6418936046840824,909586.9431043006,60.348780778355355,52.0425908546377,35554773.5325169,0.0,7.816762234876382e-05
R1030_S+00,1030,0,78894000.0,0.6418936046840824,916961.8424214032,62.86446855513935,55.93260193385003,40618928.9373115,0.0,8.929715492802947e-05
R1030_S+00,1030,0,86783400.0,1.209103144616667,1607676.0510068126,70.14484020800107,62.18107686103435,50158027.286450215,0.0,0.0001097793884980501
R1030_S+00,1030,0,94672800.0,1.209103144616667,1661821.8397962395,77.36161198874935,66.95067173340578,59697125.63558897,0.0,0.00013060868068231376
R1030_S+00,1030,0,102562200.0,1.209103144616667,1692494.1342427097,84.29720429868118,72.85839924160815,69236223.98472771,0.0,0.00015144781345051658
R1030_S+00,1030,0,110451600.0,1.209103144616667,1714945.5075063612,87.93682551841158,78.06817953797825,78775322.33386645,0.0,0.00017228864625450058
R1030_S+00,1030,0,118341000.0,1.209103144616667,1734584.0656135269,95.15988460809918,82.16919185147292,88314420.68300518,0.0,0.0001931267806404978
R1030_S+00,1030,0,126230400.0,2.0894439647755334,2822540.200781796,102.70676013291134,89.8910343028557,104798879.89870518,0.0,0.0002277900450026271
R1030_S+00,1030,0,134119800.0,2.0894439647755334,2918832.3447500914,109.44579779238201,96.43753899499775,121283339.11440524,0.0,0.0002634384649511899
R1030_S+00,1030,0,142009200.0,2.0894439647755334,2976011.458967071,118.75200582246917,102.65625945954775,137767798.33010545,0.0,0.0002991301495061442
R1030_S+00,1030,0,149898600.0,2.0894439647755334,3019615.728410993,123.10785467336332,109.19623864841722,154252257.54580563,0.0,0.00033482880330387406
R1030_S+00,1030,0,157788000.0,2.0894439647755334,3057529.7475052327,132.28283924307976,114.50920839740996,170736716.7615057,0.0,0.0003705209132604239
R1030_S+00,1030,0,165677400.0,0.0,749910.9008064196,133.13855976501605,115.12356234909706,170736716.7615057,0.0,0.0003750393523201772
R1030_S+00,1030,0,173566800.0,0.0,590548.2885949481,133.24152905604876,115.20562929945991,170736716.7615057,0.0,0.0003756539497922687
R1030_S+00,1030,0,181456200.0,0.0,522409.94193672575,133.28375892487287,115.24050962647527,170736716.76150566,0.0,0.0003759182939779347
R1030_S+00,1030,0,189345600.0,0.0,478999.53819752485,133.3098101963485,115.2626002353037,170736716.7615057,0.0,0.000376087089422663
R1030_S+00,1030,0,197235000.0,0.0,456935.1296396088,133.32231488271466,115.27365778274846,170736716.7615057,0.0,0.000376173022753044
R1030_S+00,1030,0,205124400.0,0.0,444277.52528621815,133.32911654918556,115.2799081608069,170736716.76150566,0.0,0.0003762223579215829
R1030_S+00,1030,0,213013800.0,0.0,436732.29000746086,133.33295802183227,115.28357801338946,170736716.7615057,0.0,0.0003762517817273478
R1030_S+00,1030,0,220903200.0,0.0,432411.17764760926,133.3350308387192,115.28564463308194,170736716.7615057,0.0,0.0003762686393088051
R1030_S+00,1030,0,228792600.0,0.0,429686.5871221218,133.3362703218485,115.28692849733031,170736716.76150566,0.0,0.00037627927162392586
R1030_S+00,1030,0,236682000.0,0.0,428078.7870392762,133.33695646957125,115.28767276152696,170736716.7615057,0.0,0.0003762855476574664
R1030_S+00,1030,0,244571400.0,0.0,427175.3600099571,133.33731583059685,115.28808293457448,170736716.7615057,0.0,0.0003762890751936356
R1030_S+00,1030,0,252460800.0,0.0,426634.7064656019,133.33751768920675,115.28832420039835,170736716.7615057,0.0,0.0003762911867412012
R1030_S+00,1030,0,260350200.0,0.0,426314.500709584,133.33762963849856,115.28846458505585,170736716.7615057,0.0,0.00037629243761242603
R1030_S+00,1030,0,268239600.0,0.0,426121.1297858786,133.33769297559815,115.28854790523701,170736716.7615057,0.0,0.0003762931931720183
R1030_S+00,1030,0,276129000.0,0.0,426007.75277772546,133.33772762591244,115.28859587687506,170736716.76150566,0.0,0.000376293636271262
R1030_S+00,1030,0,284018400.0,0.0,425938.1236591805,133.33774755524342,115.28862484198042,170736716.7615057,0.0,0.00037629390844807494
R1030_S+00,1030,0,291907800.0,0.0,425898.8401981406,133.33775798918202,115.28864087409809,170736716.7615057,0.0,0.00037629406204124627
R1030_S+00,1030,0,299797200.0,0.0,425871.77200494707,133.33776480494777,115.28865177360409,170736716.7615057,0.0,0.0003762941678892282
R1030_S+00,1030,0,307686600.0,0.0,425855.7544217035,133.33776852872822,115.28865809730047,170736716.7615057,0.0,0.00037629423053814554
R1030_S+00,1030,0,315576000.0,0.0,425846.82388624735,133.33777042774972,115.28866154744418,170736716.76150566,0.0,0.00037629426547609315
R1030_S+01,1030,1,0.0,3.3401681876439464,0.0,0.0,0.0,0.0,0.0,0.0
R1030_S+01,1030,1,7889400.0,3.3401681876439464,4516904.403858475,50.94803978175518,45.285432408237625,26351922.899598148,0.0,5.667278788983348e-05
R1030_S+01,1030,1,15778800.0,3.3401681876439464,4639506.237498317,73.20166857025397,64.09667583958041,52703845.7991963,0.0,0.00011334735867292464
R1030_S+01,1030,1,23668200.0,3.3401681876439464,4712208.629712727,88.26540852508529,78.64021461506455,79055768.69879447,0.0,0.000170020674036474
R1030_S+01,1030,1,31557600.0,3.3401681876439464,4764866.09338516,104.25309348388078,90.61024539378445,105407691.59839258,0.0,0.00022669109261986453
R1030_S+01,1030,1,39447000.0,3.3401681876439464,4809480.432634823,116.52243524768102,101.34977830043782,131759614.4979907,0.0,0.0002833513136585517
R1030_S+01,1030,1,47336400.0,4.567810059447114,6520698.9460090995,131.24810805120256,113.88594895837295,167796895.18099254,0.0,0.00035818351405729416
R1030_S+01,1030,1,55225800.0,4.567810059447114,6676593.720024325,143.30012932808467,125.91131231550608,203834175.86399472,0.0,0.0004347596726369079
R1030_S+01,1030,1,63115200.0,4.567810059447114,6778715.460154902,154.03001550891668,136.43719355343407,239871456.5469968,0.0,0.0005113903126364301
R1030_S+01,1030,1,71004600.0,4.567810059447114,6862122.323403552,168.0746789026678,145.31918892231639,275908737.229999,0.0,0.0005880053176568916
R1030_S+01,1030,1,78894000.0,4.567810059447114,6938042.124708444,174.55318670875795,156.03727367920789,311946017.91300076,0.0,0.0006645748835120756
R1030_S+01,1030,1,86783400.0,4.430009845150786,6829696.619496711,188.38612317164515,162.94398381134383,346896137.5853332,0.0,0.0007392581429684242
R1030_S+01,1030,1,94672800.0,4.430009845150786,6887859.578020103,193.84439926230235,172.59931427190196,381846257.2576659,0.0,0.0008135051708154233
R1030_S+01,1030,1,102562200.0,4.430009845150786,6954629.891404279,206.9950788549189,179.56505128422089,416796376.9299987,0.0,0.0008876289560907297
R1030_S+01,1030,1,110451600.0,4.430009845150786,7024619.210813746,213.28509949813863,184.97811598092528,451746496.6023313,0.0,0.0009616557756936345
R1030_S+01,1030,1,118341000.0,4.430009845150786,7098301.653191309,218.07419644962917,194.93633272675822,486696616.2746639,0.0,0.0010355745462669512
R1030_S+01,1030,1,126230400.0,2.926767544754962,5306443.749912247,228.77519327213992,199.6075911896041,509787056.14225394,0.0,0.0010912433202332932
R1030_S+01,1030,1,134119800.0,2.926767544754962,5200145.867112804,234.47540473923388,203.06121653451612,532877496.0098436,0.0,0.001141739276177869
R1030_S+01,1030,1,142009200.0,2.926767544754962,5181432.555957954,237.83682346956107,206.23975251048105,555967935.8774331,0.0,0.001191425077144434
R1030_S+01,1030,1,149898600.0,2.926767544754962,5197525.246866547,240.5502542900605,212.32710982704802,579058375.7450228,0.0,0.0012407540598946359
R1030_S+01,1030,1,157788000.0,2.926767544754962,5229620.044592205,243.33072411081736,217.49371142154106,602148815.6126128,0.0,0.0012898937659245522
R1030_S+01,1030,1,165677400.0,0.0,2122645.4835188873,244.33883335214193,218.90494138008023,602148815.612613,0.0,0.0013042775822251615
R1030_S+01,1030,1,173566800.0,0.0,1817510.5570178553,244.62283798700057,219.27238955429073,602148815.612613,0.0,0.00130823418930071
R1030_S+01,1030,1,181456200.0,0.0,1688588.6141048,244.7421268715885,219.42598829538613,602148815.612613,0.0,0.0013099305639782842
R1030_S+01,1030,1,189345600.0,0.0,1617265.8231464587,244.80662861975017,219.51008968561638,602148815.612613,0.0,0.0013108740541572716
R1030_S+01,1030,1,197235000.0,0.0,1575516.936830636,244.84313235545775,219.5587894919343,602148815.612613,0.0,0.0013114279352250905
R1030_S+01,1030,1,205124400.0,0.0,1550822.0001245327,244.8638396806163,219.58726615881838,602148815.612613,0.0,0.0013117561284281601
R1030_S+01,1030,1,213013800.0,0.0,1535726.5896727648,244.875941119793,219.6044764813563,602148815.612613,0.0,0.0013119569624410704
R1030_S+01,1030,1,220903200.0,0.0,1526758.5761809964,244.88277562222808,219.6145780083091,602148815.612613,0.0,0.0013120763702904248
R1030_S+01,1030,1,228792600.0,0.0,1521135.4220274165,244.8868585789656,219.6208418956974,602148815.612613,0.0,0.0013121512837323908
R1030_S+01,1030,1,236682000.0,0.0,1517936.2974320222,244.88905122021964,219.62436016356074,602148815.612613,0.0,0.0013121939271679938
R1030_S+01,1030,1,244571400.0,0.0,1515612.7830904871,244.89058658329708,219.62689525772223,602148815.612613,0.0,0.0013122249079590056
R1030_S+01,1030,1,252460800.0,0.0,1514306.8079795763,244.891392822164,219.62829985978846,602148815.612613,0.0,0.0013122423300337782
R1030_S+01,1030,1,260350200.0,0.0,1513520.4033137131,244.89185082086715,219.62913555468586,602148815.612613,0.0,0.0013122528251514412
R1030_S+01,1030,1,268239600.0,0.0,1513025.0240627397,244.89212387016835,219.62965616200432,602148815.612613,0.0,0.0013122594385275277
R1030_S+01,1030,1,276129000.0,0.0,1512738.053363314,244.8922723576177,219.6299540119106,602148815.612613,0.0,0.0013122632712357523
R1030_S+01,1030,1,284018400.0,0.0,1512534.4408863168,244.8923731954325,219.6301635570446,602148815.6126128,0.0,0.001312265991244344
R1030_S+01,1030,1,291907800.0,0.0,1512415.4971158095,244.89242806361113,219.63028433415397,602148815.6126128,0.0,0.0013122675807993023
R1030_S+01,1030,1,299797200.0,0.0,1512346.6618811246,244.89245767363025,219.63035333621235,602148815.612613,0.0,0.0013122685010868874
R1030_S+01,1030,1,307686600.0,0.0,1512301.7825396731,244.89247591692424,219.63039786698087,602148815.612613,0.0,0.001312269101265493
R1030_S+01,1030,1,315576000.0,0.0,1512274.1554153506,244.8924864249902,219.63042495970578,602148815.6126128,0.0,0.0013122694708420808
R1030_S+02,1030,2,0.0,0.17758740718260416,0.0,0.0,0.0,0.0,0.0,0.0
R1030_S+02,1030,2,7889400.0,0.17758740718260416,283636.38488409854,12.376433332770171,10.710198407752639,1401058.0902264335,0.0,3.0946653117750185e-06
R1030_S+02,1030,2,15778800.0,0.17758740718260416,274604.579360649,17.194555045913848,14.8944788738991,2802116.1804528786,0.0,6.189544406543703e-06
R1030_S+02,1030,2,23668200.0,0.17758740718260416,271533.6200189162,20.40483608505502,18.175523479809485,4203174.270679317,0.0,9.284398792222153e-06
R1030_S+02,1030,2,31557600.0,0.17758740718260416,269228.2619857807,24.1062878707997,20.869085913625817,5604232.360905765,0.0,1.2379267835543492e-05
R1030_S+02,1030,2,39447000.0,0.17758740718260416,268960.92567993514,26.895826768034475,23.319265395766056,7005290.451132189,0.0,1.5474066184759067e-05
R1030_S+02,1030,2,47336400.0,3.126915329263804,4179857.6167991497,55.824118446750475,49.39148295729586,31674776.249826074,0.0,6.826683578940324e-05
R1030_S+02,1030,2,55225800.0,3.126915329263804,4318007.195145711,76.07182819347634,65.68709935476153,56344262.048519924,0.0,0.0001213953576593779
R1030_S+02,1030,2,63115200.0,3.126915329263804,4391693.092984069,89.32259107332068,79.50183807437377,81013747.84721367,0.0,0.00017452821706619745
R1030_S+02,1030,2,71004600.0,3.126915329263804,4444733.754375011,104.30579497557575,90.6145968290899,105683233.64590757,0.0,0.00022765630539541804
R1030_S+02,1030,2,78894000.0,3.126915329263804,4488225.883713953,115.37267790194282,100.81643317756247,130352719.44460152,0.0,0.00028077628531261267
R1030_S+02,1030,2,86783400.0,5.268507663449946,7466854.748847224,132.55927686592054,114.67204054149256,171918083.80462295,0.0,0.0003655747066466773
R1030_S+02,1030,2,94672800.0,5.268507663449946,7709738.512288734,147.79442783823538,128.0129735629899,213483448.1646454,0.0,0.00045337692131834
R1030_S+02,1030,2,102562200.0,5.268507663449946,7852496.994969394,159.40241247982016,140.6273397277324,255048812.5246675,0.0,0.0005413114333096122
R1030_S+02,1030,2,110451600.0,5.268507663449946,7963741.056955572,171.56324794239558,150.954023331735,296614176.88468945,0.0,0.0006292347543837872
R1030_S+02,1030,2,118341000.0,5.268507663449946,8060397.346453212,186.21165807807242,161.17198375832353,338179541.2447114,0.0,0.0007171127643079502
R1030_S+02,1030,2,126230400.0,6.118173292226504,9327922.756871626,194.12825188991593,173.01025768297552,386448257.61640275,0.0,0.0008158359381895052
R1030_S+02,1030,2,134119800.0,6.118173292226504,9519843.660636403,210.27741622241456,181.90803388721866,434716973.9880947,0.0,0.0009167254776346801
R1030_S+02,1030,2,142009200.0,6.118173292226504,9661399.876627058,217.10053767914573,193.45999288819533,482985690.3597863,0.0,0.0010177389811486602
R1030_S+02,1030,2,149898600.0,6.118173292226504,9786197.430288501,232.87474157842564,201.8023267176345,531254406.7314788,0.0,0.0011186974978968523
R1030_S+02,1030,2,157788000.0,6.118173292226504,9902885.32563974,239.87296031592646,210.28530340979117,579523123.1031697,0.0,0.0012195568204690014
R1030_S+02,1030,2,165677400.0,0.0,2676023.5663840435,241.69769942897102,214.49955926590718,579523123.1031697,0.0,0.0012483792805882618
R1030_S+02,1030,2,173566800.0,0.0,2101193.398858294,242.15379259492087,215.3767485325488,579523123.1031697,0.0,0.0012555029552986452
R1030_S+02,1030,2,181456200.0,0.0,1838293.3071459197,242.36352705941962,215.7647320085411,579523123.1031697,0.0,0.0012588148477537435
R1030_S+02,1030,2,189345600.0,0.0,1679320.9569480773,242.48942474839833,215.99519442158723,579523123.1031697,0.0,0.0012608327513710382
R1030_S+02,1030,2,197235000.0,0.0,1594677.057790758,242.5541735041894,216.11568345822803,579523123.1031697,0.0,0.0012619123010183856
R1030_S+02,1030,2,205124400.0,0.0,1541616.6913415026,242.593425650039,216.19022989239724,579523123.1031698,0.0,0.0012625906348711362
R1030_S+02,1030,2,213013800.0,0.0,1509854.7481523752,242.61587978674174,216.23424464466035,579523123.1031697,0.0,0.001262997317896312
R1030_S+02,1030,2,220903200.0,0.0,1490505.302868612,242.62889714211585,216.26070831603204,579523123.1031697,0.0,0.00126324531548636
R1030_S+02,1030,2,228792600.0,0.0,1479716.064554453,242.6357208596085,216.27524667073556,579523123.1031697,0.0,0.001263383700997659
R1030_S+02,1030,2,236682000.0,0.0,1473193.702944493,242.63963241111807,216.28392904727212,579523123.1031697,0.0,0.0012634673994932546
R1030_S+02,1030,2,244571400.0,0.0,1469151.933966538,242.64193206184717,216.28924738981297,579523123.1031698,0.0,0.001263519285931311
R1030_S+02,1030,2,252460800.0,0.0,1466743.029671153,242.64322661445826,216.29237879651723,579523123.1031697,0.0,0.0012635502216349131
R1030_S+02,1030,2,260350200.0,0.0,1465193.9883435164,242.64401748559635,216.2943711287852,579523123.1031697,0.0,0.0012635701205400759
R1030_S+02,1030,2,268239600.0,0.0,1464224.009496441,242.64448506960437,216.29560425431885,579523123.1031697,0.0,0.0012635825844843538
R1030_S+02,1030,2,276129000.0,0.0,1463669.9980605748,242.64473426540516,216.29629898017313,579523123.1031697,0.0,0.0012635897057103706
R1030_S+02,1030,2,284018400.0,0.0,1463348.9073701762,242.64486974932163,216.29669666964148,579523123.1031697,0.0,0.001263593834256461
R1030_S+02,1030,2,291907800.0,0.0,1463123.3986021653,242.64496068816254,216.29697358278304,579523123.1031697,0.0,0.0012635967343576527
R1030_S+02,1030,2,299797200.0,0.0,1462986.5647150073,242.64501225753193,216.29713950975932,579523123.1031698,0.0,0.0012635984945684174
R1030_S+02,1030,2,307686600.0,0.0,1462907.1400911845,242.6450400422352,216.29723452905353,579523123.1031698,0.0,0.0012635995165747455
R1030_S+02,1030,2,315576000.0,0.0,1462860.8923493996,242.64505509952363,216.29728915739778,579523123.1031697,0.0,0.0012636001118457615
R1030_S+03,1030,3,0.0,8.46139968911441,0.0,0.0,0.0,0.0,0.0,0.0
R1030_S+03,1030,3,7889400.0,8.46139968911441,12403733.172700003,82.61687040160899,72.18919040995614,66755366.70729928,0.0,0.0001387583664025049
R1030_S+03,1030,3,15778800.0,8.46139968911441,12829536.788951293,117.31420460377637,101.96143227078676,133510733.41459845,0.0,0.0002775227036432283
R1030_S+03,1030,3,23668200.0,8.46139968911441,13079465.1417666,140.9547744219523,125.39376892544401,200266100.12189788,0.0,0.0004162902365571457
R1030_S+03,1030,3,31557600.0,8.46139968911441,13263831.239250742,166.07285677529282,143.9452140445274,267021466.82919702,0.0,0.0005550274044004798
R1030_S+03,1030,3,39447000.0,8.46139968911441,13415225.135899026,185.66943469072947,160.98742029994165,333776833.5364965,0.0,0.0006937140264578078
R1030_S+03,1030,3,47336400.0,4.743914952131501,8130387.087554388,193.45234645639422,172.19173860283155,371203476.1598427,0.0,0.0007849226817683721
R1030_S+03,1030,3,55225800.0,4.743914952131501,7841766.333577409,207.38428530583397,179.94479967311244,408630118.78318924,0.0,0.0008662043672166981
R1030_S+03,1030,3,63115200.0,4.743914952131501,7757639.953130063,213.90036812584935,186.92026711174066,446056761.4065354,0.0,0.0009462897081259575
R1030_S+03,1030,3,71004600.0,4.743914952131501,7750145.454084385,219.7117362539731,196.53107392777622,483483404.0298816,0.0,0.0010258545739600601
R1030_S+03,1030,3,78894000.0,4.743914952131501,7782494.6800769195,233.55138117654934,202.41224118620747,520910046.6532279,0.0,0.0011050775168723493
R1030_S+03,1030,3,86783400.0,2.9160101620777694,5530830.446968228,237.7698731353171,206.18024021249965,543915617.225924,0.0,0.001162416158665632
R1030_S+03,1030,3,94672800.0,2.9160101620777694,5375831.062304933,240.59509155754535,212.44526564388767,566921187.7986205,0.0,0.00121319885509661
R1030_S+03,1030,3,102562200.0,2.9160101620777694,5332791.522141397,243.43009218093772,217.6652774840771,589926758.3713167,0.0,0.001262891176770187
R1030_S+03,1030,3,110451600.0,2.9160101620777694,5333711.118482694,250.222297565554,221.51896509859483,612932328.944013,0.0,0.001312121402602256
R1030_S+03,1030,3,118341000.0,2.9160101620777694,5357885.145955995,257.97016359701996,224.70970915721364,635937899.5167093,0.0,0.0013610793117992857
R1030_S+03,1030,3,126230400.0,2.9776853189532133,5466612.671185873,262.4758531926873,227.63048708338027,659430050.0720589,0.0,0.0014105753519702206
R1030_S+03,1030,3,134119800.0,2.9776853189532133,5517014.042622238,265.5356711801697,230.44247644085482,682922200.6274086,0.0,0.001460196171999118
R1030_S+03,1030,3,142009200.0,2.9776853189532133,5569261.807808131,268.0210960067282,235.29721496550903,706414351.1827579,0.0,0.0015097518479919875
R1030_S+03,1030,3,149898600.0,2.9776853189532133,5622537.940460619,270.40148246713545,240.7409603096951,729906501.738107,0.0,0.001559253244025553
R1030_S+03,1030,3,157788000.0,2.9776853189532133,5676182.615270231,272.9610303124316,244.82664918331307,753398652.2934564,0.0,0.0016087063865967025
R1030_S+03,1030,3,165677400.0,0.0,2532362.3850906007,274.0136590260182,246.17312723216338,753398652.2934563,0.0,0.001625140517710699
R1030_S+03,1030,3,173566800.0,0.0,2244959.90649046,274.3136560653905,246.5325344083903,753398652.2934564,0.0,0.0016297362963857433
R1030_S+03,1030,3,181456200.0,0.0,2110126.000313416,274.454405167983,246.69995995246734,753398652.2934563,0.0,0.0016319223565191023
R1030_S+03,1030,3,189345600.0,0.0,2024124.0431848317,274.5433556853995,246.8061673235858,753398652.2934563,0.0,0.0016333253030870745
R1030_S+03,1030,3,197235000.0,0.0,1978124.1820813455,274.5892742127289,246.86237621221136,753398652.2934563,0.0,0.0016340791536877492
R1030_S+03,1030,3,205124400.0,0.0,1951744.763795767,274.61455714932544,246.89425630934215,753398652.2934563,0.0,0.0016345124147735565
R1030_S+03,1030,3,213013800.0,0.0,1934117.9044218734,274.63087154272404,246.91537074854944,753398652.2934564,0.0,0.0016348022754915064
R1030_S+03,1030,3,220903200.0,0.0,1923980.750914462,274.63977455417864,246.92736242852334,753398652.2934563,0.0,0.001634969154088188
R1030_S+03,1030,3,228792600.0,0.0,1917469.7108888067,274.65477856981806,246.93498557250084,753398652.2934563,0.0,0.0016350764130081377
R1030_S+03,1030,3,236682000.0,0.0,1913342.6631898358,274.6685281989818,246.93976426294844,753398652.2934564,0.0,0.001635144440409769
R1030_S+03,1030,3,244571400.0,0.0,1910852.6610676944,274.6763507300047,246.94261129288006,753398652.2934564,0.0,0.0016351855081478122
R1030_S+03,1030,3,252460800.0,0.0,1909370.1937952936,274.68073034638047,246.94428454477446,753398652.2934563,0.0,0.0016352099721501359
R1030_S+03,1030,3,260350200.0,0.0,1908475.5559145175,274.6832176304182,246.94528176785124,753398652.2934563,0.0,0.0016352247431782327
R1030_S+03,1030,3,268239600.0,0.0,1907928.3085516654,274.68464962562757,246.94588435499298,753398652.2934563,0.0,0.0016352337827701437
R1030_S+03,1030,3,276129000.0,0.0,1907610.3197140284,274.68542812093074,246.9462299365012,753398652.2934563,0.0,0.0016352390381224214
R1030_S+03,1030,3,284018400.0,0.0,1907412.6433882676,274.68588483599615,246.94644237541334,753398652.2934563,0.0,0.001635242306460997
R1030_S+03,1030,3,291907800.0,0.0,1907289.276561521,274.686153657499,246.946573494321,753398652.2934564,0.0,0.0016352443470104019
R1030_S+03,1030,3,299797200.0,0.0,1907212.5888681114,274.6863110508253,246.94665410149378,753398652.2934563,0.0,0.00163524561597942
R1030_S+03,1030,3,307686600.0,0.0,1907164.5111878812,274.6864039763248,246.94670408876965,753398652.2934563,0.0,0.001635246411837905
R1030_S+03,1030,3,315576000.0,0.0,1907134.7192175724,274.68645809384213,246.94673472473931,753398652.2934563,0.0,0.0016352469051998373
R1031_S+00,1031,0,0.0,1.1042005130452532,0.0,0.0,0.0,0.0,0.0,0.0
R1031_S+00,1031,0,7889400.0,1.1042005130452532,824844.1632885467,46.658493590083424,40.57261163419934,8711479.527619228,0.0,3.520846354036303e-05
R1031_S+00,1031,0,15778800.0,1.1042005130452532,845471.0374755394,65.65086387607647,57.10769759683309,17422959.05523842,0.0,7.040824683296625e-05
R1031_S+00,1031,0,23668200.0,1.1042005130452532,877793.9878855981,80.33347551278823,70.12595641999626,26134438.58285763,0.0,0.00010558484694387469
R1031_S+00,1031,0,31557600.0,1.1042005130452532,915230.4410806373,92.1315227492688,80.32060192993272,34845918.11047685,0.0,0.00014073358458417546
R1031_S+00,1031,0,39447000.0,1.1042005130452532,955514.0160370581,102.7888119670601,89.61911850697574,43557397.63809607,0.0,0.0001758526447602536
R1031_S+00,1031,0,47336400.0,1.0276192907316484,947091.1559718717,111.87969374255671,97.866972808923,51664697.27039438,0.0,0.0002085763328765394
R1031_S+00,1031,0,55225800.0,1.0276192907316484,986700.163432464,117.67767818944768,105.38932898800192,59771996.90269265,0.0,0.00024121651723108705
R1031_S+00,1031,0,63115200.0,1.0276192907316484,1027813.3797263559,127.34875444245529,111.07953362329486,67879296.53499097,0.0,0.0002738281703029722
R1031_S+00,1031,0,71004600.0,1.0276192907316484,1069308.677603269,131.65576137681145,118.0671421330434,75986596.16728923,0.0,0.00030641324413322574
R1031_S+00,1031,0,78894000.0,1.0276192907316484,1111094.6069372576,140.83271734959513,123.0860052284425,84093895.79958746,0.0,0.0003389713000735631
R1031_S+00,1031,0,86783400.0,1.0570924575682972,1171968.64998311,145.3411593124779,129.02105721626586,92433721.0343268,0.0,0.0003723930174575741
R1031_S+00,1031,0,94672800.0,1.0570924575682972,1215595.204439314,149.9330337043071,134.4771886494447,100773546.26906611,0.0,0.00040582439840979533
R1031_S+00,1031,0,102562200.0,1.0570924575682972,1258905.2040369008,158.7069130429231,138.6808571087227,109113371.50380546,0.0,0.00043922936312632666
R1031_S+00,1031,0,110451600.0,1.0570924575682972,1302626.2641462162,162.2973712193062,144.10474265740007,117453196.7385448,0.0,0.00047260465652521565
R1031_S+00,1031,0,118341000.0,1.0570924575682972,1345841.2675929293,165.5014209896724,149.03119902122756,125793021.97328411,0.0,0.0005059546905572603
R1031_S+00,1031,0,126230400.0,1.1926200135551996,1473850.4943474103,174.88719510793047,153.34921166110033,135202078.30822647,0.0,0.0005432862610469948
R1031_S+00,1031,0,134119800.0,1.1926200135551996,1525348.386286039,179.61652793060125,157.3924077577931,144611134.6431688,0.0,0.0005808130520561947
R1031_S+00,1031,0,142009200.0,1.1926200135551996,1575090.9764517061,182.73389152216322,163.61562292558787,154020190.97811133,0.0,0.000618313554333918
R1031_S+00,1031,0,149898600.0,1.1926200135551996,1623346.5903382823,186.20795769621145,167.90604608749032,163429247.31305367,0.0,0.0006557881733273728
R1031_S+00,1031,0,157788000.0,1.1926200135551996,1672205.3790034372,195.60602757525714,171.59007700738184,172838303.647996,0.0,0.000693224281244526
R1031_S+00,1031,0,165677400.0,0.0,1009785.5523978826,196.03091504198545,171.8637026305704,172838303.647996,0.0,0.000696085805222071
R1031_S+00,1031,0,173566800.0,0.0,982548.4028022774,196.0480641399787,171.8747605689142,172838303.647996,0.0,0.0006963117390526435
R1031_S+00,1031,0,181456200.0,0.0,976128.3706444707,196.049568051674,171.87528413619867,172838303.647996,0.0,0.0006963705968503968
R1031_S+00,1031,0,189345600.0,0.0,973446.8876763154,196.04980014702252,171.8751241476019,172838303.647996,0.0,0.0006963963789443946
R1031_S+00,1031,0,197235000.0,0.0,972072.9635951538,196.04984038172623,171.8749579400345,172838303.647996,0.0,0.0006964099312286098
R1031_S+00,1031,0,205124400.0,0.0,971373.1377476193,196.04984633032524,171.87485528062106,172838303.647996,0.0,0.000696416954473558
R1031_S+00,1031,0,213013800.0,0.0,970910.7375699282,196.04984776711436,171.8747838881791,172838303.647996,0.0,0.0006964216288465337
R1031_S+00,1031,0,220903200.0,0.0,970657.0690972954,196.04984791761967,171.8747435150333,172838303.647996,0.0,0.0006964242154984733
R1031_S+00,1031,0,228792600.0,0.0,970501.6758801192,196.04984794194462,171.87471856880714,172838303.647996,0.0,0.0006964258069553387
R1031_S+00,1031,0,236682000.0,0.0,970406.0589318164,196.04984794577618,171.8747031511908,172838303.647996,0.0,0.0006964267892792168
R1031_S+00,1031,0,244571400.0,0.0,970345.5340009015,196.0498479464067,171.87469337137574,172838303.647996,0.0,0.0006964274121671667
R1031_S+00,1031,0,252460800.0,0.0,970308.0976443216,196.04984794650417,171.8746873117409,172838303.647996,0.0,0.0006964277980704944
R1031_S+00,1031,0,260350200.0,0.0,970283.8140307087,196.04984794652137,171.874683379832,172838303.647996,0.0,0.0006964280484636761
R1031_S+00,1031,0,268239600.0,0.0,970269.2843309455,196.04984794652384,171.87468102386438,172838303.647996,0.0,0.000696428198495797
R1031_S+00,1031,0,276129000.0,0.0,970258.6676525697,196.04984794652438,171.8746793032795,172838303.647996,0.0,0.000696428308065389
R1031_S+00,1031,0,284018400.0,0.0,970252.2655654363,196.04984794652438,171.87467826523658,172838303.647996,0.0,0.0006964283741695484
R1031_S+00,1031,0,291907800.0,0.0,970248.2108819131,196.04984794652438,171.87467760777827,172838303.647996,0.0,0.0006964284160374828
R1031_S+00,1031,0,299797200.0,0.0,970245.7330307439,196.04984794652438,171.87467720599048,172838303.647996,0.0,0.0006964284416239331
R1031_S+00,1031,0,307686600.0,0.0,970244.2196277324,196.04984794652438,171.87467696041253,172838303.647996,0.0,0.0006964284572627065
R1031_S+00,1031,0,315576000.0,0.0,970243.1665668115,196.04984794652438,171.8746767896655,172838303.647996,0.0,0.0006964284681361344
R1031_S+01,1031,1,0.0,0.2027454117491966,0.0,0.0,0.0,0.0,0.0,0.0
R1031_S+01,1031,1,7889400.0,0.2027454117491966,174209.3900705278,19.855914728211545,17.799420741319892,1599539.6514541237,0.0,6.4981569416070815e-06
R1031_S+01,1031,1,15778800.0,0.2027454117491966,173495.35280170664,27.779190799741155,24.92226870249147,3199079.3029082483,0.0,1.2996111287907428e-05
R1031_S+01,1031,1,23668200.0,0.2027454117491966,177732.51878284663,34.21739657832372,30.21710057083719,4798618.954362357,0.0,1.949323014154004e-05
R1031_S+01,1031,1,31557600.0,0.2027454117491966,183425.05899924412,38.8734356538917,34.917588403300435,6398158.605816448,0.0,2.5989384901469605e-05
R1031_S+01,1031,1,39447000.0,0.2027454117491966,189744.68756308034,43.34370820025098,38.891574676317994,7997698.257270571,0.0,3.248453358436018e-05
R1031_S+01,1031,1,47336400.0,0.4438338876307377,366878.5850837268,52.75831523361439,45.955159220811154,11499281.330344532,0.0,4.663974034740886e-05
R1031_S+01,1031,1,55225800.0,0.4438338876307377,383871.3585220538,59.61328877988393,52.61543441440422,15000864.403418452,0.0,6.0831881279497804e-05
R1031_S+01,1031,1,63115200.0,0.4438338876307377,400369.27999049425,66.28775481637669,57.94091728735382,18502447.47649234,0.0,7.501977238580777e-05
R1031_S+01,1031,1,71004600.0,0.4438338876307377,417278.7065311484,72.62613968204917,63.27346046503274,22004030.54956623,0.0,8.92027442691816e-05
R1031_S+01,1031,1,78894000.0,0.4438338876307377,434083.4823682122,75.98922045799722,68.37660335190134,25505613.622640092,0.0,0.00010338088912762771
R1031_S+01,1031,1,86783400.0,1.0578595952520071,864483.9949926734,89.8971868527342,78.54547745477066,33851491.1134213,0.0,0.00013676763389298423
R1031_S+01,1031,1,94672800.0,1.0578595952520071,911572.2814060301,100.2504640350129,87.66930257392974,42197368.60420248,0.0,0.00017041646931756772
R1031_S+01,1031,1,102562200.0,1.0578595952520071,953730.24255451,107.39183578528048,96.19098690140609,50543246.094983675,0.0,0.00020404357376012047
R1031_S+01,1031,1,110451600.0,1.0578595952520071,996294.7958298884,116.5681270826979,103.5565447923536,58889123.5857649,0.0,0.00023764237142839494
R1031_S+01,1031,1,118341000.0,1.0578595952520071,1039137.0470684562,125.98019544152947,110.0559912110976,67235001.07654607,0.0,0.00027121303460175903
R1031_S+01,1031,1,126230400.0,2.0448225346130053,1733577.8957372196,139.9163637088063,122.46143095407847,83367423.98112196,0.0,0.0003347239746177359
R1031_S+01,1031,1,134119800.0,2.0448225346130053,1828142.5732916817,149.5019415994412,134.2273483410626,99499846.88569777,0.0,0.0003991677383255227
R1031_S+01,1031,1,142009200.0,2.0448225346130053,1914289.0475712381,162.57953796977884,144.3394254772236,115632269.79027358,0.0,0.0004635330765249388
R1031_S+01,1031,1,149898600.0,2.0448225346130053,1999632.8432642631,175.40067732593124,153.43160945327398,131764692.69484952,0.0,0.0005277991345289591
R1031_S+01,1031,1,157788000.0,2.0448225346130053,2085362.9624853395,182.54779819849685,162.97140764681183,147897115.59942523,0.0,0.0005919609997531512
R1031_S+01,1031,1,165677400.0,0.0,906461.1646372136,182.94657494486714,163.64949655869313,147897115.5994252,0.0,0.0005961823060713554
R1031_S+01,1031,1,173566800.0,0.0,869261.5656970758,182.96008188134462,163.67161122983688,147897115.59942523,0.0,0.0005964285015683365
R1031_S+01,1031,1,181456200.0,0.0,859629.0289155394,182.96171673227553,163.67369551053534,147897115.59942523,0.0,0.0005964962357952856
R1031_S+01,1031,1,189345600.0,0.0,855820.9861033596,182.9619478147733,163.6736042684345,147897115.5994252,0.0,0.000596524116673752
R1031_S+01,1031,1,197235000.0,0.0,854127.83736315,182.96197240672834,163.67336937392807,147897115.5994252,0.0,0.0005965368130411757
R1031_S+01,1031,1,205124400.0,0.0,853269.1178461611,182.96197531503987,163.6732224268825,147897115.5994252,0.0,0.000596543324955353
R1031_S+01,1031,1,213013800.0,0.0,852798.3162249997,182.96197574695938,163.67313771265987,147897115.5994252,0.0,0.0005965469189393179
R1031_S+01,1031,1,220903200.0,0.0,852489.5127862692,182.9619758390574,163.6730813499102,147897115.59942523,0.0,0.0005965492824802793
R1031_S+01,1031,1,228792600.0,0.0,852313.4471196942,182.96197585005746,163.67304894132383,147897115.5994252,0.0,0.0005965506349259506
R1031_S+01,1031,1,236682000.0,0.0,852199.6251482628,182.96197585206087,163.6730279378973,147897115.59942526,0.0,0.0005965515105040984
R1031_S+01,1031,1,244571400.0,0.0,852126.9991444144,182.96197585235578,163.67301452078124,147897115.59942526,0.0,0.000596552069630874
R1031_S+01,1031,1,252460800.0,0.0,852084.2218989674,182.96197585238653,163.67300660697057,147897115.59942526,0.0,0.0005965523993870837
R1031_S+01,1031,1,260350200.0,0.0,852056.8687330112,182.96197585239165,163.67300154518145,147897115.59942523,0.0,0.0005965526102999682
R1031_S+01,1031,1,268239600.0,0.0,852039.843674818,182.96197585239233,163.67299839275563,147897115.5994252,0.0,0.0005965527416534109
R1031_S+01,1031,1,276129000.0,0.0,852028.7672404125,182.9619758523924,163.67299634239592,147897115.59942523,0.0,0.0005965528270864774
R1031_S+01,1031,1,284018400.0,0.0,852022.127253063,182.9619758523924,163.67299511214821,147897115.5994252,0.0,0.0005965528783476167
R1031_S+01,1031,1,291907800.0,0.0,852017.2799957655,182.9619758523924,163.67299421463773,147897115.5994252,0.0,0.0005965529157444907
R1031_S+01,1031,1,299797200.0,0.0,852014.3387246318,182.9619758523924,163.67299366996576,147897115.59942523,0.0,0.0005965529384395155
R1031_S+01,1031,1,307686600.0,0.0,852012.5442322679,182.9619758523924,163.67299333768614,147897115.59942523,0.0,0.0005965529522847177
R1031_S+01,1031,1,315576000.0,0.0,852011.4603752606,182.9619758523924,163.67299313684381,147897115.59942523,0.0,0.0005965529606532849
R1031_S+02,1031,2,0.0,0.8800452432181463,0.0,0.0,0.0,0.0,0.0,0.0
R1031_S+02,1031,2,7889400.0,0.8800452432181463,666275.0405487362,41.77643612492392,36.32584347192934,6943028.941845244,0.0,2.809477703600095e-05
R1031_S+02,1031,2,15778800.0,0.8800452432181463,680507.3186161537,58.667338270347635,51.027101076392846,13886057.883690473,0.0,5.618413453215021e-05
R1031_S+02,1031,2,23668200.0,0.8800452432181463,705112.037086729,71.59565203842168,62.591133873613344,20829086.82553571,0.0,8.425886258403318e-05
R1031_S+02,1031,2,31557600.0,0.8800452432181463,734164.283020189,82.2829546672476,71.68063565832094,27772115.76738096,0.0,0.00011231585205855785
R1031_S+02,1031,2,39447000.0,0.8800452432181463,766241.6572157051,91.80301644174259,79.99020778873447,34715144.70922621,0.0,0.00014035346038384302
R1031_S+02,1031,2,47336400.0,0.511708760433244,556556.5133263394,94.79760628201731,85.12535132607591,38752219.803788245,0.0,0.00015690402646238835
R1031_S+02,1031,2,55225800.0,0.511708760433244,572132.2704492379,101.45931724267531,88.47569252047215,42789294.8983503,0.0,0.00017322221381299075
R1031_S+02,1031,2,63115200.0,0.511708760433244,591413.34386025,104.23771999114868,92.58338955970146,46826369.99291235,0.0,0.00018952907220208656
R1031_S+02,1031,2,71004600.0,0.511708760433244,611590.1987737268,107.19766610358033,96.22174468072618,50863445.08747445,0.0,0.00020582822231885923
R1031_S+02,1031,2,78894000.0,0.511708760433244,631963.4804091714,113.40925954011468,99.02834020131014,54900520.18203647,0.0,0.00022212059917304144
R1031_S+02,1031,2,86783400.0,0.2724441515307177,501520.0987639725,114.72875558326932,100.30604221871633,57049941.07112295,0.0,0.00023102251662463562
R1031_S+02,1031,2,94672800.0,0.2724441515307177,507765.5559031889,115.70766300811347,102.08129737518759,59199361.96020943,0.0,0.00023971157014220586
R1031_S+02,1031,2,102562200.0,0.2724441515307177,517074.56967153586,116.59286893069284,103.97037780392803,61348782.84929581,0.0,0.0002483921265686011
R1031_S+02,1031,2,110451600.0,0.2724441515307177,526932.4755491037,117.48146204816692,105.46233720133071,63498203.73838219,0.0,0.0002570697402532011
R1031_S+02,1031,2,118341000.0,0.2724441515307177,536931.8988325335,118.44175943881746,106.73828750555423,65647624.62746858,0.0,0.00026574544646844187
R1031_S+02,1031,2,126230400.0,0.1622514165105678,479749.7401525639,118.88604446167858,107.26478463579885,66927690.95288713,0.0,0.00027103097147571813
R1031_S+02,1031,2,134119800.0,0.1622514165105678,481962.7238284219,119.56484811336317,107.75605883296465,68207757.27830558,0.0,0.0002762093621919504
R1031_S+02,1031,2,142009200.0,0.1622514165105678,486662.0906210784,121.14343491575448,108.23848803591929,69487823.60372399,0.0,0.0002813802759462876
R1031_S+02,1031,2,149898600.0,0.1622514165105678,491753.4364651125,122.46831986042677,108.71815290465896,70767889.92914245,0.0,0.0002865495973167777
R1031_S+02,1031,2,157788000.0,0.1622514165105678,496942.88255070336,123.58791743667304,109.19487325901875,72047956.25456092,0.0,0.00029171809365312286
R1031_S+02,1031,2,165677400.0,0.0,406921.84216218255,123.62407935597938,109.21181141695827,72047956.25456093,0.0,0.00029193584911379946
R1031_S+02,1031,2,173566800.0,0.0,401383.52038187906,123.62593555824661,109.21251818301629,72047956.25456093,0.0,0.00029195761570280067
R1031_S+02,1031,2,181456200.0,0.0,399713.5718862843,123.62618032066709,109.21252272504125,72047956.25456092,0.0,0.0002919646678998307
R1031_S+02,1031,2,189345600.0,0.0,399002.06584210135,123.6262167739729,109.21247398069616,72047956.25456093,0.0,0.0002919678105411644
R1031_S+02,1031,2,197235000.0,0.0,398647.4921453763,123.62622226828685,109.2124388063344,72047956.25456093,0.0,0.00029196941803816067
R1031_S+02,1031,2,205124400.0,0.0,398453.4256223645,123.62622310686757,109.21241731793828,72047956.25456092,0.0,0.000291970311881797
R1031_S+02,1031,2,213013800.0,0.0,398342.064950604,123.62622323303624,109.21240450581837,72047956.25456093,0.0,0.00029197083017260293
R1031_S+02,1031,2,220903200.0,0.0,398275.16946452484,123.62622325249671,109.21239669375353,72047956.25456092,0.0,0.00029197114365759567
R1031_S+02,1031,2,228792600.0,0.0,398234.7580028698,123.62622325538806,109.2123919407565,72047956.25456092,0.0,0.000291971333939514
R1031_S+02,1031,2,236682000.0,0.0,398209.34028112143,123.62622325584724,109.21238894060934,72047956.25456092,0.0,0.0002919714539699403
R1031_S+02,1031,2,244571400.0,0.0,398193.9027373027,123.62622325591425,109.2123871140427,72047956.25456093,0.0,0.00029197152703368853
R1031_S+02,1031,2,252460800.0,0.0,398183.57382874005,123.62622325592588,109.21238589058726,72047956.25456092,0.0,0.0002919715759702238
R1031_S+02,1031,2,260350200.0,0.0,398177.1053029932,123.62622325592739,109.21238512369908,72047956.25456093,0.0,0.0002919716066441894
R1031_S+02,1031,2,268239600.0,0.0,398173.18410048634,123.6262232559274,109.21238465856248,72047956.25456092,0.0,0.0002919716252486235
R1031_S+02,1031,2,276129000.0,0.0,398170.82700314187,123.6262232559274,109.21238437879086,72047956.25456093,0.0,0.00029197163643886474
R1031_S+02,1031,2,284018400.0,0.0,398169.1388181932,123.6262232559274,109.21238417844286,72047956.25456092,0.0,0.0002919716444523369
R1031_S+02,1031,2,291907800.0,0.0,398168.13207226805,123.6262232559274,109.21238405893459,72047956.25456093,0.0,0.0002919716492323985
R1031_S+02,1031,2,299797200.0,0.0,398167.49703870714,123.6262232559274,109.21238398354156,72047956.25456092,0.0,0.00029197165224795007
R1031_S+02,1031,2,307686600.0,0.0,398167.088623764,123.6262232559274,109.21238393505486,72047956.25456093,0.0,0.0002919716541873086
R1031_S+02,1031,2,315576000.0,0.0,398166.8345075622,123.6262232559274,109.21238390488149,72047956.25456092,0.0,0.0002919716553941753
R1031_S+03,1031,3,0.0,1.751864173998081,0.0,0.0,0.0,0.0,0.0,0.0
R1031_S+03,1031,3,7889400.0,1.751864173998081,1283991.7132150065,58.62779558986711,50.99275926885173,13821157.214340486,0.0,5.567521900530478e-05
R1031_S+03,1031,3,15778800.0,1.751864173998081,1323719.1538709532,82.49687314817412,71.89272141948408,27642314.428680934,0.0,0.00011132802160153739
R1031_S+03,1031,3,23668200.0,1.751864173998081,1376927.7393749356,101.37291397077578,88.29359843663185,41463471.64302141,0.0,0.00016692402647226304
R1031_S+03,1031,3,31557600.0,1.751864173998081,1438040.0105077922,115.72573083378639,101.35324734502812,55284628.857361875,0.0,0.00022245072924374033
R1031_S+03,1031,3,39447000.0,1.751864173998081,1503759.3755504321,129.10863013758654,112.7980080704989,69105786.0717023,0.0,0.00027790295723141795
R1031_S+03,1031,3,47336400.0,3.2508852385166978,2593640.3672570363,148.1029101161846,133.00829978150534,94753320.07245587,0.0,0.00037843371917749746
R1031_S+03,1031,3,55225800.0,3.2508852385166978,2737625.5292160884,166.36756315760223,149.61905162827324,120400854.0732095,0.0,0.00048030450849989034
R1031_S+03,1031,3,63115200.0,3.2508852385166978,2872381.9284735136,183.68651385766165,164.53951908486346,146048388.07396314,0.0,0.0005819605692200267
R1031_S+03,1031,3,71004600.0,3.2508852385166978,3007343.0906081237,201.2263806692694,175.98643113629467,171695922.07471657,0.0,0.0006833705238594368
R1031_S+03,1031,3,78894000.0,3.2508852385166978,3143713.210153006,215.18504120809308,189.65493171510147,197343456.0754703,0.0,0.0007845256919225625
R1031_S+03,1031,3,86783400.0,3.9161796807998686,3730165.623083934,228.1164719169574,203.6796676534285,228239764.04917285,0.0,0.0009041496050640132
R1031_S+03,1031,3,94672800.0,3.9161796807998686,3908014.48687391,246.29141362177083,215.2694578200855,259136072.0228755,0.0,0.001024993948919503
R1031_S+03,1031,3,102562200.0,3.9161796807998686,4078557.315665435,255.37264578151783,228.49868139890953,290032379.9965778,0.0,0.001145532547987639
R1031_S+03,1031,3,110451600.0,3.9161796807998686,4247205.03177594,271.9452497171148,238.67223886891637,320928687.9702803,0.0,0.0012657313788899858
R1031_S+03,1031,3,118341000.0,3.9161796807998686,4416077.158629194,281.89109903843786,248.82949944625702,351824995.94398266,0.0,0.001385572029502771
R1031_S+03,1031,3,126230400.0,3.747747500847591,4472671.217737794,288.4918253856487,259.8057384421679,381392475.0771698,0.0,0.001500615716782622
R1031_S+03,1031,3,134119800.0,3.747747500847591,4628554.942884766,305.0242318534285,267.5820082744871,410959954.2103568,0.0,0.0016147720407136649
R1031_S+03,1031,3,142009200.0,3.747747500847591,4788196.808252174,313.402586967564,274.7364775505507,440527433.3435433,0.0,0.0017285569416954048
R1031_S+03,1031,3,149898600.0,3.747747500847591,4948406.055914484,318.93873997911015,285.8753264855848,470094912.4767302,0.0,0.0018420138972105053
R1031_S+03,1031,3,157788000.0,3.747747500847591,5105136.159025367,326.0246883023516,293.41135635987575,499662391.6099173,0.0,0.001955222297804466
R1031_S+03,1031,3,165677400.0,0.0,2959575.104036294,329.7109052355778,294.53013628311055,499662391.6099173,0.0,0.001973606095255365
R1031_S+03,1031,3,173566800.0,0.0,2861487.195515625,329.94078100574006,294.60419896132674,499662391.60991716,0.0,0.0019757930035051476
R1031_S+03,1031,3,181456200.0,0.0,2833260.614615433,329.9749358287435,294.6128438824163,499662391.6099173,0.0,0.0019764771533896997
R1031_S+03,1031,3,189345600.0,0.0,2822058.7537557,329.9804847116881,294.61267311166773,499662391.6099173,0.0,0.00197676552456331
R1031_S+03,1031,3,197235000.0,0.0,2817074.193219345,329.9812884203395,294.61175227790596,499662391.6099173,0.0,0.0019768989870377132
R1031_S+03,1031,3,205124400.0,0.0,2814297.6289615,329.9814503871816,294.6110756999956,499662391.6099172,0.0,0.001976974656521129
R1031_S+03,1031,3,213013800.0,0.0,2812803.7222616486,329.9814782396114,294.6106712762188,499662391.60991716,0.0,0.001977015993082219
R1031_S+03,1031,3,220903200.0,0.0,2811785.6698195487,329.9814859288394,294.6103871423747,499662391.6099173,0.0,0.0019770443098746926
R1031_S+03,1031,3,228792600.0,0.0,2811171.9274697453,329.98148702585894,294.610212390127,499662391.6099173,0.0,0.001977061484625268
R1031_S+03,1031,3,236682000.0,0.0,2810821.4834416285,329.98148714748186,294.61011162878845,499662391.60991716,0.0,0.001977071348691407
R1031_S+03,1031,3,244571400.0,0.0,2810602.346719172,329.9814871697289,294.6100483799439,499662391.6099172,0.0,0.0019770775356829275
R1031_S+03,1031,3,252460800.0,0.0,2810460.754646536,329.9814871740517,294.6100074635112,499662391.60991716,0.0,0.0019770815371320176
R1031_S+03,1031,3,260350200.0,0.0,2810372.7314145938,329.9814871748218,294.60998196313903,499662391.6099173,0.0,0.001977084030745971
R1031_S+03,1031,3,268239600.0,0.0,2810312.84841365,329.98148717499146,294.609964617649,499662391.60991716,0.0,0.0019770857268722832
R1031_S+03,1031,3,276129000.0,0.0,2810274.4566842467,329.9814871750183,294.6099534955199,499662391.6099173,0.0,0.0019770868144368737
R1031_S+03,1031,3,284018400.0,0.0,2810250.7354468033,329.9814871750219,294.6099466196981,499662391.60991716,0.0,0.001977087486779154
R1031_S+03,1031,3,291907800.0,0.0,2810235.7988235913,329.981487175022,294.60994228455064,499662391.60991716,0.0,0.0019770879106849274
R1031_S+03,1031,3,299797200.0,0.0,2810225.7552170753,329.981487175022,294.6099393707092,499662391.60991716,0.0,0.0019770881956104073
R1031_S+03,1031,3,307686600.0,0.0,2810219.1278072335,329.981487175022,294.6099374500233,499662391.6099172,0.0,0.001977088383421699
R1031_S+03,1031,3,315576000.0,0.0,2810215.108834181,329.981487175022,294.60993628370807,499662391.6099172,0.0,0.001977088497468028
R1032_S+00,1032,0,0.0,0.6436972463497549,0.0,0.0,0.0,0.0,0.0,0.0
R1032_S+00,1032,0,7889400.0,0.6436972463497549,684594.4977274314,32.9157846187486,28.297294494927392,5078385.055351761,0.0,4.638035497489813e-05
R1032_S+00,1032,0,15778800.0,0.6436972463497549,732469.6427193116,47.06873911041521,39.9214138120869,10156770.110703524,0.0,9.273237268725758e-05
R1032_S+00,1032,0,23668200.0,0.6436972463497549,788761.0660419799,56.50314654295964,48.576074997323836,15235155.166055284,0.0,0.0001390399325269741
R1032_S+00,1032,0,31557600.0,0.6436972463497549,845314.6775420867,65.8086104826235,56.02953449329077,20313540.22140705,0.0,0.0001853036911261157
R1032_S+00,1032,0,39447000.0,0.6436972463497549,903356.5466968827,73.27678943420932,62.48172734296569,25391925.27675881,0.0,0.0002315180093576309
R1032_S+00,1032,0,47336400.0,0.6292663830416035,944066.4041601066,79.94756091184692,68.31048056738902,30356459.47912725,0.0,0.0002766686475130434
R1032_S+00,1032,0,55225800.0,0.6292663830416035,1000646.6426308509,83.60889627931952,72.97554948303573,35320993.68149568,0.0,0.0003217569102773416
R1032_S+00,1032,0,63115200.0,0.6292663830416035,1056122.0500168465,91.10298793151675,78.06696656003886,40285527.883864105,0.0,0.0003668025283404961
R1032_S+00,1032,0,71004600.0,0.6292663830416035,1111178.469703991,93.71399693468645,82.85091890192696,45250062.08623253,0.0,0.0004118044215511175
R1032_S+00,1032,0,78894000.0,0.6292663830416035,1166669.884334771,101.23345816763207,86.88711449151835,50214596.28860096,0.0,0.000456757917087163
R1032_S+00,1032,0,86783400.0,0.9945347889273157,1658376.0257273354,108.52715815202265,93.84496327142841,58060879.05236418,0.0,0.00052701507663736
R1032_S+00,1032,0,94672800.0,0.9945347889273157,1751710.3283892088,114.02972201586664,98.54848903600644,65907161.816127345,0.0,0.0005977683766754629
R1032_S+00,1032,0,102562200.0,0.9945347889273157,1841452.8632134534,122.72771891147771,105.58105594750543,73753444.57989047,0.0,0.0006684214519342251
R1032_S+00,1032,0,110451600.0,0.9945347889273157,1932136.0213725828,126.69422719881481,109.53405161878916,81599727.34365362,0.0,0.0007389515780079185
R1032_S+00,1032,0,118341000.0,0.9945347889273157,2020794.5818349905,133.49443203356094,116.19145696921026,89446010.10741682,0.0,0.0008093811392518485
R1032_S+00,1032,0,126230400.0,1.7395024640068917,3087441.995658472,141.47315583943922,123.091534029025,103169640.84695293,0.0,0.0009299709517962432
R1032_S+00,1032,0,134119800.0,1.7395024640068917,3254601.545688901,153.8215476169048,132.2079487892915,116893271.58648895,0.0,0.001052287189663388
R1032_S+00,1032,0,142009200.0,1.7395024640068917,3421006.6173245534,158.24506151545046,139.4400031466712,130616902.32602482,0.0,0.0011742456556429843
R1032_S+00,1032,0,149898600.0,1.7395024640068917,3583077.87170982,170.74162961442704,146.85364177820597,144340533.065561,0.0,0.0012958974047709258
R1032_S+00,1032,0,157788000.0,1.7395024640068917,3746717.39012827,174.8591394932665,151.93804183956902,158064163.80509678,0.0,0.0014171824034595476
R1032_S+00,1032,0,165677400.0,0.0,1633713.3019610718,175.0760616709739,152.75195870943585,158064163.80509678,0.0,0.0014247717777616227
R1032_S+00,1032,0,173566800.0,0.0,1628631.4318022653,175.07716883148447,152.75787178902698,158064163.80509678,0.0,0.0014248445546322347
R1032_S+00,1032,0,181456200.0,0.0,1628456.133815512,175.0771879405517,152.75803226155915,158064163.80509678,0.0,0.0014248471135327478
R1032_S+00,1032,0,189345600.0,0.0,1628448.6219943855,175.07718833160746,152.75803766280168,158064163.80509678,0.0,0.0014248472245112173
R1032_S+00,1032,0,197235000.0,0.0,1628448.3858581558,175.0771883364726,152.75803779096523,158064163.80509678,0.0,0.0014248472280353277
R1032_S+00,1032,0,205124400.0,0.0,1628448.3660051022,175.07718833671316,152.758037800157,158064163.80509678,0.0,0.0014248472283329057
R1032_S+00,1032,0,213013800.0,0.0,1628448.3640066758,175.07718833672757,152.7580378009521,158064163.80509678,0.0,0.0014248472283629402
R1032_S+00,1032,0,220903200.0,0.0,1628448.3638421297,175.07718833672823,152.75803780100836,158064163.80509678,0.0,0.0014248472283654207
R1032_S+00,1032,0,228792600.0,0.0,1628448.3638115712,175.0771883367283,152.75803780101765,158064163.80509678,0.0,0.001424847228365882
R1032_S+00,1032,0,236682000.0,0.0,1628448.3638105392,175.0771883367283,152.75803780101782,158064163.80509678,0.0,0.0014248472283658975
R1032_S+00,1032,0,244571400.0,0.0,1628448.3638104796,175.0771883367283,152.7580378010179,158064163.80509678,0.0,0.0014248472283658986
R1032_S+00,1032,0,252460800.0,0.0,1628448.3638104722,175.0771883367283,152.75803780101785,158064163.80509678,0.0,0.0014248472283658986
R1032_S+00,1032,0,260350200.0,0.0,1628448.3638104703,175.0771883367283,152.75803780101785,158064163.80509678,0.0,0.0014248472283658986
R1032_S+00,1032,0,268239600.0,0.0,1628448.3638104703,175.0771883367283,152.75803780101785,158064163.80509678,0.0,0.0014248472283658986
R1032_S+00,1032,0,276129000.0,0.0,1628448.3638104703,175.0771883367283,152.75803780101785,158064163.80509678,0.0,0.0014248472283658986
R1032_S+00,1032,0,284018400.0,0.0,1628448.3638104703,175.0771883367283,152.75803780101785,158064163.80509678,0.0,0.0014248472283658986
R1032_S+00,1032,0,291907800.0,0.0,1628448.3638104703,175.0771883367283,152.75803780101785,158064163.80509678,0.0,0.0014248472283658986
R1032_S+00,1032,0,299797200.0,0.0,1628448.3638104703,175.0771883367283,152.75803780101785,158064163.80509678,0.0,0.0014248472283658986
R1032_S+00,1032,0,307686600.0,0.0,1628448.3638104703,175.0771883367283,152.75803780101785,158064163.80509678,0.0,0.0014248472283658986
R1032_S+00,1032,0,315576000.0,0.0,1628448.3638104703,175.0771883367283,152.75803780101785,158064163.80509678,0.0,0.0014248472283658986
R1032_S+01,1032,1,0.0,8.652016281144933,0.0,0.0,0.0,0.0,0.0,0.0
R1032_S+01,1032,1,7889400.0,8.652016281144933,13404464.155233212,121.89749051771808,103.76702132308746,68259217.24846485,0.0,0.0006024365900729958
R1032_S+01,1032,1,15778800.0,8.652016281144933,14586964.012375448,171.69983604421088,146.2414012546108,136518434.49692965,0.0,0.0011999229162518651
R1032_S+01,1032,1,23668200.0,8.652016281144933,15664389.571165744,209.73889303385442,178.63973249928424,204777651.74539474,0.0,0.0017904471520577272
R1032_S+01,1032,1,31557600.0,8.652016281144933,16693674.44709311,238.6609466876155,204.4515180492387,273036868.99385923,0.0,0.0023735929119383533
R1032_S+01,1032,1,39447000.0,8.652016281144933,17681015.897416614,265.5609396320548,227.69077539937786,341296086.2423245,0.0,0.0029496898174622885
R1032_S+01,1032,1,47336400.0,6.048208840555869,13589658.130118508,285.1894901135589,244.5711787418799,389012825.0690054,0.0,0.0033701400198714554
R1032_S+01,1032,1,55225800.0,6.048208840555869,14190769.321166195,296.87817119772376,255.64464787743867,436729563.8956871,0.0,0.0037670378455308133
R1032_S+01,1032,1,63115200.0,6.048208840555869,14780636.329440124,313.972439052707,271.18917868538335,484446302.7223686,0.0,0.0041609713646402445
R1032_S+01,1032,1,71004600.0,6.048208840555869,15379515.353659187,327.87850576906817,281.7028705991625,532163041.54904974,0.0,0.004550965644685497
R1032_S+01,1032,1,78894000.0,6.048208840555869,15968865.946795113,334.078668807314,293.39325385453526,579879780.3757317,0.0,0.004937814159864135
R1032_S+01,1032,1,86783400.0,5.157202691063812,14845119.301441468,353.76598878340405,304.992614545525,620567015.2866101,0.0,0.005275447569725356
R1032_S+01,1032,1,94672800.0,5.157202691063812,15319188.165694267,363.2734727377857,312.3973600595134,661254250.1974874,0.0,0.005600865526386375
R1032_S+01,1032,1,102562200.0,5.157202691063812,15795715.511459213,367.9177907276264,318.36121960601275,701941485.1083654,0.0,0.00592379516806278
R1032_S+01,1032,1,110451600.0,5.157202691063812,16265586.536496118,372.7382765210363,330.77243627889436,742628720.0192447,0.0,0.006244616459420902
R1032_S+01,1032,1,118341000.0,5.157202691063812,16731940.727218471,391.78173058757255,339.81941470319776,783315954.9301252,0.0,0.00656314086835299
R1032_S+01,1032,1,126230400.0,5.9789978326687585,18807275.834533095,402.75604144134405,347.0840244753365,830486660.431183,0.0,0.006918399277670328
R1032_S+01,1032,1,134119800.0,5.9789978326687585,19366305.094513737,408.01879591700714,353.28507187471195,877657365.9322389,0.0,0.0072809093447853
R1032_S+01,1032,1,142009200.0,5.9789978326687585,19911519.471972167,412.6106180731959,365.54109909524186,924828071.433294,0.0,0.0076408716495610955
R1032_S+01,1032,1,149898600.0,5.9789978326687585,20447577.09337268,426.61809184746653,375.7439676676086,971998776.9343522,0.0,0.007998176144358484
R1032_S+01,1032,1,157788000.0,5.9789978326687585,20980364.10946969,442.7457275726539,382.9621770248019,1019169482.4354084,0.0,0.008352580446671786
R1032_S+01,1032,1,165677400.0,0.0,10281342.274504788,444.94430955741376,384.59339374549137,1019169482.4354084,0.0,0.00843964384796355
R1032_S+01,1032,1,173566800.0,0.0,10195132.901222777,445.0303408293103,384.68219089689103,1019169482.4354084,0.0,0.008445323261999236
R1032_S+01,1032,1,181456200.0,0.0,10184333.941417135,445.0381084423406,384.69230449612814,1019169482.4354082,0.0,0.008446047490039875
R1032_S+01,1032,1,189345600.0,0.0,10183097.427990448,445.0387250332891,384.6933576435488,1019169482.4354084,0.0,0.008446131504760293
R1032_S+01,1032,1,197235000.0,0.0,10182897.00294425,445.03879846970307,384.6935168007382,1019169482.4354084,0.0,0.008446145237413938
R1032_S+01,1032,1,205124400.0,0.0,10182866.069168523,445.03880665772107,384.6935398252275,1019169482.4354084,0.0,0.008446147373039992
R1032_S+01,1032,1,213013800.0,0.0,10182860.641845308,445.0388076982386,384.69354364204025,1019169482.4354084,0.0,0.008446147749905503
R1032_S+01,1032,1,220903200.0,0.0,10182859.82560236,445.03880780977084,384.6935441871745,1019169482.4354084,0.0,0.008446147806928391
R1032_S+01,1032,1,228792600.0,0.0,10182859.622153867,445.0388078307142,384.6935443177969,1019169482.4354084,0.0,0.008446147821184025
R1032_S+01,1032,1,236682000.0,0.0,10182859.599419251,445.03880783214606,384.69354433158145,1019169482.4354082,0.0,0.00844614782278697
R1032_S+01,1032,1,244571400.0,0.0,10182859.595404811,445.0388078323226,384.69354433392704,1019169482.4354084,0.0,0.00844614782307092
R1032_S+01,1032,1,252460800.0,0.0,10182859.594771001,445.03880783234183,384.69354433428555,1019169482.4354084,0.0,0.008446147823115924
R1032_S+01,1032,1,260350200.0,0.0,10182859.594633322,445.0388078323449,384.69354433436126,1019169482.4354082,0.0,0.008446147823125721
R1032_S+01,1032,1,268239600.0,0.0,10182859.594615746,445.03880783234507,384.69354433437064,1019169482.4354082,0.0,0.008446147823126972
R1032_S+01,1032,1,276129000.0,0.0,10182859.594612766,445.03880783234507,384.69354433437206,1019169482.4354084,0.0,0.008446147823127186
R1032_S+01,1032,1,284018400.0,0.0,10182859.59461223,445.03880783234507,384.6935443343724,1019169482.4354084,0.0,0.008446147823127222
R1032_S+01,1032,1,291907800.0,0.0,10182859.594612144,445.03880783234507,384.6935443343724,1019169482.4354084,0.0,0.008446147823127229
R1032_S+01,1032,1,299797200.0,0.0,10182859.594612125,445.03880783234507,384.6935443343725,1019169482.4354084,0.0,0.008446147823127229
R1032_S+01,1032,1,307686600.0,0.0,10182859.594612118,445.03880783234507,384.6935443343724,1019169482.4354084,0.0,0.008446147823127229
R1032_S+01,1032,1,315576000.0,0.0,10182859.594612118,445.03880783234507,384.6935443343724,1019169482.4354084,0.0,0.008446147823127229
R1032_S+02,1032,2,0.0,1.4372147095850736,0.0,0.0,0.0,0.0,0.0,0.0
R1032_S+02,1032,2,7889400.0,1.4372147095850736,1619729.6723685376,48.726677492843756,41.84670908521036,11338761.729800485,0.0,0.00010314605159291399
R1032_S+02,1032,2,15778800.0,1.4372147095850736,1762988.596483739,68.0091156232688,59.27927644645346,22677523.459600955,0.0,0.00020614205743283033
R1032_S+02,1032,2,23668200.0,1.4372147095850736,1903831.9261301048,83.45466572258916,71.95845967886244,34016285.18940141,0.0,0.00030892182343269283
R1032_S+02,1032,2,31557600.0,1.4372147095850736,2038804.3062477857,98.40685381169345,83.95354402563582,45355046.919201896,0.0,0.0004114924350299542
R1032_S+02,1032,2,39447000.0,1.4372147095850736,2175141.2511614114,109.72182247039407,93.68867252830537,56693808.64900243,0.0,0.0005138267914864735
R1032_S+02,1032,2,47336400.0,1.1248651988477978,1913264.2278917804,114.77160334970425,99.36163327357006,65568320.14879229,0.0,0.0005944095001748035
R1032_S+02,1032,2,55225800.0,1.1248651988477978,2013546.5606848486,124.76995088679476,106.68011791681829,74442831.64858212,0.0,0.0006742830302874049
R1032_S+02,1032,2,63115200.0,1.1248651988477978,2115315.8876615614,128.1051933177557,112.15462081499899,83317343.14837193,0.0,0.0007540078125880582
R1032_S+02,1032,2,71004600.0,1.1248651988477978,2215950.3451742977,138.16722555348787,118.35147389230596,92191854.64816172,0.0,0.0008335948066678715
R1032_S+02,1032,2,78894000.0,1.1248651988477978,2317720.376757495,141.32805188951576,122.16895008119229,101066366.14795153,0.0,0.0009130302039828847
R1032_S+02,1032,2,86783400.0,0.8110939098470166,2017868.909150742,144.00613091156958,127.56088000842695,107465410.44029859,0.0,0.0009712392669786807
R1032_S+02,1032,2,94672800.0,0.8110939098470166,2086950.5003399663,152.21104048950133,131.0788451282436,113864454.73264563,0.0,0.00102841576537157
R1032_S+02,1032,2,102562200.0,0.8110939098470166,2156754.3306732886,155.13244526948566,133.66266039453274,120263499.02499269,0.0,0.0010855141445361438
R1032_S+02,1032,2,110451600.0,0.8110939098470166,2226791.173051905,156.81948788392384,135.95698470149003,126662543.31733976,0.0,0.001142536698600473
R1032_S+02,1032,2,118341000.0,0.8110939098470166,2296247.799508035,158.5694555441129,141.0972992582108,133061587.60968675,0.0,0.0011994911288600457
R1032_S+02,1032,2,126230400.0,0.4959008425827295,1968981.561289683,160.57688922554598,143.3739174250937,136973947.71715894,0.0,0.0012355141915078786
R1032_S+02,1032,2,134119800.0,0.4959008425827295,2008701.0199917257,165.68977452858687,145.12339172727394,140886307.82463115,0.0,0.0012703123089940146
R1032_S+02,1032,2,142009200.0,0.4959008425827295,2049297.958262682,168.72014392437362,146.59474573724935,144798667.93210328,0.0,0.001305076216410097
R1032_S+02,1032,2,149898600.0,0.4959008425827295,2090086.899221506,170.66220023301315,147.9137089045096,148711028.03957543,0.0,0.0013398113527319214
R1032_S+02,1032,2,157788000.0,0.4959008425827295,2130928.569323346,172.00067890763347,149.17339201504845,152623388.1470476,0.0,0.0013745189575422652
R1032_S+02,1032,2,165677400.0,0.0,1567716.4509086423,172.06671673614886,149.25685718398358,152623388.14704758,0.0,0.0013766606717436434
R1032_S+02,1032,2,173566800.0,0.0,1566171.8664660603,172.06703701943695,149.25755385706546,152623388.1470476,0.0,0.0013766825318551053
R1032_S+02,1032,2,181456200.0,0.0,1566115.0525304284,172.06704262574493,149.25757570947414,152623388.1470476,0.0,0.001376683353992793
R1032_S+02,1032,2,189345600.0,0.0,1566113.1556333825,172.06704270512625,149.25757633444852,152623388.14704764,0.0,0.0013766833818618684
R1032_S+02,1032,2,197235000.0,0.0,1566113.0049897227,172.06704270888963,149.25757638019167,152623388.14704758,0.0,0.001376683384090904
R1032_S+02,1032,2,205124400.0,0.0,1566112.9784685988,172.0670427093355,149.25757638779012,152623388.1470476,0.0,0.0013766833844845732
R1032_S+02,1032,2,213013800.0,0.0,1566112.977542838,172.06704270934137,149.2575763880255,152623388.14704764,0.0,0.0013766833844984236
R1032_S+02,1032,2,220903200.0,0.0,1566112.977463238,172.0670427093416,149.25757638804453,152623388.1470476,0.0,0.0013766833844996184
R1032_S+02,1032,2,228792600.0,0.0,1566112.9774547387,172.0670427093416,149.2575763880464,152623388.1470476,0.0,0.0013766833844997461
R1032_S+02,1032,2,236682000.0,0.0,1566112.9774540719,172.0670427093416,149.25757638804663,152623388.1470476,0.0,0.0013766833844997565
R1032_S+02,1032,2,244571400.0,0.0,1566112.977454042,172.0670427093416,149.25757638804657,152623388.1470476,0.0,0.001376683384499757
R1032_S+02,1032,2,252460800.0,0.0,1566112.9774540402,172.0670427093416,149.25757638804657,152623388.1470476,0.0,0.001376683384499757
R1032_S+02,1032,2,260350200.0,0.0,1566112.9774540402,172.0670427093416,149.25757638804657,152623388.1470476,0.0,0.001376683384499757
R1032_S+02,1032,2,268239600.0,0.0,1566112.9774540402,172.0670427093416,149.25757638804657,152623388.1470476,0.0,0.001376683384499757
R1032_S+02,1032,2,276129000.0,0.0,1566112.9774540402,172.0670427093416,149.25757638804657,152623388.1470476,0.0,0.001376683384499757
R1032_S+02,1032,2,284018400.0,0.0,1566112.9774540402,172.0670427093416,149.25757638804657,152623388.1470476,0.0,0.001376683384499757
R1032_S+02,1032,2,291907800.0,0.0,1566112.9774540402,172.0670427093416,149.25757638804657,152623388.1470476,0.0,0.001376683384499757
R1032_S+02,1032,2,299797200.0,0.0,1566112.9774540402,172.0670427093416,149.25757638804657,152623388.1470476,0.0,0.001376683384499757
R1032_S+02,1032,2,307686600.0,0.0,1566112.9774540402,172.0670427093416,149.25757638804657,152623388.1470476,0.0,0.001376683384499757
R1032_S+02,1032,2,315576000.0,0.0,1566112.9774540402,172.0670427093416,149.25757638804657,152623388.1470476,0.0,0.001376683384499757
R1032_S+03,1032,3,0.0,2.599734619411348,0.0,0.0,0.0,0.0,0.0,0.0
R1032_S+03,1032,3,7889400.0,2.599734619411348,3170303.830160897,66.42548787677184,56.69859627606301,20510346.306383893,0.0,0.00018557496802480407
R1032_S+03,1032,3,15778800.0,2.599734619411348,3461567.130433567,92.42216774573339,79.42461790147568,41020692.612767816,0.0,0.00037064428781765306
R1032_S+03,1032,3,23668200.0,2.599734619411348,3732244.091692902,113.64850373608564,97.40610398775367,61531038.91915169,0.0,0.0005550478835966198
R1032_S+03,1032,3,31557600.0,2.599734619411348,3996228.161058791,128.6309037913837,112.25798116276661,82041385.22553553,0.0,0.000738746588235918
R1032_S+03,1032,3,39447000.0,2.599734619411348,4257003.19582881,143.22884655853994,125.356292340606,102551731.53191946,0.0,0.0009217124589638201
R1032_S+03,1032,3,47336400.0,2.2143302533242877,3956895.4226245955,156.7209845686594,134.768455140285,120021468.63249609,0.0,0.0010782963349275213
R1032_S+03,1032,3,55225800.0,2.2143302533242877,4163699.034659557,170.02146607079607,145.2804795712886,137491205.7330727,0.0,0.0012332316563238796
R1032_S+03,1032,3,63115200.0,2.2143302533242877,4376686.5528979,175.50278909979866,152.01228145363925,154960942.83364937,0.0,0.001387561069836259
R1032_S+03,1032,3,71004600.0,2.2143302533242877,4583280.507252984,189.15768670607955,162.00480376616076,172430679.93422627,0.0,0.0015414226173487207
R1032_S+03,1032,3,78894000.0,2.2143302533242877,4793087.29701677,194.21836596937695,167.65953886464484,189900417.03480273,0.0,0.0016946965228941456
R1032_S+03,1032,3,86783400.0,3.3188766944649593,6694226.787424542,210.4001964181839,180.48257684526993,216084362.8281144,0.0,0.0019174147085543845
R1032_S+03,1032,3,94672800.0,3.3188766944649593,7030731.271592468,217.0804997682601,188.9620994317332,242268308.621426,0.0,0.002144366004415465
R1032_S+03,1032,3,102562200.0,3.3188766944649593,7353680.417590909,233.64199851152165,200.72564470903058,268452254.4147378,0.0,0.002370293130558502
R1032_S+03,1032,3,110451600.0,3.3188766944649593,7678040.072523735,240.0741917433075,207.473172031274,294636200.20804924,0.0,0.002594972547020535
R1032_S+03,1032,3,118341000.0,3.3188766944649593,7994144.415908862,250.42627725551256,219.1263201541239,320820146.00136113,0.0,0.0028186427958895484
R1032_S+03,1032,3,126230400.0,5.9133739428333625,12836394.061973475,266.82298376920477,230.5574918203348,367473118.3859501,0.0,0.0031931927340418
R1032_S+03,1032,3,134119800.0,5.9133739428333625,13468101.182542227,287.43187830289406,247.6518514137195,414126090.7705407,0.0,0.0035833442963074526
R1032_S+03,1032,3,142009200.0,5.9133739428333625,14083677.833744414,297.4446385803445,257.36394066330803,460779063.1551287,0.0,0.003969966825307061
R1032_S+03,1032,3,149898600.0,5.9133739428333625,14677357.160170317,316.03452071839195,273.78118088704366,507432035.53971803,0.0,0.0043536028972974835
R1032_S+03,1032,3,157788000.0,5.9133739428333625,15268213.376972638,328.29062876272627,283.0836581592708,554085007.9243093,0.0,0.004733731819195977
R1032_S+03,1032,3,165677400.0,0.0,5690556.705105439,329.2785126255944,284.4511703350885,554085007.9243093,0.0,0.004795524248963765
R1032_S+03,1032,3,173566800.0,0.0,5638869.248293161,329.30065777623093,284.49047912215644,554085007.9243093,0.0,0.004797692952532082
R1032_S+03,1032,3,181456200.0,0.0,5633333.111937106,329.3024487683286,284.4942263187221,554085007.9243093,0.0,0.004797928550374122
R1032_S+03,1032,3,189345600.0,0.0,5632642.585428286,329.3026144159918,284.49464036890026,554085007.9243094,0.0,0.004797958222028299
R1032_S+03,1032,3,197235000.0,0.0,5632567.327140097,329.3026274645344,284.4946801721654,554085007.9243093,0.0,0.004797961483931148
R1032_S+03,1032,3,205124400.0,0.0,5632553.628900066,329.302629235715,284.49468667203377,554085007.9243093,0.0,0.004797962080899063
R1032_S+03,1032,3,213013800.0,0.0,5632552.6964048855,329.30262930633444,284.4946870403771,554085007.9243093,0.0,0.004797962121892585
R1032_S+03,1032,3,220903200.0,0.0,5632552.591417916,329.3026293118336,284.4946870771866,554085007.9243093,0.0,0.004797962126533104
R1032_S+03,1032,3,228792600.0,0.0,5632552.568281706,329.3026293127381,284.49468708459005,554085007.9243093,0.0,0.0047979621275579575
R1032_S+03,1032,3,236682000.0,0.0,5632552.566763774,329.3026293127687,284.4946870849922,554085007.9243093,0.0,0.004797962127625576
R1032_S+03,1032,3,244571400.0,0.0,5632552.566651046,329.3026293127699,284.49468708501774,554085007.9243093,0.0,0.004797962127630622
R1032_S+03,1032,3,252460800.0,0.0,5632552.566637002,329.3026293127701,284.4946870850206,554085007.9243094,0.0,0.004797962127631253
R1032_S+03,1032,3,260350200.0,0.0,5632552.5666351095,329.3026293127701,284.494687085021,554085007.9243093,0.0,0.004797962127631337
R1032_S+03,1032,3,268239600.0,0.0,5632552.5666349195,329.3026293127701,284.49468708502104,554085007.9243093,0.0,0.0047979621276313476
R1032_S+03,1032,3,276129000.0,0.0,5632552.566634882,329.3026293127701,284.494687085021,554085007.9243093,0.0,0.004797962127631349
R1032_S+03,1032,3,284018400.0,0.0,5632552.566634882,329.3026293127701,284.494687085021,554085007.9243093,0.0,0.004797962127631349
R1032_S+03,1032,3,291907800.0,0.0,5632552.566634882,329.3026293127701,284.494687085021,554085007.9243093,0.0,0.004797962127631349
R1032_S+03,1032,3,299797200.0,0.0,5632552.566634882,329.3026293127701,284.494687085021,554085007.9243093,0.0,0.004797962127631349
R1032_S+03,1032,3,307686600.0,0.0,5632552.566634882,329.3026293127701,284.494687085021,554085007.9243093,0.0,0.004797962127631349
R1032_S+03,1032,3,315576000.0,0.0,5632552.566634882,329.3026293127701,284.494687085021,554085007.9243093,0.0,0.004797962127631349
R1033_S+00,1033,0,0.0,2.4752096718786736,0.0,0.0,0.0,0.0,0.0,0.0
R1033_S+00,1033,0,7889400.0,2.4752096718786736,3446115.300761603,89.3649893190763,78.47257084709325,19527919.18531961,0.0,0.0007859994792642641
R1033_S+00,1033,0,15778800.0,2.4752096718786736,4606137.362188578,119.36576805302252,104.24973275567558,39055838.37063922,0.0,0.001556776191446923
R1033_S+00,1033,0,23668200.0,2.4752096718786736,5685370.174655721,141.55634177994602,121.69863726829392,58583757.55595876,0.0,0.0023142947261767088
R1033_S+00,1033,0,31557600.0,2.4752096718786736,6711858.13561064,157.3870666915252,135.08393820488465,78111676.74127835,0.0,0.003059499404095355
R1033_S+00,1033,0,39447000.0,2.4752096718786736,7700338.549421966,171.7724139648418,146.71180727404564,97639595.9265979,0.0,0.003792957676858796
R1033_S+00,1033,0,47336400.0,1.8897189791369375,7824340.020920351,176.22994716546862,152.6509617926286,112548344.84060076,0.0,0.004355513367378116
R1033_S+00,1033,0,55225800.0,1.8897189791369375,8480326.441799436,186.70169814904423,160.0377759086523,127457093.75460379,0.0,0.0049044633683726175
R1033_S+00,1033,0,63115200.0,1.8897189791369375,9145245.949918248,192.15242967916592,166.2040103345624,142365842.6686067,0.0,0.005446506970034609
R1033_S+00,1033,0,71004600.0,1.8897189791369375,9811753.60944067,197.92083343413952,172.77850459164733,157274591.58260965,0.0,0.005981973413730496
R1033_S+00,1033,0,78894000.0,1.8897189791369375,10480914.434977673,208.24377556294135,179.4205160368168,172183340.49661273,0.0,0.006510863655168367
R1033_S+00,1033,0,86783400.0,1.6508186957797775,10802459.98046156,211.4402261359827,183.81008610889086,185207309.51509762,0.0,0.006973386059215309
R1033_S+00,1033,0,94672800.0,1.6508186957797775,11354090.330985881,214.46040774529038,188.44199411418046,198231278.53358257,0.0,0.007427043667504296
R1033_S+00,1033,0,102562200.0,1.6508186957797775,11912118.407900527,223.6265340966819,194.20776333363256,211255247.55206743,0.0,0.007875855668949935
R1033_S+00,1033,0,110451600.0,1.6508186957797775,12472277.719982121,229.30365092675572,198.92593279184865,224279216.5705523,0.0,0.008320087861072101
R1033_S+00,1033,0,118341000.0,1.6508186957797775,13034024.24582414,232.45018447794862,202.9842929664055,237303185.58903727,0.0,0.008759710708525159
R1033_S+00,1033,0,126230400.0,1.758508821807194,13753212.320732348,235.68971259650434,207.88442465777396,251176765.08780307,0.0,0.009220537235563913
R1033_S+00,1033,0,134119800.0,1.758508821807194,14363747.04418581,244.86032644203829,213.8930938794746,265050344.58656886,0.0,0.009678581708732788
R1033_S+00,1033,0,142009200.0,1.758508821807194,14969295.532730281,251.35106738307684,218.65271709418417,278923924.0853348,0.0,0.010132051917436243
R1033_S+00,1033,0,149898600.0,1.758508821807194,15570651.140191756,254.7697043815495,222.62393777602182,292797503.58410037,0.0,0.01058100135345591
R1033_S+00,1033,0,157788000.0,1.758508821807194,16168392.335195214,257.50648237637597,226.02999922131872,306671083.08286643,0.0,0.011025490471012266
R1033_S+00,1033,0,165677400.0,0.0,14437434.746328443,257.63386647398346,226.31561949869504,306671083.08286643,0.0,0.01108044048761041
R1033_S+00,1033,0,173566800.0,0.0,14426183.62616837,257.63388507312067,226.32236796257095,306671083.08286643,0.0,0.01108289193981615
R1033_S+00,1033,0,181456200.0,0.0,14425251.51767414,257.6338850871869,226.32257359788255,306671083.08286643,0.0,0.011083105440077104
R1033_S+00,1033,0,189345600.0,0.0,14425165.70227366,257.63388508720504,226.32257527275,306671083.08286643,0.0,0.011083125588958853
R1033_S+00,1033,0,197235000.0,0.0,14425152.661359806,257.6338850872053,226.32257417800542,306671083.08286643,0.0,0.011083128678474132
R1033_S+00,1033,0,205124400.0,0.0,14425150.720623732,257.6338850872053,226.3225738570538,306671083.08286643,0.0,0.01108312914216675
R1033_S+00,1033,0,213013800.0,0.0,14425150.410375576,257.6338850872053,226.32257378667637,306671083.08286643,0.0,0.01108312921657166
R1033_S+00,1033,0,220903200.0,0.0,14425150.364554986,257.6338850872053,226.32257377404235,306671083.08286643,0.0,0.011083129227639772
R1033_S+00,1033,0,228792600.0,0.0,14425150.356250808,257.6338850872053,226.32257377147423,306671083.08286643,0.0,0.01108312922964479
R1033_S+00,1033,0,236682000.0,0.0,14425150.355069477,257.6338850872053,226.3225737710724,306671083.08286643,0.0,0.011083129229930237
R1033_S+00,1033,0,244571400.0,0.0,14425150.354952615,257.6338850872053,226.32257377102957,306671083.08286643,0.0,0.011083129229958587
R1033_S+00,1033,0,252460800.0,0.0,14425150.354935523,257.6338850872053,226.32257377102295,306671083.0828665,0.0,0.011083129229962733
R1033_S+00,1033,0,260350200.0,0.0,14425150.354931545,257.6338850872053,226.3225737710215,306671083.08286643,0.0,0.01108312922996371
R1033_S+00,1033,0,268239600.0,0.0,14425150.354931097,257.6338850872053,226.32257377102133,306671083.08286643,0.0,0.011083129229963809
R1033_S+00,1033,0,276129000.0,0.0,14425150.354931027,257.6338850872053,226.32257377102138,306671083.08286643,0.0,0.011083129229963823
R1033_S+00,1033,0,284018400.0,0.0,14425150.354931016,257.6338850872053,226.3225737710212,306671083.08286643,0.0,0.011083129229963826
R1033_S+00,1033,0,291907800.0,0.0,14425150.354931012,257.6338850872053,226.32257377102138,306671083.08286643,0.0,0.011083129229963826
R1033_S+00,1033,0,299797200.0,0.0,14425150.354931012,257.6338850872053,226.32257377102127,306671083.08286643,0.0,0.011083129229963826
R1033_S+00,1033,0,307686600.0,0.0,14425150.354931012,257.6338850872053,226.32257377102127,306671083.08286643,0.0,0.011083129229963826
R1033_S+00,1033,0,315576000.0,0.0,14425150.354931012,257.6338850872053,226.32257377102127,306671083.08286643,0.0,0.011083129229963826
R1033_S+01,1033,1,0.0,0.5512688718198315,0.0,0.0,0.0,0.0,0.0,0.0
R1033_S+01,1033,1,7889400.0,0.5512688718198315,777864.1980389189,42.21116308892517,37.651452364692744,4349180.63733538,0.0,0.0001783613893172695
R1033_S+01,1033,1,15778800.0,0.5512688718198315,1020101.2576897778,56.247879899869424,49.62019202379662,8698361.274670754,0.0,0.0003559031025898808
R1033_S+01,1033,1,23668200.0,0.5512688718198315,1249903.034749819,66.83060684054136,57.60718534274226,13047541.912006147,0.0,0.0005327144738722544
R1033_S+01,1033,1,31557600.0,0.5512688718198315,1470041.7892362196,74.06219172555183,63.845819827030155,17396722.549341537,0.0,0.0007088347168374118
R1033_S+01,1033,1,39447000.0,0.5512688718198315,1682847.649098359,80.94534974398823,69.36793368636549,21745903.186676946,0.0,0.0008842839406302447
R1033_S+01,1033,1,47336400.0,1.3878575872213805,3019278.577480778,99.4282665443049,86.06691275639588,32695266.83530135,0.0,0.0013168383106078828
R1033_S+01,1033,1,55225800.0,1.3878575872213805,3624149.0503892303,115.38120842761869,98.19786265293008,43644630.48392576,0.0,0.001748410578317172
R1033_S+01,1033,1,63115200.0,1.3878575872213805,4193849.4884634838,126.8436701029832,107.93775525367151,54593994.13255012,0.0,0.0021760091435011025
R1033_S+01,1033,1,71004600.0,1.3878575872213805,4741517.311256185,133.7408963896679,115.86388650157559,65543357.78117454,0.0,0.0025997342867006444
R1033_S+01,1033,1,78894000.0,1.3878575872213805,5275807.189761259,144.20540848050535,124.16173409124474,76492721.42979893,0.0,0.0030196039474952316
R1033_S+01,1033,1,86783400.0,2.059341383535491,6735120.194049306,158.5467285982731,136.38451557465683,92739689.3410638,0.0,0.0036253650496075925
R1033_S+01,1033,1,94672800.0,2.059341383535491,7575622.186579987,172.00642636583822,147.07589374608003,108986657.25232875,0.0,0.004229851069030661
R1033_S+01,1033,1,102562200.0,2.059341383535491,8383760.04950124,178.93552181254444,155.312578038777,125233625.16359359,0.0,0.004826726837440458
R1033_S+01,1033,1,110451600.0,2.059341383535491,9170926.220418818,191.13603943460433,164.48263502900298,141480593.0748588,0.0,0.005416087815214778
R1033_S+01,1033,1,118341000.0,2.059341383535491,9939703.455927968,197.08397166611854,171.76476369220472,157727560.98612362,0.0,0.005998187815043867
R1033_S+01,1033,1,126230400.0,2.5657202607621605,11435698.147035345,210.9364185992116,182.0360415294764,177969554.4113807,0.0,0.0067018450090124875
R1033_S+01,1033,1,134119800.0,2.5657202607621605,12423727.426454853,221.7440762761026,191.29161333156512,198211547.8366375,0.0,0.007402900871221189
R1033_S+01,1033,1,142009200.0,2.5657202607621605,13389555.986676589,231.34588556156902,199.64200723643498,218453541.26189494,0.0,0.008093336313426276
R1033_S+01,1033,1,149898600.0,2.5657202607621605,14330070.155798554,236.41602537502376,206.63671604178336,238695534.68715206,0.0,0.008774142491723697
R1033_S+01,1033,1,157788000.0,2.5657202607621605,15259047.490230538,250.0578606976432,215.28435426972425,258937528.1124093,0.0,0.009444671231734815
R1033_S+01,1033,1,165677400.0,0.0,12768612.66253895,250.39676347694405,215.72120822274124,258937528.1124093,0.0,0.009517220821962722
R1033_S+01,1033,1,173566800.0,0.0,12755179.920467641,250.39680190815847,215.72102054681545,258937528.11240926,0.0,0.009519644058265579
R1033_S+01,1033,1,181456200.0,0.0,12754022.271929216,250.39680200843344,215.72083944468832,258937528.11240926,0.0,0.009519862263038454
R1033_S+01,1033,1,189345600.0,0.0,12753876.324030306,250.39680200933867,215.72080834334434,258937528.1124093,0.0,0.009519890301188957
R1033_S+01,1033,1,197235000.0,0.0,12753854.198252633,250.3968020093501,215.72080286792294,258937528.11240926,0.0,0.009519894582460008
R1033_S+01,1033,1,205124400.0,0.0,12753850.96634058,250.39680200935024,215.72080198164792,258937528.1124093,0.0,0.009519895210609149
R1033_S+01,1033,1,213013800.0,0.0,12753850.741781745,250.39680200935024,215.72080191294683,258937528.11240926,0.0,0.009519895254848061
R1033_S+01,1033,1,220903200.0,0.0,12753850.71112885,250.39680200935024,215.72080190315637,258937528.11240926,0.0,0.009519895260923372
R1033_S+01,1033,1,228792600.0,0.0,12753850.706377935,250.39680200935024,215.72080190160005,258937528.1124093,0.0,0.009519895261864236
R1033_S+01,1033,1,236682000.0,0.0,12753850.705750935,250.39680200935024,215.7208019013889,258937528.11240923,0.0,0.00951989526198942
R1033_S+01,1033,1,244571400.0,0.0,12753850.705614053,250.39680200935024,215.72080190134253,258937528.1124093,0.0,0.009519895262016576
R1033_S+01,1033,1,252460800.0,0.0,12753850.705602065,250.39680200935024,215.72080190133832,258937528.1124093,0.0,0.00951989526201897
R1033_S+01,1033,1,260350200.0,0.0,12753850.705600388,250.39680200935024,215.72080190133775,258937528.11240926,0.0,0.0095198952620193
R1033_S+01,1033,1,268239600.0,0.0,12753850.70560024,250.39680200935024,215.7208019013377,258937528.1124093,0.0,0.009519895262019358
R1033_S+01,1033,1,276129000.0,0.0,12753850.705600202,250.39680200935024,215.7208019013377,258937528.1124093,0.0,0.009519895262019365
R1033_S+01,1033,1,284018400.0,0.0,12753850.705600202,250.39680200935024,215.72080190133767,258937528.1124093,0.0,0.009519895262019365
R1033_S+01,1033,1,291907800.0,0.0,12753850.705600202,250.39680200935024,215.72080190133767,258937528.1124093,0.0,0.009519895262019367
R1033_S+01,1033,1,299797200.0,0.0,12753850.705600202,250.39680200935024,215.72080190133767,258937528.1124093,0.0,0.009519895262019367
R1033_S+01,1033,1,307686600.0,0.0,12753850.705600202,250.39680200935024,215.72080190133767,258937528.1124093,0.0,0.009519895262019367
R1033_S+01,1033,1,315576000.0,0.0,12753850.705600202,250.39680200935024,215.72080190133767,258937528.1124093,0.0,0.009519895262019367
R1033_S+02,1033,2,0.0,2.908462712691801,0.0,0.0,0.0,0.0,0.0,0.0
R1033_S+02,1033,2,7889400.0,2.908462712691801,4067589.972787056,97.37391858556063,85.116035007477,22946025.725510694,0.0,0.000919995584260961
R1033_S+02,1033,2,15778800.0,2.908462712691801,5441601.675223406,130.15973678489777,113.08358296280002,45892051.45102138,0.0,0.0018192616149295046
R1033_S+02,1033,2,23668200.0,2.908462712691801,6718411.323471453,152.93475570804503,131.93730751521898,68838077.1765321,0.0,0.0027005682356855748
R1033_S+02,1033,2,31557600.0,2.908462712691801,7930353.516265355,171.1590923407882,146.43409076960532,91784102.90204272,0.0,0.003565317780680653
R1033_S+02,1033,2,39447000.0,2.908462712691801,9096657.137819089,185.96496924390271,158.78664503287752,114730128.62755334,0.0,0.004414297818555755
R1033_S+02,1033,2,47336400.0,1.748308020533954,8554043.1151186,190.15975180601413,163.28413123672541,128523229.92475395,0.0,0.004939257045147521
R1033_S+02,1033,2,55225800.0,1.748308020533954,9100100.45130448,193.0696270142702,167.41405721854562,142316331.22195452,0.0,0.005443089077289224
R1033_S+02,1033,2,63115200.0,1.748308020533954,9672091.71110382,198.26952493949366,173.10392172929014,156109432.51915509,0.0,0.005940420675832322
R1033_S+02,1033,2,71004600.0,1.748308020533954,10259325.346481994,207.41778039273905,178.81699524650833,169902533.81635582,0.0,0.006431752049803724
R1033_S+02,1033,2,78894000.0,1.748308020533954,10853719.164930806,211.27279533429854,183.63465939526571,183695635.11355627,0.0,0.006917499942669747
R1033_S+02,1033,2,86783400.0,1.301952632842756,10811585.489035398,212.91118555919473,186.33667776020593,193967260.21510595,0.0,0.00728601191436248
R1033_S+02,1033,2,94672800.0,1.301952632842756,11204407.687511139,214.97410839198707,190.38786647738644,204238885.31665558,0.0,0.007643580261682847
R1033_S+02,1033,2,102562200.0,1.301952632842756,11612369.491336182,222.11347531322482,194.44454723833704,214510510.41820526,0.0,0.007997761801342842
R1033_S+02,1033,2,110451600.0,1.301952632842756,12030556.727937758,227.34045268160915,198.0604829711206,224782135.5197549,0.0,0.0083486800995584
R1033_S+02,1033,2,118341000.0,1.301952632842756,12455494.7593069,230.37289662398604,201.27162170801253,235053760.6213045,0.0,0.008696517823053196
R1033_S+02,1033,2,126230400.0,1.569396549618207,13272778.897425063,233.45188236938998,204.87327661908938,247435357.75986207,0.0,0.009105328545497258
R1033_S+02,1033,2,134119800.0,1.569396549618207,13826701.722979262,236.58612982843732,210.55196631326473,259816954.89841974,0.0,0.00951523745157287
R1033_S+02,1033,2,142009200.0,1.569396549618207,14372706.914776362,246.24449893364127,215.56383480793,272198552.03697777,0.0,0.009921619558002671
R1033_S+02,1033,2,149898600.0,1.569396549618207,14913025.709101878,251.58148870089082,219.607678827558,284580149.17553544,0.0,0.010324445212814113
R1033_S+02,1033,2,157788000.0,1.569396549618207,15448818.59653357,254.62826908659758,223.0049897689977,296961746.31409293,0.0,0.010723733490853343
R1033_S+02,1033,2,165677400.0,0.0,13918287.644357022,254.74330436709843,223.2842348129654,296961746.3140929,0.0,0.010772380617566578
R1033_S+02,1033,2,173566800.0,0.0,13908574.500590283,254.74331964058206,223.28908921369418,296961746.3140929,0.0,0.010774473099879237
R1033_S+02,1033,2,181456200.0,0.0,13907728.99188,254.7433196591197,223.28941724153268,296961746.3140929,0.0,0.010774664313080296
R1033_S+02,1033,2,189345600.0,0.0,13907640.572930891,254.74331965917037,223.28944662937513,296961746.3140929,0.0,0.010774684766585088
R1033_S+02,1033,2,197235000.0,0.0,13907627.469689697,254.7433196591709,223.28945056167845,296961746.31409293,0.0,0.010774687829839133
R1033_S+02,1033,2,205124400.0,0.0,13907625.491885088,254.7433196591709,223.28945110589544,296961746.3140929,0.0,0.010774688295814122
R1033_S+02,1033,2,213013800.0,0.0,13907625.19152112,254.7433196591709,223.2894511827793,296961746.3140929,0.0,0.010774688367015894
R1033_S+02,1033,2,220903200.0,0.0,13907625.145123996,254.7433196591709,223.28945119397272,296961746.3140929,0.0,0.01077468837806158
R1033_S+02,1033,2,228792600.0,0.0,13907625.13800472,254.7433196591709,223.2894511956119,296961746.3140929,0.0,0.010774688379762906
R1033_S+02,1033,2,236682000.0,0.0,13907625.136882894,254.7433196591709,223.28945119586078,296961746.3140929,0.0,0.010774688380031502
R1033_S+02,1033,2,244571400.0,0.0,13907625.136711258,254.7433196591709,223.2894511958978,296961746.3140929,0.0,0.010774688380072714
R1033_S+02,1033,2,252460800.0,0.0,13907625.136683393,254.7433196591709,223.28945119590372,296961746.3140929,0.0,0.01077468838007941
R1033_S+02,1033,2,260350200.0,0.0,13907625.136679187,254.7433196591709,223.28945119590458,296961746.3140929,0.0,0.010774688380080414
R1033_S+02,1033,2,268239600.0,0.0,13907625.136678472,254.7433196591709,223.28945119590475,296961746.3140929,0.0,0.010774688380080596
R1033_S+02,1033,2,276129000.0,0.0,13907625.136678353,254.7433196591709,223.28945119590472,296961746.3140929,0.0,0.010774688380080623
R1033_S+02,1033,2,284018400.0,0.0,13907625.136678338,254.7433196591709,223.28945119590477,296961746.3140929,0.0,0.010774688380080628
R1033_S+02,1033,2,291907800.0,0.0,13907625.136678338,254.7433196591709,223.28945119590477,296961746.3140929,0.0,0.010774688380080628
R1033_S+02,1033,2,299797200.0,0.0,13907625.136678338,254.7433196591709,223.28945119590477,296961746.3140929,0.0,0.010774688380080628
R1033_S+02,1033,2,307686600.0,0.0,13907625.136678338,254.7433196591709,223.28945119590477,296961746.3140929,0.0,0.010774688380080628
R1033_S+02,1033,2,315576000.0,0.0,13907625.136678338,254.7433196591709,223.28945119590477,296961746.3140929,0.0,0.010774688380080628
R1033_S+03,1033,3,0.0,1.5509519009982369,0.0,0.0,0.0,0.0,0.0,0.0
R1033_S+03,1033,3,7889400.0,1.5509519009982369,2143153.004067816,71.20289463762545,62.45789274766975,12236079.927735487,0.0,0.0004967783053436895
R1033_S+03,1033,3,15778800.0,1.5509519009982369,2856188.5442633256,95.61660793865009,82.83702778069919,24472159.85547098,0.0,0.0009873797023650225
R1033_S+03,1033,3,23668200.0,1.5509519009982369,3523810.3311631978,109.94137460255335,96.12535107584286,36708239.783206455,0.0,0.0014724998373446168
R1033_S+03,1033,3,31557600.0,1.5509519009982369,4156409.5728773065,123.28077917190122,106.73480363219403,48944319.71094194,0.0,0.001952556791105976
R1033_S+03,1033,3,39447000.0,1.5509519009982369,4767917.179214682,133.29919735805927,115.6085695189481,61180399.63867748,0.0,0.0024276870233346055
R1033_S+03,1033,3,47336400.0,2.4979669071712407,6697555.07784915,155.51820523936294,132.49929009280896,80887859.7561144,0.0,0.0031692688445460666
R1033_S+03,1033,3,55225800.0,2.4979669071712407,7744638.990217555,171.0944651923076,145.84705795942233,100595319.87355115,0.0,0.003906920366022354
R1033_S+03,1033,3,63115200.0,2.4979669071712407,8746285.213591367,182.7398075630713,156.63353398288808,120302779.99098827,0.0,0.004633152777564861
R1033_S+03,1033,3,71004600.0,2.4979669071712407,9718145.557871372,193.1011179535299,166.92355619862124,140010240.10842508,0.0,0.005348252988755055
R1033_S+03,1033,3,78894000.0,2.4979669071712407,10665660.574568138,206.5368049479056,176.84213680701382,159717700.22586197,0.0,0.006052571961850438
R1033_S+03,1033,3,86783400.0,2.539668399548085,11657746.035531014,212.98903992773057,184.72371653392838,179754160.09725693,0.0,0.006756846238778984
R1033_S+03,1033,3,94672800.0,2.539668399548085,12592479.825429015,225.83415132742394,193.99005566127178,199790619.9686522,0.0,0.007451339509392555
R1033_S+03,1033,3,102562200.0,2.539668399548085,13517671.243943784,232.39665965849824,201.18797587293244,219827079.84004647,0.0,0.008135127166243256
R1033_S+03,1033,3,110451600.0,2.539668399548085,14427096.449767243,237.60655445248773,208.5876193324655,239863539.7114408,0.0,0.008809245983768671
R1033_S+03,1033,3,118341000.0,2.539668399548085,15331483.98334913,251.00555060934508,216.3185850935778,259899999.58283502,0.0,0.009473054024667768
R1033_S+03,1033,3,126230400.0,1.676056378128768,14936000.217164256,253.25224546030037,219.5717876579313,273123078.77244437,0.0,0.009928774793459614
R1033_S+03,1033,3,134119800.0,1.676056378128768,15422252.66064893,255.2233818131375,222.69657225677275,286346157.96205354,0.0,0.010362877523056039
R1033_S+03,1033,3,142009200.0,1.676056378128768,15931446.964879297,257.2600235910329,225.62599211840612,299569237.1516625,0.0,0.01079159377573448
R1033_S+03,1033,3,149898600.0,1.676056378128768,16454044.32372991,259.6184598607948,230.4546824097624,312792316.34127164,0.0,0.011215600581163037
R1033_S+03,1033,3,157788000.0,1.676056378128768,16985647.502212323,266.4575221720648,235.08237584484755,326015395.5308806,0.0,0.011635081311360105
R1033_S+03,1033,3,165677400.0,0.0,15316405.577798933,266.89226599999097,235.49074291776174,326015395.5308805,0.0,0.01169075564758448
R1033_S+03,1033,3,173566800.0,0.0,15305200.186133321,266.8923302386808,235.49825216544127,326015395.53088045,0.0,0.011693307628733572
R1033_S+03,1033,3,181456200.0,0.0,15304078.763948731,266.8923304250097,235.49879375109424,326015395.5308806,0.0,0.011693574506585388
R1033_S+03,1033,3,189345600.0,0.0,15303916.392153066,266.8923304268558,235.49885522979707,326015395.53088045,0.0,0.011693613845640213
R1033_S+03,1033,3,197235000.0,0.0,15303890.977987174,266.8923304268757,235.49886281470302,326015395.53088045,0.0,0.011693620062606052
R1033_S+03,1033,3,205124400.0,0.0,15303887.232071362,266.89233042687573,235.4988636986647,326015395.5308805,0.0,0.011693620989150463
R1033_S+03,1033,3,213013800.0,0.0,15303886.583682187,266.89233042687573,235.49886382094672,326015395.5308805,0.0,0.011693621150032018
R1033_S+03,1033,3,220903200.0,0.0,15303886.473503623,266.89233042687573,235.49886383733036,326015395.5308805,0.0,0.011693621177405742
R1033_S+03,1033,3,228792600.0,0.0,15303886.464621857,266.89233042687573,235.49886383826433,326015395.53088045,0.0,0.011693621179630576
R1033_S+03,1033,3,236682000.0,0.0,15303886.463323426,266.89233042687573,235.4988638383791,326015395.5308806,0.0,0.011693621179958657
R1033_S+03,1033,3,244571400.0,0.0,15303886.462999485,266.89233042687573,235.4988638384041,326015395.5308806,0.0,0.011693621180039956
R1033_S+03,1033,3,252460800.0,0.0,15303886.462964319,266.89233042687573,235.4988638384062,326015395.53088045,0.0,0.0116936211800488
R1033_S+03,1033,3,260350200.0,0.0,15303886.462961007,266.89233042687573,235.4988638384064,326015395.5308805,0.0,0.011693621180049631
R1033_S+03,1033,3,268239600.0,0.0,15303886.462960504,266.89233042687573,235.4988638384065,326015395.5308805,0.0,0.011693621180049758
R1033_S+03,1033,3,276129000.0,0.0,15303886.462960374,266.89233042687573,235.49886383840638,326015395.5308805,0.0,0.011693621180049785
R1033_S+03,1033,3,284018400.0,0.0,15303886.462960389,266.89233042687573,235.49886383840646,326015395.5308805,0.0,0.011693621180049787
R1033_S+03,1033,3,291907800.0,0.0,15303886.462960389,266.89233042687573,235.49886383840646,326015395.5308805,0.0,0.011693621180049787
R1033_S+03,1033,3,299797200.0,0.0,15303886.462960389,266.89233042687573,235.49886383840646,326015395.5308805,0.0,0.011693621180049787
R1033_S+03,1033,3,307686600.0,0.0,15303886.462960389,266.89233042687573,235.49886383840646,326015395.5308805,0.0,0.011693621180049787
R1033_S+03,1033,3,315576000.0,0.0,15303886.462960389,266.89233042687573,235.49886383840646,326015395.5308805,0.0,0.011693621180049787
R1034_S+00,1034,0,0.0,2.792970458396504,0.0,0.0,0.0,0.0,0.0,0.0
R1034_S+00,1034,0,7889400.0,2.792970458396504,1894123.3802056722,76.62628826070815,68.44717773574732,22034861.134473376,0.0,0.00013951515679745544
R1034_S+00,1034,0,15778800.0,2.792970458396504,2132829.7172214203,106.39543160706985,95.18846621184484,44069722.26894677,0.0,0.00027860451862413285
R1034_S+00,1034,0,23668200.0,2.792970458396504,2360314.7906416655,130.26639098784136,114.62722440787722,66104583.403420165,0.0,0.00041722056420768724
R1034_S+00,1034,0,31557600.0,2.792970458396504,2579566.6978313923,146.7579825595141,130.64892639934357,88139444.53789361,0.0,0.000555382442404957
R1034_S+00,1034,0,39447000.0,2.792970458396504,2796196.5195357986,162.74576134266835,144.08365589977194,110174305.67236704,0.0,0.0006930720747879689
R1034_S+00,1034,0,47336400.0,1.7347904228033033,2195183.375732094,174.31722161844465,149.98015448216418,123860761.23403136,0.0,0.0007801267765366258
R1034_S+00,1034,0,55225800.0,1.7347904228033033,2308107.104727201,179.23369464960854,155.2257663180972,137547216.79569575,0.0,0.0008655212154517749
R1034_S+00,1034,0,63115200.0,1.7347904228033033,2422742.1930150352,182.3649841645946,161.0708201990918,151233672.35736006,0.0,0.0009507404745639687
R1034_S+00,1034,0,71004600.0,1.7347904228033033,2533116.1059557796,193.87217717915308,165.86185071964536,164920127.9190244,0.0,0.001035831988160532
R1034_S+00,1034,0,78894000.0,1.7347904228033033,2647983.8861230277,198.67478135939487,170.38091342655005,178606583.48068878,0.0,0.0011207105722720234
R1034_S+00,1034,0,86783400.0,0.8908380438911934,2129387.64633207,199.33202676606237,171.09186236397377,185634761.14416397,0.0,0.0011662763086137042
R1034_S+00,1034,0,94672800.0,0.8908380438911934,2170594.9672799297,199.89483864521097,171.74854639733863,192662938.80763915,0.0,0.0012100012522610016
R1034_S+00,1034,0,102562200.0,0.8908380438911934,2214819.538926333,200.49738071859164,172.5547199171061,199691116.4711143,0.0,0.0012536478178846297
R1034_S+00,1034,0,110451600.0,0.8908380438911934,2260785.8376644067,201.17036008090156,173.49011711683602,206719294.1345895,0.0,0.001297228371859921
R1034_S+00,1034,0,118341000.0,0.8908380438911934,2306382.6502118036,201.94853070784114,174.64579857116007,213747471.79806465,0.0,0.0013407741026404776
R1034_S+00,1034,0,126230400.0,0.26111332166017504,1688931.4040763453,201.98118655472453,174.4924894095145,215807499.23797047,0.0,0.0013554668664933392
R1034_S+00,1034,0,134119800.0,0.26111332166017504,1704413.0021871142,201.98118860189481,174.29217037084587,217867526.67787626,0.0,0.0013682930937522085
R1034_S+00,1034,0,142009200.0,0.26111332166017504,1723062.3363657147,201.98118860229488,174.0923251492057,219927554.117782,0.0,0.0013810969731092731
R1034_S+00,1034,0,149898600.0,0.26111332166017504,1742166.4864452295,201.98118860229494,173.9010613395863,221987581.55768782,0.0,0.0013938934420208843
R1034_S+00,1034,0,157788000.0,0.26111332166017504,1761483.7480513323,201.98118860229494,173.7956635299808,224047608.99759358,0.0,0.001406683536431372
R1034_S+00,1034,0,165677400.0,0.0,1771175.1718322579,201.98118860229494,173.78823491589716,224047608.99759358,0.0,0.0014076460522377575
R1034_S+00,1034,0,173566800.0,0.0,1769889.1392243933,201.98118860229494,173.7880362934203,224047608.9975936,0.0,0.0014076712862054843
R1034_S+00,1034,0,181456200.0,0.0,1769738.5773939732,201.98118860229494,173.7880120425546,224047608.99759364,0.0,0.0014076743184472113
R1034_S+00,1034,0,189345600.0,0.0,1769710.4485398717,201.98118860229494,173.78800739298822,224047608.99759358,0.0,0.0014076748929306028
R1034_S+00,1034,0,197235000.0,0.0,1769707.4883879721,201.98118860229494,173.78800688796795,224047608.99759358,0.0,0.001407674954561942
R1034_S+00,1034,0,205124400.0,0.0,1769706.9853818342,201.98118860229494,173.78800680094002,224047608.99759358,0.0,0.0014076749651151812
R1034_S+00,1034,0,213013800.0,0.0,1769706.911632061,201.98118860229494,173.78800678803918,224047608.99759358,0.0,0.0014076749666718045
R1034_S+00,1034,0,220903200.0,0.0,1769706.905095024,201.98118860229494,173.7880067868838,224047608.9975936,0.0,0.0014076749668106888
R1034_S+00,1034,0,228792600.0,0.0,1769706.904093586,201.98118860229494,173.78800678670638,224047608.9975936,0.0,0.0014076749668319828
R1034_S+00,1034,0,236682000.0,0.0,1769706.9039986823,201.98118860229494,173.78800678668955,224047608.99759358,0.0,0.0014076749668340072
R1034_S+00,1034,0,244571400.0,0.0,1769706.9039836526,201.98118860229494,173.78800678668682,224047608.99759358,0.0,0.0014076749668343277
R1034_S+00,1034,0,252460800.0,0.0,1769706.9039813075,201.98118860229494,173.78800678668645,224047608.99759358,0.0,0.0014076749668343776
R1034_S+00,1034,0,260350200.0,0.0,1769706.9039809667,201.98118860229494,173.78800678668634,224047608.99759358,0.0,0.0014076749668343856
R1034_S+00,1034,0,268239600.0,0.0,1769706.9039809033,201.98118860229494,173.78800678668634,224047608.99759358,0.0,0.0014076749668343867
R1034_S+00,1034,0,276129000.0,0.0,1769706.9039808959,201.98118860229494,173.78800678668634,224047608.99759358,0.0,0.0014076749668343869
R1034_S+00,1034,0,284018400.0,0.0,1769706.9039808903,201.98118860229494,173.78800678668628,224047608.99759358,0.0,0.0014076749668343869
R1034_S+00,1034,0,291907800.0,0.0,1769706.9039808903,201.98118860229494,173.78800678668628,224047608.99759358,0.0,0.0014076749668343869
R1034_S+00,1034,0,299797200.0,0.0,1769706.9039808903,201.98118860229494,173.78800678668628,224047608.99759358,0.0,0.0014076749668343869
R1034_S+00,1034,0,307686600.0,0.0,1769706.9039808903,201.98118860229494,173.78800678668628,224047608.99759358,0.0,0.0014076749668343869
R1034_S+00,1034,0,315576000.0,0.0,1769706.9039808903,201.98118860229494,173.78800678668628,224047608.99759358,0.0,0.0014076749668343869
R1034_S+01,1034,1,0.0,0.23521518118362794,0.0,0.0,0.0,0.0,0.0,0.0
R1034_S+01,1034,1,7889400.0,0.23521518118362794,156791.9934131503,23.251048366666684,20.61725942021678,1855706.6504301257,0.0,1.1848968449442162e-05
R1034_S+01,1034,1,15778800.0,0.23521518118362794,166159.83876707777,32.12684111245713,28.403060356646222,3711413.3008602466,0.0,2.3695109594634535e-05
R1034_S+01,1034,1,23668200.0,0.23521518118362794,179446.8062702082,39.11302419225509,33.892028294845964,5567119.951290373,0.0,3.553777065870451e-05
R1034_S+01,1034,1,31557600.0,0.23521518118362794,193589.832724249,44.08821649934332,38.30411040566265,7422826.601720474,0.0,4.737679399845448e-05
R1034_S+01,1034,1,39447000.0,0.23521518118362794,208346.09203026816,48.738577231701235,42.06093523956423,9278533.252150591,0.0,5.9212568172315824e-05
R1034_S+01,1034,1,47336400.0,0.9122419584821998,641562.8161485493,63.9340625406579,56.313582120775756,16475574.959400056,0.0,0.00010488445207710373
R1034_S+01,1034,1,55225800.0,0.9122419584821998,712686.0897167586,76.20256460935256,66.99320699669492,23672616.666649494,0.0,0.00015061554373341877
R1034_S+01,1034,1,63115200.0,0.9122419584821998,779632.1613974106,85.5101282839037,75.77832310900928,30869658.373898957,0.0,0.00019629689357375532
R1034_S+01,1034,1,71004600.0,0.9122419584821998,845182.4193829745,94.65571394740375,83.09428949646481,38066700.08114843,0.0,0.00024192762891087074
R1034_S+01,1034,1,78894000.0,0.9122419584821998,908256.6195708457,103.90631891992133,89.38228159737237,45263741.78839791,0.0,0.0002875126690698914
R1034_S+01,1034,1,86783400.0,1.730094375290438,1536265.230684599,117.01177453814752,101.88992403409058,58913148.35281435,0.0,0.0003730885134681065
R1034_S+01,1034,1,94672800.0,1.730094375290438,1668601.056472225,129.91439549735568,112.56316359660217,72562554.91723073,0.0,0.00045904206998617137
R1034_S+01,1034,1,102562200.0,1.730094375290438,1795447.903928835,142.5034630849399,122.07842250765363,86211961.48164701,0.0,0.0005448279380108358
R1034_S+01,1034,1,110451600.0,1.730094375290438,1922960.1340010613,147.7007019870771,130.6753242186918,99861368.04606336,0.0,0.000630424114655837
R1034_S+01,1034,1,118341000.0,1.730094375290438,2046235.416447319,160.31555384142882,137.79763749298695,113510774.61047977,0.0,0.0007158594191261059
R1034_S+01,1034,1,126230400.0,2.6887724316083426,2894065.6665899083,175.62628186835562,150.0552893188225,134723575.8324108,0.0,0.0008466073630844885
R1034_S+01,1034,1,134119800.0,2.6887724316083426,3103554.92260091,182.7171041920039,161.20941067021522,155936377.05434182,0.0,0.0009782928454881844
R1034_S+01,1034,1,142009200.0,2.6887724316083426,3304303.6593176946,198.68845149928208,170.5539363593229,177149178.27627212,0.0,0.0011095932754595726
R1034_S+01,1034,1,149898600.0,2.6887724316083426,3498911.061539624,204.0072468500868,179.95885743745646,198361979.49820292,0.0,0.001240535936126971
R1034_S+01,1034,1,157788000.0,2.6887724316083426,3693324.550750274,219.95344247145803,187.81586629534277,219574780.72013378,0.0,0.001371036928431273
R1034_S+01,1034,1,165677400.0,0.0,1869046.0047576874,220.20781746918325,188.10709550289192,219574780.72013378,0.0,0.0013784152945448152
R1034_S+01,1034,1,173566800.0,0.0,1862970.5368211828,220.2080082532654,188.1061141438712,219574780.7201338,0.0,0.001378520605658163
R1034_S+01,1034,1,181456200.0,0.0,1862528.0126773044,220.20800927118177,188.10602015666734,219574780.72013384,0.0,0.0013785285057456812
R1034_S+01,1034,1,189345600.0,0.0,1862485.9371480271,220.20800928077512,188.1060109167624,219574780.7201338,0.0,0.001378529270942648
R1034_S+01,1034,1,197235000.0,0.0,1862479.1149296053,220.20800928104325,188.10600940580062,219574780.72013378,0.0,0.001378529395907245
R1034_S+01,1034,1,205124400.0,0.0,1862478.2241311967,220.20800928104669,188.1060092071101,219574780.72013384,0.0,0.0013785294123359756
R1034_S+01,1034,1,213013800.0,0.0,1862478.1418174803,220.20800928104669,188.10600918860987,219574780.7201338,0.0,0.0013785294138656205
R1034_S+01,1034,1,220903200.0,0.0,1862478.129866127,220.20800928104669,188.1060091859131,219574780.72013384,0.0,0.0013785294140886031
R1034_S+01,1034,1,228792600.0,0.0,1862478.1277985275,220.20800928104669,188.10600918544668,219574780.72013384,0.0,0.0013785294141271714
R1034_S+01,1034,1,236682000.0,0.0,1862478.1274796762,220.20800928104669,188.10600918537475,219574780.72013384,0.0,0.0013785294141331168
R1034_S+01,1034,1,244571400.0,0.0,1862478.127451934,220.20800928104669,188.1060091853684,219574780.72013384,0.0,0.0013785294141336346
R1034_S+01,1034,1,252460800.0,0.0,1862478.1274487972,220.20800928104669,188.1060091853677,219574780.7201338,0.0,0.0013785294141336942
R1034_S+01,1034,1,260350200.0,0.0,1862478.1274482682,220.20800928104669,188.1060091853677,219574780.7201338,0.0,0.0013785294141337038
R1034_S+01,1034,1,268239600.0,0.0,1862478.12744819,220.20800928104669,188.10600918536758,219574780.72013384,0.0,0.0013785294141337053
R1034_S+01,1034,1,276129000.0,0.0,1862478.127448175,220.20800928104669,188.10600918536755,219574780.72013384,0.0,0.0013785294141337055
R1034_S+01,1034,1,284018400.0,0.0,1862478.127448175,220.20800928104669,188.1060091853676,219574780.72013384,0.0,0.0013785294141337055
R1034_S+01,1034,1,291907800.0,0.0,1862478.127448175,220.20800928104669,188.10600918536755,219574780.72013384,0.0,0.0013785294141337055
R1034_S+01,1034,1,299797200.0,0.0,1862478.1274481714,220.20800928104669,188.10600918536755,219574780.72013384,0.0,0.0013785294141337055
R1034_S+01,1034,1,307686600.0,0.0,1862478.1274481714,220.20800928104669,188.10600918536755,219574780.72013384,0.0,0.0013785294141337055
R1034_S+01,1034,1,315576000.0,0.0,1862478.1274481714,220.20800928104669,188.10600918536755,219574780.72013384,0.0,0.0013785294141337055
R1034_S+02,1034,2,0.0,0.696554421508162,0.0,0.0,0.0,0.0,0.0,0.0
R1034_S+02,1034,2,7889400.0,0.696554421508162,436812.5453400612,39.62573812543284,34.682290555198676,5495396.453046489,0.0,3.503031036199689e-05
R1034_S+02,1034,2,15778800.0,0.696554421508162,478514.98546575755,54.746796639069494,47.78368859341842,10990792.90609298,0.0,7.00347649388615e-05
R1034_S+02,1034,2,23668200.0,0.696554421508162,526457.1523489486,66.25956608621124,57.38242213254816,16486189.359139472,0.0,0.00010500903860874516
R1034_S+02,1034,2,31557600.0,0.696554421508162,575935.7192997336,75.14700638310725,64.96802526861924,21981585.812186,0.0,0.00013995174960775402
R1034_S+02,1034,2,39447000.0,0.696554421508162,624860.751254797,83.0748833420711,71.50943221784418,27476982.265232485,0.0,0.0001748655235629049
R1034_S+02,1034,2,47336400.0,0.9777066893218331,855260.0767773241,93.03540228564482,80.08382567844635,35190501.41996816,0.0,0.00022366393273463817
R1034_S+02,1034,2,55225800.0,0.9777066893218331,926309.825895261,102.01466754161144,87.61358648273647,42904020.574703835,0.0,0.0002725272794929005
R1034_S+02,1034,2,63115200.0,0.9777066893218331,996664.4177340921,106.56670849266305,94.31468723761263,50617539.72943951,0.0,0.0003213302252978062
R1034_S+02,1034,2,71004600.0,0.9777066893218331,1063011.891305292,116.06947580332633,99.86361692798891,58331058.884175174,0.0,0.0003700871121893123
R1034_S+02,1034,2,78894000.0,0.9777066893218331,1129660.3082235474,119.2971554116771,105.4716765264045,66044578.038910896,0.0,0.0004187857753274554
R1034_S+02,1034,2,86783400.0,1.2113911146487841,1356156.7883055434,129.71331805764748,111.73453693634377,75601727.09882101,0.0,0.00047878211441917007
R1034_S+02,1034,2,94672800.0,1.2113911146487841,1438942.0839891788,136.1492498944045,118.07303345944176,85158876.15873116,0.0,0.0005389294616615434
R1034_S+02,1034,2,102562200.0,1.2113911146487841,1523244.6673627645,143.95748187278372,123.33444653797869,94716025.21864125,0.0,0.0005989763683752725
R1034_S+02,1034,2,110451600.0,1.2113911146487841,1603986.153735295,146.8656920879331,128.7259522721281,104273174.27855136,0.0,0.0006589586303411885
R1034_S+02,1034,2,118341000.0,1.2113911146487841,1685227.4060596079,156.91459873738228,133.41562247709376,113830323.33846143,0.0,0.0007188463049708235
R1034_S+02,1034,2,126230400.0,1.3976076974890144,1897582.4422323182,161.3078257975322,138.73313236671308,124856609.50703125,0.0,0.0007875381884000788
R1034_S+02,1034,2,134119800.0,1.3976076974890144,1993180.1721397452,164.5543839419755,144.32556252482402,135882895.67560104,0.0,0.0008563795630102959
R1034_S+02,1034,2,142009200.0,1.3976076974890144,2085396.342905581,175.8763655320283,149.09505641255166,146909181.844171,0.0,0.0009251367088960998
R1034_S+02,1034,2,149898600.0,1.3976076974890144,2177476.315203011,179.30143943328233,153.52084722549563,157935468.01274082,0.0,0.0009937844512680012
R1034_S+02,1034,2,157788000.0,1.3976076974890144,2271383.235030446,181.77560554738335,158.10932860852077,168961754.18131065,0.0,0.0010622916971951485
R1034_S+02,1034,2,165677400.0,0.0,1392319.9237000942,181.8695517155822,158.24550950395,168961754.18131065,0.0,0.001065571712703993
R1034_S+02,1034,2,173566800.0,0.0,1389391.1939960886,181.8696029264716,158.24490872560182,168961754.18131065,0.0,0.0010656136340066154
R1034_S+02,1034,2,181456200.0,0.0,1389077.241059687,181.86960391972696,158.24483329171676,168961754.18131065,0.0,0.0010656182480667695
R1034_S+02,1034,2,189345600.0,0.0,1389011.2985225488,181.8696039680419,158.24481694103793,168961754.18131065,0.0,0.0010656192282370806
R1034_S+02,1034,2,197235000.0,0.0,1389006.375047082,181.86960396816974,158.24481568734245,168961754.18131065,0.0,0.0010656193029647222
R1034_S+02,1034,2,205124400.0,0.0,1389005.870778717,181.86960396817065,158.2448155574256,168961754.18131065,0.0,0.0010656193107070593
R1034_S+02,1034,2,213013800.0,0.0,1389005.7983221505,181.86960396817065,158.24481553865076,168961754.18131065,0.0,0.001065619311825922
R1034_S+02,1034,2,220903200.0,0.0,1389005.7871474195,181.86960396817065,158.24481553574716,168961754.18131068,0.0,0.0010656193119989593
R1034_S+02,1034,2,228792600.0,0.0,1389005.7855380774,181.86960396817065,158.2448155353276,168961754.18131065,0.0,0.0010656193120239616
R1034_S+02,1034,2,236682000.0,0.0,1389005.7852622122,181.86960396817065,158.2448155352557,168961754.18131065,0.0,0.001065619312028248
R1034_S+02,1034,2,244571400.0,0.0,1389005.7852205653,181.86960396817065,158.24481553524473,168961754.18131065,0.0,0.0010656193120288948
R1034_S+02,1034,2,252460800.0,0.0,1389005.785216814,181.86960396817065,158.24481553524384,168961754.18131065,0.0,0.0010656193120289529
R1034_S+02,1034,2,260350200.0,0.0,1389005.7852164544,181.86960396817065,158.2448155352438,168961754.18131065,0.0,0.0010656193120289585
R1034_S+02,1034,2,268239600.0,0.0,1389005.7852163948,181.86960396817065,158.24481553524367,168961754.18131065,0.0,0.0010656193120289594
R1034_S+02,1034,2,276129000.0,0.0,1389005.7852163855,181.86960396817065,158.2448155352437,168961754.18131065,0.0,0.0010656193120289594
R1034_S+02,1034,2,284018400.0,0.0,1389005.7852163855,181.86960396817065,158.24481553524367,168961754.18131065,0.0,0.0010656193120289596
R1034_S+02,1034,2,291907800.0,0.0,1389005.7852163855,181.86960396817065,158.24481553524367,168961754.18131065,0.0,0.0010656193120289596
R1034_S+02,1034,2,299797200.0,0.0,1389005.7852163855,181.86960396817065,158.24481553524367,168961754.18131065,0.0,0.0010656193120289596
R1034_S+02,1034,2,307686600.0,0.0,1389005.7852163855,181.86960396817065,158.24481553524367,168961754.18131065,0.0,0.0010656193120289596
R1034_S+02,1034,2,315576000.0,0.0,1389005.7852163855,181.86960396817065,158.24481553524367,168961754.18131065,0.0,0.0010656193120289596
R1034_S+03,1034,3,0.0,0.2340724859381668,0.0,0.0,0.0,0.0,0.0,0.0
R1034_S+03,1034,3,7889400.0,0.2340724859381668,156016.62092341483,23.227319094023425,20.55484706723477,1846691.470560579,0.0,1.1791456431529788e-05
R1034_S+03,1034,3,15778800.0,0.2340724859381668,165364.48016835377,32.09416483666815,28.315255475174787,3693382.941121153,0.0,2.3580113320026063e-05
R1034_S+03,1034,3,23668200.0,0.2340724859381668,178278.59712219052,39.029211410199274,33.8182488421468,5540074.4116817545,0.0,3.5365348797145895e-05
R1034_S+03,1034,3,31557600.0,0.2340724859381668,192683.3600441981,44.038796780216934,38.22547718843344,7386765.882242338,0.0,4.7146954186936995e-05
R1034_S+03,1034,3,39447000.0,0.2340724859381668,207360.3289662879,48.66278407205961,41.97670489325591,9233457.352802908,0.0,5.892530433985414e-05
R1034_S+03,1034,3,47336400.0,1.9234043622207253,1335563.3262153212,77.78673043539274,69.543595724943,24407963.72810708,0.0,0.0001548766922939598
R1034_S+03,1034,3,55225800.0,1.9234043622207253,1490470.54138924,101.62743656476428,87.89766406890779,39582470.1034113,0.0,0.00025088552114629084
R1034_S+03,1034,3,63115200.0,1.9234043622207253,1644841.8909040354,116.85056192762539,102.22517875855121,54756976.478715494,0.0,0.0003466505622073168
R1034_S+03,1034,3,71004600.0,1.9234043622207253,1790241.704950329,130.38030260436793,114.26447067848648,69931482.85401967,0.0,0.00044220741633098793
R1034_S+03,1034,3,78894000.0,1.9234043622207253,1932416.3561041988,143.8948874374188,124.33589662613687,85105989.22932392,0.0,0.0005375487841163492
R1034_S+03,1034,3,86783400.0,3.611461021355252,3391308.306334015,162.77767271432504,143.75330694978618,113598249.81120408,0.0,0.0007133450918425506
R1034_S+03,1034,3,94672800.0,3.611461021355252,3688752.289228659,181.26866618729662,159.98679089005648,142090510.3930843,0.0,0.0008903121790071493
R1034_S+03,1034,3,102562200.0,3.611461021355252,3972585.527849477,199.79838020024562,173.39793630614656,170582770.9749646,0.0,0.0010665612505864636
R1034_S+03,1034,3,110451600.0,3.611461021355252,4248770.957938723,217.17500742309142,186.25661440798447,199075031.55684477,0.0,0.0012420951943466622
R1034_S+03,1034,3,118341000.0,3.611461021355252,4529070.851562727,224.8239348889756,197.8123693336337,227567292.1387245,0.0,0.0014167936971685336
R1034_S+03,1034,3,126230400.0,5.298242463341746,6289827.102246352,247.24975090658492,213.65740821564583,269367246.2290138,0.0,0.0016667942818268406
R1034_S+03,1034,3,134119800.0,5.298242463341746,6714787.571323,267.181404611834,229.2244504860625,311167200.31930286,0.0,0.001919536601710497
R1034_S+03,1034,3,142009200.0,5.298242463341746,7140654.212946441,277.71102598887177,242.82263354867874,352967154.40959066,0.0,0.0021705417624098833
R1034_S+03,1034,3,149898600.0,5.298242463341746,7535220.388732713,298.1929984422952,255.35747512676613,394767108.49987763,0.0,0.0024205412556904536
R1034_S+03,1034,3,157788000.0,5.298242463341746,7943413.806405038,307.62299181638474,266.29542914915214,436567062.59016585,0.0,0.002668649516110709
R1034_S+03,1034,3,165677400.0,0.0,3733877.197460085,308.0436563792369,267.0302159001924,436567062.5901658,0.0,0.0026925157611391503
R1034_S+03,1034,3,173566800.0,0.0,3713699.685036201,308.0448391408429,267.0274866724217,436567062.5901658,0.0,0.00269315400442097
R1034_S+03,1034,3,181456200.0,0.0,3712461.077952888,308.04484381815837,267.02715356929303,436567062.59016585,0.0,0.0026931950084380417
R1034_S+03,1034,3,189345600.0,0.0,3712287.527268853,308.0448439551913,267.0271050595116,436567062.5901658,0.0,0.00269320083612965
R1034_S+03,1034,3,197235000.0,0.0,3712260.826122422,308.04484395948,267.0270974871245,436567062.59016585,0.0,0.002693201741316299
R1034_S+03,1034,3,205124400.0,0.0,3712256.859877661,308.0448439596032,267.0270963494973,436567062.5901658,0.0,0.0026932018771681724
R1034_S+03,1034,3,213013800.0,0.0,3712256.1684944965,308.04484395960753,267.027096150557,436567062.59016585,0.0,0.0026932019009204525
R1034_S+03,1034,3,220903200.0,0.0,3712256.0667167827,308.0448439596076,267.0270961209807,436567062.59016585,0.0,0.0026932019044515194
R1034_S+03,1034,3,228792600.0,0.0,3712256.0393938273,308.0448439596076,267.02709611307677,436567062.5901658,0.0,0.0026932019053951665
R1034_S+03,1034,3,236682000.0,0.0,3712256.036615394,308.0448439596076,267.0270961122676,436567062.59016585,0.0,0.002693201905491773
R1034_S+03,1034,3,244571400.0,0.0,3712256.0361531414,308.0448439596076,267.02709611213277,436567062.59016585,0.0,0.002693201905507865
R1034_S+03,1034,3,252460800.0,0.0,3712256.0360751525,308.0448439596076,267.0270961121101,436567062.5901658,0.0,0.0026932019055105785
R1034_S+03,1034,3,260350200.0,0.0,3712256.03606233,308.0448439596076,267.02709611210634,436567062.5901658,0.0,0.0026932019055110313
R1034_S+03,1034,3,268239600.0,0.0,3712256.036060028,308.0448439596076,267.02709611210565,436567062.59016585,0.0,0.002693201905511109
R1034_S+03,1034,3,276129000.0,0.0,3712256.036059618,308.0448439596076,267.02709611210554,436567062.5901658,0.0,0.0026932019055111215
R1034_S+03,1034,3,284018400.0,0.0,3712256.0360595435,308.0448439596076,267.0270961121054,436567062.5901658,0.0,0.0026932019055111237
R1034_S+03,1034,3,291907800.0,0.0,3712256.0360595323,308.0448439596076,267.0270961121054,436567062.5901658,0.0,0.0026932019055111237
R1034_S+03,1034,3,299797200.0,0.0,3712256.0360595323,308.0448439596076,267.0270961121054,436567062.59016585,0.0,0.0026932019055111237
R1034_S+03,1034,3,307686600.0,0.0,3712256.0360595323,308.0448439596076,267.0270961121054,436567062.59016585,0.0,0.0026932019055111237
R1034_S+03,1034,3,315576000.0,0.0,3712256.0360595323,308.0448439596076,267.0270961121054,436567062.59016585,0.0,0.0026932019055111237
R1035_S+00,1035,0,0.0,5.512403781738201,0.0,0.0,0.0,0.0,0.0,0.0
R1035_S+00,1035,0,7889400.0,5.512403781738201,7591010.92630025,73.13597037519168,61.7908381479753,43489558.39564537,0.0,9.742476725599578e-05
R1035_S+00,1035,0,15778800.0,5.512403781738201,7852813.475386877,103.28086211434201,87.50971840148259,86979116.79129083,0.0,0.00019485375561600362
R1035_S+00,1035,0,23668200.0,5.512403781738201,8009734.490444146,126.61478577104718,106.94102231854552,130468675.1869361,0.0,0.00029227564049936865
R1035_S+00,1035,0,31557600.0,5.512403781738201,8127585.232343122,145.47909608085544,123.67309723725529,173958233.58258125,0.0,0.0003896758349820753
R1035_S+00,1035,0,39447000.0,5.512403781738201,8231740.300342023,162.6254713281989,138.24742279755122,217447791.97822675,0.0,0.0004870194181826765
R1035_S+00,1035,0,47336400.0,3.7410343644539448,5803797.724605866,173.61892056737136,147.25797611405991,246962308.4931498,0.0,0.0005578165053939045
R1035_S+00,1035,0,55225800.0,3.7410343644539448,5730498.601367362,183.07176472765406,156.06936156262128,276476825.00807256,0.0,0.0006249267983575371
R1035_S+00,1035,0,63115200.0,3.7410343644539448,5741205.579125598,191.43626248052968,163.33564541855492,305991341.5229956,0.0,0.0006916580638522455
R1035_S+00,1035,0,71004600.0,3.7410343644539448,5781801.544514097,202.6305841896008,172.11782100734146,335505858.0379185,0.0,0.0007582057423622808
R1035_S+00,1035,0,78894000.0,3.7410343644539448,5840122.72211251,207.4434820359787,177.16971358731314,365020374.552842,0.0,0.000824597439657334
R1035_S+00,1035,0,86783400.0,3.9100272026553164,6128626.746973779,219.53247918960435,185.95349355466982,395868143.16547066,0.0,0.0008932443455131987
R1035_S+00,1035,0,94672800.0,3.9100272026553164,6216032.679605894,227.14689295195973,193.26010364258403,426715911.77809936,0.0,0.0009622773797907317
R1035_S+00,1035,0,102562200.0,3.9100272026553164,6301188.785297047,231.5049106646189,197.77687795809982,457563680.39072835,0.0,0.001031235540696045
R1035_S+00,1035,0,110451600.0,3.9100272026553164,6382171.871957079,240.5848535925176,205.285096451803,488411449.0033573,0.0,0.0011001474994087304
R1035_S+00,1035,0,118341000.0,3.9100272026553164,6461835.465752725,250.83484567209362,212.83970602112902,519259217.61598593,0.0,0.0011689878912432667
R1035_S+00,1035,0,126230400.0,6.0193822963423145,9455744.291893631,256.97534158097886,219.48548046800067,566748532.304749,0.0,0.0012647297646336667
R1035_S+00,1035,0,134119800.0,6.0193822963423145,9807710.646209411,265.2639170333435,228.0536969842382,614237846.9935119,0.0,0.0013675494920632894
R1035_S+00,1035,0,142009200.0,6.0193822963423145,10029904.797439493,280.8103424803795,238.52566412764523,661727161.6822748,0.0,0.001471255773643673
R1035_S+00,1035,0,149898600.0,6.0193822963423145,10214572.148111727,286.86703012754305,245.0445123637838,709216476.3710387,0.0,0.001575042380476852
R1035_S+00,1035,0,157788000.0,6.0193822963423145,10378626.296669718,292.46034810960884,251.5045684576851,756705791.0598013,0.0,0.0016788188972279377
R1035_S+00,1035,0,165677400.0,0.0,3024080.593159966,297.04951171401984,255.64997275732526,756705791.0598013,0.0,0.0017108039035930393
R1035_S+00,1035,0,173566800.0,0.0,2532298.355112117,299.0464001183286,256.6264487151556,756705791.0598013,0.0,0.0017190291042033113
R1035_S+00,1035,0,181456200.0,0.0,2311096.0634792782,299.8360642830693,257.0514802286594,756705791.0598013,0.0,0.0017227961725307492
R1035_S+00,1035,0,189345600.0,0.0,2184091.5160136893,300.2461971444007,257.28784850120496,756705791.0598013,0.0,0.0017249780232027464
R1035_S+00,1035,0,197235000.0,0.0,2118786.9550793394,300.4314672912111,257.4032939540274,756705791.0598013,0.0,0.001726106833514974
R1035_S+00,1035,0,205124400.0,0.0,2083570.1361895017,300.51942869529535,257.4624739103936,756705791.0598013,0.0,0.001726717819384493
R1035_S+00,1035,0,213013800.0,0.0,2061297.1317157634,300.56938458455363,257.4984175505194,756705791.0598013,0.0,0.0017271050968233166
R1035_S+00,1035,0,220903200.0,0.0,2049217.7473366298,300.59271822388473,257.51687402788,756705791.0598013,0.0,0.0017273156176613076
R1035_S+00,1035,0,228792600.0,0.0,2042137.3326530345,300.60467185173115,257.5272064940568,756705791.0598013,0.0,0.0017274392132055171
R1035_S+00,1035,0,236682000.0,0.0,2038072.888813313,300.6106228081894,257.53287440232015,756705791.0598013,0.0,0.0017275102656171912
R1035_S+00,1035,0,244571400.0,0.0,2035641.91158678,300.61372358908125,257.5361284968586,756705791.0598013,0.0,0.0017275528077940897
R1035_S+00,1035,0,252460800.0,0.0,2034280.0234561004,300.61521553038676,257.5378769505235,756705791.0598013,0.0,0.001727576670444352
R1035_S+00,1035,0,260350200.0,0.0,2033395.5026120916,300.6160718623652,257.5389772366264,756705791.0598013,0.0,0.001727592177590242
R1035_S+00,1035,0,268239600.0,0.0,2032906.782736197,300.61647115712486,257.53956141174075,756705791.0598013,0.0,0.001727600754708368
R1035_S+00,1035,0,276129000.0,0.0,2032610.8831538297,300.6166801681053,257.5399041108199,756705791.0598013,0.0,0.0017276059506051405
R1035_S+00,1035,0,284018400.0,0.0,2032445.4141101576,300.6167795837279,257.54008968758075,756705791.0598013,0.0,0.0017276088587717356
R1035_S+00,1035,0,291907800.0,0.0,2032333.2697205618,300.61683932618064,257.5402126765766,756705791.0598013,0.0,0.0017276108301255801
R1035_S+00,1035,0,299797200.0,0.0,2032271.6747442186,300.61686655017786,257.54027811175456,756705791.0598013,0.0,0.0017276119135358084
R1035_S+00,1035,0,307686600.0,0.0,2032236.7434082031,300.6168796445196,257.54031427985353,756705791.0598013,0.0,0.0017276125283649459
R1035_S+00,1035,0,315576000.0,0.0,2032213.8416360654,300.61688716489124,257.54033753467576,756705791.0598013,0.0,0.0017276129314867828
R1035_S+01,1035,1,0.0,3.8045988726624587,0.0,0.0,0.0,0.0,0.0,0.0
R1035_S+01,1035,1,7889400.0,3.8045988726624587,5016297.427146953,60.04424397578234,51.165944311279155,30016002.345983192,0.0,6.796886065816717e-05
R1035_S+01,1035,1,15778800.0,3.8045988726624587,5173870.712460417,84.49846466609243,72.11113904961266,60032004.691966444,0.0,0.0001359394698159287
R1035_S+01,1035,1,23668200.0,3.8045988726624587,5267525.567509241,104.46196679364012,88.8650726628047,90048007.03794967,0.0,0.0002039075786748007
R1035_S+01,1035,1,31557600.0,3.8045988726624587,5339546.399431437,118.96081728124527,101.51271005298608,120064009.38393283,0.0,0.0002718621487530285
R1035_S+01,1035,1,39447000.0,3.8045988726624587,5403485.586448811,132.98613746116706,113.48375788792269,150080011.72991621,0.0,0.00033978979742642975
R1035_S+01,1035,1,47336400.0,1.93930562565143,3036571.838360898,143.4360553907256,121.20937642975152,165379969.53293067,0.0,0.00037818467429995
R1035_S+01,1035,1,55225800.0,1.93930562565143,2939702.2351861224,147.42453807473757,125.79923549966713,180679927.33594504,0.0,0.0004135266439685794
R1035_S+01,1035,1,63115200.0,1.93930562565143,2919761.1723598205,153.88327093288356,130.8555247499758,195979885.13895944,0.0,0.0004486290104447945
R1035_S+01,1035,1,71004600.0,1.93930562565143,2927795.7017443404,161.36911500045275,136.7271436374966,211279842.94197387,0.0,0.00048362861953560007
R1035_S+01,1035,1,78894000.0,1.93930562565143,2950053.2654429823,164.61645591374284,140.46688142010865,226579800.74498832,0.0,0.0005185605833677179
R1035_S+01,1035,1,86783400.0,0.8646138118538095,1761334.0779745765,166.21759580910512,141.88950926643673,233401084.9522278,0.0,0.0005369971296255008
R1035_S+01,1035,1,94672800.0,0.8646138118538095,1694375.5056455247,167.7327654809659,144.0421267390533,240222369.15946725,0.0,0.0005530104772250599
R1035_S+01,1035,1,102562200.0,0.8646138118538095,1676697.8594015352,172.15510152471987,146.7672128386769,247043653.36670667,0.0,0.0005687970783803569
R1035_S+01,1035,1,110451600.0,0.8646138118538095,1676542.383049382,176.00312024050123,149.24255895903963,253864937.57394618,0.0,0.0005844964515876299
R1035_S+01,1035,1,118341000.0,0.8646138118538095,1684344.0583460592,178.50264252150697,151.39707339168473,260686221.7811856,0.0,0.0006001517352465126
R1035_S+01,1035,1,126230400.0,0.5805234312695964,1401594.457160581,179.77140002985328,152.7195602782107,265266203.33984393,0.0,0.0006114786732660116
R1035_S+01,1035,1,134119800.0,0.5805234312695964,1388148.71729609,180.7188898605043,153.78146107428148,269846184.8985023,0.0,0.0006221054163762458
R1035_S+01,1035,1,142009200.0,0.5805234312695964,1389031.1049351133,181.52367113912277,154.70573625375437,274426166.4571606,0.0,0.0006326509507004523
R1035_S+01,1035,1,149898600.0,0.5805234312695964,1395344.5248610824,182.24057793190366,155.5253714454261,279006148.01581895,0.0,0.0006431654775332458
R1035_S+01,1035,1,157788000.0,0.5805234312695964,1404269.6541009862,182.90598081789145,156.26805908496925,283586129.5744773,0.0,0.0006536636016605107
R1035_S+01,1035,1,165677400.0,0.0,846146.2939099725,183.02559839331502,156.4051019609852,283586129.5744773,0.0,0.0006553919538758997
R1035_S+01,1035,1,173566800.0,0.0,797758.8168527484,183.04621288767507,156.42955907744545,283586129.5744774,0.0,0.0006557156044264949
R1035_S+01,1035,1,181456200.0,0.0,779826.1773160808,183.0531044558796,156.4381638768899,283586129.5744773,0.0,0.0006558369116652592
R1035_S+01,1035,1,189345600.0,0.0,770163.9868772719,183.05642644509118,156.4425470918775,283586129.5744773,0.0,0.0006559025290193628
R1035_S+01,1035,1,197235000.0,0.0,765438.3739468288,183.0577975871672,156.44452368464226,283586129.5744773,0.0,0.000655934725702695
R1035_S+01,1035,1,205124400.0,0.0,763012.3529380038,183.05839065592534,156.44546420834664,283586129.5744774,0.0,0.0006559512923072535
R1035_S+01,1035,1,213013800.0,0.0,761589.7813558262,183.05869070292366,156.4459833415409,283586129.5744773,0.0,0.0006559610212149911
R1035_S+01,1035,1,220903200.0,0.0,760755.4034521282,183.05884037545596,156.44626973398414,283586129.5744773,0.0,0.0006559667351101959
R1035_S+01,1035,1,228792600.0,0.0,760326.7500389758,183.0589028356972,156.44640676090833,283586129.5744773,0.0,0.0006559696749216584
R1035_S+01,1035,1,236682000.0,0.0,760091.9497316685,183.05893146647932,156.44647781920054,283586129.5744774,0.0,0.0006559712870538692
R1035_S+01,1035,1,244571400.0,0.0,759946.1436348036,183.05894672504428,156.4465200986596,283586129.5744773,0.0,0.0006559722888545257
R1035_S+01,1035,1,252460800.0,0.0,759867.4104115255,183.05895346842942,156.44654180540886,283586129.5744774,0.0,0.0006559728302687369
R1035_S+01,1035,1,260350200.0,0.0,759825.198372107,183.05895646112873,156.4465529599724,283586129.5744773,0.0,0.000655973120787024
R1035_S+01,1035,1,268239600.0,0.0,759796.759329807,183.05895822416085,156.44656027179465,283586129.5744773,0.0,0.0006559733165740358
R1035_S+01,1035,1,276129000.0,0.0,759781.4548721481,183.05895898677412,156.44656405230762,283586129.5744773,0.0,0.0006559734219982277
R1035_S+01,1035,1,284018400.0,0.0,759773.2449465916,183.058959319002,156.4465660131721,283586129.5744773,0.0,0.0006559734785861947
R1035_S+01,1035,1,291907800.0,0.0,759768.3798555508,183.05895948417646,156.44656714573316,283586129.5744773,0.0,0.0006559735121284803
R1035_S+01,1035,1,299797200.0,0.0,759765.7639787924,183.05895955713902,156.44656773917262,283586129.5744773,0.0,0.0006559735301732225
R1035_S+01,1035,1,307686600.0,0.0,759763.9795591552,183.05895960060485,156.44656813738928,283586129.5744773,0.0,0.0006559735424829647
R1035_S+01,1035,1,315576000.0,0.0,759763.0390704181,183.05895961882075,156.44656834208038,283586129.5744773,0.0,0.0006559735489734605
R1035_S+02,1035,2,0.0,1.3237053344174983,0.0,0.0,0.0,0.0,0.0,0.0
R1035_S+02,1035,2,7889400.0,1.3237053344174983,1653625.5939651374,35.019643558396545,29.966374560075636,10443240.865353407,0.0,2.4064206159206922e-05
R1035_S+02,1035,2,15778800.0,1.3237053344174983,1683723.5767915715,49.24631471761966,42.27732682654559,20886481.730706826,0.0,4.8129653954725827e-05
R1035_S+02,1035,2,23668200.0,1.3237053344174983,1706219.9812459238,60.74633268601599,51.82785242237084,31329722.596060228,0.0,7.219400747450735e-05
R1035_S+02,1035,2,31557600.0,1.3237053344174983,1724456.7128965706,71.1345042936075,60.07854648400882,41772963.46141362,0.0,9.625668123875725e-05
R1035_S+02,1035,2,39447000.0,1.3237053344174983,1741497.7135984786,79.54763391454601,67.1871910059314,52216204.32676706,0.0,0.00012031560821804719
R1035_S+02,1035,2,47336400.0,3.535164781136489,4621533.91829842,96.16635657599038,82.39322641194757,80106533.35106522,0.0,0.0001819803322240497
R1035_S+02,1035,2,55225800.0,3.535164781136489,4804926.82790171,114.78302342142192,96.8803776974027,107996862.37536348,0.0,0.0002451261247107868
R1035_S+02,1035,2,63115200.0,3.535164781136489,4909464.832403105,128.7376696843313,108.80158114216157,135887191.39966175,0.0,0.00030830444076179584
R1035_S+02,1035,2,71004600.0,3.535164781136489,4989079.224332515,141.26780598970822,119.15605328646407,163777520.42396015,0.0,0.0003714697639114388
R1035_S+02,1035,2,78894000.0,3.535164781136489,5059041.0296960175,149.33798714187242,127.33358424163484,191667849.44825822,0.0,0.0004346027061951309
R1035_S+02,1035,2,86783400.0,5.32153294421681,7623290.796713196,165.183524988624,140.9429722122547,233651551.45836264,0.0,0.0005248736217551063
R1035_S+02,1035,2,94672800.0,5.32153294421681,7872098.73748377,181.68907934506854,154.32227892250927,275635253.46846646,0.0,0.0006183633132263252
R1035_S+02,1035,2,102562200.0,5.32153294421681,8036983.464864787,194.77828697004384,164.9736501966721,317618955.4785707,0.0,0.0007119776944104473
R1035_S+02,1035,2,110451600.0,5.32153294421681,8170903.189264946,205.57480843213895,175.38559265870268,359602657.48867476,0.0,0.0008055717979829418
R1035_S+02,1035,2,118341000.0,5.32153294421681,8293261.17215842,219.66336681760077,185.86101447423312,401586359.4987788,0.0,0.0008990769664475465
R1035_S+02,1035,2,126230400.0,6.682809823658461,10409483.03039468,230.05291891218198,196.35317548523264,454309719.32154965,0.0,0.0010107573371946272
R1035_S+02,1035,2,134119800.0,6.682809823658461,10693689.799890209,245.96799941317025,208.24941098577304,507033079.1443211,0.0,0.0011262536172689053
R1035_S+02,1035,2,142009200.0,6.682809823658461,10898179.942749873,256.04662107662176,218.40342567644217,559756438.9670922,0.0,0.0012420111224689869
R1035_S+02,1035,2,149898600.0,6.682809823658461,11077641.171245597,264.6876153042368,227.41377338328869,612479798.7898626,0.0,0.0013576955161942095
R1035_S+02,1035,2,157788000.0,6.682809823658461,11238533.989573438,281.65232041762147,239.1155335533427,665203158.6126338,0.0,0.0014733013444085603
R1035_S+02,1035,2,165677400.0,0.0,2872568.8449799307,284.0156675597413,241.84443468425548,665203158.6126338,0.0,0.0015062222318552561
R1035_S+02,1035,2,173566800.0,0.0,2293964.217595432,284.52401344747267,242.4499649403813,665203158.612634,0.0,0.0015147873317487006
R1035_S+02,1035,2,181456200.0,0.0,2063886.5564475022,284.70784354288315,242.67384621599336,665203158.6126338,0.0,0.001518263229424523
R1035_S+02,1035,2,189345600.0,0.0,1944513.1500134394,284.7944257742693,242.78243649567796,665203158.6126337,0.0,0.0015200808977310373
R1035_S+02,1035,2,197235000.0,0.0,1877705.3296758644,284.837989124897,242.83919021873135,665203158.6126337,0.0,0.0015211028102268289
R1035_S+02,1035,2,205124400.0,0.0,1841477.2982788682,284.858846355837,242.86774743896353,665203158.612634,0.0,0.0015216587064938115
R1035_S+02,1035,2,213013800.0,0.0,1819140.0571313202,284.8703396193151,242.8842704556397,665203158.612634,0.0,0.0015220021346215534
R1035_S+02,1035,2,220903200.0,0.0,1806824.3849760592,284.875805444779,242.8926927815851,665203158.6126338,0.0,0.0015221918358880823
R1035_S+02,1035,2,228792600.0,0.0,1799560.738339305,284.8786070161629,242.89732659944093,665203158.6126338,0.0,0.001522303865574806
R1035_S+02,1035,2,236682000.0,0.0,1795671.5980587192,284.8798725140524,242.89962166062168,665203158.6126338,0.0,0.001522363929347883
R1035_S+02,1035,2,244571400.0,0.0,1793432.4002878778,284.880500683345,242.90086286668355,665203158.6126338,0.0,0.0015223985451708357
R1035_S+02,1035,2,252460800.0,0.0,1792105.5226663798,284.8808224117871,242.901557722568,665203158.6126337,0.0,0.001522419072445781
R1035_S+02,1035,2,260350200.0,0.0,1791352.122874342,284.8809786795607,242.90193083959647,665203158.6126337,0.0,0.0015224307373513247
R1035_S+02,1035,2,268239600.0,0.0,1790883.754599005,284.8810632208691,242.90215245131796,665203158.6126337,0.0,0.0015224379926932635
R1035_S+02,1035,2,276129000.0,0.0,1790610.514322754,284.8811050908016,242.90227555608018,665203158.6126338,0.0,0.0015224422277643316
R1035_S+02,1035,2,284018400.0,0.0,1790448.1679291502,284.88112617821423,242.90234550487307,665203158.6126338,0.0,0.0015224447450487685
R1035_S+02,1035,2,291907800.0,0.0,1790361.5007819794,284.8811354107772,242.90238111221205,665203158.6126338,0.0,0.0015224460896971555
R1035_S+02,1035,2,299797200.0,0.0,1790310.8393380754,284.8811400003557,242.90240121816385,665203158.6126338,0.0,0.0015224468760330243
R1035_S+02,1035,2,307686600.0,0.0,1790280.5037576593,284.88114234663226,242.90241289595866,665203158.6126338,0.0,0.0015224473470008542
R1035_S+02,1035,2,315576000.0,0.0,1790263.0259627253,284.88114349084145,242.90241943335275,665203158.612634,0.0,0.0015224476184579068
R1035_S+03,1035,3,0.0,6.52533637059022,0.0,0.0,0.0,0.0,0.0,0.0
R1035_S+03,1035,3,7889400.0,6.52533637059022,9207573.056285251,78.13039180558467,66.76863046003346,51480988.76213449,0.0,0.00011463002331803693
R1035_S+03,1035,3,15778800.0,6.52533637059022,9539610.736867428,112.04617402885418,94.83594673246411,102961977.52426907,0.0,0.00022926415137647336
R1035_S+03,1035,3,23668200.0,6.52533637059022,9737651.06734635,134.24975372892496,115.35129201395839,154442966.28640348,0.0,0.0003438910380689141
R1035_S+03,1035,3,31557600.0,6.52533637059022,9887173.943507358,159.12543866046255,134.50191202642907,205923955.04853782,0.0,0.00045848423339022197
R1035_S+03,1035,3,39447000.0,6.52533637059022,10017899.382769614,177.84511954086088,150.3405244133222,257404943.81067258,0.0,0.0005730018588653073
R1035_S+03,1035,3,47336400.0,4.923724473436699,7742939.963983975,186.8120203824373,159.87124450931665,296250175.671404,0.0,0.0006642221203670432
R1035_S+03,1035,3,55225800.0,4.923724473436699,7698083.932699598,202.71066153304432,172.23396593499712,335095407.5321357,0.0,0.0007517465039397174
R1035_S+03,1035,3,63115200.0,4.923724473436699,7736684.092100389,209.33350036928115,179.56847412454562,373940639.39286715,0.0,0.0008388077224979433
R1035_S+03,1035,3,71004600.0,4.923724473436699,7802649.993444681,225.1060756494872,190.8740843426697,412785871.2535988,0.0,0.0009256426008212598
R1035_S+03,1035,3,78894000.0,4.923724473436699,7886937.820109379,231.08121940172202,197.43331509798765,451631103.11432993,0.0,0.0010122568841244104
R1035_S+03,1035,3,86783400.0,5.362786739222414,8599559.60152334,244.45178035747395,207.35263599543458,493940272.814751,0.0,0.0011045103214781318
R1035_S+03,1035,3,94672800.0,5.362786739222414,8747295.365741864,254.12529445617523,216.34524806194008,536249442.51517224,0.0,0.0011980031787792364
R1035_S+03,1035,3,102562200.0,5.362786739222414,8878861.915298715,259.4941006709471,221.72601439796702,578558612.2155938,0.0,0.0012914524923365713
R1035_S+03,1035,3,110451600.0,5.362786739222414,8999171.935276989,272.7511304764364,231.77621427937456,620867781.9160156,0.0,0.001384855608823061
R1035_S+03,1035,3,118341000.0,5.362786739222414,9116111.747033179,282.4634821060979,240.18068768009425,663176951.6164372,0.0,0.0014781324054949103
R1035_S+03,1035,3,126230400.0,7.842523167947366,12906813.064659432,288.9144047714009,246.956859390364,725049753.8976401,0.0,0.0016007563844265505
R1035_S+03,1035,3,134119800.0,7.842523167947366,13364047.90887018,303.9335584935406,258.82593323311033,786922556.1788445,0.0,0.0017325013545764659
R1035_S+03,1035,3,142009200.0,7.842523167947366,13663654.04314519,316.504809157119,269.469943685403,848795358.4600463,0.0,0.0018654717780261076
R1035_S+03,1035,3,149898600.0,7.842523167947366,13915144.627466027,322.7954318064764,276.00982634856837,910668160.7412525,0.0,0.0019985452349219005
R1035_S+03,1035,3,157788000.0,7.842523167947366,14133052.244543128,333.3987186167876,286.4191705348611,972540963.0224543,0.0,0.0021316964351421786
R1035_S+03,1035,3,165677400.0,0.0,3966863.4789756685,342.02364993322436,291.3034621411901,972540963.0224543,0.0,0.002178455611749429
R1035_S+03,1035,3,173566800.0,0.0,3279829.836444244,343.86694300802765,292.6452399143473,972540963.0224545,0.0,0.0021928487871800953
R1035_S+03,1035,3,181456200.0,0.0,2976523.0178319216,344.5718460014483,293.210196255704,972540963.0224543,0.0,0.0021993545642799046
R1035_S+03,1035,3,189345600.0,0.0,2822601.6511190645,344.88758375532257,293.4827747029084,972540963.0224545,0.0,0.0022026909833459582
R1035_S+03,1035,3,197235000.0,0.0,2737394.134369321,345.0432020006158,293.6266070955149,972540963.0224545,0.0,0.00220454856897883
R1035_S+03,1035,3,205124400.0,0.0,2686991.2335926965,345.1255112827739,293.7079817033433,972540963.0224544,0.0,0.002205651417453327
R1035_S+03,1035,3,213013800.0,0.0,2659353.2693033256,345.16522288502324,293.7504628402117,972540963.0224544,0.0,0.0022062579389265776
R1035_S+03,1035,3,220903200.0,0.0,2640718.0246798173,345.18956773646926,293.778150881043,972540963.0224545,0.0,0.002206667571944578
R1035_S+03,1035,3,228792600.0,0.0,2630549.9468287155,345.2009970088883,293.7925091506592,972540963.0224543,0.0,0.00220689155189576
R1035_S+03,1035,3,236682000.0,0.0,2624487.8603697307,345.2069816076508,293.80072989066883,972540963.0224544,0.0,0.002207025276706096
R1035_S+03,1035,3,244571400.0,0.0,2620928.337391082,345.21004987412806,293.80537167570367,972540963.0224543,0.0,0.0022071038993685655
R1035_S+03,1035,3,252460800.0,0.0,2618773.6462567635,345.21167637570267,293.80808384142773,972540963.0224544,0.0,0.002207151539690006
R1035_S+03,1035,3,260350200.0,0.0,2617528.6465403587,345.2124907889765,293.8095969874776,972540963.0224543,0.0,0.0022071790969258793
R1035_S+03,1035,3,268239600.0,0.0,2616729.820939742,345.2129523582047,293.8105410117035,972540963.0224544,0.0,0.0022071967900485737
R1035_S+03,1035,3,276129000.0,0.0,2616260.4461856,345.21318494346565,293.8110783358316,972540963.0224543,0.0,0.0022072071946472693
R1035_S+03,1035,3,284018400.0,0.0,2615982.8951594494,345.213302774769,293.8113869487991,972540963.0224543,0.0,0.0022072133514017163
R1035_S+03,1035,3,291907800.0,0.0,2615822.535669204,345.2133607288467,293.81156041865626,972540963.0224544,0.0,0.002207216911040291
R1035_S+03,1035,3,299797200.0,0.0,2615722.34786471,345.21339209046675,293.81166639085905,972540963.0224543,0.0,0.002207219135917194
R1035_S+03,1035,3,307686600.0,0.0,2615666.2125840746,345.21340679169555,293.8117242912299,972540963.0224543,0.0,0.0022072203833050437
R1035_S+03,1035,3,315576000.0,0.0,2615631.8915295266,345.21341450846273,293.811759002546,972540963.0224543,0.0,0.0022072211462366505
R1036_S+00,1036,0,0.0,0.4793291878722057,0.0,0.0,0.0,0.0,0.0,0.0
R1036_S+00,1036,0,7889400.0,0.4793291878722057,1086091.1066134106,46.25551559685653,41.631975174002996,3781619.6947989794,0.0,1.686000813068112e-05
R1036_S+00,1036,0,15778800.0,0.4793291878722057,1108884.0988787338,65.40328056297706,58.60799908377147,7563239.389597952,0.0,3.371780796364596e-05
R1036_S+00,1036,0,23668200.0,0.4793291878722057,1139712.1513377856,78.85408642780614,71.9996319075457,11344859.084396929,0.0,5.056669166877906e-05
R1036_S+00,1036,0,31557600.0,0.4793291878722057,1177072.273311898,92.31934532493489,83.12681404747457,15126478.779195908,0.0,6.740283180449085e-05
R1036_S+00,1036,0,39447000.0,0.4793291878722057,1215824.715382006,103.07792167131572,92.6644240579818,18908098.473994885,0.0,8.422666379229639e-05
R1036_S+00,1036,0,47336400.0,2.2312385256771687,5350634.688383345,141.76200481908506,127.4570332360684,36511231.69847231,0.0,0.0001594176483008418
R1036_S+00,1036,0,55225800.0,2.2312385256771687,5621803.416019253,169.21426423846162,156.07742026500136,54114364.922949746,0.0,0.00023595329158529533
R1036_S+00,1036,0,63115200.0,2.2312385256771687,5843392.629719403,198.96563380289493,178.69953260524892,71717498.1474271,0.0,0.00031230273757521865
R1036_S+00,1036,0,71004600.0,2.2312385256771687,6061650.561997782,221.58446445228515,199.35172746654095,89320631.37190463,0.0,0.00038840471833623746
R1036_S+00,1036,0,78894000.0,2.2312385256771687,6281102.171854902,237.149777305452,218.74586330622014,106923764.59638199,0.0,0.00046424402404386856
R1036_S+00,1036,0,86783400.0,3.84605705576802,10664162.749976482,267.385246606144,245.71478803586663,137266847.13215744,0.0,0.0005869902038311351
R1036_S+00,1036,0,94672800.0,3.84605705576802,11180255.077759728,294.9978400204396,271.9792473372991,167609929.6679344,0.0,0.0007144712107723345
R1036_S+00,1036,0,102562200.0,3.84605705576802,11612315.704331316,323.74873738260857,296.4985450808106,197953012.20371082,0.0,0.0008415004617791005
R1036_S+00,1036,0,110451600.0,3.84605705576802,12016235.150177259,350.84443888850257,314.386991157824,228296094.73948702,0.0,0.0009679307222575747
R1036_S+00,1036,0,118341000.0,3.84605705576802,12425154.56021583,366.30764546454725,337.15478950082263,258639177.27526313,0.0,0.0010935529006750868
R1036_S+00,1036,0,126230400.0,5.323784778144759,16908387.169112638,398.63016900723227,361.2216473372097,300640644.9039575,0.0,0.0012552977346616534
R1036_S+00,1036,0,134119800.0,5.323784778144759,17619550.86156657,415.7488897711714,383.575192927439,342642112.53265196,0.0,0.0014242998813032435
R1036_S+00,1036,0,142009200.0,5.323784778144759,18231471.312474467,448.35306399825794,407.99805801135665,384643580.1613467,0.0,0.0015926407319013904
R1036_S+00,1036,0,149898600.0,5.323784778144759,18805263.46545273,462.96572335720873,427.05709127325207,426645047.7900405,0.0,0.0017600377600569248
R1036_S+00,1036,0,157788000.0,5.323784778144759,19369287.670334354,495.0991942255508,446.2914783002804,468646515.4187404,0.0,0.0019261369591008432
R1036_S+00,1036,0,165677400.0,0.0,6509407.284891199,500.2478643850811,454.51913823965276,468646515.4187404,0.0,0.001974264228129771
R1036_S+00,1036,0,173566800.0,0.0,6004846.451121401,500.9612939041071,455.5974520810858,468646515.4187403,0.0,0.0019841200108544174
R1036_S+00,1036,0,181456200.0,0.0,5834972.317692533,501.1285850375087,455.8245462973571,468646515.4187403,0.0,0.0019877340278312825
R1036_S+00,1036,0,189345600.0,0.0,5756895.372472703,501.17383943872653,455.8700449116564,468646515.4187403,0.0,0.0019895244149348954
R1036_S+00,1036,0,197235000.0,0.0,5708210.748187348,501.189216954957,455.87445986005423,468646515.4187403,0.0,0.0019906960209184477
R1036_S+00,1036,0,205124400.0,0.0,5677446.290489651,501.1929605295454,455.86606420997225,468646515.4187403,0.0,0.00199146372318217
R1036_S+00,1036,0,213013800.0,0.0,5655872.687029954,501.193967278945,455.8571140844292,468646515.4187404,0.0,0.0019920110624192604
R1036_S+00,1036,0,220903200.0,0.0,5638673.992127325,501.19432460963225,455.8491228902224,468646515.4187404,0.0,0.001992450554648347
R1036_S+00,1036,0,228792600.0,0.0,5625777.039222162,501.1944110023893,455.84277036504784,468646515.4187404,0.0,0.0019927819596069992
R1036_S+00,1036,0,236682000.0,0.0,5615477.204290513,501.1944376173036,455.8376053860636,468646515.4187404,0.0,0.001993047445597779
R1036_S+00,1036,0,244571400.0,0.0,5607028.583938286,501.19444593268076,455.8333347891343,468646515.4187403,0.0,0.001993265714571083
R1036_S+00,1036,0,252460800.0,0.0,5600309.026498593,501.19444778772305,455.82992212314326,468646515.4187403,0.0,0.001993439699395148
R1036_S+00,1036,0,260350200.0,0.0,5595049.565665666,501.194448177989,455.8272433204335,468646515.4187403,0.0,0.001993576173409234
R1036_S+00,1036,0,268239600.0,0.0,5590693.462449633,501.19444829233254,455.82502038165245,468646515.4187402,0.0,0.0019936894039713094
R1036_S+00,1036,0,276129000.0,0.0,5587198.569190737,501.1944483178194,455.82323320303294,468646515.4187403,0.0,0.001993780432031953
R1036_S+00,1036,0,284018400.0,0.0,5584382.236992504,501.1944483240518,455.8217900123453,468646515.4187404,0.0,0.0019938539381244617
R1036_S+00,1036,0,291907800.0,0.0,5582136.549136251,501.19444832567814,455.8206366114227,468646515.4187403,0.0,0.0019939126840374365
R1036_S+00,1036,0,299797200.0,0.0,5580152.556242865,501.19444832635776,455.8196161055417,468646515.4187403,0.0,0.0019939646611677013
R1036_S+00,1036,0,307686600.0,0.0,5578529.262701165,501.19444832650566,455.81877915097186,468646515.4187404,0.0,0.0019940072894949925
R1036_S+00,1036,0,315576000.0,0.0,5577193.993344884,501.19444832654153,455.8180889993634,468646515.41874033,0.0,0.001994042440748294
R1036_S+01,1036,1,0.0,0.6857156978400426,0.0,0.0,0.0,0.0,0.0,0.0
R1036_S+01,1036,1,7889400.0,0.6857156978400426,1549692.4329186361,54.44927304809715,50.117031885379326,5409885.42653923,0.0,2.4051995171257084e-05
R1036_S+01,1036,1,15778800.0,0.6857156978400426,1587893.6279006395,76.67957472662484,70.6841783301145,10819770.853078466,0.0,4.809944836979214e-05
R1036_S+01,1036,1,23668200.0,0.6857156978400426,1637078.2633790188,94.62354344423719,86.72767369278007,16229656.279617704,0.0,7.212773440672658e-05
R1036_S+01,1036,1,31557600.0,0.6857156978400426,1690225.0527302492,107.91959392029311,99.53220934971563,21639541.706156924,0.0,9.613386607287394e-05
R1036_S+01,1036,1,39447000.0,0.6857156978400426,1748310.4709507078,120.54130198654549,111.12767388108797,27049427.13269616,0.0,0.00012011281560684777
R1036_S+01,1036,1,47336400.0,0.637144818732143,1704342.1041287854,132.42157587938772,121.30558633998768,32076117.465601526,0.0,0.00014244181572876003
R1036_S+01,1036,1,55225800.0,0.637144818732143,1757875.7802931406,143.820574671946,128.94892929538105,37102807.79850691,0.0,0.00016468910969532713
R1036_S+01,1036,1,63115200.0,0.637144818732143,1814488.508540839,150.01791581474703,138.06604414747744,42129498.131412275,0.0,0.0001869099407381732
R1036_S+01,1036,1,71004600.0,0.637144818732143,1871793.9676106945,161.47710517408822,145.1208516693411,47156188.464317635,0.0,0.00020910676651035896
R1036_S+01,1036,1,78894000.0,0.637144818732143,1929537.9278312512,166.83421571482958,153.18622473596727,52182878.797223,0.0,0.00023128007255453708
R1036_S+01,1036,1,86783400.0,0.5163244628458205,1732685.5347510334,174.05848740596625,157.81829263394462,56256369.014398806,0.0,0.0002495268330338934
R1036_S+01,1036,1,94672800.0,0.5163244628458205,1772999.2677761689,181.45790850808032,163.50874330662893,60329859.23157462,0.0,0.0002674958669603726
R1036_S+01,1036,1,102562200.0,0.5163244628458205,1817194.3330606483,185.16036437714257,169.2370141257443,64403349.44875043,0.0,0.00028544270404474086
R1036_S+01,1036,1,110451600.0,0.5163244628458205,1860891.7189716958,188.54620493153575,173.43878870597413,68476839.66592628,0.0,0.00030337759359995605
R1036_S+01,1036,1,118341000.0,0.5163244628458205,1905357.1168116704,196.90938601020898,177.24967321683144,72550329.88310209,0.0,0.00032129606255781645
R1036_S+01,1036,1,126230400.0,0.323254630181075,1558164.843605172,200.97113664740627,179.52981555747888,75100614.96245265,0.0,0.00033309400674541947
R1036_S+01,1036,1,134119800.0,0.323254630181075,1572870.483386211,203.4709722657142,183.32037477657707,77650900.04180324,0.0,0.0003443585536643398
R1036_S+01,1036,1,142009200.0,0.323254630181075,1595296.0089809448,205.3691519586804,186.32226700161638,80201185.1211538,0.0,0.0003555957834697957
R1036_S+01,1036,1,149898600.0,0.323254630181075,1619120.2541941814,207.01104403022697,188.75871616153503,82751470.20050438,0.0,0.0003668246291708802
R1036_S+01,1036,1,157788000.0,0.323254630181075,1643204.6340453383,208.5910033037451,190.88523397562204,85301755.27985495,0.0,0.00037804854941051537
R1036_S+01,1036,1,165677400.0,0.0,1051460.6141603496,208.754549192449,191.09006652325064,85301755.27985492,0.0,0.0003792050385897668
R1036_S+01,1036,1,173566800.0,0.0,1025436.611946268,208.76385551131975,191.09964307222864,85301755.27985495,0.0,0.0003793268926074969
R1036_S+01,1036,1,181456200.0,0.0,1016206.6182466093,208.7651976924964,191.0999762060831,85301755.27985495,0.0,0.0003793741592898852
R1036_S+01,1036,1,189345600.0,0.0,1011122.1911780033,208.76545556095874,191.0994057772443,85301755.27985495,0.0,0.0003794012272705509
R1036_S+01,1036,1,197235000.0,0.0,1007197.4447204042,208.76554522897644,191.0987946523901,85301755.27985494,0.0,0.0003794223422398111
R1036_S+01,1036,1,205124400.0,0.0,1004519.6045453995,208.7655572710122,191.09830030552774,85301755.27985494,0.0,0.00037943686643530846
R1036_S+01,1036,1,213013800.0,0.0,1002545.180502018,208.76555967334068,191.0979250537528,85301755.27985494,0.0,0.0003794476068131437
R1036_S+01,1036,1,220903200.0,0.0,1000931.2370085455,208.7655603439602,191.09761621958796,85301755.27985495,0.0,0.0003794563909934384
R1036_S+01,1036,1,228792600.0,0.0,999652.3009839524,208.76556046769366,191.09737070302867,85301755.27985494,0.0,0.0003794633569296476
R1036_S+01,1036,1,236682000.0,0.0,998644.7409320623,208.76556048609322,191.09717703629866,85301755.27985495,0.0,0.0003794688484060092
R1036_S+01,1036,1,244571400.0,0.0,997864.3333603851,208.76556048868773,191.09702690187896,85301755.27985495,0.0,0.00037947310501796483
R1036_S+01,1036,1,252460800.0,0.0,997257.3742609974,208.7655604891902,191.09690990134055,85301755.27985495,0.0,0.0003794764221537133
R1036_S+01,1036,1,260350200.0,0.0,996727.2391273789,208.7655604893607,191.0968077554816,85301755.27985495,0.0,0.00037947931812632975
R1036_S+01,1036,1,268239600.0,0.0,996307.6491878536,208.7655604893846,191.09672680448685,85301755.27985494,0.0,0.0003794816131913065
R1036_S+01,1036,1,276129000.0,0.0,995966.2834201809,208.76556048938951,191.09666085485915,85301755.27985491,0.0,0.00037948348294759024
R1036_S+01,1036,1,284018400.0,0.0,995681.5769872293,208.76556048939062,191.09660582784218,85301755.27985492,0.0,0.0003794850430337677
R1036_S+01,1036,1,291907800.0,0.0,995451.5452991705,208.76556048939077,191.09656127204934,85301755.27985492,0.0,0.00037948630624734227
R1036_S+01,1036,1,299797200.0,0.0,995249.4529125951,208.76556048939085,191.0965221312464,85301755.27985495,0.0,0.0003794874159390415
R1036_S+01,1036,1,307686600.0,0.0,995083.4339949321,208.76556048939085,191.0964899233973,85301755.27985495,0.0,0.0003794883290726499
R1036_S+01,1036,1,315576000.0,0.0,994943.2869189736,208.76556048939085,191.09646269881583,85301755.27985495,0.0,0.0003794891009242633
R1036_S+02,1036,2,0.0,3.331244282294826,0.0,0.0,0.0,0.0,0.0,0.0
R1036_S+02,1036,2,7889400.0,3.331244282294826,8164561.254955146,119.35260065218084,109.9360845316629,26281518.640736807,0.0,0.00011339942024168913
R1036_S+02,1036,2,15778800.0,3.331244282294826,8496756.410324201,168.09779451704384,155.10106145721448,52563037.28147356,0.0,0.00022669034949990562
R1036_S+02,1036,2,23668200.0,3.331244282294826,8810707.354366265,207.33555369450107,190.35331865622678,78844555.92221045,0.0,0.0003395897846793346
R1036_S+02,1036,2,31557600.0,3.331244282294826,9127642.78962382,236.53558890702396,218.3918462325932,105126074.56294721,0.0,0.00045201319887924453
R1036_S+02,1036,2,39447000.0,3.331244282294826,9458306.14772237,264.10872483053504,243.78145279718734,131407593.20368424,0.0,0.0005638663131241996
R1036_S+02,1036,2,47336400.0,1.81864481142885,5987596.841682501,284.94372290828744,258.58026536858324,145755609.5789709,0.0,0.0006318496368843352
R1036_S+02,1036,2,55225800.0,1.81864481142885,6060318.517243452,293.11021110468744,270.03327834887466,160103625.95425764,0.0,0.0006936159936100486
R1036_S+02,1036,2,63115200.0,1.81864481142885,6205202.753363416,309.91839417896705,278.9587055577465,174451642.3295444,0.0,0.0007548674556204035
R1036_S+02,1036,2,71004600.0,1.81864481142885,6369515.984850287,320.7541399104193,292.07111224197547,188799658.70483103,0.0,0.000815848416594279
R1036_S+02,1036,2,78894000.0,1.81864481142885,6533328.343716305,327.5236400514177,301.4036992548808,203147675.080118,0.0,0.0008766809737685886
R1036_S+02,1036,2,86783400.0,0.9443660476865423,4695271.336551972,331.8598828203546,306.01147841569065,210598156.57673627,0.0,0.0009136675883671125
R1036_S+02,1036,2,94672800.0,0.9443660476865423,4706688.040857222,341.9329625920656,309.6082977185508,218048638.07335454,0.0,0.0009459035841461274
R1036_S+02,1036,2,102562200.0,0.9443660476865423,4765990.849958487,349.22524241073404,313.04896863262286,225499119.56997266,0.0,0.0009777321057942647
R1036_S+02,1036,2,110451600.0,0.9443660476865423,4834620.0768925175,354.0182018786362,318.3875882416449,232949601.06659088,0.0,0.0010094543313671205
R1036_S+02,1036,2,118341000.0,0.9443660476865423,4905462.39338024,357.53446722495556,323.9101490615158,240400082.56320906,0.0,0.0010411273481383367
R1036_S+02,1036,2,126230400.0,0.7084079910679033,4463236.691681247,359.7524796851794,327.2559711288206,245988996.5679402,0.0,0.0010665391435243214
R1036_S+02,1036,2,134119800.0,0.7084079910679033,4493486.926328935,361.596494468859,329.90229073697407,251577910.5726713,0.0,0.0010905297411531601
R1036_S+02,1036,2,142009200.0,0.7084079910679033,4537184.033849079,363.34737949022593,332.2805146708587,257166824.5774023,0.0,0.0011143791313236314
R1036_S+02,1036,2,149898600.0,0.7084079910679033,4583786.437494792,365.0843497254915,334.48984719976477,262755738.58213338,0.0,0.001138184329733681
R1036_S+02,1036,2,157788000.0,0.7084079910679033,4631096.432736717,366.8598177093789,336.58433859521574,268344652.58686447,0.0,0.0011619675131189426
R1036_S+02,1036,2,165677400.0,0.0,3270351.9742523506,367.2710562556653,337.03832559147594,268344652.58686444,0.0,0.001167598714241248
R1036_S+02,1036,2,173566800.0,0.0,3194658.340723578,367.31530384346325,337.07710976693977,268344652.5868645,0.0,0.0011686967772635989
R1036_S+02,1036,2,181456200.0,0.0,3160649.53815113,367.32637955146527,337.0818223161858,268344652.58686444,0.0,0.001169232902305411
R1036_S+02,1036,2,189345600.0,0.0,3142943.444279596,367.3284094166609,337.0788942983154,268344652.58686447,0.0,0.0011695301415011123
R1036_S+02,1036,2,197235000.0,0.0,3131505.362710703,367.32880731535914,337.07567860414673,268344652.5868645,0.0,0.0011697270584935108
R1036_S+02,1036,2,205124400.0,0.0,3123403.8298366293,367.32888978034043,337.07310860833667,268344652.58686447,0.0,0.001169867776351248
R1036_S+02,1036,2,213013800.0,0.0,3117510.542261325,367.32890849226624,337.07116914512477,268344652.58686447,0.0,0.0011699708916357975
R1036_S+02,1036,2,220903200.0,0.0,3112508.0717963576,367.3289155598231,337.06951176524,268344652.5868645,0.0,0.0011700583782680589
R1036_S+02,1036,2,228792600.0,0.0,3108660.5869971216,367.3289168182753,337.0682282379929,268344652.5868645,0.0,0.0011701258325150267
R1036_S+02,1036,2,236682000.0,0.0,3105648.7614457384,367.32891707823995,337.06722120935706,268344652.5868645,0.0,0.0011701787042494131
R1036_S+02,1036,2,244571400.0,0.0,3103297.102699779,367.32891713843173,337.0664314059743,268344652.58686447,0.0,0.001170220160903279
R1036_S+02,1036,2,252460800.0,0.0,3101277.434229143,367.3289171587812,337.06575367259967,268344652.5868645,0.0,0.001170255732805839
R1036_S+02,1036,2,260350200.0,0.0,3099675.4714459144,367.3289171625636,337.0652154054985,268344652.5868645,0.0,0.0011702839837257775
R1036_S+02,1036,2,268239600.0,0.0,3098410.696904864,367.3289171634183,337.0647882884152,268344652.5868645,0.0,0.0011703064007911337
R1036_S+02,1036,2,276129000.0,0.0,3097292.251544062,367.32891716374667,337.0644109822575,268344652.5868645,0.0,0.0011703262035202427
R1036_S+02,1036,2,284018400.0,0.0,3096374.175173357,367.32891716380726,337.0641006454969,268344652.5868645,0.0,0.0011703424913784865
R1036_S+02,1036,2,291907800.0,0.0,3095613.0387395397,367.3289171638189,337.063842966599,268344652.58686447,0.0,0.0011703560155143452
R1036_S+02,1036,2,299797200.0,0.0,3094988.9745906442,367.3289171638211,337.0636312317879,268344652.58686447,0.0,0.0011703671282994375
R1036_S+02,1036,2,307686600.0,0.0,3094473.584628772,367.32891716382164,337.0634555867571,268344652.58686453,0.0,0.001170376346932173
R1036_S+02,1036,2,315576000.0,0.0,3094020.6933519393,367.32891716382187,337.0633013541221,268344652.5868645,0.0,0.0011703844417470962
R1036_S+03,1036,3,0.0,2.3971389554734217,0.0,0.0,0.0,0.0,0.0,0.0
R1036_S+03,1036,3,7889400.0,2.3971389554734217,5685717.891552046,103.10512223667797,92.93972173364101,18911988.075312007,0.0,8.240483688168658e-05
R1036_S+03,1036,3,15778800.0,2.3971389554734217,5908192.250469916,145.43745193582455,131.8769788786407,37823976.15062402,0.0,0.0001647458948381649
R1036_S+03,1036,3,23668200.0,2.3971389554734217,6116082.065411579,178.01885010593463,159.94773323501536,56735964.225936,0.0,0.0002468939411733456
R1036_S+03,1036,3,31557600.0,2.3971389554734217,6342234.3794342205,204.65961704757422,186.29377097016612,75647952.30124803,0.0,0.00032875142756417526
R1036_S+03,1036,3,39447000.0,2.3971389554734217,6570483.295425583,228.57073572514796,207.81282736038304,94559940.37655991,0.0,0.0004103264880512863
R1036_S+03,1036,3,47336400.0,2.8874186639105663,8042857.238640636,254.14599012319275,230.03379054283263,117339941.18361597,0.0,0.0005061873904756647
R1036_S+03,1036,3,55225800.0,2.8874186639105663,8357378.683692358,276.75628939327606,249.23035545830103,140119941.99067217,0.0,0.0006031842370372588
R1036_S+03,1036,3,63115200.0,2.8874186639105663,8658047.716771089,293.25340855186334,270.0805711409669,162899942.79772818,0.0,0.0006997825625864458
R1036_S+03,1036,3,71004600.0,2.8874186639105663,8949776.375168286,317.9101199613721,287.60498087082317,185679943.60478392,0.0,0.0007959846095902483
R1036_S+03,1036,3,78894000.0,2.8874186639105663,9239529.703804463,329.6170277850293,303.8354692537971,208459944.4118402,0.0,0.0008917740131425754
R1036_S+03,1036,3,86783400.0,2.656504807349187,8944575.428602327,352.6222276220481,316.82894052042695,229418173.43894076,0.0,0.0009810167367132784
R1036_S+03,1036,3,94672800.0,2.656504807349187,9190613.482626855,363.0641626456476,332.82699156007254,250376402.46604124,0.0,0.0010686483300153505
R1036_S+03,1036,3,102562200.0,2.656504807349187,9438687.841644824,373.86955375215706,343.5834742644699,271334631.49314207,0.0,0.0011559405064047385
R1036_S+03,1036,3,110451600.0,2.656504807349187,9697295.09097495,395.2183672013913,355.3682650032185,292292860.520243,0.0,0.0012427754727650545
R1036_S+03,1036,3,118341000.0,2.656504807349187,9955521.041964743,404.3678577910713,369.61058539010173,313251089.54734385,0.0,0.0013292720816758523
R1036_S+03,1036,3,126230400.0,1.7043973857892836,7888055.5052623,409.7890725401141,376.7881512482657,326697762.2827899,0.0,0.001392296366489551
R1036_S+03,1036,3,134119800.0,1.7043973857892836,7950744.879375733,414.97485249978376,382.3308364919384,340144435.01823604,0.0,0.001448900288302762
R1036_S+03,1036,3,142009200.0,1.7043973857892836,8074252.940680835,429.0086690519112,387.52700067401867,353591107.7536814,0.0,0.0015046937185987813
R1036_S+03,1036,3,149898600.0,1.7043973857892836,8211776.90453041,438.7794622911143,392.58164439008556,367037780.48912764,0.0,0.0015602082020416649
R1036_S+03,1036,3,157788000.0,1.7043973857892836,8351832.581780985,445.0048228396725,401.3505040990278,380484453.2245735,0.0,0.001615580979094033
R1036_S+03,1036,3,165677400.0,0.0,4796899.449247818,446.40559495552327,403.5938899164365,380484453.2245736,0.0,0.0016306840671539973
R1036_S+03,1036,3,173566800.0,0.0,4625823.233046405,446.58583735761493,403.8563455590845,380484453.2245736,0.0,0.0016337669136267826
R1036_S+03,1036,3,181456200.0,0.0,4559686.997664243,446.6299055819336,403.9076039082541,380484453.2245736,0.0,0.001635076374088043
R1036_S+03,1036,3,189345600.0,0.0,4520235.791845921,446.64562606742,403.9174915407409,380484453.2245736,0.0,0.0016359042756439392
R1036_S+03,1036,3,197235000.0,0.0,4497528.528173003,446.6490023711107,403.9120301196693,380484453.2245736,0.0,0.0016364074606449177
R1036_S+03,1036,3,205124400.0,0.0,4481753.667505138,446.64984241281013,403.90526253424343,380484453.2245737,0.0,0.00163676462734335
R1036_S+03,1036,3,213013800.0,0.0,4470363.565391835,446.6500326345794,403.8995346924646,380484453.2245736,0.0,0.0016370254264012547
R1036_S+03,1036,3,220903200.0,0.0,4461612.50862864,446.65008384755924,403.8949338656454,380484453.2245736,0.0,0.0016372268150539123
R1036_S+03,1036,3,228792600.0,0.0,4454714.396493744,446.650097939113,403.8912489237698,380484453.2245736,0.0,0.0016373859671293923
R1036_S+03,1036,3,236682000.0,0.0,4449269.845987931,446.65010168681823,403.88831786282475,380484453.2245736,0.0,0.0016375119644445714
R1036_S+03,1036,3,244571400.0,0.0,4444863.721095834,446.650102742188,403.8859403492719,380484453.2245736,0.0,0.0016376140082398293
R1036_S+03,1036,3,252460800.0,0.0,4441373.317493916,446.65010301438093,403.88404875973737,380484453.2245736,0.0,0.0016376951507445453
R1036_S+03,1036,3,260350200.0,0.0,4438436.429323044,446.6501031014436,403.88245673299633,380484453.2245736,0.0,0.0016377634317401599
R1036_S+03,1036,3,268239600.0,0.0,4436078.015657231,446.6501031213662,403.88117688908477,380484453.2245736,0.0,0.0016378183194240845
R1036_S+03,1036,3,276129000.0,0.0,4434213.418237861,446.6501031262566,403.8801594065519,380484453.2245736,0.0,0.0016378619545438153
R1036_S+03,1036,3,284018400.0,0.0,4432563.010866784,446.65010312825035,403.8792597965381,380484453.2245736,0.0,0.0016379005344705777
R1036_S+03,1036,3,291907800.0,0.0,4431206.095191844,446.65010312866457,403.8785185724106,380484453.2245736,0.0,0.0016379323218940016
R1036_S+03,1036,3,299797200.0,0.0,4430083.632477306,446.65010312875347,403.8779040392919,380484453.2245736,0.0,0.0016379586761486545
R1036_S+03,1036,3,307686600.0,0.0,4429149.480698556,446.6501031287732,403.8773917175251,380484453.2245736,0.0,0.0016379806470648323
R1036_S+03,1036,3,315576000.0,0.0,4428375.015872918,446.6501031287776,403.8769655256515,380484453.22457373,0.0,0.0016379989243000468
R1037_S+00,1037,0,0.0,1.2274038676280052,0.0,0.0,0.0,0.0,0.0,0.0
R1037_S+00,1037,0,7889400.0,1.2274038676280052,498157.67624088377,48.272798466832285,43.93493190504611,9683480.073264375,0.0,0.0001282101197642677
R1037_S+00,1037,0,15778800.0,1.2274038676280052,770477.9306906946,64.06888841766616,56.95801246579914,19366960.146528743,0.0,0.0002557965164549904
R1037_S+00,1037,0,23668200.0,1.2274038676280052,993514.400944639,72.48166051781175,65.81132831378834,29050440.219793167,0.0,0.00038297898455509405
R1037_S+00,1037,0,31557600.0,1.2274038676280052,1189207.273967648,79.97860585502625,72.15579642183857,38733920.29305753,0.0,0.0005098169040006406
R1037_S+00,1037,0,39447000.0,1.2274038676280052,1368583.4523210898,87.12036857037444,77.1201123220858,48417400.36632185,0.0,0.0006363225693221506
R1037_S+00,1037,0,47336400.0,0.8380301013579327,1384498.6227187067,88.02547794751693,78.20665856984405,55028955.04797509,0.0,0.0007229927304335069
R1037_S+00,1037,0,55225800.0,0.8380301013579327,1458593.3236430883,91.93560065676903,79.74368591874361,61640509.72962825,0.0,0.0008093028158415181
R1037_S+00,1037,0,63115200.0,0.8380301013579327,1542585.3422153722,94.72616438384256,81.53562703461438,68252064.4112816,0.0,0.0008953997681459404
R1037_S+00,1037,0,71004600.0,0.8380301013579327,1632956.5592434295,96.16798853543557,83.55781772725167,74863619.09293479,0.0,0.0009812915169589286
R1037_S+00,1037,0,78894000.0,0.8380301013579327,1726679.83969187,97.8835102292718,85.78702894334484,81475173.77458799,0.0,0.0010670021603588298
R1037_S+00,1037,0,86783400.0,0.8725542499776482,1836581.2562882192,103.5538069722231,88.50171329573229,88359103.27436173,0.0,0.0011559889048859404
R1037_S+00,1037,0,94672800.0,0.8725542499776482,1941846.6147613227,105.45320129643974,90.98614379437083,95243032.77413552,0.0,0.0012448195807592325
R1037_S+00,1037,0,102562200.0,0.8725542499776482,2046672.565348167,106.92919841277386,92.92563990329302,102126962.27390924,0.0,0.0013334683680636748
R1037_S+00,1037,0,110451600.0,0.8725542499776482,2151188.205607284,111.65552520784786,95.75861947095635,109010891.77368306,0.0,0.001421941733006796
R1037_S+00,1037,0,118341000.0,0.8725542499776482,2255171.5947829187,114.79694990570997,98.3308849356081,115894821.27345648,0.0,0.0015102459268687288
R1037_S+00,1037,0,126230400.0,1.3309763134871522,2541322.819443196,118.16450409204117,102.69432161511597,126395425.80108221,0.0,0.0016435913435327238
R1037_S+00,1037,0,134119800.0,1.3309763134871522,2749187.8375734203,126.20262422446655,107.73011885865606,136896030.32870758,0.0,0.0017769735480530277
R1037_S+00,1037,0,142009200.0,1.3309763134871522,2940378.011018563,128.79207516780832,111.38039982637633,147396634.85633302,0.0,0.001910058389432138
R1037_S+00,1037,0,149898600.0,1.3309763134871522,3120993.630840257,132.12617432761868,114.6181085741105,157897239.3839585,0.0,0.0020428179988691876
R1037_S+00,1037,0,157788000.0,1.3309763134871522,3294180.291805081,138.67133761720058,118.34612869101258,168397843.91158417,0.0,0.0021752618622845935
R1037_S+00,1037,0,165677400.0,0.0,3134160.450877603,138.68440191734607,118.37224655564185,168397843.91158417,0.0,0.002180452474265922
R1037_S+00,1037,0,173566800.0,0.0,3133818.0428624228,138.68440191735488,118.37205725977121,168397843.91158417,0.0,0.002180508389074077
R1037_S+00,1037,0,181456200.0,0.0,3133790.222602807,138.68440191735488,118.37203611449654,168397843.91158417,0.0,0.002180513180230727
R1037_S+00,1037,0,189345600.0,0.0,3133785.372351829,138.68440191735488,118.37203207955379,168397843.91158417,0.0,0.00218051402842592
R1037_S+00,1037,0,197235000.0,0.0,3133785.139110651,138.68440191735488,118.37203187144428,168397843.91158417,0.0,0.0021805140701964564
R1037_S+00,1037,0,205124400.0,0.0,3133785.1183106042,138.68440191735488,118.37203185266995,168397843.91158414,0.0,0.002180514073938664
R1037_S+00,1037,0,213013800.0,0.0,3133785.117018923,138.68440191735488,118.37203185149662,168397843.91158417,0.0,0.0021805140741719205
R1037_S+00,1037,0,220903200.0,0.0,3133785.116924055,138.68440191735488,118.37203185141013,168397843.91158414,0.0,0.0021805140741890947
R1037_S+00,1037,0,228792600.0,0.0,3133785.116914235,138.68440191735488,118.3720318514012,168397843.91158417,0.0,0.0021805140741908784
R1037_S+00,1037,0,236682000.0,0.0,3133785.1169128716,138.68440191735488,118.3720318513999,168397843.91158414,0.0,0.0021805140741911265
R1037_S+00,1037,0,244571400.0,0.0,3133785.116912771,138.68440191735488,118.37203185139984,168397843.91158417,0.0,0.002180514074191145
R1037_S+00,1037,0,252460800.0,0.0,3133785.116912756,138.68440191735488,118.37203185139988,168397843.91158417,0.0,0.002180514074191147
R1037_S+00,1037,0,260350200.0,0.0,3133785.116912756,138.68440191735488,118.37203185139983,168397843.91158414,0.0,0.0021805140741911473
R1037_S+00,1037,0,268239600.0,0.0,3133785.116912756,138.68440191735488,118.37203185139983,168397843.91158414,0.0,0.0021805140741911473
R1037_S+00,1037,0,276129000.0,0.0,3133785.116912756,138.68440191735488,118.37203185139983,168397843.91158414,0.0,0.0021805140741911473
R1037_S+00,1037,0,284018400.0,0.0,3133785.116912756,138.68440191735488,118.37203185139983,168397843.91158414,0.0,0.0021805140741911473
R1037_S+00,1037,0,291907800.0,0.0,3133785.116912756,138.68440191735488,118.37203185139983,168397843.91158414,0.0,0.0021805140741911473
R1037_S+00,1037,0,299797200.0,0.0,3133785.116912756,138.68440191735488,118.37203185139983,168397843.91158414,0.0,0.0021805140741911473
R1037_S+00,1037,0,307686600.0,0.0,3133785.116912756,138.68440191735488,118.37203185139983,168397843.91158414,0.0,0.0021805140741911473
R1037_S+00,1037,0,315576000.0,0.0,3133785.116912756,138.68440191735488,118.37203185139983,168397843.91158414,0.0,0.0021805140741911473
R1037_S+01,1037,1,0.0,0.17770806039494352,0.0,0.0,0.0,0.0,0.0,0.0
R1037_S+01,1037,1,7889400.0,0.17770806039494352,76726.63412253186,18.434115293170162,17.008696946428135,1402009.9716799157,0.0,1.863210443897342e-05
R1037_S+01,1037,1,15778800.0,0.17770806039494352,119044.96424023435,24.695525137523738,22.6260160260259,2804019.9433598355,0.0,3.724919866521952e-05
R1037_S+01,1037,1,23668200.0,0.17770806039494352,152397.15326359682,29.17846451029725,25.84062355058624,4206029.915039795,0.0,5.585703656387487e-05
R1037_S+01,1037,1,31557600.0,0.17770806039494352,180189.44836531952,32.04070258499767,28.212554765467818,5608039.886719542,0.0,7.44576010800727e-05
R1037_S+01,1037,1,39447000.0,0.17770806039494352,204868.65042476356,33.410508011506806,30.12184780904451,7010049.858399626,0.0,9.305134315216445e-05
R1037_S+01,1037,1,47336400.0,0.6524733971699845,412645.1236758977,46.38452719256883,41.146442046021754,12157673.47803256,0.0,0.00016109537075239313
R1037_S+01,1037,1,55225800.0,0.6524733971699845,539738.2211197168,53.6552075040515,48.037423173242104,17305297.097665466,0.0,0.00022904040191420443
R1037_S+01,1037,1,63115200.0,0.6524733971699845,647786.9851707965,59.27167085192938,52.91146399253391,22452920.71729855,0.0,0.0002968868033707884
R1037_S+01,1037,1,71004600.0,0.6524733971699845,744638.5874787457,64.63498213450305,56.59872276780613,27600544.336931482,0.0,0.0003646404936859277
R1037_S+01,1037,1,78894000.0,0.6524733971699845,834779.7383803688,69.02218826942378,60.03918980663552,32748167.956564344,0.0,0.00043230149125053993
R1037_S+01,1037,1,86783400.0,1.1623639940883415,1120169.686261071,78.47405644210457,68.49528022407529,41918522.45152488,0.0,0.000552098811244616
R1037_S+01,1037,1,94672800.0,1.1623639940883415,1319009.655260086,86.15721170770684,74.89390382700198,51088876.946485445,0.0,0.0006717196553245484
R1037_S+01,1037,1,102562200.0,1.1623639940883415,1497491.1009537075,92.31902264446698,80.13963238667674,60259231.44144585,0.0,0.0007910628289572593
R1037_S+01,1037,1,110451600.0,1.1623639940883415,1663212.7150928937,96.26579003523621,84.22360532519649,69429585.93640648,0.0,0.0009101232909050674
R1037_S+01,1037,1,118341000.0,1.1623639940883415,1820516.9990779534,102.53358818316846,88.31742198357875,78599940.431367,0.0,0.0010288916540565536
R1037_S+01,1037,1,126230400.0,1.707379851150015,2188842.519204829,110.21134153142033,96.11347639712946,92070143.02902985,0.0,0.0012018136944297023
R1037_S+01,1037,1,134119800.0,1.707379851150015,2461737.6973451823,116.91539821350796,102.00235781366314,105540345.62669283,0.0,0.001374437300254777
R1037_S+01,1037,1,142009200.0,1.707379851150015,2712319.680364039,125.02623576944939,107.47802176635355,119010548.2243556,0.0,0.0015465056745956518
R1037_S+01,1037,1,149898600.0,1.707379851150015,2948813.049746193,128.71157632870037,111.84828608830878,132480750.8220184,0.0,0.0017179865111550084
R1037_S+01,1037,1,157788000.0,1.707379851150015,3175402.554497879,134.35146323856995,116.25748222858175,145950953.41968143,0.0,0.0018888839634766327
R1037_S+01,1037,1,165677400.0,0.0,2970673.2161773928,134.39290883297068,116.24220380441332,145950953.41968143,0.0,0.0018944637834849571
R1037_S+01,1037,1,173566800.0,0.0,2970281.4422691055,134.39290883297485,116.24189533158156,145950953.41968143,0.0,0.0018945137731967991
R1037_S+01,1037,1,181456200.0,0.0,2970268.6216519214,134.39290883297485,116.24188457949003,145950953.41968143,0.0,0.0018945155123388303
R1037_S+01,1037,1,189345600.0,0.0,2970267.336128071,134.39290883297485,116.24188349028293,145950953.41968143,0.0,0.0018945156884838
R1037_S+01,1037,1,197235000.0,0.0,2970267.275288366,134.39290883297485,116.24188343827389,145950953.41968143,0.0,0.0018945156968941021
R1037_S+01,1037,1,205124400.0,0.0,2970267.2727455087,134.39290883297485,116.24188343609131,145950953.41968143,0.0,0.0018945156972470405
R1037_S+01,1037,1,213013800.0,0.0,2970267.272565279,134.39290883297485,116.24188343593578,145950953.41968143,0.0,0.0018945156972721886
R1037_S+01,1037,1,220903200.0,0.0,2970267.2725445554,134.39290883297485,116.24188343591791,145950953.41968143,0.0,0.0018945156972750732
R1037_S+01,1037,1,228792600.0,0.0,2970267.272542525,134.39290883297485,116.2418834359162,145950953.41968143,0.0,0.0018945156972753573
R1037_S+01,1037,1,236682000.0,0.0,2970267.272542201,134.39290883297485,116.24188343591592,145950953.41968143,0.0,0.001894515697275403
R1037_S+01,1037,1,244571400.0,0.0,2970267.2725421824,134.39290883297485,116.24188343591585,145950953.41968143,0.0,0.0018945156972754056
R1037_S+01,1037,1,252460800.0,0.0,2970267.2725421786,134.39290883297485,116.24188343591594,145950953.41968143,0.0,0.0018945156972754059
R1037_S+01,1037,1,260350200.0,0.0,2970267.2725421786,134.39290883297485,116.2418834359159,145950953.41968143,0.0,0.0018945156972754059
R1037_S+01,1037,1,268239600.0,0.0,2970267.2725421786,134.39290883297485,116.2418834359159,145950953.41968143,0.0,0.0018945156972754059
R1037_S+01,1037,1,276129000.0,0.0,2970267.2725421786,134.39290883297485,116.2418834359159,145950953.41968143,0.0,0.0018945156972754059
R1037_S+01,1037,1,284018400.0,0.0,2970267.2725421786,134.39290883297485,116.2418834359159,145950953.41968143,0.0,0.0018945156972754059
R1037_S+01,1037,1,291907800.0,0.0,2970267.2725421786,134.39290883297485,116.2418834359159,145950953.41968143,0.0,0.0018945156972754059
R1037_S+01,1037,1,299797200.0,0.0,2970267.2725421786,134.39290883297485,116.2418834359159,145950953.41968143,0.0,0.0018945156972754059
R1037_S+01,1037,1,307686600.0,0.0,2970267.2725421786,134.39290883297485,116.2418834359159,145950953.41968143,0.0,0.0018945156972754059
R1037_S+01,1037,1,315576000.0,0.0,2970267.2725421786,134.39290883297485,116.2418834359159,145950953.41968143,0.0,0.0018945156972754059
R1037_S+02,1037,2,0.0,3.763039936001626,0.0,0.0,0.0,0.0,0.0,0.0
R1037_S+02,1037,2,7889400.0,3.763039936001626,1509722.202629732,84.14444627124763,75.44509868217308,29688127.27109123,0.0,0.0003898042162233951
R1037_S+02,1037,2,15778800.0,3.763039936001626,2366055.075822152,110.80008919738468,99.56741143954196,59376254.54218244,0.0,0.0007740487916541897
R1037_S+02,1037,2,23668200.0,3.763039936001626,3085006.51053755,128.49795842957064,115.39288424097258,89064381.81327376,0.0,0.001154567159803749
R1037_S+02,1037,2,31557600.0,3.763039936001626,3718855.300357096,142.0330510140899,127.14704327494478,118752509.08436503,0.0,0.0015319779110314672
R1037_S+02,1037,2,39447000.0,3.763039936001626,4299551.761722378,155.0208425433812,136.27306831053048,148440636.35545594,0.0,0.0019064375561661509
R1037_S+02,1037,2,47336400.0,3.9676773730761954,4929029.872601375,167.1144631492346,145.95222490837233,179743230.2226035,0.0,0.002297438214313453
R1037_S+02,1037,2,55225800.0,3.9676773730761954,5499142.3387474455,173.5099732297785,154.12050170387903,211045824.08975086,0.0,0.002685428583909014
R1037_S+02,1037,2,63115200.0,3.9676773730761954,6044900.756540045,186.00086167133867,161.30454492743806,242348417.9568985,0.0,0.0030703192515679377
R1037_S+02,1037,2,71004600.0,3.9676773730761954,6574511.620342087,190.76519165189842,167.7499305490518,273651011.8240459,0.0,0.0034520531065710346
R1037_S+02,1037,2,78894000.0,3.9676773730761954,7091280.300113566,201.3085651805889,174.40808750363738,304953605.6911932,0.0,0.0038306342561329585
R1037_S+02,1037,2,86783400.0,3.752797850231146,7508489.769664541,207.30844687883575,179.1677898675582,334560929.0508069,0.0,0.004187065565606788
R1037_S+02,1037,2,94672800.0,3.752797850231146,7958364.947263941,210.45981679705082,183.85084152536223,364168252.4104206,0.0,0.004540214102876686
R1037_S+02,1037,2,102562200.0,3.752797850231146,8407944.643118814,217.65101641852263,189.22573460539022,393775575.77003396,0.0,0.00489062709017312
R1037_S+02,1037,2,110451600.0,3.752797850231146,8857947.87854297,226.28164303693524,193.9973646637244,423382899.1296475,0.0,0.00523816734197703
R1037_S+02,1037,2,118341000.0,3.752797850231146,9307048.994611986,229.8452515477647,198.66755033340115,452990222.489261,0.0,0.005583007531266277
R1037_S+02,1037,2,126230400.0,3.1184013674664777,9487396.948441219,231.4200185463243,200.9473313909038,477592538.23775077,0.0,0.005871294620245851
R1037_S+02,1037,2,134119800.0,3.1184013674664777,9785592.467344366,233.30905815435747,203.19229742545426,502194853.98624074,0.0,0.006156069046764763
R1037_S+02,1037,2,142009200.0,3.1184013674664777,10102103.548015282,238.48228497302324,207.16717461525198,526797169.7347308,0.0,0.006438587434781449
R1037_S+02,1037,2,149898600.0,3.1184013674664777,10430004.549630448,246.04160570808156,211.1373794457659,551399485.4832208,0.0,0.00671916240198322
R1037_S+02,1037,2,157788000.0,3.1184013674664777,10766113.419626042,250.02955265611746,214.74936787132623,576001801.2317107,0.0,0.006997622118433598
R1037_S+02,1037,2,165677400.0,0.0,10307367.8528516,250.05645938085476,214.83234310540237,576001801.2317108,0.0,0.0070258246483335144
R1037_S+02,1037,2,173566800.0,0.0,10305228.283244915,250.05645938091317,214.8314137597402,576001801.2317108,0.0,0.007026833296811745
R1037_S+02,1037,2,181456200.0,0.0,10305089.522471603,250.05645938091317,214.83127748932543,576001801.2317109,0.0,0.007026903883143243
R1037_S+02,1037,2,189345600.0,0.0,10305071.216907792,250.05645938091317,214.83125666866997,576001801.2317108,0.0,0.007026913450590331
R1037_S+02,1037,2,197235000.0,0.0,10305068.164753873,250.05645938091317,214.8312529848097,576001801.2317108,0.0,0.007026915056295865
R1037_S+02,1037,2,205124400.0,0.0,10305067.750807188,250.05645938091317,214.83125246710577,576001801.2317108,0.0,0.007026915275007558
R1037_S+02,1037,2,213013800.0,0.0,10305067.711267143,250.05645938091317,214.8312524161066,576001801.2317108,0.0,0.007026915296188042
R1037_S+02,1037,2,220903200.0,0.0,10305067.705062632,250.05645938091317,214.83125240806672,576001801.2317108,0.0,0.007026915299507631
R1037_S+02,1037,2,228792600.0,0.0,10305067.704173457,250.05645938091317,214.83125240690308,576001801.2317108,0.0,0.0070269152999864375
R1037_S+02,1037,2,236682000.0,0.0,10305067.70401482,250.05645938091317,214.8312524066963,576001801.2317109,0.0,0.007026915300071362
R1037_S+02,1037,2,244571400.0,0.0,10305067.703993946,250.05645938091317,214.83125240666902,576001801.2317109,0.0,0.007026915300082522
R1037_S+02,1037,2,252460800.0,0.0,10305067.703991666,250.05645938091317,214.83125240666607,576001801.2317109,0.0,0.0070269153000837355
R1037_S+02,1037,2,260350200.0,0.0,10305067.70399145,250.05645938091317,214.83125240666584,576001801.2317109,0.0,0.007026915300083851
R1037_S+02,1037,2,268239600.0,0.0,10305067.703991413,250.05645938091317,214.83125240666573,576001801.2317109,0.0,0.0070269153000838665
R1037_S+02,1037,2,276129000.0,0.0,10305067.703991424,250.05645938091317,214.83125240666573,576001801.2317109,0.0,0.00702691530008387
R1037_S+02,1037,2,284018400.0,0.0,10305067.703991417,250.05645938091317,214.83125240666578,576001801.2317109,0.0,0.007026915300083872
R1037_S+02,1037,2,291907800.0,0.0,10305067.703991417,250.05645938091317,214.83125240666578,576001801.2317109,0.0,0.007026915300083872
R1037_S+02,1037,2,299797200.0,0.0,10305067.703991417,250.05645938091317,214.83125240666578,576001801.2317109,0.0,0.007026915300083872
R1037_S+02,1037,2,307686600.0,0.0,10305067.703991417,250.05645938091317,214.83125240666578,576001801.2317109,0.0,0.007026915300083872
R1037_S+02,1037,2,315576000.0,0.0,10305067.703991417,250.05645938091317,214.83125240666578,576001801.2317109,0.0,0.007026915300083872
R1037_S+03,1037,3,0.0,0.22254845180649238,0.0,0.0,0.0,0.0,0.0,0.0
R1037_S+03,1037,3,7889400.0,0.22254845180649238,95531.8417575676,20.506537470915745,18.978918660188214,1755773.755682151,0.0,2.3329502586310663e-05
R1037_S+03,1037,3,15778800.0,0.22254845180649238,147638.61387850344,27.39872727630661,25.16875953759111,3511547.5113642346,0.0,4.6635961226431536e-05
R1037_S+03,1037,3,23668200.0,0.22254845180649238,188884.64426139183,32.41697103720112,28.726740161962223,5267321.267046491,0.0,6.992804154547927e-05
R1037_S+03,1037,3,31557600.0,0.22254845180649238,223556.66857035086,35.63673184488168,31.365169453293383,7023095.022728591,0.0,9.320879157979668e-05
R1037_S+03,1037,3,39447000.0,0.22254845180649238,254293.7213148363,37.82603043436704,33.5047645724881,8778868.778410643,0.0,0.00011647885794749269
R1037_S+03,1037,3,47336400.0,0.280656046692717,305463.6314743832,40.58320772678993,36.43304720000591,10993076.593188128,0.0,0.0001457914165017655
R1037_S+03,1037,3,55225800.0,0.280656046692717,345680.1024061609,43.97743814065108,38.61219280262098,13207284.407965874,0.0,0.0001750914866861355
R1037_S+03,1037,3,63115200.0,0.280656046692717,383029.6132069975,46.98602741735849,40.71445906600386,15421492.222743243,0.0,0.00020437459319180775
R1037_S+03,1037,3,71004600.0,0.280656046692717,418738.03926623985,48.54598976536585,42.38390298777235,17635700.037520662,0.0,0.00023364001672672498
R1037_S+03,1037,3,78894000.0,0.280656046692717,453391.09676886164,50.882559917955376,44.13007370561534,19849907.85229811,0.0,0.00026288709566376115
R1037_S+03,1037,3,86783400.0,0.282346266037289,488098.96857614815,53.012768709379145,45.64051162902895,22077450.48357299,0.0,0.0002922908756763786
R1037_S+03,1037,3,94672800.0,0.282346266037289,522186.21680327505,53.93819328832329,47.04434804761919,24304993.11484752,0.0,0.00032167661738346544
R1037_S+03,1037,3,102562200.0,0.282346266037289,555990.068296181,56.765498092727334,48.61009869741563,26532535.74612198,0.0,0.0003510427577464875
R1037_S+03,1037,3,110451600.0,0.282346266037289,589672.2106010001,58.39651167934162,50.11956293910268,28760078.37739674,0.0,0.00038038970630808306
R1037_S+03,1037,3,118341000.0,0.282346266037289,623185.6104318574,59.211507811447376,51.36066758401582,30987621.00867129,0.0,0.00040971760772686615
R1037_S+03,1037,3,126230400.0,0.22761910984020842,635989.8843682557,59.67886585928689,51.904642526064805,32783399.21384453,0.0,0.0004333838261606024
R1037_S+03,1037,3,134119800.0,0.22761910984020842,657433.886334978,61.40106450458468,53.122931057751394,34579177.41901796,0.0,0.00045701940385924343
R1037_S+03,1037,3,142009200.0,0.22761910984020842,680743.8106511272,63.23603948950314,54.259363000131096,36374955.62419139,0.0,0.0004806367735307231
R1037_S+03,1037,3,149898600.0,0.22761910984020842,705249.6793752965,64.19599671101423,55.266003267493,38170733.82936466,0.0,0.0005042379016796009
R1037_S+03,1037,3,157788000.0,0.22761910984020842,730437.7557778563,64.80826879876687,56.134221983642334,39966512.034538366,0.0,0.0005278253585913349
R1037_S+03,1037,3,165677400.0,0.0,706383.707698822,64.80893082720561,56.13888848266159,39966512.03453836,0.0,0.0005281479989458543
R1037_S+03,1037,3,173566800.0,0.0,706235.7599830404,64.80893086327906,56.13891322694884,39966512.034538366,0.0,0.0005281540664479135
R1037_S+03,1037,3,181456200.0,0.0,706222.1835197769,64.80893086329044,56.13891265059456,39966512.03453836,0.0,0.0005281546642691528
R1037_S+03,1037,3,189345600.0,0.0,706221.4802460168,64.80893086329044,56.13891250811293,39966512.03453836,0.0,0.0005281546968944977
R1037_S+03,1037,3,197235000.0,0.0,706221.4059022143,64.80893086329044,56.13891248924417,39966512.03453836,0.0,0.000528154700399037
R1037_S+03,1037,3,205124400.0,0.0,706221.3995861858,64.80893086329044,56.138912487459294,39966512.034538366,0.0,0.0005281547006994779
R1037_S+03,1037,3,213013800.0,0.0,706221.399323089,64.80893086329044,56.138912487380836,39966512.034538366,0.0,0.0005281547007120621
R1037_S+03,1037,3,220903200.0,0.0,706221.3992996886,64.80893086329044,56.13891248737381,39966512.034538366,0.0,0.0005281547007131837
R1037_S+03,1037,3,228792600.0,0.0,706221.39929533,64.80893086329044,56.13891248737248,39966512.03453836,0.0,0.0005281547007133924
R1037_S+03,1037,3,236682000.0,0.0,706221.399295155,64.80893086329044,56.13891248737245,39966512.034538366,0.0,0.0005281547007134008
R1037_S+03,1037,3,244571400.0,0.0,706221.3992951438,64.80893086329044,56.13891248737243,39966512.03453836,0.0,0.0005281547007134013
R1037_S+03,1037,3,252460800.0,0.0,706221.3992951438,64.80893086329044,56.13891248737243,39966512.03453836,0.0,0.0005281547007134014
R1037_S+03,1037,3,260350200.0,0.0,706221.3992951438,64.80893086329044,56.13891248737244,39966512.03453836,0.0,0.0005281547007134014
R1037_S+03,1037,3,268239600.0,0.0,706221.3992951438,64.80893086329044,56.13891248737244,39966512.03453836,0.0,0.0005281547007134014
R1037_S+03,1037,3,276129000.0,0.0,706221.3992951438,64.80893086329044,56.13891248737244,39966512.03453836,0.0,0.0005281547007134014
R1037_S+03,1037,3,284018400.0,0.0,706221.3992951438,64.80893086329044,56.13891248737244,39966512.03453836,0.0,0.0005281547007134014
R1037_S+03,1037,3,291907800.0,0.0,706221.3992951438,64.80893086329044,56.13891248737244,39966512.03453836,0.0,0.0005281547007134014
R1037_S+03,1037,3,299797200.0,0.0,706221.3992951438,64.80893086329044,56.13891248737244,39966512.03453836,0.0,0.0005281547007134014
R1037_S+03,1037,3,307686600.0,0.0,706221.3992951438,64.80893086329044,56.13891248737244,39966512.03453836,0.0,0.0005281547007134014
R1037_S+03,1037,3,315576000.0,0.0,706221.3992951438,64.80893086329044,56.13891248737244,39966512.03453836,0.0,0.0005281547007134014
R1038_S+00,1038,0,0.0,0.11749463871247909,0.0,0.0,0.0,0.0,0.0,0.0
R1038_S+00,1038,0,7889400.0,0.11749463871247909,96499.17324572615,16.145152884361625,14.464617248425396,926962.2026582216,0.0,3.3272405367311884e-05
R1038_S+00,1038,0,15778800.0,0.11749463871247909,131574.4623728767,22.327728728701818,19.809126293321423,1853924.4053164101,0.0,6.652007797599158e-05
R1038_S+00,1038,0,23668200.0,0.11749463871247909,167570.57291550562,26.564123099189416,23.83224665961082,2780886.607974589,0.0,9.97425808337826e-05
R1038_S+00,1038,0,31557600.0,0.11749463871247909,203750.13680915534,30.18083972726026,27.010037133517176,3707848.810632866,0.0,0.00013294013946308646
R1038_S+00,1038,0,39447000.0,0.11749463871247909,240099.38820930198,33.257380366680344,29.898496344382746,4634811.013291152,0.0,0.00016611276923001744
R1038_S+00,1038,0,47336400.0,1.1393852229093793,991003.6293959673,58.75760932917202,52.22994341757261,13623876.79091241,0.0,0.00048516845291052594
R1038_S+00,1038,0,55225800.0,1.1393852229093793,1357354.3686398827,74.94633221559548,67.15558422824849,22612942.56853363,0.0,0.0008024024264740406
R1038_S+00,1038,0,63115200.0,1.1393852229093793,1720284.6992854252,86.56023928219507,78.78690652859468,31602008.3461549,0.0,0.001117388612282938
R1038_S+00,1038,0,71004600.0,1.1393852229093793,2079471.2690499015,96.71938627654033,88.59845407943101,40591074.12377616,0.0,0.001430170787033012
R1038_S+00,1038,0,78894000.0,1.1393852229093793,2436479.9158830047,106.03399100537398,97.33618042766699,49580139.90139742,0.0,0.001740760036125765
R1038_S+00,1038,0,86783400.0,1.6885457701227844,3171270.0729834065,121.09948489579233,109.10933486847885,62901752.90020413,0.0,0.002194796100411028
R1038_S+00,1038,0,94672800.0,1.6885457701227844,3705090.6872829534,132.57632194973914,119.73910021708448,76223365.89901076,0.0,0.0026459184104755027
R1038_S+00,1038,0,102562200.0,1.6885457701227844,4233163.69205967,140.833965754815,129.59302913744963,89544978.89781743,0.0,0.0030925171030018826
R1038_S+00,1038,0,110451600.0,1.6885457701227844,4757258.67882384,151.1617907081215,138.45712217166886,102866591.89662424,0.0,0.003534652633477608
R1038_S+00,1038,0,118341000.0,1.6885457701227844,5277084.692237034,161.42272066362676,146.0317252875865,116188204.89543083,0.0,0.003972450139116707
R1038_S+00,1038,0,126230400.0,1.764976280352694,5847976.028147213,167.89682787909788,155.00280944976083,130112808.76164547,0.0,0.004424949662529005
R1038_S+00,1038,0,134119800.0,1.764976280352694,6387703.050948922,178.35771629059985,161.45979661158088,144037412.62786,0.0,0.004873260998541756
R1038_S+00,1038,0,142009200.0,1.764976280352694,6923833.294890359,183.90369349588232,170.05159403240395,157962016.49407476,0.0,0.005317096627684927
R1038_S+00,1038,0,149898600.0,1.764976280352694,7457443.967503585,193.55953737529782,175.96917313190005,171886620.3602891,0.0,0.005756490563044038
R1038_S+00,1038,0,157788000.0,1.764976280352694,7988738.944743317,199.41683175530335,183.570921031309,185811224.2265038,0.0,0.0061915407892969175
R1038_S+00,1038,0,165677400.0,0.0,7327648.798778586,199.53450736758853,183.84909932620803,185811224.22650373,0.0,0.006205903413814524
R1038_S+00,1038,0,173566800.0,0.0,7327411.138769783,199.534510956755,183.84944880564302,185811224.2265038,0.0,0.006205931081329188
R1038_S+00,1038,0,181456200.0,0.0,7327403.282514036,199.53451097410615,183.84946044033498,185811224.22650373,0.0,0.00620593202383442
R1038_S+00,1038,0,189345600.0,0.0,7327402.963683642,199.5345109742085,183.84946091144477,185811224.2265038,0.0,0.006205932062215779
R1038_S+00,1038,0,197235000.0,0.0,7327402.952805251,199.53451097420904,183.8494609276098,185811224.22650376,0.0,0.006205932063534779
R1038_S+00,1038,0,205124400.0,0.0,7327402.952070855,199.53451097420904,183.8494609286924,185811224.22650376,0.0,0.0062059320636231345
R1038_S+00,1038,0,213013800.0,0.0,7327402.95206305,199.53451097420904,183.84946092870388,185811224.22650376,0.0,0.006205932063624073
R1038_S+00,1038,0,220903200.0,0.0,7327402.952062838,199.53451097420904,183.84946092870422,185811224.22650376,0.0,0.006205932063624105
R1038_S+00,1038,0,228792600.0,0.0,7327402.952062823,199.53451097420904,183.84946092870425,185811224.22650376,0.0,0.006205932063624108
R1038_S+00,1038,0,236682000.0,0.0,7327402.952062823,199.53451097420904,183.84946092870425,185811224.22650376,0.0,0.006205932063624108
R1038_S+00,1038,0,244571400.0,0.0,7327402.952062823,199.53451097420904,183.84946092870425,185811224.22650376,0.0,0.006205932063624108
R1038_S+00,1038,0,252460800.0,0.0,7327402.952062823,199.53451097420904,183.84946092870425,185811224.22650376,0.0,0.006205932063624108
R1038_S+00,1038,0,260350200.0,0.0,7327402.952062823,199.53451097420904,183.84946092870425,185811224.22650376,0.0,0.006205932063624108
R1038_S+00,1038,0,268239600.0,0.0,7327402.952062823,199.53451097420904,183.84946092870425,185811224.22650376,0.0,0.006205932063624108
R1038_S+00,1038,0,276129000.0,0.0,7327402.952062823,199.53451097420904,183.84946092870425,185811224.22650376,0.0,0.006205932063624108
R1038_S+00,1038,0,284018400.0,0.0,7327402.952062823,199.53451097420904,183.84946092870425,185811224.22650376,0.0,0.006205932063624108
R1038_S+00,1038,0,291907800.0,0.0,7327402.952062823,199.53451097420904,183.84946092870425,185811224.22650376,0.0,0.006205932063624108
R1038_S+00,1038,0,299797200.0,0.0,7327402.952062823,199.53451097420904,183.84946092870425,185811224.22650376,0.0,0.006205932063624108
R1038_S+00,1038,0,307686600.0,0.0,7327402.952062823,199.53451097420904,183.84946092870425,185811224.22650376,0.0,0.006205932063624108
R1038_S+00,1038,0,315576000.0,0.0,7327402.952062823,199.53451097420904,183.84946092870425,185811224.22650376,0.0,0.006205932063624108
R1038_S+01,1038,1,0.0,0.12163858053759977,0.0,0.0,0.0,0.0,0.0,0.0
R1038_S+01,1038,1,7889400.0,0.12163858053759977,99514.87466827035,16.64531499189337,14.716643925281078,959655.4172933263,0.0,3.444494731627841e-05
R1038_S+01,1038,1,15778800.0,0.12163858053759977,135870.19956481643,22.684651933829514,20.09541211596455,1919310.8345866657,0.0,6.886336878513277e-05
R1038_S+01,1038,1,23668200.0,0.12163858053759977,173298.61885333247,27.140964584524223,24.175767028189014,2878966.251880046,0.0,0.00010325480225992044
R1038_S+01,1038,1,31557600.0,0.12163858053759977,210888.61135893315,30.508608167246255,27.577277575396216,3838621.6691733683,0.0,0.00013761946702988475
R1038_S+01,1038,1,39447000.0,0.12163858053759977,248247.4259367194,33.62566851526984,30.6162438853662,4798277.0864667315,0.0,0.00017195757561280865
R1038_S+01,1038,1,47336400.0,0.12887150431837183,290939.4741953071,36.78155069527307,33.43646847408691,5814995.932636041,0.0,0.00020830375989328256
R1038_S+01,1038,1,55225800.0,0.12887150431837183,330807.2296182476,39.836933989113085,35.83939852377565,6831714.778805461,0.0,0.0002446235792050542
R1038_S+01,1038,1,63115200.0,0.12887150431837183,370600.0693446342,42.13067937117905,38.41281207601425,7848433.624974916,0.0,0.0002809134480216549
R1038_S+01,1038,1,71004600.0,0.12887150431837183,410481.0977224447,44.49551607067809,40.72198671174176,8865152.471144374,0.0,0.00031717315142146886
R1038_S+01,1038,1,78894000.0,0.12887150431837183,450308.845274549,47.22180150543779,42.750562086471355,9881871.317313723,0.0,0.0003534031688788619
R1038_S+01,1038,1,86783400.0,0.12136687524713505,485071.38682652265,48.86970463075017,44.853840350822615,10839383.142888363,0.0,0.00038750333166543636
R1038_S+01,1038,1,94672800.0,0.12136687524713505,522603.333327787,50.95945087104844,46.63724421184951,11796894.968463229,0.0,0.0004215703132051551
R1038_S+01,1038,1,102562200.0,0.12136687524713505,560282.246083172,53.08507863415125,48.332076607171,12754406.794038178,0.0,0.00045560996988522264
R1038_S+01,1038,1,110451600.0,0.12136687524713505,597922.2422519699,54.327214468580124,50.343174824315085,13711918.619612973,0.0,0.0004896234025631594
R1038_S+01,1038,1,118341000.0,0.12136687524713505,635594.7548334897,56.92258579182498,51.788254242624205,14669430.445187775,0.0,0.0005236101389475065
R1038_S+01,1038,1,126230400.0,0.09912469332388942,658171.1304489579,58.216600572390405,53.26625329572957,15451464.800697256,0.0,0.0005513793659132677
R1038_S+01,1038,1,134119800.0,0.09912469332388942,688613.0410912912,59.13152115109115,54.81328920908724,16233499.156206645,0.0,0.0005791030928539166
R1038_S+01,1038,1,142009200.0,0.09912469332388942,719274.5006880667,60.15368818363171,55.968513227479036,17015533.51171612,0.0,0.0006068081551741141
R1038_S+01,1038,1,149898600.0,0.09912469332388942,750001.9547942113,62.390285061055636,57.0142582250197,17797567.86722564,0.0,0.0006344954035571744
R1038_S+01,1038,1,157788000.0,0.09912469332388942,780834.428270461,63.7213965095919,58.40889694977941,18579602.222735085,0.0,0.000662164444220457
R1038_S+01,1038,1,165677400.0,0.0,746922.0568592846,63.72625853560373,58.42297913065507,18579602.222735085,0.0,0.0006623414307130989
R1038_S+01,1038,1,173566800.0,0.0,746852.4468667451,63.726263762354506,58.42303792390279,18579602.222735085,0.0,0.0006623422498625245
R1038_S+01,1038,1,181456200.0,0.0,746849.5913141798,63.72626381899232,58.42304063298392,18579602.222735085,0.0,0.0006623422892006806
R1038_S+01,1038,1,189345600.0,0.0,746849.5857118741,63.72626381899309,58.42304063862295,18579602.222735085,0.0,0.0006623422892842545
R1038_S+01,1038,1,197235000.0,0.0,746849.5856697615,63.72626381899309,58.42304063866548,18579602.222735085,0.0,0.000662342289284884
R1038_S+01,1038,1,205124400.0,0.0,746849.5856696684,63.72626381899309,58.423040638665704,18579602.222735085,0.0,0.0006623422892848854
R1038_S+01,1038,1,213013800.0,0.0,746849.5856696647,63.72626381899309,58.423040638665704,18579602.222735085,0.0,0.0006623422892848854
R1038_S+01,1038,1,220903200.0,0.0,746849.5856696647,63.72626381899309,58.423040638665704,18579602.222735085,0.0,0.0006623422892848854
R1038_S+01,1038,1,228792600.0,0.0,746849.5856696647,63.72626381899309,58.423040638665704,18579602.222735085,0.0,0.0006623422892848854
R1038_S+01,1038,1,236682000.0,0.0,746849.5856696647,63.72626381899309,58.423040638665704,18579602.222735085,0.0,0.0006623422892848854
R1038_S+01,1038,1,244571400.0,0.0,746849.5856696647,63.72626381899309,58.423040638665704,18579602.222735085,0.0,0.0006623422892848854
R1038_S+01,1038,1,252460800.0,0.0,746849.5856696647,63.72626381899309,58.423040638665704,18579602.222735085,0.0,0.0006623422892848854
R1038_S+01,1038,1,260350200.0,0.0,746849.5856696647,63.72626381899309,58.423040638665704,18579602.222735085,0.0,0.0006623422892848854
R1038_S+01,1038,1,268239600.0,0.0,746849.5856696647,63.72626381899309,58.423040638665704,18579602.222735085,0.0,0.0006623422892848854
R1038_S+01,1038,1,276129000.0,0.0,746849.5856696647,63.72626381899309,58.423040638665704,18579602.222735085,0.0,0.0006623422892848854
R1038_S+01,1038,1,284018400.0,0.0,746849.5856696647,63.72626381899309,58.423040638665704,18579602.222735085,0.0,0.0006623422892848854
R1038_S+01,1038,1,291907800.0,0.0,746849.5856696647,63.72626381899309,58.423040638665704,18579602.222735085,0.0,0.0006623422892848854
R1038_S+01,1038,1,299797200.0,0.0,746849.5856696647,63.72626381899309,58.423040638665704,18579602.222735085,0.0,0.0006623422892848854
R1038_S+01,1038,1,307686600.0,0.0,746849.5856696647,63.72626381899309,58.423040638665704,18579602.222735085,0.0,0.0006623422892848854
R1038_S+01,1038,1,315576000.0,0.0,746849.5856696647,63.72626381899309,58.423040638665704,18579602.222735085,0.0,0.0006623422892848854
R1038_S+02,1038,2,0.0,0.16486089701773093,0.0,0.0,0.0,0.0,0.0,0.0
R1038_S+02,1038,2,7889400.0,0.16486089701773093,131942.7058311049,19.1239286349098,16.912257147527598,1300653.56093169,0.0,4.667097943670516e-05
R1038_S+02,1038,2,15778800.0,0.16486089701773093,181407.2965193726,25.861396947706417,23.374052099417472,2601307.1218633493,0.0,9.329326084544362e-05
R1038_S+02,1038,2,23668200.0,0.16486089701773093,232383.42297501303,30.977162863590834,28.152317314110437,3901960.682795052,0.0,0.00013986601763523682
R1038_S+02,1038,2,31557600.0,0.16486089701773093,283023.3170491494,35.71023105029214,31.99284567493568,5202614.2437268095,0.0,0.00018639011252646445
R1038_S+02,1038,2,39447000.0,0.16486089701773093,333865.9541508388,39.45741982942915,35.39522329291631,6503267.804658454,0.0,0.0002328653570990563
R1038_S+02,1038,2,47336400.0,0.21334375495444258,419038.517334735,43.8889849428136,39.414584254620884,8186422.024996007,0.0,0.0002928942339803561
R1038_S+02,1038,2,55225800.0,0.21334375495444258,485392.3993282169,47.92700398932344,43.069812467172426,9869576.245333474,0.0,0.0003528729551005626
R1038_S+02,1038,2,63115200.0,0.21334375495444258,551850.0138343442,51.38186571646921,46.54653828187834,11552730.465671103,0.0,0.0004127699220777173
R1038_S+02,1038,2,71004600.0,0.21334375495444258,618150.2463664152,54.2336981655133,49.84916453648537,13235884.686008653,0.0,0.0004725856130367522
R1038_S+02,1038,2,78894000.0,0.21334375495444258,684496.9433797095,58.11007134197588,52.43789300871946,14919038.906346258,0.0,0.0005323198477891665
R1038_S+02,1038,2,86783400.0,0.21370055740321683,751039.4226987436,60.28362981845153,55.68161293222335,16605008.083923139,0.0,0.0005920722326626248
R1038_S+02,1038,2,94672800.0,0.21370055740321683,817645.8386986125,63.98700129236124,58.0944167992927,18290977.261500075,0.0,0.000651742205153593
R1038_S+02,1038,2,102562200.0,0.21370055740321683,884110.8460800182,65.90582565549842,61.00532945166917,19976946.439076975,0.0,0.0007113316117768073
R1038_S+02,1038,2,110451600.0,0.21370055740321683,950689.9957389832,69.56693216125906,63.03141064396476,21662915.616653863,0.0,0.0007708387279403294
R1038_S+02,1038,2,118341000.0,0.21370055740321683,1017207.5375960357,71.38147049595005,65.95615432871139,23348884.79423078,0.0,0.0008302651875908265
R1038_S+02,1038,2,126230400.0,0.16593130436405368,1051229.7520627938,72.73515725282991,67.5479776266304,24657983.22688052,0.0,0.0008764487429181775
R1038_S+02,1038,2,134119800.0,0.16593130436405368,1102069.25333306,75.6803373713434,68.95106903616627,25967081.659530334,0.0,0.000922495934151161
R1038_S+02,1038,2,142009200.0,0.16593130436405368,1153225.573844051,77.25766691705186,70.99310412730011,27276180.092180133,0.0,0.0009684922864286832
R1038_S+02,1038,2,149898600.0,0.16593130436405368,1204538.9789868928,78.43548233944958,72.83142062850008,28585278.524829954,0.0,0.0010144386754866082
R1038_S+02,1038,2,157788000.0,0.16593130436405368,1255955.5242693145,79.72181975369068,74.24528736818043,29894376.957479708,0.0,0.0010603355908266412
R1038_S+02,1038,2,165677400.0,0.0,1199707.2515933085,79.732296394728,74.2599123240454,29894376.957479708,0.0,0.001060764486113898
R1038_S+02,1038,2,173566800.0,0.0,1199655.5045061558,79.73229924595861,74.25994195843046,29894376.957479708,0.0,0.0010607655492140063
R1038_S+02,1038,2,181456200.0,0.0,1199655.1426803377,79.73229924722592,74.25994218098637,29894376.957479704,0.0,0.0010607655576239815
R1038_S+02,1038,2,189345600.0,0.0,1199655.1346612629,79.73229924722962,74.25994218595523,29894376.957479708,0.0,0.0010607655578128126
R1038_S+02,1038,2,197235000.0,0.0,1199655.13447777,79.73229924722962,74.25994218606894,29894376.957479708,0.0,0.0010607655578171453
R1038_S+02,1038,2,205124400.0,0.0,1199655.134473635,79.73229924722962,74.2599421860715,29894376.957479708,0.0,0.001060765557817243
R1038_S+02,1038,2,213013800.0,0.0,1199655.1344735362,79.73229924722962,74.25994218607151,29894376.957479708,0.0,0.0010607655578172455
R1038_S+02,1038,2,220903200.0,0.0,1199655.1344735324,79.73229924722962,74.25994218607151,29894376.957479708,0.0,0.0010607655578172455
R1038_S+02,1038,2,228792600.0,0.0,1199655.1344735324,79.73229924722962,74.25994218607151,29894376.957479708,0.0,0.0010607655578172455
R1038_S+02,1038,2,236682000.0,0.0,1199655.1344735324,79.73229924722962,74.25994218607151,29894376.957479708,0.0,0.0010607655578172455
R1038_S+02,1038,2,244571400.0,0.0,1199655.1344735324,79.73229924722962,74.25994218607151,29894376.957479708,0.0,0.0010607655578172455
R1038_S+02,1038,2,252460800.0,0.0,1199655.1344735324,79.73229924722962,74.25994218607151,29894376.957479708,0.0,0.0010607655578172455
R1038_S+02,1038,2,260350200.0,0.0,1199655.1344735324,79.73229924722962,74.25994218607151,29894376.957479708,0.0,0.0010607655578172455
R1038_S+02,1038,2,268239600.0,0.0,1199655.1344735324,79.73229924722962,74.25994218607151,29894376.957479708,0.0,0.0010607655578172455
R1038_S+02,1038,2,276129000.0,0.0,1199655.1344735324,79.73229924722962,74.25994218607151,29894376.957479708,0.0,0.0010607655578172455
R1038_S+02,1038,2,284018400.0,0.0,1199655.1344735324,79.73229924722962,74.25994218607151,29894376.957479708,0.0,0.0010607655578172455
R1038_S+02,1038,2,291907800.0,0.0,1199655.1344735324,79.73229924722962,74.25994218607151,29894376.957479708,0.0,0.0010607655578172455
R1038_S+02,1038,2,299797200.0,0.0,1199655.1344735324,79.73229924722962,74.25994218607151,29894376.957479708,0.0,0.0010607655578172455
R1038_S+02,1038,2,307686600.0,0.0,1199655.1344735324,79.73229924722962,74.25994218607151,29894376.957479708,0.0,0.0010607655578172455
R1038_S+02,1038,2,315576000.0,0.0,1199655.1344735324,79.73229924722962,74.25994218607151,29894376.957479708,0.0,0.0010607655578172455
R1038_S+03,1038,3,0.0,0.46422734855843495,0.0,0.0,0.0,0.0,0.0,0.0
R1038_S+03,1038,3,7889400.0,0.46422734855843495,347126.59108070284,31.696838441227666,28.178283274101666,3662475.2437169324,0.0,0.00013117091169632356
R1038_S+03,1038,3,15778800.0,0.46422734855843495,489634.80958927795,43.69119761170931,38.734845358959944,7324950.487433802,0.0,0.00026195849321084154
R1038_S+03,1038,3,23668200.0,0.46422734855843495,634117.9501091167,52.3578843841147,46.716316833671705,10987425.731150758,0.0,0.0003923616546326403
R1038_S+03,1038,3,31557600.0,0.46422734855843495,778907.7193884719,59.00869627430564,53.51659579241252,14649900.974867633,0.0,0.0005223838311801688
R1038_S+03,1038,3,39447000.0,0.46422734855843495,923810.7875249498,65.16330702781545,59.51795761978897,18312376.21858461,0.0,0.0006520262175593338
R1038_S+03,1038,3,47336400.0,0.37370406225178976,1006474.9516726211,70.16550995943584,63.24086952125408,21260677.0473139,0.0,0.0007562802778665578
R1038_S+03,1038,3,55225800.0,0.37370406225178976,1121215.4712895937,73.87762191624927,67.53838223220082,24208977.87604317,0.0,0.0008601528456283133
R1038_S+03,1038,3,63115200.0,0.37370406225178976,1236719.183412511,77.9987885746237,71.34688648841372,27157278.704772465,0.0,0.0009637745556494012
R1038_S+03,1038,3,71004600.0,0.37370406225178976,1352134.5393919032,82.1527347882014,74.81652682411381,30105579.53350179,0.0,0.0010671530349528311
R1038_S+03,1038,3,78894000.0,0.37370406225178976,1468100.5239152946,85.56060226531964,78.44187058950196,33053880.362230986,0.0,0.001170281438336079
R1038_S+03,1038,3,86783400.0,0.3404426355899475,1561163.8617560845,87.8991972471938,81.43578907254302,35739768.4914544,0.0,0.0012641122912411974
R1038_S+03,1038,3,94672800.0,0.3404426355899475,1666255.4197616577,92.39158092275979,83.79847475164135,38425656.62067767,0.0,0.0013576582579437554
R1038_S+03,1038,3,102562200.0,0.3404426355899475,1771325.5337556507,94.52616895773103,87.4107679408108,41111544.74990092,0.0,0.0014510037565174474
R1038_S+03,1038,3,110451600.0,0.3404426355899475,1876527.6237982847,96.93782136772484,89.87514928036009,43797432.87912424,0.0,0.001544147299977893
R1038_S+03,1038,3,118341000.0,0.3404426355899475,1981930.2321243733,101.22443138303352,92.04122819146528,46483321.00834754,0.0,0.0016370895651256624
R1038_S+03,1038,3,126230400.0,0.3644430685729081,2103515.235871829,103.4404302833638,95.65412068918569,49358558.153546646,0.0,0.0017362828990634715
R1038_S+03,1038,3,134119800.0,0.3644430685729081,2216544.166190125,105.53861799200426,98.16002339386941,52233795.29874568,0.0,0.0018353233795983693
R1038_S+03,1038,3,142009200.0,0.3644430685729081,2329434.7845904417,109.86297184166062,100.31446085439399,55109032.443944745,0.0,0.0019341397410062174
R1038_S+03,1038,3,149898600.0,0.3644430685729081,2442203.2444152683,112.40417057556631,103.31051144130736,57984269.589143895,0.0,0.002032732470066899
R1038_S+03,1038,3,157788000.0,0.3644430685729081,2554758.3194229603,114.20665648714919,106.07963671072228,60859506.73434303,0.0,0.002131102388192927
R1038_S+03,1038,3,165677400.0,0.0,2430466.472551182,114.22806813739155,106.12227113535424,60859506.73434302,0.0,0.0021326654264233825
R1038_S+03,1038,3,173566800.0,0.0,2430426.80850083,114.22806869429425,106.12230865139429,60859506.73434303,0.0,0.0021326671772853682
R1038_S+03,1038,3,181456200.0,0.0,2430426.679147333,114.22806869431149,106.12230877717542,60859506.73434303,0.0,0.002132667183269935
R1038_S+03,1038,3,189345600.0,0.0,2430426.6759445444,114.22806869431149,106.1223087802937,60859506.73434304,0.0,0.002132667183418373
R1038_S+03,1038,3,197235000.0,0.0,2430426.675850883,114.22806869431149,106.12230878038497,60859506.73434304,0.0,0.0021326671834227123
R1038_S+03,1038,3,205124400.0,0.0,2430426.675848596,114.22806869431149,106.12230878038719,60859506.73434304,0.0,0.0021326671834228186
R1038_S+03,1038,3,213013800.0,0.0,2430426.675848484,114.22806869431149,106.12230878038736,60859506.73434304,0.0,0.0021326671834228242
R1038_S+03,1038,3,220903200.0,0.0,2430426.675848484,114.22806869431149,106.12230878038733,60859506.73434304,0.0,0.0021326671834228242
R1038_S+03,1038,3,228792600.0,0.0,2430426.675848484,114.22806869431149,106.12230878038733,60859506.73434304,0.0,0.0021326671834228242
R1038_S+03,1038,3,236682000.0,0.0,2430426.675848484,114.22806869431149,106.12230878038733,60859506.73434304,0.0,0.0021326671834228242
R1038_S+03,1038,3,244571400.0,0.0,2430426.675848484,114.22806869431149,106.12230878038733,60859506.73434304,0.0,0.0021326671834228242
R1038_S+03,1038,3,252460800.0,0.0,2430426.675848484,114.22806869431149,106.12230878038733,60859506.73434304,0.0,0.0021326671834228242
R1038_S+03,1038,3,260350200.0,0.0,2430426.675848484,114.22806869431149,106.12230878038733,60859506.73434304,0.0,0.0021326671834228242
R1038_S+03,1038,3,268239600.0,0.0,2430426.675848484,114.22806869431149,106.12230878038733,60859506.73434304,0.0,0.0021326671834228242
R1038_S+03,1038,3,276129000.0,0.0,2430426.675848484,114.22806869431149,106.12230878038733,60859506.73434304,0.0,0.0021326671834228242
R1038_S+03,1038,3,284018400.0,0.0,2430426.675848484,114.22806869431149,106.12230878038733,60859506.73434304,0.0,0.0021326671834228242
R1038_S+03,1038,3,291907800.0,0.0,2430426.675848484,114.22806869431149,106.12230878038733,60859506.73434304,0.0,0.0021326671834228242
R1038_S+03,1038,3,299797200.0,0.0,2430426.675848484,114.22806869431149,106.12230878038733,60859506.73434304,0.0,0.0021326671834228242
R1038_S+03,1038,3,307686600.0,0.0,2430426.675848484,114.22806869431149,106.12230878038733,60859506.73434304,0.0,0.0021326671834228242
R1038_S+03,1038,3,315576000.0,0.0,2430426.675848484,114.22806869431149,106.12230878038733,60859506.73434304,0.0,0.0021326671834228242
R1039_S+00,1039,0,0.0,0.6047922239071866,0.0,0.0,0.0,0.0,0.0,0.0
R1039_S+00,1039,0,7889400.0,0.6047922239071866,269584.78737509437,37.608422251463246,33.30693989086933,4771447.771293376,0.0,3.203864142009462e-05
R1039_S+00,1039,0,15778800.0,0.6047922239071866,296471.31533926725,52.47311141482493,46.602200990715794,9542895.54258668,0.0,6.405982708844955e-05
R1039_S+00,1039,0,23668200.0,0.6047922239071866,328773.15139812045,64.45502246354813,56.219703443057895,14314343.313880097,0.0,9.605908625694482e-05
R1039_S+00,1039,0,31557600.0,0.6047922239071866,363541.8239509277,72.97625493615084,64.6341657752021,19085791.0851735,0.0,0.0001280351933067479
R1039_S+00,1039,0,39447000.0,0.6047922239071866,398593.7596937753,81.1937262362119,71.47702894051555,23857238.856466908,0.0,0.0001599890594701832
R1039_S+00,1039,0,47336400.0,0.6153532359149458,438550.3055240009,89.27317943745525,77.78447955432071,28712006.67589423,0.0,0.0001924730886437112
R1039_S+00,1039,0,55225800.0,0.6153532359149458,475142.6316647306,93.59111641912337,83.93958446830216,33566774.49532168,0.0,0.00022493697653218881
R1039_S+00,1039,0,63115200.0,0.6153532359149458,511828.81890161894,101.21265627079609,88.96267313602758,38421542.31474906,0.0,0.0002573771762126378
R1039_S+00,1039,0,71004600.0,0.6153532359149458,548259.9635466225,106.5138715418505,94.31768709397629,43276310.13417649,0.0,0.0002897946204248149
R1039_S+00,1039,0,78894000.0,0.6153532359149458,585027.9175543766,112.57136744543521,98.38320443397564,48131077.95360389,0.0,0.0003221874139127533
R1039_S+00,1039,0,86783400.0,0.7235436942738468,665071.1097469144,116.23119103674931,104.5305845428726,53839403.57520799,0.0,0.0003601672869124454
R1039_S+00,1039,0,94672800.0,0.7235436942738468,708683.7390996963,124.88197585704053,109.01145673439534,59547729.19681207,0.0,0.0003981841883745537
R1039_S+00,1039,0,102562200.0,0.7235436942738468,752114.9156333487,128.04616699703524,114.46577523361361,65256054.81841618,0.0,0.00043616846663216576
R1039_S+00,1039,0,110451600.0,0.7235436942738468,794969.9840443786,135.36944095631054,118.9877196797281,70964380.44002032,0.0,0.0004741225010219153
R1039_S+00,1039,0,118341000.0,0.7235436942738468,838333.9416309763,140.10573238668968,122.45717406951087,76672706.06162438,0.0,0.0005120415031921046
R1039_S+00,1039,0,126230400.0,0.9293635989838895,964859.787861988,143.78627935214018,129.25794867805666,84004827.23944795,0.0,0.0005604827827957028
R1039_S+00,1039,0,134119800.0,0.9293635989838895,1020888.684035359,153.20492207190526,134.17416327207297,91336948.4172715,0.0,0.0006090699360911643
R1039_S+00,1039,0,142009200.0,0.9293635989838895,1077363.029010335,157.4938525216662,138.74163778829643,98669069.59509504,0.0,0.0006575993047016396
R1039_S+00,1039,0,149898600.0,0.9293635989838895,1132947.5841620602,160.67794699572704,144.76290636322088,106001190.77291857,0.0,0.0007060807516575666
R1039_S+00,1039,0,157788000.0,0.9293635989838895,1188372.881271841,169.37486964892693,149.07778073061021,113333311.950742,0.0,0.0007545098848184515
R1039_S+00,1039,0,165677400.0,0.0,875204.4045945443,169.55139431925406,149.17872431728884,113333311.950742,0.0,0.000755806303260045
R1039_S+00,1039,0,173566800.0,0.0,874181.7910466827,169.55170257434,149.1791067859909,113333311.95074204,0.0,0.00075581606161056
R1039_S+00,1039,0,181456200.0,0.0,874117.6440646574,169.5517086324702,149.17912542550854,113333311.950742,0.0,0.0007558167008360377
R1039_S+00,1039,0,189345600.0,0.0,874114.1954161208,169.55170870506376,149.17912629333767,113333311.950742,0.0,0.0007558167358928409
R1039_S+00,1039,0,197235000.0,0.0,874114.0209465995,169.55170870581927,149.17912633440446,113333311.95074204,0.0,0.000755816737682524
R1039_S+00,1039,0,205124400.0,0.0,874114.0032148864,169.55170870584672,149.17912633845802,113333311.95074204,0.0,0.0007558167378650533
R1039_S+00,1039,0,213013800.0,0.0,874114.0016084462,169.55170870584712,149.17912633881693,113333311.95074204,0.0,0.0007558167378816437
R1039_S+00,1039,0,220903200.0,0.0,874114.0014000889,169.55170870584712,149.1791263388626,113333311.95074202,0.0,0.0007558167378837994
R1039_S+00,1039,0,228792600.0,0.0,874114.0013869274,169.55170870584712,149.17912633886544,113333311.95074202,0.0,0.0007558167378839357
R1039_S+00,1039,0,236682000.0,0.0,874114.0013856888,169.55170870584712,149.17912633886561,113333311.95074204,0.0,0.0007558167378839487
R1039_S+00,1039,0,244571400.0,0.0,874114.0013855621,169.55170870584712,149.17912633886564,113333311.95074202,0.0,0.0007558167378839499
R1039_S+00,1039,0,252460800.0,0.0,874114.0013855491,169.55170870584712,149.17912633886567,113333311.95074202,0.0,0.0007558167378839501
R1039_S+00,1039,0,260350200.0,0.0,874114.0013855435,169.55170870584712,149.17912633886567,113333311.95074202,0.0,0.0007558167378839501
R1039_S+00,1039,0,268239600.0,0.0,874114.0013855435,169.55170870584712,149.17912633886567,113333311.95074204,0.0,0.0007558167378839501
R1039_S+00,1039,0,276129000.0,0.0,874114.0013855435,169.55170870584712,149.17912633886567,113333311.95074204,0.0,0.0007558167378839501
R1039_S+00,1039,0,284018400.0,0.0,874114.0013855435,169.55170870584712,149.17912633886567,113333311.95074204,0.0,0.0007558167378839501
R1039_S+00,1039,0,291907800.0,0.0,874114.0013855435,169.55170870584712,149.17912633886567,113333311.95074204,0.0,0.0007558167378839501
R1039_S+00,1039,0,299797200.0,0.0,874114.0013855435,169.55170870584712,149.17912633886567,113333311.95074204,0.0,0.0007558167378839501
R1039_S+00,1039,0,307686600.0,0.0,874114.0013855435,169.55170870584712,149.17912633886567,113333311.95074204,0.0,0.0007558167378839501
R1039_S+00,1039,0,315576000.0,0.0,874114.0013855435,169.55170870584712,149.17912633886567,113333311.95074204,0.0,0.0007558167378839501
R1039_S+01,1039,1,0.0,0.02329129034172961,0.0,0.0,0.0,0.0,0.0,0.0
R1039_S+01,1039,1,7889400.0,0.02329129034172961,14678.133679255843,7.96006161765526,7.0870462497990525,183754.3060220465,0.0,1.2362717894513726e-06
R1039_S+01,1039,1,15778800.0,0.02329129034172961,14723.415020085871,10.89981165402967,9.54134024119596,367508.612044055,0.0,2.472532629060957e-06
R1039_S+01,1039,1,23668200.0,0.02329129034172961,15563.45063222386,12.749235239381855,11.521619522775662,551262.9180660887,0.0,3.7087589512871038e-06
R1039_S+01,1039,1,31557600.0,0.02329129034172961,16678.955810897052,14.897622505124094,13.088326928621395,735017.2240881351,0.0,4.944950579415582e-06
R1039_S+01,1039,1,39447000.0,0.02329129034172961,17851.06031755358,16.343866641691477,14.49278417727446,918771.5301101964,0.0,6.181107448278777e-06
R1039_S+01,1039,1,47336400.0,0.24024626401508795,118072.19453104027,28.769554751654766,25.27827753582784,2814170.4054308212,0.0,1.8917652405262255e-05
R1039_S+01,1039,1,55225800.0,0.24024626401508795,129163.54005854018,37.09813209584787,32.35417391826985,4709569.280751457,0.0,3.165525329048265e-05
R1039_S+01,1039,1,63115200.0,0.24024626401508795,141731.3056059014,42.647120027755,38.30057025806498,6604968.156072063,0.0,4.4389233434347506e-05
R1039_S+01,1039,1,71004600.0,0.24024626401508795,155062.2092251368,47.915316310844275,43.106878629286854,8500367.031392734,0.0,5.711960995603189e-05
R1039_S+01,1039,1,78894000.0,0.24024626401508795,168712.2276631575,52.92810019586354,47.36607926940948,10395765.906713387,0.0,6.984630497155362e-05
R1039_S+01,1039,1,86783400.0,0.44856376591178787,267705.0947419219,61.774284103598916,54.489079454182225,13934664.881497763,0.0,9.355091276858594e-05
R1039_S+01,1039,1,94672800.0,0.44856376591178787,294003.26761713624,68.73554796136399,60.753598901470646,17473563.85628227,0.0,0.00011727905582767831
R1039_S+01,1039,1,102562200.0,0.44856376591178787,320494.85495391116,74.05514670406993,66.43204110697559,21012462.831066772,0.0,0.000140994530499
R1039_S+01,1039,1,110451600.0,0.44856376591178787,346900.4141005259,81.06314903418458,71.09889138023006,24551361.805851255,0.0,0.00016469762270891817
R1039_S+01,1039,1,118341000.0,0.44856376591178787,373417.49414562434,86.44102176171364,76.01948211997563,28090260.780635655,0.0,0.00018838829017186532
R1039_S+01,1039,1,126230400.0,0.6482437960318296,480732.1011228245,92.38665098115,82.73844332015022,33204515.38504918,0.0,0.00022250477882370236
R1039_S+01,1039,1,134119800.0,0.6482437960318296,520221.1718113236,100.74296335181275,88.02145076768178,38318769.989462756,0.0,0.0002566777606281306
R1039_S+01,1039,1,142009200.0,0.6482437960318296,559164.832893474,105.57934016777932,94.04541440045476,43433024.59387626,0.0,0.00029082500054513456
R1039_S+01,1039,1,149898600.0,0.6482437960318296,598178.2651815563,112.606060531979,98.40906290621922,48547279.1982898,0.0,0.0003249453907641869
R1039_S+01,1039,1,157788000.0,0.6482437960318296,636916.0156112798,115.77790725478576,104.04289998838598,53661533.80270333,0.0,0.00035904020214733916
R1039_S+01,1039,1,165677400.0,0.0,419836.5857035965,115.82903180190624,104.110826891575,53661533.80270332,0.0,0.00035952564420199586
R1039_S+01,1039,1,173566800.0,0.0,419219.41252110526,115.82910405388209,104.11096754599988,53661533.80270332,0.0,0.0003595283626435898
R1039_S+01,1039,1,181456200.0,0.0,419173.3370190654,115.8291062094135,104.11097364212443,53661533.80270333,0.0,0.00035952857238349045
R1039_S+01,1039,1,189345600.0,0.0,419168.69781685807,115.82910629290637,104.1109740241127,53661533.80270331,0.0,0.000359528593831565
R1039_S+01,1039,1,197235000.0,0.0,419168.3470128719,115.82910629471384,104.1109740411053,53661533.80270332,0.0,0.00035952859546868035
R1039_S+01,1039,1,205124400.0,0.0,419168.32896583155,115.82910629473106,104.11097404152761,53661533.80270333,0.0,0.0003595285955534088
R1039_S+01,1039,1,213013800.0,0.0,419168.328379754,115.82910629473116,104.1109740415297,53661533.80270332,0.0,0.0003595285955561731
R1039_S+01,1039,1,220903200.0,0.0,419168.3283283226,115.82910629473116,104.11097404152932,53661533.80270332,0.0,0.00035952859555641616
R1039_S+01,1039,1,228792600.0,0.0,419168.3283212185,115.82910629473116,104.11097404152923,53661533.80270332,0.0,0.0003595285955564497
R1039_S+01,1039,1,236682000.0,0.0,419168.3283207752,115.82910629473116,104.11097404152919,53661533.80270332,0.0,0.0003595285955564518
R1039_S+01,1039,1,244571400.0,0.0,419168.32832075655,115.82910629473116,104.11097404152918,53661533.80270332,0.0,0.00035952859555645183
R1039_S+01,1039,1,252460800.0,0.0,419168.32832075655,115.82910629473116,104.11097404152923,53661533.80270332,0.0,0.00035952859555645183
R1039_S+01,1039,1,260350200.0,0.0,419168.32832075655,115.82910629473116,104.11097404152923,53661533.80270332,0.0,0.00035952859555645183
R1039_S+01,1039,1,268239600.0,0.0,419168.32832075655,115.82910629473116,104.11097404152923,53661533.80270332,0.0,0.00035952859555645183
R1039_S+01,1039,1,276129000.0,0.0,419168.32832075655,115.82910629473116,104.11097404152923,53661533.80270332,0.0,0.00035952859555645183
R1039_S+01,1039,1,284018400.0,0.0,419168.32832075655,115.82910629473116,104.11097404152923,53661533.80270332,0.0,0.00035952859555645183
R1039_S+01,1039,1,291907800.0,0.0,419168.32832075655,115.82910629473116,104.11097404152923,53661533.80270332,0.0,0.00035952859555645183
R1039_S+01,1039,1,299797200.0,0.0,419168.32832075655,115.82910629473116,104.11097404152923,53661533.80270332,0.0,0.00035952859555645183
R1039_S+01,1039,1,307686600.0,0.0,419168.32832075655,115.82910629473116,104.11097404152923,53661533.80270332,0.0,0.00035952859555645183
R1039_S+01,1039,1,315576000.0,0.0,419168.32832075655,115.82910629473116,104.11097404152923,53661533.80270332,0.0,0.00035952859555645183
R1039_S+02,1039,2,0.0,3.103572454532533,0.0,0.0,0.0,0.0,0.0,0.0
R1039_S+02,1039,2,7889400.0,3.103572454532533,1342655.4322365094,83.8300347715085,75.21649505647451,24485324.522788975,0.0,0.00016327038793174315
R1039_S+02,1039,2,15778800.0,3.103572454532533,1514877.670266578,119.35793348784114,105.50875751979362,48970649.04557795,0.0,0.00032609203053190843
R1039_S+02,1039,2,23668200.0,3.103572454532533,1702462.954287324,143.3785546704688,128.44314126875713,73455973.56836689,0.0,0.000488344034934788
R1039_S+02,1039,2,31557600.0,3.103572454532533,1892174.8109759577,165.9743372017486,146.81626464598676,97941298.09115586,0.0,0.000650030902727311
R1039_S+02,1039,2,39447000.0,3.103572454532533,2084713.04042032,182.48049855927587,163.02169858482202,122426622.61394474,0.0,0.0008111337432001834
R1039_S+02,1039,2,47336400.0,4.73818820490483,3008851.892932184,211.16231667704517,184.89552801374933,159808084.637721,0.0,0.0010531377517678162
R1039_S+02,1039,2,55225800.0,4.73818820490483,3312015.4021342397,231.78790242217394,204.6811717354117,197189546.66149715,0.0,0.0012960710696435648
R1039_S+02,1039,2,63115200.0,4.73818820490483,3614511.4492004775,248.73071098580826,222.53622562137664,234571008.68527338,0.0,0.0015376848884263046
R1039_S+02,1039,2,71004600.0,4.73818820490483,3913647.047416825,271.0660776194722,236.81893649618303,271952470.7090497,0.0,0.0017780358722550578
R1039_S+02,1039,2,78894000.0,4.73818820490483,4210807.841493405,281.22803268170236,252.86714503423792,309333932.73282564,0.0,0.0020171235023332527
R1039_S+02,1039,2,86783400.0,5.2274041332793715,4736915.201327372,304.0578647612001,266.00737355851766,350575014.90191936,0.0,0.002277856361482642
R1039_S+02,1039,2,94672800.0,5.2274041332793715,5064944.762164105,313.84440799039857,282.32421849199676,391816097.07101333,0.0,0.0025384737718864756
R1039_S+02,1039,2,102562200.0,5.2274041332793715,5392209.564988941,336.67243775013395,294.1309144531901,433057179.2401073,0.0,0.002797561733489964
R1039_S+02,1039,2,110451600.0,5.2274041332793715,5718109.747310333,345.1866767687177,308.337237672836,474298261.40920144,0.0,0.003055150540813693
R1039_S+02,1039,2,118341000.0,5.2274041332793715,6039470.903131947,362.9388656927304,320.2843935309913,515539343.57829565,0.0,0.0033113488179323035
R1039_S+02,1039,2,126230400.0,4.571220239656156,6048123.853742912,375.774986288151,328.5702631200895,551603528.5370389,0.0,0.003536906262525749
R1039_S+02,1039,2,134119800.0,4.571220239656156,6324440.665629342,382.3069859490753,338.98827352619105,587667713.4957824,0.0,0.00375877454849322
R1039_S+02,1039,2,142009200.0,4.571220239656156,6598621.921254724,388.32973827627995,349.7320620599479,623731898.4545255,0.0,0.003979593204664352
R1039_S+02,1039,2,149898600.0,4.571220239656156,6871002.962820683,404.2721060757644,358.33030362357704,659796083.4132692,0.0,0.004199369461585417
R1039_S+02,1039,2,157788000.0,4.571220239656156,7144945.83334709,416.9301394389435,365.33692848533224,695860268.3720121,0.0,0.004417977429560894
R1039_S+02,1039,2,165677400.0,0.0,5300550.551086783,417.7128931455112,365.9846202343201,695860268.3720121,0.0,0.004440827181523717
R1039_S+02,1039,2,173566800.0,0.0,5288150.378533874,417.71961716338103,365.99325944034626,695860268.3720123,0.0,0.004441454819834002
R1039_S+02,1039,2,181456200.0,0.0,5286837.035953879,417.719955051316,365.99391610791224,695860268.3720123,0.0,0.004441524309229951
R1039_S+02,1039,2,189345600.0,0.0,5286669.843372006,417.719974368992,365.9939807433277,695860268.3720123,0.0,0.0044415333575613565
R1039_S+02,1039,2,197235000.0,0.0,5286650.550214447,417.7199753207903,365.99398695328773,695860268.3720123,0.0,0.004441534417486745
R1039_S+02,1039,2,205124400.0,0.0,5286647.178154904,417.7199753970658,365.9939879169448,695860268.3720121,0.0,0.004441534603540244
R1039_S+02,1039,2,213013800.0,0.0,5286646.869829845,417.7199753993088,365.99398799529865,695860268.3720123,0.0,0.004441534620697146
R1039_S+02,1039,2,220903200.0,0.0,5286646.823735137,417.7199753994502,365.99398800618883,695860268.3720123,0.0,0.004441534623267083
R1039_S+02,1039,2,228792600.0,0.0,5286646.818226304,417.71997539945613,365.9939880073958,695860268.3720124,0.0,0.004441534623574913
R1039_S+02,1039,2,236682000.0,0.0,5286646.817791998,417.71997539945625,365.99398800748315,695860268.3720121,0.0,0.004441534623599266
R1039_S+02,1039,2,244571400.0,0.0,5286646.817758754,417.71997539945625,365.9939880074894,695860268.3720123,0.0,0.00444153462360114
R1039_S+02,1039,2,252460800.0,0.0,5286646.817756202,417.71997539945625,365.99398800748975,695860268.3720121,0.0,0.0044415346236012865
R1039_S+02,1039,2,260350200.0,0.0,5286646.817755867,417.71997539945625,365.99398800749,695860268.3720121,0.0,0.004441534623601304
R1039_S+02,1039,2,268239600.0,0.0,5286646.817755789,417.71997539945625,365.99398800749003,695860268.3720121,0.0,0.004441534623601308
R1039_S+02,1039,2,276129000.0,0.0,5286646.817755785,417.71997539945625,365.99398800749003,695860268.3720121,0.0,0.004441534623601308
R1039_S+02,1039,2,284018400.0,0.0,5286646.817755785,417.71997539945625,365.9939880074899,695860268.3720123,0.0,0.004441534623601308
R1039_S+02,1039,2,291907800.0,0.0,5286646.817755785,417.71997539945625,365.9939880074899,695860268.3720123,0.0,0.004441534623601308
R1039_S+02,1039,2,299797200.0,0.0,5286646.817755785,417.71997539945625,365.9939880074899,695860268.3720123,0.0,0.004441534623601308
R1039_S+02,1039,2,307686600.0,0.0,5286646.817755785,417.71997539945625,365.9939880074899,695860268.3720123,0.0,0.004441534623601308
R1039_S+02,1039,2,315576000.0,0.0,5286646.817755785,417.71997539945625,365.9939880074899,695860268.3720123,0.0,0.004441534623601308
R1039_S+03,1039,3,0.0,0.89140945856846,0.0,0.0,0.0,0.0,0.0,0.0
R1039_S+03,1039,3,7889400.0,0.89140945856846,388630.0624143686,46.134842851221194,40.210332839570555,7032685.782430029,0.0,4.71809291147828e-05
R1039_S+03,1039,3,15778800.0,0.89140945856846,431311.1417741105,64.44711119281601,56.20712363531491,14065371.564860074,0.0,9.43240152150542e-05
R1039_S+03,1039,3,23668200.0,0.89140945856846,481027.7275679596,77.95958304840268,68.35158331910439,21098057.347290054,0.0,0.00014141963130508345
R1039_S+03,1039,3,31557600.0,0.89140945856846,533547.6071996912,89.53904794450652,78.0530239108174,28130743.129720047,0.0,0.0001884656259373563
R1039_S+03,1039,3,39447000.0,0.89140945856846,586429.5173164066,99.5311791266479,86.72483570765712,35163428.9121501,0.0,0.00023546272475325145
R1039_S+03,1039,3,47336400.0,2.054216911335102,1127004.453648448,118.97616481748071,105.29312539837987,51369967.81243721,0.0,0.0003427644354877728
R1039_S+03,1039,3,55225800.0,2.054216911335102,1253402.3244771063,137.78980071426082,120.11353942316704,67576506.71272436,0.0,0.00045038658652412017
R1039_S+03,1039,3,63115200.0,2.054216911335102,1379548.2577386051,152.67197630540593,133.3100824532543,83783045.61301152,0.0,0.0005577528076287488
R1039_S+03,1039,3,71004600.0,2.054216911335102,1506153.7336607352,161.80847879218945,145.3459769075567,99989584.51329863,0.0,0.0006648601058104375
R1039_S+03,1039,3,78894000.0,2.054216911335102,1632738.1720616147,176.2305217550819,155.50992465282332,116196123.41358587,0.0,0.000771709853544433
R1039_S+03,1039,3,86783400.0,4.351081454492949,2765986.112989314,198.91481405555575,177.50405914111371,150523545.44066262,0.0,0.0009933492611553288
R1039_S+03,1039,3,94672800.0,4.351081454492949,3045966.620190136,221.00868463698976,196.35276536818708,184850967.4677388,0.0,0.0012169164646669516
R1039_S+03,1039,3,102562200.0,4.351081454492949,3322413.7572608925,242.8107284612284,212.07150125804174,219178389.4948154,0.0,0.0014393886508896837
R1039_S+03,1039,3,110451600.0,4.351081454492949,3596798.838351555,258.5860006314314,228.5220181539135,253505811.52189237,0.0,0.001660773437827659
R1039_S+03,1039,3,118341000.0,4.351081454492949,3872441.961412471,274.17194341915456,242.111843083372,287833233.54896915,0.0,0.001881026704327016
R1039_S+03,1039,3,126230400.0,7.782003088042001,5774134.347353339,303.3586226926461,265.1538770061428,349228568.7117684,0.0,0.002261642957970647
R1039_S+03,1039,3,134119800.0,7.782003088042001,6286787.526729152,329.73375398305967,288.59823648842206,410623903.8745674,0.0,0.0026479416025783466
R1039_S+03,1039,3,142009200.0,7.782003088042001,6795835.91432862,346.0715884354439,309.49674098143174,472019239.0373677,0.0,0.003030873641068051
R1039_S+03,1039,3,149898600.0,7.782003088042001,7295698.563192986,374.0635613772216,326.6840077460005,533414574.20016515,0.0,0.0034106728950811112
R1039_S+03,1039,3,157788000.0,7.782003088042001,7794401.9817256145,386.19220649196586,345.4108843768492,594809909.3629627,0.0,0.0037872026469963804
R1039_S+03,1039,3,165677400.0,0.0,4612906.793163519,387.19016003824254,346.98192445118843,594809909.3629627,0.0,0.00382174445524048
R1039_S+03,1039,3,173566800.0,0.0,4595835.917007223,387.1971603761139,346.99355001897493,594809909.3629627,0.0,0.0038224653634562427
R1039_S+03,1039,3,181456200.0,0.0,4594906.708926562,387.1972837109468,346.99373845198306,594809909.3629627,0.0,0.0038225066602011995
R1039_S+03,1039,3,189345600.0,0.0,4594808.2613009885,387.1972895038853,346.99374301920085,594809909.3629627,0.0,0.0038225111129651735
R1039_S+03,1039,3,197235000.0,0.0,4594791.648455225,387.197289965746,346.9937424359761,594809909.3629627,0.0,0.0038225118683292507
R1039_S+03,1039,3,205124400.0,0.0,4594790.298421301,387.1972899764119,346.99374228555615,594809909.3629627,0.0,0.003822511930139385
R1039_S+03,1039,3,213013800.0,0.0,4594790.210036088,387.19728997657114,346.9937422711827,594809909.3629627,0.0,0.003822511934206775
R1039_S+03,1039,3,220903200.0,0.0,4594790.202596664,387.1972899765749,346.9937422697345,594809909.3629627,0.0,0.0038225119345500205
R1039_S+03,1039,3,228792600.0,0.0,4594790.202097427,387.197289976575,346.9937422696229,594809909.3629627,0.0,0.0038225119345731235
R1039_S+03,1039,3,236682000.0,0.0,4594790.202054046,387.197289976575,346.9937422696124,594809909.3629627,0.0,0.003822511934575139
R1039_S+03,1039,3,244571400.0,0.0,4594790.202051207,387.197289976575,346.9937422696117,594809909.3629627,0.0,0.003822511934575266
R1039_S+03,1039,3,252460800.0,0.0,4594790.202050868,387.197289976575,346.99374226961163,594809909.3629627,0.0,0.0038225119345752807
R1039_S+03,1039,3,260350200.0,0.0,4594790.202050794,387.197289976575,346.9937422696116,594809909.3629627,0.0,0.0038225119345752846
R1039_S+03,1039,3,268239600.0,0.0,4594790.20205079,387.197289976575,346.9937422696116,594809909.3629627,0.0,0.0038225119345752846
R1039_S+03,1039,3,276129000.0,0.0,4594790.20205079,387.197289976575,346.9937422696116,594809909.3629627,0.0,0.0038225119345752846
R1039_S+03,1039,3,284018400.0,0.0,4594790.20205079,387.197289976575,346.9937422696116,594809909.3629627,0.0,0.0038225119345752846
R1039_S+03,1039,3,291907800.0,0.0,4594790.20205079,387.197289976575,346.9937422696116,594809909.3629627,0.0,0.0038225119345752846
R1039_S+03,1039,3,299797200.0,0.0,4594790.20205079,387.197289976575,346.9937422696116,594809909.3629627,0.0,0.0038225119345752846
R1039_S+03,1039,3,307686600.0,0.0,4594790.20205079,387.197289976575,346.9937422696116,594809909.3629627,0.0,0.0038225119345752846
R1039_S+03,1039,3,315576000.0,0.0,4594790.20205079,387.197289976575,346.9937422696116,594809909.3629627,0.0,0.0038225119345752846
