set,scenario_id,dp_bh_max_MPa_true,svr_dp_max_MPa,svr_band_low_MPa,svr_band_high_MPa,r95_final_m_true,enet_r95_m,enet_band_low_m,enet_band_high_m
id_study,R0000_S+00,12.818640160973425,12.805155079462084,11.421662619540353,14.923157990691164,545.4580165017227,525.1427352177798,496.1431669881696,557.6633341671416
id_study,R0000_S+01,0.9758154148896,0.9837286275475421,0.877444780895499,1.146439667287063,149.23422601543442,145.26453161545186,137.24269600122088,154.26035171810238
id_study,R0000_S+02,0.7714473535621874,0.7765169630873427,0.6926206450212136,0.9049547038434543,133.76374099718277,128.69659939845516,121.58968243115376,136.6664144877721
id_study,R0000_S+03,2.324156945750277,2.3278924408421102,2.076382668455258,2.712931351822552,230.9519762206031,225.08558434988998,212.65584987370158,239.02449567252287
id_study,R0001_S+00,11.835666273668325,12.790031974162265,11.408173442297091,14.905533488035898,357.6365043222154,369.9026301410203,349.4757712287701,392.8096500394133
id_study,R0001_S+01,2.7490754680904,2.900760621775904,2.587357119564401,3.380553283682356,177.9934287966681,183.29495651121337,173.17299491674135,194.64589287648533
id_study,R0001_S+02,1.8156030991210155,1.9244774167297403,1.7165533440564171,2.2427905293733894,145.27432605906716,149.71190690259218,141.44447717759314,158.98314033268866
id_study,R0001_S+03,13.931382171682817,15.239187913287386,13.592718078089643,17.759785607326837,408.663578424442,425.1531337028173,401.6752171631656,451.4816604556055
id_study,R0002_S+00,1.3461103304403053,1.332596454371931,1.1886202873281622,1.5530110571111166,77.45201891446952,75.71707956361931,71.53581137176019,80.40602337445623
id_study,R0002_S+01,1.4408323363503068,1.4417420648548898,1.2859736057069107,1.6802096095003825,80.15609030639077,77.96415548653071,73.65879868566407,82.79225433084146
id_study,R0002_S+02,4.616719724456318,4.6993558479917095,4.191628816039298,5.476640410746568,141.2075397829044,139.96383669058443,132.23471742531768,148.63139980281304
id_study,R0002_S+03,2.137906963148184,2.14859115907977,1.9164534262998694,2.503973214332722,97.77658147351936,95.20995088682128,89.95224230263,101.10603288726007
id_study,R0003_S+00,1.4642202537953724,1.4596459802376738,1.30194314920732,1.7010748747979327,129.10109812928064,127.70396211161056,120.65186081783298,135.61230599140146
id_study,R0003_S+01,2.1898137430169284,2.1311860857839515,1.9009288290716757,2.4836893007821828,159.13207481732616,157.24756771641574,148.56400177687868,166.98546323038005
id_study,R0003_S+02,2.757313117726821,2.75931327714189,2.461192005685325,3.215710213978135,177.16584775345285,175.48174850554193,165.79124990857025,186.34883507718584
id_study,R0003_S+03,2.948838194159694,2.910475774244687,2.596022629127327,3.3918753453282813,182.5473348730181,182.00736177376527,171.95650406960075,193.27856105184608
id_study,R0004_S+00,1.2753226890319604,1.5436205021300873,1.3768449096108841,1.7989389810595715,174.76096164046075,183.9065198655657,173.7507863610359,195.295328613421
id_study,R0004_S+01,2.234037382601559,2.8099876027403443,2.5063913841283543,3.2747661927839165,240.2663830819782,251.79612135825838,237.89137068461181,267.38914041868753
id_study,R0004_S+02,6.156448569549419,7.532495211756903,6.718670602434015,8.778387720540984,374.4236775413237,398.05050940004503,376.0692610040435,422.70064756185303
id_study,R0004_S+03,1.2758969138814324,1.622121090190796,1.4468641500418715,1.8904237518977653,176.25295767177664,186.3427951852601,176.0525250535973,197.88247554818045
id_study,R0005_S+00,13.783122194710918,12.349705636256694,11.015420770201656,14.392376133263484,511.6940766680579,514.1148855780375,485.72430011940855,545.9525611022867
id_study,R0005_S+01,7.041414764727142,6.968194609444939,6.215338073025757,8.120750465053925,402.4128419307176,400.5723420109759,378.4518323209301,425.3786501080368
id_study,R0005_S+02,1.4485033377082124,1.3571009289610738,1.2104772535022919,1.58156862970617,181.5534256928783,178.8134833760927,168.9389988525873,189.88689483098165
id_study,R0005_S+03,9.558317307469181,8.925033017941455,7.960756067896646,10.401254570707668,443.4573892660912,440.2461490439664,415.9347620993691,467.5093433945888
id_study,R0006_S+00,20.856965633900224,18.847458508350396,16.811144494722235,21.96487268586244,323.38555545907815,328.65075647115503,310.50191921827786,349.00316492858224
id_study,R0006_S+01,4.677402202533681,4.8244091543380465,4.303171133620187,5.622377829488012,178.17033515950567,181.59293103328815,171.56495913088557,192.8384657919926
id_study,R0006_S+02,2.944011256546777,2.9760750539272824,2.654534442219008,3.4683249008943067,140.1858124213957,141.89962749126613,134.06360948468986,150.68706863294653
id_study,R0006_S+03,3.9073009523148685,3.925566223030688,3.5014408425269377,4.574864153200762,162.05175618831635,166.04649190574463,156.87702949413736,176.32927981858853
id_study,R0007_S+00,8.321607206238204,8.323849743941926,7.424525738351761,9.700634162474952,239.59435464075543,234.56115387308677,221.60815704082978,249.08686031943566
id_study,R0007_S+01,2.6671242064018696,2.5892883546282497,2.3095368878977265,3.0175627674785908,134.17731514411767,133.20701193951567,125.85101980187237,141.45614407447957
id_study,R0007_S+02,1.1724487720362116,1.1783823506475635,1.0510677584455115,1.3732895761926485,89.36063274203215,87.77420402486186,82.92711418106329,93.20981132886126
id_study,R0007_S+03,13.529613778410152,13.539458058822794,12.076630157124727,15.7789164181397,302.68554238276744,296.7723133436652,280.3838757393636,315.15058030668666
id_study,R0008_S+00,1.041127205004366,1.043321116106029,0.9305987876021831,1.2158888942818298,88.94374015614493,87.95777833970226,83.10055110751115,93.40475387993528
id_study,R0008_S+01,5.451524211836711,5.3898844363453575,4.807551428173266,6.281384059468026,206.10923701870595,200.746016608487,189.66036805039346,213.17764758991754
id_study,R0008_S+02,1.6228877058754974,1.6128341365682182,1.4385805759358046,1.8796007141991251,111.12641319379088,109.73469545616095,103.67489766286818,116.53025365859942
id_study,R0008_S+03,1.1083645269810556,1.1075611847728497,0.9878982413312006,1.2907544221179899,91.92674532440346,90.69121952044766,85.68304549092576,96.30746931400122
id_study,R0009_S+00,2.539140833365645,2.4561115647015526,2.190748762813963,2.862358221775215,188.7715271458424,173.71909344327966,164.12593264099755,184.47702379029806
id_study,R0009_S+01,6.569677081960175,6.415540871060357,5.722394058987187,7.476686492311654,299.66149884505734,279.19821745941465,263.78026113285114,296.488170549233
id_study,R0009_S+02,6.437034075358152,6.545354654297836,5.838182522797569,7.627971782071971,296.1254892027651,279.1097162846104,263.6966471928595,296.39418874788794
id_study,R0009_S+03,5.051233756493136,4.928921857266435,4.396392092280723,5.744177180464714,264.3796330098242,245.61771501928985,232.05414990180046,260.82812291284745
id_study,R0010_S+00,1.6964608868715558,1.7167651521240737,1.5312826937952821,2.0007221653372373,156.51148861108874,153.69398592270483,145.2066567979901,163.21181820319586
id_study,R0010_S+01,0.8081315260128528,0.8200010805687938,0.7314066586305431,0.9556311971178122,109.24182347956231,105.59186367954689,99.76084241635292,112.13086806968505
id_study,R0010_S+02,1.2113888033238462,1.2265692504515715,1.094048457142844,1.4294467030993085,132.78122507042028,129.50343274084395,122.35196061359574,137.52321272882014
id_study,R0010_S+03,3.831554229422386,3.7800719160474934,3.371666007539489,4.405304744011042,237.4073589904013,231.42573365980078,218.64588181519363,245.75727243238055
id_study,R0011_S+00,18.935700412415706,18.925144428153605,16.88043708514967,22.05540804038812,693.3832613175225,699.4238005937973,660.8000382021846,742.7371312167878
id_study,R0011_S+01,5.850894518711742,5.849007036940867,5.217069580235206,6.816446623198539,383.4056905260821,392.6672644829084,370.98329103293935,416.9840335675953
id_study,R0011_S+02,11.451756676731476,11.456900808892518,10.21907621521803,13.351899277580841,554.2780129031422,554.3961943136626,523.7811839840082,588.7283769474949
id_study,R0011_S+03,7.803607330169786,7.7340626144378595,6.898460292932292,9.013294847968568,458.4568037105563,456.54491478693603,431.3334731761999,484.8174454351974
id_study,R0012_S+00,2.0885301013363966,2.043071070878563,1.822333922120545,2.380999854178428,110.81708469077206,108.86802934749574,102.8560908146764,115.60991737789762
id_study,R0012_S+01,2.7769739826073123,2.7801439604089984,2.4797721036954625,3.239986341484602,127.78825092441068,125.00741920465404,118.10422710216885,132.74877383648263
id_study,R0012_S+02,0.7603995267199353,0.7598094514486042,0.677718243608225,0.8854837302965506,68.75451412009926,66.72232211483072,63.03776475005133,70.85424612891175
id_study,R0012_S+03,11.95437643694248,12.072859876717626,10.768485934701136,14.069739430855977,261.1957382893165,254.99784138044822,240.9162844939211,270.7891338736168
id_study,R0013_S+00,5.209382912112746,5.06753685072568,4.520030867405015,5.90571942141646,155.76778783252976,166.00826728356813,156.84091572195368,176.28868805406304
id_study,R0013_S+01,4.153895772111174,4.083246300826157,3.6420848752799073,4.7586248884924665,145.8967384244214,153.46804550123096,144.9931933170296,162.97188593276277
id_study,R0013_S+02,4.559908879359026,4.513220542973741,4.02560391104535,5.259717886404495,150.2322657222782,158.4328226757659,149.68380427967165,168.24411766496007
id_study,R0013_S+03,1.4523329042924327,1.4455964823775405,1.2894115848852472,1.684701556790022,85.4942693854882,90.79281838965908,85.7790338410494,96.41535991278967
id_study,R0014_S+00,12.552167693355694,17.3186324173077,15.447495580868248,20.1831751464462,459.4401112231082,475.4811030149701,449.22396231006314,504.92629804892107
id_study,R0014_S+01,1.5484113818693048,2.024519173309687,1.8057864056188648,2.359379428909897,166.96905049045682,171.2920123069244,161.8328804082,181.89964040855375
id_study,R0014_S+02,0.8949811787827611,1.175793036993171,1.0487581989912826,1.3702719839407649,125.05279629389148,127.188712904531,120.165064836008,135.06514886348688
id_study,R0014_S+03,1.6019245171039236,2.0985178312340995,1.8717901127092222,2.4456176397283103,171.03702719352617,177.57937068716953,167.77303665442662,188.57635704632114
id_study,R0015_S+00,3.1954826885838212,2.992483134886454,2.6691697639926852,3.48744691721963,235.7283910911042,218.67556225399377,206.5998036793213,232.21751910338094
id_study,R0015_S+01,1.3555297965884636,1.293665794049307,1.1538957670078962,1.5076411735703656,154.10501516529544,145.85313565256882,137.79879599364696,154.88540633245742
id_study,R0015_S+02,12.457022720355354,12.286619855446197,10.959150892950156,14.318855815222893,462.595421782154,428.48548460497176,404.8235481201295,455.0203743900936
id_study,R0015_S+03,1.5442827381892446,1.4584915029849144,1.3009134037961065,1.6997294442793114,161.8637145192124,149.3138483458348,141.068400313625,158.56043113941948
id_study,R0016_S+00,1.8990085403371864,1.8225943876589703,1.6256779444628935,2.1240558065247885,186.540850612832,192.21912180149653,181.60434763841766,204.12270639152732
id_study,R0016_S+01,9.872716137368315,10.262358407661466,9.15359436771745,11.959776740248836,449.10664688323527,468.1810270592185,442.32701304075874,497.1741491108432
id_study,R0016_S+02,12.785308466195032,13.724491086029756,12.241671876425713,15.994554345315928,524.779537480716,547.6803723493254,517.4362248807786,581.5966631920869
id_study,R0016_S+03,12.681985037186891,11.830528458552092,10.552336447777643,13.787325823449324,478.62988553722846,495.89904898228997,468.51438317329445,526.6086694526846
id_study,R0017_S+00,4.606411535144258,4.488036283022187,4.003140604767178,5.2303680903416225,126.6731405222013,130.26794513913907,123.07425491008746,138.3350692098368
id_study,R0017_S+01,12.54622201273771,12.806966412338902,11.423278252688277,14.92526892230634,201.74490267582752,211.2708152484302,199.60396353204607,224.35421713449
id_study,R0017_S+02,7.9215621771649305,7.612286089271181,6.789840727077554,8.871376197757574,165.58908718117607,169.02528466979447,159.69132659213346,179.4925407630708
id_study,R0017_S+03,3.8090278104423994,3.6978741739590415,3.2983490603884102,4.309511301131819,115.4156168075278,118.62872630271826,112.07778003288028,125.9750665893537
id_study,R0018_S+00,2.5853305004349796,2.965837985525659,2.6454034054786537,3.45639459718686,267.0196583518197,276.50911026403884,261.23965251197563,293.6325345784065
id_study,R0018_S+01,14.05232311946228,15.556026717452054,13.8753250362632,18.129030298452406,574.0475083595767,592.5475621652522,559.8257471121043,629.2423507156581
id_study,R0018_S+02,11.160330475668765,12.537955940697236,11.183332166198273,14.611763482930783,528.8709500864622,554.4906839756908,523.8704557134303,588.8287180860791
id_study,R0018_S+03,1.858443863663759,2.1426344085053084,1.9111402539916813,2.497031203136278,229.68957266837705,236.20029279056035,223.15677900417398,250.82750645729445
id_study,R0019_S+00,9.86957935555433,9.841992009238702,8.778645126604644,11.469880746118925,231.13917107158585,234.11318403932728,221.18492511333406,248.61114898545515
id_study,R0019_S+01,3.1223172698623425,3.06149795851753,2.7307280993950815,3.5678769557748127,131.39236356120782,132.51211005650046,125.19449197074427,140.71820889036135
id_study,R0019_S+02,8.113984880820285,8.056999694293836,7.186506657897477,9.389646483996207,209.92325259795783,213.1072801389894,201.3390146824476,226.30440908282844
id_study,R0019_S+03,12.205381384530678,12.291925567622048,10.963883366243365,14.325039104731065,254.94404363250032,260.85374674114826,246.44881353107104,277.00767883103856
id_study,R0020_S+00,0.8875657592150811,0.9210981848720912,0.821581046211115,1.0734500013851063,110.56949675450008,114.22354468054544,107.915862491973,121.29708457363765
id_study,R0020_S+01,1.146229920306569,1.1702421653881068,1.0438070537436068,1.3638029850544275,125.45553776343564,129.4208468084363,122.27393526295195,137.4355124840426
id_study,R0020_S+02,11.014650610072316,11.119939516333996,9.91852083923352,12.959203790927699,388.7220398992886,403.1431252437989,380.88065109577985,428.1086346491779
id_study,R0020_S+03,8.07361646131723,8.309238663087225,7.411493265492695,9.68360637431804,331.09356590978393,343.4326705713506,324.46754262688637,364.70048100983547
id_study,R0021_S+00,0.9966668795494884,0.9959249080981837,0.8883233529079625,1.160653241462977,84.19026906302497,85.5917656304185,80.86519496527777,90.89222071960539
id_study,R0021_S+01,17.4556260423802,16.96577627444517,15.132762663383154,19.771955763686123,340.81554299151867,326.39520806244735,308.3709272883842,346.6079368094049
id_study,R0021_S+02,0.8818400128590409,0.871521959212465,0.7773611269738514,1.01567375084306,78.16485296196834,79.67090340984316,75.27129613280394,84.60469630835935
id_study,R0021_S+03,3.079802837362945,2.9950729899554043,2.671479806366049,3.4904651404373186,146.6858378353834,148.06643993317684,139.8898766116316,157.23577426459383
id_study,R0022_S+00,16.07352040562371,14.589303700732527,13.013048548786367,17.0024090102119,516.9388924156401,519.5678678290975,490.8761563713078,551.7432310656048
id_study,R0022_S+01,1.0401803863708097,0.8823475747966596,0.7870171231788348,1.0282899488279273,125.81546024229772,123.90187062686286,117.05972941447426,131.57476177342116
id_study,R0022_S+02,5.492566604036659,5.128078035825301,4.574031071737102,5.976274261602221,309.73947894287886,309.1368322865215,292.0655980125469,328.2807988103979
id_study,R0022_S+03,2.951908126439318,2.6557780426683895,2.368842907993569,3.0950500070487075,221.13953457148148,219.6679369998641,207.53737724977353,233.27134880036002
id_study,R0023_S+00,3.3915882545885996,3.33736524309535,2.9767901761652564,3.8893733411501556,192.9412947639672,184.62621566410638,174.43073893166027,196.05959312987446
id_study,R0023_S+01,16.37229591068259,16.278122901292612,14.519404622922208,18.97056289755471,421.65697107760224,398.7711265089212,376.75008400816523,423.4658904427759
id_study,R0023_S+02,9.690509431966532,10.190621172351955,9.089607754991613,11.876173996690012,319.541015766067,309.4774762197508,292.38743081820803,328.6425378554781
id_study,R0023_S+03,11.935391602838346,11.927088225759325,10.638463720490744,13.89985680434225,361.1235157977383,346.7103607801554,327.5642313774755,368.18114926939165
id_study,R0024_S+00,0.7352942542054896,0.7640429512039991,0.6814943482790368,0.8904174609160758,83.59769280773845,83.7935323580764,79.16626419676335,88.98262796507798
id_study,R0024_S+01,15.120942816988576,16.597549379223388,14.80431967783825,19.342823269802484,365.4382861330411,367.3598485239841,347.07340775722275,390.1094011746409
id_study,R0024_S+02,1.0815754711959549,1.1210627690717565,0.9999410896789517,1.3064892003668203,102.73570383943265,102.88886189534122,97.2071064972331,109.26047705758288
id_study,R0024_S+03,2.048628843473602,2.1047778904059515,1.8773738235971857,2.452913127480931,140.35527678996215,140.4832249532671,132.7254238947445,149.1829523062953
id_study,R0025_S+00,2.790665981951196,3.101124645266554,2.7660734461690137,3.614057990157737,272.3523688101587,286.47171536071477,270.65210004791544,304.2120955293903
id_study,R0025_S+01,16.109936874417,16.57037925422725,14.780085063020165,19.311159141923667,657.3983366247986,701.3540081164905,662.6236553047925,744.7868710123754
id_study,R0025_S+02,6.076514901089989,6.368118989806669,5.68009572483173,7.421420919831424,413.10353745686353,435.1332504872703,411.10420935192144,462.0798175434827
id_study,R0025_S+03,7.424961131760829,8.388170798912524,7.481897428475637,9.77559407194092,443.6656558343525,466.3109897608476,440.5602434267509,495.18830571077416
id_study,R0026_S+00,4.398773247530907,4.2965792598837895,3.832368949847074,5.00724362312574,238.6575476958328,240.01665103947724,226.7623893287533,254.88020093965204
id_study,R0026_S+01,0.8949117363017611,0.8944930439934772,0.7978503735894106,1.0424443073320178,112.43864472261563,111.66824610173327,105.50167327355703,118.58354360717641
id_study,R0026_S+02,2.78566848600556,2.7543220019282604,2.4567399970077584,3.2098933700488113,197.90018853453049,197.79387854998217,186.87125372488444,210.04269200123403
id_study,R0026_S+03,5.818213222711478,5.851399057097038,5.219203162142914,6.819234289141352,284.91006021923704,286.6816316982993,270.8504243311002,304.43501138990393
id_study,R0027_S+00,0.8029865572595447,0.8187011703251637,0.7302471930757494,0.9541162786479433,115.64622905484056,118.23992172212012,111.7104461196015,125.56218444471943
id_study,R0027_S+01,7.092891018756386,7.096457375615746,6.329743094500396,8.270228195859385,346.7578630988993,358.51578821763457,338.7177364412958,380.7176533178056
id_study,R0027_S+02,0.5970971810453665,0.6964023396935107,0.6211617525972163,0.8115889324137575,113.11347952394776,118.30028358252643,111.767474661708,125.6262843438007
id_study,R0027_S+03,0.6888068102845885,0.7319871166121567,0.6529018848981719,0.8530595155285354,111.83583895274606,114.54192807515795,108.21666403625026,121.63518454813207
id_study,R0028_S+00,3.493463975999132,3.4250823404424846,3.0550301573015437,3.9915990536911643,292.71133377388,304.4969117469748,287.68190436760005,323.3535411624726
id_study,R0028_S+01,1.0053752282502912,0.9570901575037625,0.8536843800528126,1.115395131346127,156.47891875286402,160.1286158625496,151.2859519355826,170.04492651021152
id_study,R0028_S+02,0.7196419385844749,0.7401990163561503,0.6602265559200651,0.8626296828965109,140.2040129781932,143.38229378907107,135.464399599923,152.2615522459556
id_study,R0028_S+03,2.6587814393670075,2.677163633225279,2.3879179600913125,3.1199728248220397,261.31601326123854,271.66362416402495,256.6617451012198,288.4869812783619
id_study,R0029_S+00,1.102134658497505,1.0968341232093513,0.9783301511896118,1.2782530792217441,89.72684749686404,89.62409166368205,84.67484684524247,95.17425725815939
id_study,R0029_S+01,1.8162567049145104,1.8178726160832193,1.6214663217554683,2.118553042771939,114.9910603137382,115.41110482536298,109.03784288268403,122.55818694727769
id_study,R0029_S+02,2.2783990912257654,2.297206462739442,2.0490120597539687,2.6771698404247344,129.8827031096913,129.51501486617147,122.3629031477966,137.53551210229278
id_study,R0029_S+03,12.93821087032973,13.077836431554474,11.664882977818918,15.240941482819004,305.03214607307547,306.6813518438948,289.74571474732926,325.6732574339576
id_study,R0030_S+00,2.325543027040202,2.329062755305562,2.07742653999585,2.714295239063941,172.34146719910694,180.30188953936906,170.34521186495314,191.4674737630379
id_study,R0030_S+01,5.535190735792376,6.173059192067176,5.506110545691685,7.194097770581364,283.536901549224,295.12512784165324,278.8276515420579,313.40138928214964
id_study,R0030_S+02,0.7884137392420303,0.8950781600951189,0.7983722726733921,1.043126203019615,109.13721099959324,113.025203078747,106.78369602069277,120.02453307798956
id_study,R0030_S+03,0.6145649674776233,0.7164347239309032,0.6390298012701658,0.8349347203444569,99.8399781506582,104.1408207290096,98.38992933570853,110.58996614807555
id_study,R0031_S+00,2.493816443463374,2.2129473286666754,1.973856437192451,2.578974046455518,83.89893420887418,84.96431719560432,80.27239565055169,90.22591618426546
id_study,R0031_S+01,4.740051215170916,4.520302693294433,4.031920892845402,5.267971441124735,118.62843175828684,122.35185395479611,115.59530816480252,129.9287569686495
id_study,R0031_S+02,17.12434174256236,17.132207043348952,15.281211946514333,19.96591457507505,227.2259739920937,234.75711082586022,221.79329280796946,249.29495233006122
id_study,R0031_S+03,2.1479531611570453,2.0798774228371775,1.8551636482518286,2.4238940637316064,80.39330096738492,83.04930861152657,78.46313816683187,88.19231655441888
id_study,R0032_S+00,1.4271350238344354,1.3960428980584916,1.2452118607765643,1.6269516925197904,183.84105511267137,180.22142717385702,170.2691928130435,191.38202859162595
id_study,R0032_S+01,4.323457022962093,4.3966504422315404,3.921628257963359,5.123866815521586,312.3736050166182,309.6424181879776,292.54326431831606,328.8176942116016
id_study,R0032_S+02,1.77370143371634,1.7903773797054139,1.5969417211861638,2.086510029320623,200.68396898509457,197.900702927151,186.97217901861075,210.15613170885484
id_study,R0032_S+03,6.115168819963619,6.119645340052489,5.458467624295107,7.131849141216068,381.868229785864,374.0584452726716,353.40209286012566,397.2228230056885
id_study,R0033_S+00,18.73364358665762,18.722103730718423,16.699333277366794,21.818783931772277,677.617010518949,667.3592610930139,630.5061750121348,708.686925801444
id_study,R0033_S+01,0.8051130660131425,0.8562281095458638,0.7637196528986131,0.9978502622992448,151.48082769918875,151.4759307462889,143.11108763939717,160.85640516575978
id_study,R0033_S+02,6.852378750644662,6.892430606102613,6.147759751676904,8.032454916513618,408.4829493753096,410.5469938699169,387.8756613697069,435.9710038430774
id_study,R0033_S+03,8.015045823136631,8.022995334890648,7.1561761919025955,9.35001772318878,440.4149659645447,437.8334040192305,413.6552543057195,464.94718391916274
id_study,R0034_S+00,1.073127495852461,1.072502660299912,0.9566275041957301,1.2498971348470775,106.44420116292,104.00481711208025,98.26143614576237,110.44554021320249
id_study,R0034_S+01,16.532027163379368,16.22882230962429,14.475430557673876,18.91310787151751,417.00596941739593,406.9258796035502,384.4545132138705,432.1256442489
id_study,R0034_S+02,1.182400314326858,1.1813989665585625,1.0537584536361875,1.37680514750418,111.21284462329108,109.37299631353034,103.33317236403634,116.14615551476595
id_study,R0034_S+03,0.8978772059288025,0.8920434316485185,0.7956654218587086,1.03958952331629,96.71637399357812,94.53971654199597,89.31901981250459,100.39429283195186
id_study,R0035_S+00,14.033494717963118,14.2938450648969,12.749511806310153,16.658080817782512,334.842507208749,334.405100459645,315.9384953316364,355.1138591062998
id_study,R0035_S+01,1.7480041419591046,1.7915181967959708,1.5979592823041737,2.0878395402539316,123.61538591351696,122.56929477639474,115.80074141299497,130.1596632831136
id_study,R0035_S+02,4.419402462485768,4.539628308316243,4.049158532946167,5.290493558541362,192.3731380434645,192.90351559208355,182.25094765772113,204.84948274688102
id_study,R0035_S+03,0.8201773027546462,0.8430629675458396,0.7519768970062,0.982507574700611,82.73527814841928,82.53635991003704,77.97851565148098,87.64760239587542
id_study,R0036_S+00,2.4398650847207906,1.5611824217220662,1.3925094071734943,1.8194056836543149,106.11388499013242,100.58752729370151,95.0328567914203,106.81662733651154
id_study,R0036_S+01,5.196985849943997,3.364835790958656,3.0012927556124858,3.92138758254833,163.9258182875066,155.2577922551691,146.6841062118589,164.87246662289087
id_study,R0036_S+02,11.70891080978337,7.88966119071966,7.037247713415933,9.194629796477248,237.17177300133167,223.78214223672478,211.42438677873304,237.64033508917188
id_study,R0036_S+03,2.276701693286762,1.5914089660129893,1.4194702201353957,1.8546317698021928,107.81260096430084,101.69799740120048,96.0820042308336,107.99586570564561
id_study,R0037_S+00,2.2573014101406446,2.229123866427496,1.9882852321199473,2.597826221790301,137.97362023209476,140.53834864169932,132.77750352856728,149.24148964828092
id_study,R0037_S+01,0.8962275796592534,0.8955422676763698,0.798786237219649,1.0436670750915817,86.57961829267305,88.19526200785573,83.32492039099132,93.6569442375488
id_study,R0037_S+02,4.042184490220104,3.906267081129062,3.484226815341859,4.55237288762096,180.9730383180184,186.15262189886548,175.8728535657127,197.68052536997536
id_study,R0037_S+03,3.2500862107124218,3.2549039819090297,2.903238181003358,3.793272792491529,161.64910129828291,166.37848420755114,157.19068843100843,176.68183146126995
id_study,R0038_S+00,12.13391239370951,12.127959978742267,10.817632920561312,14.133953219967811,294.6221818085498,291.92473611039196,275.8039926724513,310.0028063754358
id_study,R0038_S+01,10.492913404767984,10.706724782902711,9.549950584098921,12.477642364079642,267.34889099132715,270.20759041041816,255.28611682092657,286.94077948741545
id_study,R0038_S+02,4.226743334155153,4.230615020914992,3.773531608340391,4.930368743145104,174.20466914588218,173.9461746262599,164.34047388803683,184.71816746635952
id_study,R0038_S+03,0.9013509837705717,0.9026988391146054,0.8051695995430984,1.0520073603580795,80.96580405615657,81.00149226394313,76.52840686434351,86.01768475325387
id_study,R0039_S+00,5.138511264943447,6.806860636755602,6.071434918890341,7.9327314720180375,400.7201422498505,439.4850256661411,415.21566967398047,466.7010858064598
id_study,R0039_S+01,0.6350611966627445,0.8900960055165253,0.7939283992207105,1.0373199882999162,139.29439432766435,148.36109336846366,140.16825861854733,157.54867475074013
id_study,R0039_S+02,0.5715096950672399,0.7818059977362022,0.6973382426580608,0.9111185573222584,132.39118572818978,140.64998907936666,132.882978929051,149.36004366135631
id_study,R0039_S+03,13.142500391665186,18.8046439617452,16.772955710322627,21.914976512069593,627.5068430961136,684.5605519524531,646.757571729539,726.9534437771247
id_study,R0040_S+00,3.387301054531701,3.355008499599842,2.9925272228510496,3.909934833974957,113.47038049587736,108.66467573881359,102.66396685167767,115.3939706574587
id_study,R0040_S+01,15.453466995057546,15.107946851382879,13.47565654141933,17.606836963635025,240.52973686987167,229.89828211012207,217.20277959087304,244.1352301439742
id_study,R0040_S+02,1.9841105099855063,1.9864024650606025,1.7717878964960234,2.3149581270391772,86.8332024905652,83.25976255016596,78.66197036352669,88.41580330809467
id_study,R0040_S+03,12.209499634868484,12.29220770932862,10.96413502484206,14.32536791334266,211.4030967454605,201.05376648993516,189.9511232881263,213.50445554796107
id_study,R0041_S+00,1.4565367886050529,1.376034097157748,1.2273648474532828,1.6036333886653538,164.0760519729458,157.3403715385999,148.65168076234147,167.084014129844
id_study,R0041_S+01,11.782367012081487,11.089540461982606,9.891406154514744,12.923776661147677,455.9249700553034,445.197216277124,420.6124202145699,472.76701616765564
id_study,R0041_S+02,0.7655768182360604,0.8150870812671104,0.7270235768335483,0.9499044107188888,125.82539758534271,126.41299665818622,119.4321853932674,134.2413947119135
id_study,R0041_S+03,10.474507670484462,9.843190560663121,8.779714184333109,11.471277540781355,453.2882230738442,451.5022840012327,426.56930785468336,479.4625388386832
id_study,R0042_S+00,4.265042588992037,4.6412509027202145,4.139801635712346,5.408924770213817,354.77875225751893,355.62666167785807,335.9881539960967,377.6496113723441
id_study,R0042_S+01,3.2968417735953333,3.5148823112129923,3.1351279743932214,4.096252151842009,308.62177150837147,310.8268766057929,293.6623142663973,330.0755027770905
id_study,R0042_S+02,0.7448584542243034,0.7317007285531425,0.6526464387307475,0.8527257582077694,130.74878646519883,130.79923199362986,123.57620290420172,138.89925715114316
id_study,R0042_S+03,4.895403080086526,4.6066175066222765,4.108910095301875,5.368562928555791,331.1963214097281,332.2495695249186,313.90199768485354,352.8248422593631
id_study,R0043_S+00,14.59537206727542,14.394555302678294,12.83934112513798,16.77544876689094,615.824604580259,607.6898641100953,574.1318569343986,645.3223724377997
id_study,R0043_S+01,1.284149699875435,1.2178288670469473,1.0862524008050989,1.419260639624324,184.33017383426971,181.75844590370303,171.7213338962286,193.01423052851044
id_study,R0043_S+02,11.191325996497344,10.207314780998374,9.104497755517093,11.895628767656811,548.6999881950924,538.8427041188204,509.0865926558272,572.2117032542092
id_study,R0043_S+03,1.2920362213828658,1.2239624690123447,1.091723317155318,1.4264087538496992,184.63350785038736,181.3003953513142,171.28857793016036,192.52781420561047
id_study,R0044_S+00,17.18701275912796,14.655323104686827,13.071935095152257,17.079348179597,344.4924173639713,343.64224402952766,324.6655429652391,364.9230327573932
id_study,R0044_S+01,16.43345029871719,13.769582267759418,12.28189132411195,16.04710371506296,319.3395261255127,317.14043412116564,299.6272228723212,336.78004098805644
id_study,R0044_S+02,3.242477499932256,2.922940493459265,2.6071406371977295,3.40640175855752,156.62841551960875,153.0659951474862,144.61334509212193,162.54493774184968
id_study,R0044_S+03,2.512895702776134,2.2903024795244877,2.0428539955585068,2.6691239220705643,136.746138013005,134.28040567356504,126.86513830894009,142.59601003559936
id_study,R0045_S+00,1.5081992403321938,1.5160441813764767,1.352247985170575,1.7668014716850742,166.44838029137978,170.05754656867543,160.6665846568949,180.58872771122486
id_study,R0045_S+01,14.664465392066187,15.005892067934935,13.384627944106816,17.48790207782938,519.9709021517222,526.8132170189687,497.72140101038116,559.4372641645359
id_study,R0045_S+02,2.2931131396959983,2.295738420848273,2.047702627803459,2.6754589809354963,207.7653740618814,211.72695607887306,200.03491523532855,224.83860547178472
id_study,R0045_S+03,18.432552308570795,18.419448666813576,16.42937762211972,21.466069005064455,586.0258581432639,595.156389224761,562.2905088475825,632.0127350296823
id_study,R0046_S+00,16.94868987808716,17.020088823465517,15.181207184911255,19.835251736665615,541.9162444075548,546.3040172182991,516.1358751895187,580.1350742946458
id_study,R0046_S+01,6.664004341431737,6.716363831518323,5.99071555460679,7.827266281332861,354.13224830064075,356.5983473315043,336.90618097273784,378.68147076034467
id_study,R0046_S+02,6.1302426599932875,6.2028989626417905,5.53272637267955,7.228873109726235,339.4244567916326,344.7255093384408,325.68898791650497,366.0733816119871
id_study,R0046_S+03,1.6114907602922508,1.625543694745575,1.4499169701180208,1.8944124633341888,170.85467476353227,173.39842108375862,163.8229685336252,184.13649310179565
id_study,R0047_S+00,9.278365694660984,9.014410344668985,8.040476904183555,10.505415118492035,401.4377170277828,391.20347718286683,369.600337374562,415.42959807509214
id_study,R0047_S+01,6.765687283224665,6.707386930089517,5.982708534086348,7.8168045791935565,352.52136865316606,351.3490500666835,331.946761761977,373.1070994162939
id_study,R0047_S+02,5.152151227938421,5.364223069672167,4.784662562659439,6.251478242104261,313.7119901364504,313.41057303750256,296.1033331441179,332.81920019487046
id_study,R0047_S+03,16.52339695623502,17.12396165424164,15.273857404381406,19.956305379123922,554.5614527779704,555.3676782923108,524.6990204226003,589.7600221713371
id_study,R0048_S+00,7.335568548008915,7.33948773760328,6.546516010072379,8.553456354047938,318.2824571073383,314.9047007851202,297.5149517820117,334.4058550327453
id_study,R0048_S+01,1.120511523306802,1.0778162680485088,0.9613670200095127,1.256089625874387,118.05760620283316,115.76023431166378,109.36769265000567,122.92893703164441
id_study,R0048_S+02,16.15396504145737,16.16001965316539,14.414061466512917,18.83292509308617,454.1474893226083,450.7056231118491,425.8166403794102,478.61654300178
id_study,R0048_S+03,1.837887392135628,1.9074117360028842,1.701331470801046,2.22290214472477,160.16609256081466,158.1514428708683,149.41796290328753,167.94531280745517
id_study,R0049_S+00,2.831662563732534,2.833971838455437,2.5277843189913365,3.3027174777657256,180.7768534728295,178.1092954402485,168.27369776544626,189.13909853514164
id_study,R0049_S+01,5.265317860102214,5.42212937781512,4.836312566977836,6.31896239045799,250.79420880006023,248.83701832892456,235.0956760096981,264.24678853830204
id_study,R0049_S+02,7.658095256603136,7.491762836535521,6.68233902779988,8.730918114199415,283.60399877986686,282.15371710977837,266.5725514155221,299.6266959036172
id_study,R0049_S+03,2.5131336701261175,2.478013736464664,2.2102845837361715,2.887883064507061,165.69733872133588,164.00260220994775,154.94600800485293,174.15881783560923
id_study,R0050_S+00,2.0080841563820466,1.9376996024382502,1.7283469805503417,2.2581996958446977,155.3798596641668,157.2993548452203,148.6129291034343,167.04045738907124
id_study,R0050_S+01,0.9814930222391188,0.9509940629694572,0.8482469187619819,1.108290728369584,105.9139271293078,108.16844479587654,102.19513890248362,114.86700954080072
id_study,R0050_S+02,2.8656763293877727,2.8025895627600006,2.4997926419673253,3.266144499507808,189.55208531042643,191.99529031791218,181.392876635032,203.88501365952092
id_study,R0050_S+03,1.3422144763780441,1.3248663968568608,1.18172539941631,1.544002429815416,129.74892499913494,131.70100217087082,124.42817529499615,139.85687139574304
id_study,R0051_S+00,4.09034350748121,4.087789413765794,3.64613714195821,4.763919443048584,199.6595983761545,202.36475666049884,191.1897176197114,214.8966316184797
id_study,R0051_S+01,12.876377222478084,12.887200121568966,11.494843364696166,15.018773476651006,342.7755394459021,348.8156219814503,329.55323529907525,370.41678332099855
id_study,R0051_S+02,6.278765736827266,6.387666089002133,5.697530919549471,7.444201155427437,239.6465678872934,244.35273411701775,230.85902410276879,259.48480533400624
id_study,R0051_S+03,9.384057336982794,9.416451590644613,8.399080875957253,10.973954936654133,296.9584105306547,299.6453116479542,283.0982205866753,318.20149524081774
id_study,R0052_S+00,4.006688554519467,3.9876139144951113,3.5567847875108316,4.647174679464232,119.46211994497808,118.664338860611,112.11142598487108,126.01288453186879
id_study,R0052_S+01,8.560374912144095,8.636840829330064,7.703700692348275,10.06539471304544,175.02094750259437,172.44994639902538,162.926870763756,183.12928207212747
id_study,R0052_S+02,12.937004952615299,12.96418507435811,11.563510721872428,15.108491922561976,213.11921782246725,213.3865714437611,201.60288289040108,226.600996105323
id_study,R0052_S+03,5.594210046014309,5.599187786915678,4.9942412605508375,6.525306678847434,142.62364834351547,140.9173768315586,133.13560092549042,149.64398997804864
id_study,R0053_S+00,0.7766432105475292,0.7747842350969801,0.6910751241435245,0.9029353785487105,95.99679707907656,96.79783976360716,91.45244436831624,102.79225521488706
id_study,R0053_S+01,11.818474568336658,11.087545226599063,9.889626488024492,12.921451409116566,376.7534597249558,379.90208548674207,358.9230340597521,403.4283432707652
id_study,R0053_S+02,1.448092972488772,1.3166711187749534,1.1744155542216204,1.534451633371716,121.9320471547679,124.46204317733408,117.58896797117899,132.1696242198666
id_study,R0053_S+03,2.4023165847047454,2.340692703549493,2.087799967283579,2.727848808231261,166.09960596333525,168.61614960917763,159.30478489387278,179.0580691294993
id_study,R0054_S+00,1.256915613657631,1.3424984060411875,1.1974524139630542,1.5645508149867167,150.50731358660977,151.99032781472914,143.59707853960364,161.40265738450796
id_study,R0054_S+01,7.422763073822201,6.899080032486989,6.153690761829028,8.040204173735866,320.9494397505183,316.67704618837854,299.1894242680584,336.2879567559405
id_study,R0054_S+02,5.100596347316038,5.230764679015992,4.6656232615059166,6.095945518245274,298.4779517069328,302.9866737391274,286.25506511444246,321.7497784016818
id_study,R0054_S+03,2.3034619904784224,2.391422546506288,2.133048864887646,2.786969487097651,192.5766385427512,194.1609608875837,183.4389539832111,206.18479806021313
id_study,R0055_S+00,10.389699536886651,10.583469421948665,9.440011958589833,12.334000275147272,684.835153796601,686.8358464673003,648.9072193409811,729.3696408227444
id_study,R0055_S+01,0.704251841002455,0.7022688562229916,0.6263944399122771,0.8184257846409405,179.56536639425042,176.89038936768733,167.12210243993763,187.8447090694297
id_study,R0055_S+02,2.9326597070199103,2.9384023421771928,2.62093195939841,3.424421033592766,361.2175780889761,361.55657290416497,341.5906021277623,383.94674516856065
id_study,R0055_S+03,1.0311657391835283,1.0302879400146823,0.9189737397794373,1.20070000006503,215.00155711272572,212.98073191583828,201.21945473807384,226.17002408743073
id_study,R0056_S+00,1.2238993306657895,1.2086062408437714,1.0780262040659625,1.4085125692522733,169.75653602247684,173.07825947920054,163.52048697617283,183.79650479786125
id_study,R0056_S+01,13.845017457708716,12.399857450591432,11.060154090457022,14.450823176207736,554.8222475406817,572.272884042007,540.6706825189303,607.7121193268802
id_study,R0056_S+02,3.1803424561780953,3.363064477134058,2.9997128177849204,3.9193232892311825,309.87056857363126,313.289177087122,295.98864095237246,332.6902865378711
id_study,R0056_S+03,7.89960146224602,7.297645222279591,6.509194236910363,8.504692987807664,436.9985229672735,445.77478071940817,421.15809024353024,473.38034753640625
id_study,R0057_S+00,6.682417499925293,6.972119153941932,6.218838602531402,8.125324138485187,366.47734152167095,369.07558869446177,348.6944008793243,391.931392263666
id_study,R0057_S+01,2.5385974099931308,2.5161133355032095,2.2442678321589864,2.932284427263386,230.63753773010404,226.27265078568615,213.7773638191188,240.28507376314326
id_study,R0057_S+02,2.724620091886081,2.71711316799199,2.4235512737904807,3.166530107047729,237.19144743574128,234.9787464042799,222.00268916903457,249.53031317072927
id_study,R0057_S+03,6.327018251696385,6.37844641929973,5.689307359885337,7.433456530568374,362.3271601405239,358.7964377833502,338.9828879039553,381.0156827144889
id_study,R0058_S+00,7.193912257765517,6.468885561164512,5.769975290853002,7.538854520222972,285.9143288121303,279.27780513717687,263.8554537992446,296.57268686596564
id_study,R0058_S+01,0.7471687618652489,0.7480108427614304,0.6671943782611339,0.8717336038500981,100.34982706194003,98.88137413424627,93.42092126393376,105.00481695488827
id_study,R0058_S+02,1.1764792566508333,1.1341417523954902,1.0116069956366136,1.3217314784404954,121.07785949172488,117.96928088156606,111.45475067768865,125.2747835851368
id_study,R0058_S+03,9.641594679032915,9.646760715103957,8.604506979854689,11.24235773456456,354.1292668682301,347.10745255600705,327.93939484836363,368.6028318117579
id_study,R0059_S+00,5.364069134539641,5.467482633663449,4.876765773813896,6.371817182002248,113.79413366007736,116.81811301555936,110.3671529019359,124.05232716083314
id_study,R0059_S+01,0.9855892674249729,0.993325591975313,0.8860048716703103,1.157623992310691,49.00245878226744,49.99988067275219,47.238774303375244,53.096231355772105
id_study,R0059_S+02,0.825092529407151,0.8407517923351391,0.7499154254076557,0.9798141256483015,44.85505031588367,45.7844654625121,43.25614384441767,48.61976744721878
id_study,R0059_S+03,2.4236985550542363,2.4348874789752446,2.171817766268447,2.8376236221131097,77.59492906602036,78.69187469705248,74.34633159733363,83.5650391264052
id_study,R0060_S+00,3.71683638932598,3.426140572823172,3.055974056313331,3.9928323202084277,228.75100261920136,230.1308810936625,217.42253393305987,244.38223332232204
id_study,R0060_S+01,1.9260463593163304,1.7376130889550072,1.5498781812625386,2.0250184001877596,161.41345896655338,162.05811119882256,153.10889618031325,172.09391001569543
id_study,R0060_S+02,9.315587586221062,9.632150966444376,8.591475695257937,11.225331498950991,387.7743264210173,391.1757249084917,369.5741176434752,415.40012718114116
id_study,R0060_S+03,0.9358428460350988,0.9009058237567555,0.8035703048557689,1.0499177760227953,116.0095797610901,116.23559547151683,109.81680329268617,123.43373595879186
id_study,R0061_S+00,1.66005360986753,1.6761958144678597,1.4950965418485027,1.9534425633594055,79.30560881293128,81.4147198501544,76.91881508968955,86.45650235091301
id_study,R0061_S+01,3.0534616110450106,3.0549720038346337,2.724907220835165,3.5602715927652584,107.68823219883367,110.52605381394851,104.42255542431936,117.37061859317636
id_study,R0061_S+02,7.422740897478324,7.419669264542683,6.618034577660075,8.64690009502775,168.65052762075973,172.62683217013563,163.09398850296913,183.31712187694387
id_study,R0061_S+03,5.585649791196864,5.595354895589567,4.990822481839253,6.520839818238112,145.58179916099786,149.89843336295962,141.62070322542263,159.18121784728243
id_study,R0062_S+00,5.399535530253466,5.476165242543027,4.884510297692333,6.381935914909212,265.66346285329826,264.1565013544586,249.569182573124,280.5149636625249
id_study,R0062_S+01,2.293934148414999,2.2850968047315274,2.038210751425712,2.6630572163648205,173.54903091649916,171.97937353480168,162.48228399620257,182.6295679661659
id_study,R0062_S+02,2.00510414860262,1.9511839679361545,1.7403744704479576,2.2739144072621484,163.581399137173,160.9692458593706,152.0801604448464,170.93761433656738
id_study,R0062_S+03,12.848049964633912,13.337802371799814,11.896761720686795,15.543906403931288,409.41764792684586,406.1798300080854,383.749662162526,431.3333939196854
id_study,R0063_S+00,6.109367202573225,6.46304693359515,5.764767479323615,7.532050169855818,219.99462751177987,218.4534029411505,206.38991250563066,231.98160209490308
id_study,R0063_S+01,1.3794870332058555,1.385511151904251,1.235817983808896,1.6146779706630623,99.2945264936654,99.29111118004964,93.80803170439897,105.43992785288012
id_study,R0063_S+02,1.1527045234022681,1.1321706704502328,1.0098488730028388,1.3194343748834403,90.16219048668054,90.04340959797632,85.07100909589118,95.61954236187056
id_study,R0063_S+03,0.9134737724745534,0.9387597024649157,0.8373343810237374,1.0940327757254045,84.5907303489137,84.86054535512183,80.1743543255397,90.11571804826319
id_study,R0064_S+00,1.6861628107256832,1.6658511800948934,1.4858695607617975,1.941386902014756,94.35537250348538,89.3118928344624,84.37988834068504,94.8427248416374
id_study,R0064_S+01,5.824916361111928,5.823755154415308,5.194545957450053,6.787018019628116,175.08292752235138,165.5517948265508,156.40965070526536,175.80394755350144
id_study,R0064_S+02,1.4850242977753785,1.4865563437631126,1.3259460676608197,1.7324362760449317,87.62490794830646,84.12504553099109,79.47947046332243,89.33467080777532
id_study,R0064_S+03,9.365613050788149,9.356500459776429,8.345606975314336,10.904087747064102,222.4482866386203,211.0573991285363,199.40233273243769,224.1275847600829
id_study,R0065_S+00,8.176722298377548,7.804400940709809,6.961199137320821,9.09526729962912,179.46824576373203,175.08071336338878,165.41236083297656,185.9229649670365
id_study,R0065_S+01,4.220979744169891,3.9969391491047013,3.5651025066558053,4.6580423299156015,127.12803193794517,124.53073612790399,117.65386754182883,132.2425711298771
id_study,R0065_S+02,7.820139710816361,7.514513122050328,6.702631330707255,8.757431350701745,176.20868719556336,171.94322520096847,162.44813185502915,182.59118106862715
id_study,R0065_S+03,12.272046738626926,11.915013020875529,10.627693142907834,13.885784332034603,219.7466490311649,213.86818432119733,202.05790001669607,227.11243390117772
id_study,R0066_S+00,6.337803197725307,6.262388625821498,5.585788663450124,7.298202503781576,198.8976147300329,202.6956286756045,191.50231813464416,215.24799359828486
id_study,R0066_S+01,3.1787633665580453,3.246828041038241,2.896034779608443,3.783861071915684,138.38790609857188,142.55993073383013,134.68744929045695,151.3882625810203
id_study,R0066_S+02,9.960135858191498,10.453506987367088,9.324090903999434,12.182541746759249,242.7253436077333,250.909119901046,237.05335145176085,266.4472094790259
id_study,R0066_S+03,0.9841246604489776,0.9852648671594237,0.8788150423597924,1.1482300045611844,77.57452551357956,79.41624224099385,75.03069792902338,84.33426469619107
id_study,R0067_S+00,9.378984012582523,9.751917843380786,8.698302738966115,11.36490810036524,291.5414446662551,284.6295246159721,268.9116392379342,302.2558231409719
id_study,R0067_S+01,2.5414164646434,2.8966417004818212,2.5836832140876207,3.3757530830724156,169.14386851556048,165.56831715914038,156.42526063732245,175.82149306724887
id_study,R0067_S+02,0.7626707317735366,0.8488547842094927,0.757142955166056,0.9892573715276279,94.00430876271244,91.47058567302199,86.41937328382812,97.13509940013651
id_study,R0067_S+03,13.42913673195242,16.192528619280232,14.44305810425527,18.870811119021454,391.868530781094,385.70618456165323,364.4066176712541,409.59187372617384
id_study,R0068_S+00,4.698361101357661,4.666724643331411,4.162523146628322,5.438611927721537,259.1230349939806,263.6796364456859,249.11865122193643,280.00856786355564
id_study,R0068_S+01,14.973904957629092,14.857782475062251,13.252520383517995,17.315294808283614,463.1725840016391,465.284429993036,439.590372608499,494.0981740104808
id_study,R0068_S+02,13.960843628088556,13.74095103935136,12.256353466176567,16.013736813815015,422.2128623870449,428.0360088952614,404.3988934745549,454.54306392553906
id_study,R0068_S+03,4.327948356184695,4.214216563855169,3.758904870682312,4.911257942534826,235.3877940658816,242.81260358757703,229.4039430605927,257.8492988926111
id_study,R0069_S+00,7.522168958975121,7.553212648742326,6.737149689498616,8.80253187056315,325.0096598115473,317.499163984099,299.96614286178885,337.16098597312947
id_study,R0069_S+01,11.951522932373964,11.957399045187655,10.66549970334951,13.93518110493442,393.9533143316056,387.8762840110003,366.45687932636736,411.89636127448824
id_study,R0069_S+02,0.8261940464255325,0.8269601407653498,0.7376138491894156,0.9637413023164989,108.53898278135765,105.43173686114449,99.60955816261767,111.96082505194659
id_study,R0069_S+03,0.7369873973107152,0.7471957173150781,0.6664673204642494,0.8707836547286182,102.87512563024754,99.12418928314843,93.65032761175091,105.26266895671957
id_study,R0070_S+00,5.809542360595759,6.052150653263511,5.398265187360026,7.0531906737290475,388.9202547214608,394.2336755735938,372.4632013643957,418.64744805079437
id_study,R0070_S+01,5.719234297920272,5.817344328362916,5.188827768812071,6.779546827796621,356.1561061851816,367.25670505958004,346.9759601079425,389.9998703282639
id_study,R0070_S+02,2.825416765530765,2.8834425021259817,2.5719100813505884,3.3603707061162327,264.1870776038445,267.8865465565513,253.0932462523213,284.47599997607216
id_study,R0070_S+03,6.693423179877069,6.931745204586478,6.182826728774714,8.078272242494801,407.85380207682977,418.16931527331025,395.0770609650245,444.06535397466047
id_study,R0071_S+00,4.9151533678786645,5.025620755057294,4.482643463653807,5.856870304468591,357.6733639599036,362.40672919944507,342.3938108717627,384.84954922999833
id_study,R0071_S+01,16.95053792126238,17.658624428468023,15.750754231053634,20.579402639720062,636.9395842880283,655.6332391634709,619.4276905047113,696.2347446186764
id_study,R0071_S+02,14.674434059766533,14.553100161324958,12.98075650623159,16.96021731983027,623.6168880799851,632.2347173242221,597.3212879028503,671.387218739742
id_study,R0071_S+03,5.022963102256298,5.230500575657773,4.6653876923593085,6.095637731567479,358.31771958280166,364.6980676992157,344.5586164830346,387.2827838189862
id_study,R0072_S+00,1.0311981437106097,1.0276093262224864,0.9165845283382125,1.1975783372215167,79.40172476291444,78.90220532314392,74.54504729107798,83.78839493113696
id_study,R0072_S+01,1.0462240120642745,1.0596961074606925,0.9452045948329624,1.2349723479038621,78.39945462920574,78.94803849596171,74.58834945254749,83.83706642224772
id_study,R0072_S+02,9.191745484213225,9.424892782148435,8.406610065636356,10.983792321180873,233.32687062837567,233.36479465049297,220.47786347729598,247.81641396610928
id_study,R0072_S+03,3.5339935549550576,3.5309876201875787,3.149493236223296,4.115021316980987,147.01455127790186,145.88832408925552,137.8320412453629,154.92277388914405
id_study,R0073_S+00,7.738789737466082,8.203235578304186,7.316942948568828,9.560070128805865,326.91122963728264,329.2395909565307,311.05823693308923,349.6284642622025
id_study,R0073_S+01,8.74984906439545,8.734360047312961,7.7906837550140695,10.179043840139697,325.4446907555049,328.91505755554937,310.7516249996888,349.2838334289019
id_study,R0073_S+02,1.4516114024677276,1.4440391754323507,1.2880225322410075,1.682886667595877,138.69007831836822,138.3241279396606,130.6855570960137,146.8901485433359
id_study,R0073_S+03,2.380110886547536,2.451800649349549,2.186903606669704,2.857334270836454,176.40006941819863,178.15135988168564,168.31343931339617,189.18376790803504
id_study,R0074_S+00,2.8245925335548407,2.994017095320717,2.6705379925258934,3.4892345983347686,218.2948638836688,228.2130348960905,215.61059553527363,242.3456203536322
id_study,R0074_S+01,9.01573416116917,9.93930511999005,8.865444350242518,11.583289675358461,383.0699406974321,402.2180636483349,380.00667349149614,427.1262866149382
id_study,R0074_S+02,11.47896854817742,12.47733333800269,11.129259340777667,14.541113758487493,434.1324207632678,460.29794311440327,434.8792508006656,488.80288815383494
id_study,R0074_S+03,11.676497104763639,12.820745910615857,11.43556898867775,14.941327582161955,433.8950665967975,456.97289516239056,431.737819508438,485.27192942046116
id_study,R0075_S+00,4.607500573161214,4.24107613645443,3.7828624857545297,4.942560151916427,209.56340095093068,209.0256936134353,197.48282258586485,221.9700614895246
id_study,R0075_S+01,1.9079411793033851,1.9498919108862671,1.7392220096134392,2.2724086409228264,147.02074498819582,146.65209937655024,138.55363913578893,155.7338476119684
id_study,R0075_S+02,2.588896933384936,2.787099506182154,2.48597615953569,3.2480923509659525,178.10499054425023,177.53651938658916,167.73255169947302,188.5308520863313
id_study,R0075_S+03,2.459704256230764,2.319439037945392,2.0688425867245637,2.7030797361096726,157.40935595372818,155.6857184946409,147.08840139762555,165.32689311968412
id_study,R0076_S+00,11.760490802862673,11.839900052978612,10.560695517939829,13.798247501740901,489.1409886631359,506.94946191663814,478.95456734055875,538.3434030929333
id_study,R0076_S+01,20.111560970855475,20.101029125990873,17.9292770417792,23.42578684609321,630.6602748396161,644.0522684429118,608.4862471508151,683.9365972545303
id_study,R0076_S+02,1.4047017403737232,1.4036239037092122,1.2519738006610908,1.6357866144205393,172.78115203960448,176.78881424111805,167.0261365213338,187.73684368359784
id_study,R0076_S+03,17.576474369133376,17.77422610889015,15.853866093724564,20.71412511127339,583.8294797515422,599.8777126473361,566.7511101244532,637.026436610116
id_study,R0077_S+00,13.853038164538946,13.958219002966128,12.450147400185424,16.266941412058358,236.02983975545555,240.72459376607887,227.4312378586234,255.63198454978294
id_study,R0077_S+01,5.808506185662783,5.796124090610945,5.169900204498681,6.754816712572903,151.83425977676814,155.46599765158498,146.88081403591167,165.09356558850584
id_study,R0077_S+02,17.024323778894495,16.918155170136448,15.090286630597223,19.716458016186756,257.10120518269963,260.1276832253842,245.76284488295414,276.23665226270913
id_study,R0077_S+03,6.7904017591605035,6.795257703916919,6.061085588213886,7.919209386667836,163.56940347904228,165.86595117693324,156.70645863224456,176.1375587149153
id_study,R0078_S+00,12.59489211874273,10.92718240610963,9.746589561022654,12.734564199149467,509.4264133575221,510.1631179848916,481.99075806050234,541.7560717593778
id_study,R0078_S+01,2.8379486564651466,2.651434003587688,2.364968206869063,3.089987453638244,255.3789966447907,263.64339455109865,249.08441068664516,279.97008161131095
id_study,R0078_S+02,1.5704964856310601,1.3102798403772644,1.1687148012738453,1.5270032224232084,181.17593912618105,179.80635842315388,169.87704509646835,190.9412558113842
id_study,R0078_S+03,2.129171659714371,1.810659029431545,1.6150321042468971,2.1101463118409614,211.0797718111828,211.98973446277586,200.2831824032091,225.11765697509364
id_study,R0079_S+00,8.436889465261467,7.6270621529117575,6.803020357679467,8.88859625724303,248.5297946216287,236.50199690493343,223.4418223357481,251.14789425106918
id_study,R0079_S+01,13.068198202195086,10.858460773037285,9.685292739332843,12.654475845564297,296.0796567985808,268.9189619230493,254.0686493098713,285.57234989565717
id_study,R0079_S+02,1.9888108790751584,1.814193908069822,1.618185068108473,2.114265867759619,122.21870128374216,116.83846662999925,110.38638254380398,124.07394121684058
id_study,R0079_S+03,2.7429411110672612,2.548263775095078,2.272944679242017,2.9697526255415267,143.90717622118768,139.9477467058212,132.21951596586322,148.61431341096562
id_study,R0080_S+00,5.082085864424787,4.895433026008752,4.366521455824204,5.705149217376353,347.2679547666896,326.99635911462025,308.9388814213489,347.246315439843
id_study,R0080_S+01,4.1828802607091475,4.050695167145592,3.6130506258330364,4.72068972037644,311.4028539128403,293.4356470364585,277.23146768376375,311.60728372636095
id_study,R0080_S+02,13.926127373680758,13.483036204551679,12.026304223556993,15.713162255836265,565.0679995572788,530.0487172586785,500.77822961728344,562.8731297499694
id_study,R0080_S+03,0.7537869218032454,0.7361082601009532,0.6565777724796699,0.8578623058894471,132.97630835760626,124.32725050298195,117.46161885282523,132.02648421780728
id_study,R0081_S+00,4.521195919345923,4.785038162265988,4.268053855800968,5.57649478228588,316.5202303498169,317.3118530904217,299.78917569882907,336.9620754474976
id_study,R0081_S+01,1.3744105538472366,1.3460256509842876,1.2005985688878926,1.5686614745789753,156.34250392899511,157.4319254376045,148.73817884820647,167.18123770193384
id_study,R0081_S+02,0.6842781136822533,0.683535003444256,0.6096846269756074,0.7965933083408437,119.11200984425828,117.92835129532386,111.41608131566596,125.23131934579919
id_study,R0081_S+03,3.166574692886036,3.164095033499842,2.8222403980691624,3.687443829416155,250.2312382241225,249.7807509492507,235.9872935826699,265.2489638409749
id_study,R0082_S+00,16.262196838643302,16.087868597412655,14.349705743264153,18.74884008220488,512.382827609498,519.331651972277,490.65298488775454,551.4923870312814
id_study,R0082_S+01,3.8480739241142983,3.8836782274325405,3.464078502862799,4.526047784141154,269.2616978446515,270.42282888519225,255.4894693408616,287.1693470699676
id_study,R0082_S+02,1.1277574802044816,1.1167387845226682,0.996084276357651,1.3014500185548916,138.51122518238878,139.5258460498334,131.82091361724773,148.1662856449376
id_study,R0082_S+03,4.603134085357309,4.586928080319187,4.091347950758473,5.345616824612206,288.6446668566569,287.84922681555724,271.953542208178,305.6749123584993
id_study,R0083_S+00,15.15560270277112,16.786399945787174,14.972766482536475,19.56291016636675,235.49142472556767,251.2288261166444,237.35540276786065,266.786714193055
id_study,R0083_S+01,8.038794630203002,8.973000815301312,8.003541336380078,10.45715635510813,170.12764742970364,181.13381418384435,171.1311957510947,192.35091713928782
id_study,R0083_S+02,4.319067437994767,4.728756210068929,4.217852709030405,5.510903662190166,126.47073336550032,135.9988176874372,128.4886557292077,144.42083842769625
id_study,R0083_S+03,2.135503682588812,2.383482638976139,2.1259667995415445,2.7777163000984606,87.55299411441213,93.7478134430774,88.57084739175832,99.55334942197194
id_study,R0084_S+00,2.4105715497740694,2.422797374359411,2.161033898747898,2.8235337856225353,239.3917624611842,236.45649001655053,223.39882844054986,251.09956925026216
id_study,R0084_S+01,1.7653621615478046,1.7875174629524806,1.5943907950888794,2.0831770755782117,199.04126551534912,198.987779190661,187.999224474951,211.31052751964626
id_study,R0084_S+02,14.977804379422007,15.118602195299779,13.485160662420505,17.619254726616443,581.363136476453,582.8383491663969,550.6526987898857,618.9318737158474
id_study,R0084_S+03,22.145284646765955,19.256034003829697,17.175576743688968,22.441027533837826,588.8920704383299,602.1758113066373,568.9223025839741,639.4668499961252
id_study,R0085_S+00,10.763927656165768,11.004951492592673,9.81595633264917,12.825196476320368,390.1385762788528,398.21306967618045,376.2228443344781,422.8732747344544
id_study,R0085_S+01,2.9892885942763985,3.1257759235983826,2.7880613551399964,3.6427866481814424,204.5534625450273,210.83796237929673,199.19501377623777,223.89455891584458
id_study,R0085_S+02,2.090996844417803,2.092352249985524,1.8662906721762809,2.4384322567707457,171.7159163632616,175.93806001002665,166.22236286088844,186.83340465788135
id_study,R0085_S+03,2.4729106597194748,2.475566021771762,2.208101324631714,2.885030492019524,187.69982377447025,191.64986419202586,181.0665257201962,203.518196274167
id_study,R0086_S+00,0.961539896458149,0.9604991882000361,0.8567250928150456,1.1193680237757706,112.13388945579086,110.9821169831018,104.85343375494415,117.85492445983829
id_study,R0086_S+01,3.9665815098215083,3.9175948553236806,3.4943307160192343,4.565574302437114,235.9522174438673,231.92247799198464,219.11519480312046,246.2847787310241
id_study,R0086_S+02,2.4489085596415103,2.4209197199560455,2.1593591095728937,2.8213455627435886,181.83960741183557,179.5401259078349,169.6255145421119,190.65853627210518
id_study,R0086_S+03,4.6225703155643085,4.575905889100117,4.08151661731104,5.332771536917907,253.72891665566507,249.46188346337402,235.68603467974174,264.9103497968185
id_study,R0087_S+00,6.39070935999655,6.536282392922074,5.830090445193884,7.617398947225131,237.83206979520196,233.24019102834333,220.36014074866318,247.68409399533323
id_study,R0087_S+01,1.7119341818445084,1.682863829060329,1.501044131904597,1.961213483323292,123.24814591222184,119.17501895240198,112.59390516827617,126.55518959215462
id_study,R0087_S+02,1.5589008034728222,1.520546766776271,1.356264102978832,1.7720487953504844,113.80510346615864,111.81526294389242,105.64057151355493,118.73966478505616
id_study,R0087_S+03,6.867624801993061,6.951631245990966,6.200564245763053,8.101447482142197,248.07842634279683,239.65168674544887,226.41757918756045,254.49263544286305
id_study,R0088_S+00,3.51209466173099,3.4798971723820107,3.1039226941802434,4.055480388371657,130.827629010051,133.37260727602194,126.00747058978743,141.63199426012542
id_study,R0088_S+01,1.6554527431502213,1.6347972861719646,1.4581707865408151,1.9051966206505497,90.1723491300062,90.99071596542544,85.96600306559611,96.62551272368154
id_study,R0088_S+02,6.32211820796204,6.3893603934791905,5.699042168260762,7.446175701868972,175.63516551404854,177.22240257579347,167.43578112861522,188.19728291307854
id_study,R0088_S+03,3.6926937031976688,3.6887782340438893,3.290235862518194,4.298910871259214,134.8252310515118,135.63513971337784,128.14506087448916,144.03463890902066
id_study,R0089_S+00,11.244769152715936,11.071223137859468,9.87506786771314,12.902429608327152,448.7088876151712,440.7253884374378,416.387536810846,468.01826072335405
id_study,R0089_S+01,17.43352744605234,16.154958176270426,14.409546840872531,18.82702643595152,503.9774487912156,500.7914865458992,473.13664928175416,531.804081787191
id_study,R0089_S+02,1.0031637950619534,0.9842993621813466,0.8779538523118271,1.1471048027780562,131.7322837411824,129.18461906848688,122.05075255248305,137.18465583070181
id_study,R0089_S+03,20.047716690308384,18.657123159887423,16.64137332668668,21.743055420964033,552.7715492313428,545.0673271276372,514.9674779195661,578.821799497073
id_study,R0090_S+00,1.2834503181546648,1.2949892696381913,1.1550762518647861,1.5091835551492832,120.83191660939468,120.11847383816132,113.4852603438114,127.55706996094739
id_study,R0090_S+01,7.99837465813104,8.182910670013666,7.298813980678408,9.536383432652359,304.62171619697807,302.43285511210945,285.7318296031832,321.1616633591332
id_study,R0090_S+02,1.2793240810966156,1.275162766591521,1.137391840600798,1.486077701644789,121.51017474523884,120.32725013484628,113.68250754173062,127.77877518106459
id_study,R0090_S+03,2.9078179397081136,2.95304263987142,2.633990492456029,3.441482871123505,181.3856680364358,180.3676975169636,170.407385777353,191.5373570418858
id_study,R0091_S+00,1.8798284534404912,1.8157988959409554,1.6196166501438944,2.116136324417538,112.9753762903775,118.18616530877719,111.65965825684867,125.50509904928833
id_study,R0091_S+01,14.511786519765097,13.311821892508432,11.87358822006781,15.513628691968158,325.17869182825297,334.230443185084,315.7734830263585,354.92838580249827
id_study,R0091_S+02,9.95895083257196,9.646938689458025,8.604665725532854,11.242565146297379,266.5195023967458,273.2747541291777,258.1839048298676,290.1978839489874
id_study,R0091_S+03,4.572240970394557,4.431284598691089,3.9525204765845765,5.16422954330683,179.23253098063117,185.5477553113509,175.30138907766192,197.03820111163864
id_study,R0092_S+00,5.355470168561548,5.393237973310054,4.810542642848546,6.285292279371747,301.92647744820124,305.8464284315918,288.95689769209423,324.7866295847005
id_study,R0092_S+01,3.5338459427965923,3.5101479619211844,3.13090513288927,4.090734729989142,245.0042364066368,248.37002394161655,234.65447010748068,263.75087451417386
id_study,R0092_S+02,8.437018608663232,8.693396671304713,7.754146137342106,10.131305024935214,376.68119011388166,383.4580972213951,362.28267479275434,407.20456871823654
id_study,R0092_S+03,3.4231973907190523,3.4005548371676833,3.0331526505032254,3.963014643411423,243.12391420112257,245.55155685977752,231.99164514531947,260.75786776630963
id_study,R0093_S+00,17.44938136408022,15.499101499217932,13.824550123098996,18.062689514596936,453.50441753236447,452.4970423800739,427.50913342850873,480.51889978025696
id_study,R0093_S+01,1.3890968737712075,1.2806374288530527,1.142275010302306,1.4924578859820756,131.74352995897056,134.24378706536592,126.83054186301368,142.55712374093815
id_study,R0093_S+02,1.8430596623232216,1.6171591861493544,1.4424383392211357,1.8846411372019194,148.6159242692315,150.9223274577465,142.58805557513642,160.26851879698725
id_study,R0093_S+03,1.2392545713196434,1.0942250090850498,0.9760029305445884,1.2752124114554362,121.28412635623556,122.78405890361977,116.00364577992424,130.38772714311946
id_study,R0094_S+00,3.9397144576571583,4.106508874520048,3.6628341178111414,4.785735146849339,399.3826172137014,411.0541797141366,388.35483926578576,436.5095982669585
id_study,R0094_S+01,4.068715341340019,4.1111623058451485,3.6669847838740415,4.791158266712579,414.99506021319473,426.5251780475099,402.97149411945196,452.9386716119517
id_study,R0094_S+02,3.701435371237684,3.8797489266105014,3.460573730914196,4.521468567677443,373.84681006280334,387.7748104538274,366.36100936826836,411.7886037479572
id_study,R0094_S+03,1.0705066881955863,1.1194461237420286,0.998499109678161,1.3046051580791063,203.8261283443047,209.24712373081445,197.69202483191228,222.20520414553312
id_study,R0095_S+00,4.74163987950442,4.592788298069969,4.096575019826448,5.352446336227808,205.08855872963463,202.16192391715146,190.9980857586869,214.68123801908723
id_study,R0095_S+01,0.7573688920629602,0.7481418100289665,0.667311195584682,0.8718862334131859,83.66738146635026,81.37713787812125,76.88330847905642,86.41659303403006
id_study,R0095_S+02,4.543604186763525,4.396432173081951,3.921433571013346,5.123612444138843,200.05376349218847,197.68979004282554,186.77291322024746,209.93215758828939
id_study,R0095_S+03,1.114616286668418,1.0731267641522428,0.9571841787222505,1.2506244669514635,97.89864898198284,97.31618281930497,91.94216334944922,103.34269778468278
id_study,R0096_S+00,0.7936309892324526,0.8067111203945821,0.7195525701485979,0.9401430461240106,75.21155120919974,75.77924442251754,71.59454334670858,80.47203792660811
id_study,R0096_S+01,2.622491812349282,2.6922822406711973,2.401403125437065,3.1375920856677393,139.58879261956065,140.49455212764465,132.73612555696283,149.19498094042933
id_study,R0096_S+02,1.0508844874037595,1.0519831937708575,0.9383249984959978,1.2259837000626048,85.56333916198223,86.54042616258985,81.76146831966967,91.899629105716
id_study,R0096_S+03,1.1138789788882324,1.1341570569590103,1.011620646666998,1.3217493144149892,89.60384741227621,90.37708221977275,85.38625556168618,95.97387838198921
id_study,R0097_S+00,2.1065412106939703,2.0898999184780895,1.8641032950664083,2.435574303836643,184.68597216170443,182.92098969728684,172.8196793951374,194.24876735929493
id_study,R0097_S+01,0.7417114762355815,0.7714224706732923,0.6880765709190251,0.8990175703448379,114.74512701717316,111.94234259496591,105.7606335392006,118.87461411819899
id_study,R0097_S+02,5.816799544840555,5.523184259917175,4.926449294121292,6.436731988872179,299.5000750093692,293.76397241493135,277.5416621930919,311.9559413635554
id_study,R0097_S+03,3.602887182393812,3.6450718208071837,3.2512515703950537,4.2479753139863545,249.20034561505108,244.58668770707482,231.0800582470401,259.73324700580713
id_study,R0098_S+00,4.573445832094163,4.162378495892027,3.7126674827358412,4.850845735627087,153.05880124706889,149.31102640770342,141.06573420929251,158.55743444666984
id_study,R0098_S+01,15.372019827066424,13.07180405849469,11.659502353417535,15.233911340999455,276.1470564047447,266.97350101951207,252.2306211525697,283.5064121206473
id_study,R0098_S+02,1.595667419665426,1.5999487079552783,1.4270873126826935,1.864584005242817,97.25038629697684,94.13609924368734,88.93769117325186,99.9656806600459
id_study,R0098_S+03,1.097490045365803,1.0424405574440823,0.9298133661144261,1.2148626891362648,76.69702089941765,75.2194435197041,71.06565591443835,79.87757014290497
id_study,R0099_S+00,14.564703740743903,15.92564648928855,14.205010409476602,18.559786054034475,694.8017596574845,717.0100067872737,677.4150943592881,761.412401240542
id_study,R0099_S+01,2.039332778047096,2.041483419473355,1.8209178034874482,2.379149601478868,268.4568606464659,271.7181357126855,256.71324639901206,288.54486857249736
id_study,R0099_S+02,2.9467150049751103,3.1214827531398797,2.7842320266983718,3.6377833771835015,316.5942873505278,325.56424639757506,307.58585320393644,345.72551604735133
id_study,R0099_S+03,10.790227123403858,12.264680739996777,10.939582119805321,14.293287918231718,599.0586537755229,614.82231171236,580.8704346665979,652.8965122742803
id_study,R0100_S+00,0.7842004461648576,0.7472588772153478,0.6665236564529576,0.8708572614256518,46.22921500980063,47.86350396935921,45.22037314799874,50.82755490734506
id_study,R0100_S+01,5.64841891816897,5.0344127055297365,4.4904855156587065,5.867116464326274,120.50918737506414,122.77467295799792,115.99477814742416,130.3777599525277
id_study,R0100_S+02,5.597793376232784,5.0297759731400635,4.4863497443475975,5.861712805441844,120.24485304616849,122.61100740990955,115.84015058065081,130.2039590616187
id_study,R0100_S+03,1.4243293142574989,1.2853778592286784,1.1465032758786176,1.497982394744394,60.92917376907575,62.558421090949594,59.10380374770227,66.43248653405313
id_study,R0101_S+00,4.954068901538156,4.948112268617169,4.413509136363214,5.766541731203555,152.61536408687533,149.693842800366,141.42741061590192,158.96395757188745
id_study,R0101_S+01,1.6183139961537496,1.6140451722495057,1.4396607690991092,1.881012058044012,86.89358459686217,85.33980861065679,80.62715158136304,90.62466071680184
id_study,R0101_S+02,7.575203086653181,7.565122065210468,6.747772390750621,8.816411132659404,188.18879579789532,184.65492906838034,174.45786671688154,196.09008467377075
id_study,R0101_S+03,8.41780252904486,8.46879303218823,7.553809087678103,9.869551413126535,200.95633495859343,196.01957649001477,185.19493263313254,208.1585124511338
id_study,R0102_S+00,12.94570317887919,12.725397100923777,11.350521839407032,14.830207854018918,358.1929797131268,354.36597421577375,334.797084543786,376.31085311425437
id_study,R0102_S+01,1.824810753677275,1.8184698145636184,1.6219989978158278,2.1192490192922926,132.76652508053428,132.52564831661465,125.20728261754962,140.7325855364954
id_study,R0102_S+02,9.976074594882645,9.946159996665804,8.871558613459413,11.5912783648358,311.3411292598849,311.80439634198956,294.5858531543701,331.11355753581347
id_study,R0102_S+03,0.7594478015854955,0.76263422326923,0.6802378218962005,0.8887757260517961,85.482196286964,85.09961009578196,80.40021737113078,90.36958738971575
id_study,R0103_S+00,1.4636168311812356,1.6730033465838534,1.492248994054777,1.9497220537429585,158.71024366322783,163.44506417148506,154.41925847645177,173.56675304902282
id_study,R0103_S+01,0.6716090720685367,0.7688294938775374,0.6857637440959505,0.8959957090593538,105.96414637109072,109.56013107408349,103.50997312034103,116.34487899984923
id_study,R0103_S+02,6.98621275109335,8.35937396969743,7.456211861548388,9.74203417912111,354.6188810626533,374.97151514884234,354.26474095494694,398.1924367074982
id_study,R0103_S+03,10.716272482939884,13.183490155619191,11.759121679597758,15.364070582524441,442.63941167980187,471.54968156517197,445.5096428345035,500.75141482826405
id_study,R0104_S+00,1.505209200249655,1.4083184474660184,1.2561611372931092,1.6412576468088464,135.7682786068387,137.39052093163838,129.80350597615882,145.89872590339485
id_study,R0104_S+01,9.94108030983327,8.338273787417252,7.437391381693246,9.717443976827933,304.0618105366824,310.5021654009239,293.3555343478415,329.73068312901216
id_study,R0104_S+02,0.7663497532984167,0.8025789326393648,0.7158668315434961,0.9353273847489123,106.20853953752312,106.30806060415715,100.4374893287699,112.89141703687733
id_study,R0104_S+03,1.374746958926877,1.4198879212147792,1.2664806238611335,1.6547407388565816,139.27069313844405,141.49398676945967,133.68036915995611,150.25630773266911
id_study,R0105_S+00,1.46140301188598,1.2202239832538762,1.088388744260557,1.422051913712007,96.04725209095194,94.35583896348412,89.14529636929034,100.19902823694802
id_study,R0105_S+01,8.86934362912058,8.326336840393871,7.426744124337725,9.703532630557545,256.20965353104714,258.0141377538134,243.7660141671988,273.99222091948343
id_study,R0105_S+02,3.423833478793349,2.865805167296146,2.556178316550852,3.3398161144250706,148.16148394426992,146.39641199143796,138.31207138572583,155.46232623287693
id_study,R0105_S+03,5.93366851755384,5.26189382344957,4.6933891560342476,6.132223496732423,198.8431213466536,198.23340013602575,187.28650393598923,210.50943191149833
id_study,R0106_S+00,2.057154180867955,2.1471744087833233,1.915189744306037,2.502322130189185,214.3037595335917,226.2706660514358,213.7754886863776,240.28296611993454
id_study,R0106_S+01,17.32164743434635,16.24663092283571,14.49131509562445,18.933862071439332,568.426608903961,612.5046422263183,578.6807521256032,650.4353160957833
id_study,R0106_S+02,10.916005788011121,11.787124734863982,10.513622142068652,13.736743021291712,490.6556726593984,531.5341693889515,502.18165172502205,564.4505717141435
id_study,R0106_S+03,1.2306854228653963,1.1819669819635776,1.054265099614196,1.3774671139995163,155.78234457461855,164.48791419251887,155.40451996334033,174.6741838116798
id_study,R0107_S+00,2.495421005699028,2.4407908761034913,2.177083349534685,2.8445034550772506,185.32021321336097,183.26345000122765,173.14322826741585,194.6124352577689
id_study,R0107_S+01,0.763375076389838,0.7627266148008558,0.6803202312771556,0.8888833993610921,104.14370520954556,101.19061300147835,95.60263874393578,107.45706043028349
id_study,R0107_S+02,3.5379910581339598,3.4696286638026685,3.094763614116683,4.0435134442067975,224.79901391649167,218.570011561026,206.500081734077,232.10543195560834
id_study,R0107_S+03,4.489154867268302,4.490688970912614,4.00550669138865,5.233459539077946,251.15975765433868,245.08736927862017,231.55309105107597,260.26493436586975
id_study,R0108_S+00,1.7578591544276272,1.798487135294422,1.604175283895072,2.0959611576489916,204.8981668130546,213.36464808795188,201.58217019182837,226.57771509831898
id_study,R0108_S+01,5.269772048733913,5.266405843503774,4.697413689159534,6.137481815566379,336.01298150312425,351.8388707285574,332.4095334203102,373.6272532813784
id_study,R0108_S+02,1.6177964318240527,1.7152803976970612,1.5299583549619786,1.9989918290192317,202.0120382666748,210.5514410680313,198.92431481908307,223.59029415307688
id_study,R0108_S+03,1.05061906021359,1.0656876649803557,0.9505488134801009,1.2419549231965,156.2357354965138,163.39173224330762,154.3688716578346,173.51011842591856
id_study,R0109_S+00,1.6413887648747099,1.639803762072987,1.4626363535956064,1.911031179496883,230.9524954042156,226.73730702111797,214.21636068748893,240.7785048402865
id_study,R0109_S+01,10.732616739117578,10.846699056117243,9.674801779898646,12.640768712870443,568.0940265796331,564.6056212002829,533.4268232530374,599.570044661259
id_study,R0109_S+02,5.487072615437049,5.49123782944684,4.897954414639823,6.3995015433063855,409.664196408817,406.22571184065254,383.7930102966436,431.3821170839057
id_study,R0109_S+03,4.976204703684736,4.9131677282638755,4.382340068293873,5.725817281295043,402.8774177157221,397.9500387919608,375.9743386099187,422.59395509420074
id_study,R0110_S+00,0.727174557353219,0.7768132248034932,0.6928848980777333,0.9052999679475805,92.63636372276132,92.17438095791795,87.08430340309334,97.88247872926964
id_study,R0110_S+01,4.097923686668757,3.932037731478362,3.5072131573228273,4.582406064439121,206.2817635044993,195.20049048807164,184.42107841067772,207.28870277810498
id_study,R0110_S+02,2.3875351661703883,2.3176959218772644,2.0672878001160995,2.7010483045245524,157.5206113401593,150.5551117176147,142.2411183177804,159.87856242842847
id_study,R0110_S+03,16.14000899934467,16.148738662756237,14.403999295014952,18.81977820020416,407.596913752754,390.56949886635755,369.0013687729602,414.7563592810191
id_study,R0111_S+00,14.937487441754147,15.21800375766448,13.573822697525861,17.7350975423016,425.4286888909908,430.92363311683346,407.1270565629548,457.6095105184942
id_study,R0111_S+01,0.7390858315894044,0.7982961866261017,0.7120468012709126,0.9303362624240891,93.72482942869522,95.95154182831534,90.65288091694886,101.89354845071963
id_study,R0111_S+02,6.461195213557728,7.07434146469387,6.310016627190475,8.244454261006808,277.1523771686961,283.3030558400202,267.6584210645193,300.8472099189701
id_study,R0111_S+03,1.0987914674089196,1.145505697475684,1.0217431592306911,1.3349750468921782,116.82863284784476,119.27375026902843,112.68718431854688,126.66003505896619
id_study,R0112_S+00,1.0559375289718809,0.9155382505530626,0.8166218174017271,1.066970440790498,106.76594260878984,105.59416733957612,99.76301886307095,112.13331438884084
id_study,R0112_S+01,19.752140434759347,14.640984954613254,13.059146065131733,17.062638465617407,409.179122806033,411.77296608213675,389.0339326266786,437.27289703441954
id_study,R0112_S+02,3.613704036789179,2.132571762670487,1.902164794883842,2.4853041719003772,172.6918388765308,173.75007274061593,164.15520119154718,184.50992154758217
id_study,R0112_S+03,7.511112380361795,4.935387669917059,4.402159326663932,5.751712453807732,264.01846173232207,264.6181140793874,250.00530400051696,281.0051627531988
id_study,R0113_S+00,6.72259116216112,6.694602797796381,5.971305622912709,7.80190592120773,158.97419833664247,170.7322363988541,161.30401659040672,181.30519916744726
id_study,R0113_S+01,4.825288267527018,4.837523319846092,4.314868420614387,5.637661108962426,136.13452724653578,146.7493533232222,138.64552249981168,155.8371242194978
id_study,R0113_S+02,12.032267486330717,12.013966092845918,10.71595514334433,14.001104475954357,211.53737180535853,226.07547880469363,213.59108012036324,240.07569148104992
id_study,R0113_S+03,7.912734268766291,7.920554155807238,7.064802945848337,9.23063253099643,175.58185340804116,187.3307281444579,176.98590212287186,198.93158839124663
id_study,R0114_S+00,2.838108868762482,2.839918562334327,2.5330885479065475,3.3096478038274557,201.199457182295,205.8166369093323,194.45097724279253,218.56227701279684
id_study,R0114_S+01,1.127244715749828,1.1189767075670345,0.9980804100883733,1.304058099359446,125.0529126953755,125.07385614261318,118.16699524232102,132.81932502542517
id_study,R0114_S+02,1.3705412096331528,1.3410120447095908,1.1961266418380874,1.5628186059783113,141.8896548955243,143.66908883003904,135.7353571708077,152.56610768972934
id_study,R0114_S+03,16.130382529777382,13.974171977791823,12.464376786327676,16.285533046620223,424.4434688348585,426.2829155055806,402.7426098624022,452.6814064384745
id_study,R0115_S+00,1.211523217260657,1.3529793226811484,1.206800953130468,1.5767653000073831,111.60738464406704,115.872096203513,109.47337727547104,123.04772621293054
id_study,R0115_S+01,2.9982584351087027,3.0840547938867324,2.7508478528656792,3.5941647450202954,176.64433153066415,181.25719475541928,171.2477629687686,192.48193831943874
id_study,R0115_S+02,2.9953486615218483,3.371793094700118,3.0074983794868966,3.929495640770099,179.51364125662326,185.5752312497303,175.32734773265096,197.06737855689013
id_study,R0115_S+03,1.414238934792228,1.4128242756388998,1.2601801475192964,1.6465087496096757,114.02777518899894,116.20582177392122,109.78867376593587,123.40211846061821
id_study,R0116_S+00,7.084717880907998,3.4883925526992026,3.11150021801385,4.065380924669558,250.00674192630208,240.0218607467166,226.76731134418927,254.88573326927275
id_study,R0116_S+01,14.172551692236908,8.089370949734734,7.215380463479879,9.427372021586638,357.35084361717844,334.791284491566,316.30335340885625,355.5239584191159
id_study,R0116_S+02,13.649201662264607,8.15752741937946,7.276173183036204,9.506801732377669,369.7134268118989,357.23519036769665,337.50785609772987,379.3577516780591
id_study,R0116_S+03,1.3318150044067765,1.0101504465177902,0.9010119380443231,1.177231717554916,132.9851072797393,125.49914366680818,118.56879742862978,133.27094939879467
id_study,R0117_S+00,1.2645090460499342,1.2700882288737017,1.1328655652528308,1.480163823396317,139.03399023670303,133.03791095961748,125.69125696011336,141.2765711508975
id_study,R0117_S+01,1.0173780925904867,0.9613932601226108,0.8575225675659474,1.120409977307206,125.44741050123044,115.1317186135745,108.77388500869368,122.26149914044422
id_study,R0117_S+02,2.844251376500964,2.2425844687732943,2.0002915262800305,2.6135132395741305,186.0480332316997,163.26827001755416,154.25222729511037,173.37901053497762
id_study,R0117_S+03,0.6581521525859981,0.7134832938179118,0.6363972490842257,0.83149511671597,102.1037791490698,95.23324962372386,89.97425443064483,101.13077444880446
id_study,R0118_S+00,3.3106116050651333,3.384258062940369,3.018616609677781,3.9440223442144458,189.2726878233478,181.73218877006445,171.69652674082909,192.98634736511775
id_study,R0118_S+01,6.392402181884691,6.5450993205290455,5.83795477575785,7.6276742154944195,258.6206754477325,249.98103717717643,236.17651955260737,265.46165322647414
id_study,R0118_S+02,10.057033595983,10.361971441246322,9.24244502630416,12.075866004993708,320.9197406002922,309.2237983609745,292.14776162389677,328.3731504469845
id_study,R0118_S+03,2.565062862294957,2.617346209995093,2.3345633210677494,3.05026145842931,167.17811262693095,159.69410718699166,150.87543781072137,169.58350994574988
id_study,R0119_S+00,1.4215368842739946,1.3581662864741062,1.2114275078340464,1.582810199869506,133.86241224277458,130.31541903667966,123.11910719175387,138.38548303109516
id_study,R0119_S+01,0.920585354106374,0.8903891262992861,0.7941898506960493,1.0376615919528474,107.92124825105287,105.45878656622806,99.63511412187643,111.9895498684841
id_study,R0119_S+02,14.103283704114787,13.896460223201775,12.395061152351198,16.194967584172904,419.16694688655537,412.83259450889784,390.0350459778248,438.3981452418442
id_study,R0119_S+03,8.635419842530876,8.499981072070666,7.581627514482888,9.905898028508965,329.19522694202715,323.57177462953297,305.7034102282739,343.6096561584405
id_study,R0120_S+00,1.7381449163047726,1.6908140886378042,1.508135430843829,1.9704787346228998,111.9530412907126,113.85247896990238,107.56528786817512,120.90303981682216
id_study,R0120_S+01,1.2040608170364313,1.1750736968045408,1.0481165776370525,1.3694336631849935,93.6849297047505,94.30357069740671,89.09591447494904,100.14352314551842
id_study,R0120_S+02,4.894619096286952,4.7905791873690315,4.272996218380776,5.582952306035493,189.14584043550403,190.9524959478373,180.40766772593068,202.77764199412883
id_study,R0120_S+03,11.397807185458738,9.97543827412551,8.897673612079181,11.625399338577637,272.9680486427404,264.11314841092127,249.52822367707083,280.4689259942537
id_study,R0121_S+00,4.281209992725022,3.9670394342941355,3.5384332119172752,4.623197131616494,291.3155166111752,281.59068235811696,266.0406087148432,299.02879400798633
id_study,R0121_S+01,1.491723325476436,1.3723593358466504,1.2240871140996261,1.599350813149221,171.17779818838386,166.6467661968908,157.4441552828,176.9667273926782
id_study,R0121_S+02,5.1917769668586216,4.498545305055895,4.012514212770008,5.24261532945458,307.8864201746926,302.34188645967293,285.6458844452486,321.0650612762701
id_study,R0121_S+03,27.67358826547677,20.9094564242181,18.650360370757188,24.367929929919047,638.9997446151591,592.4895418253686,559.7709307864674,629.180737340819
id_study,R0122_S+00,3.0273699711571744,3.0890758822656545,2.755326453639435,3.6000163332829054,144.786785329037,143.24058056456371,135.33051209982833,152.11106312371425
id_study,R0122_S+01,1.1582971970970333,1.198358295640481,1.068885465673559,1.3965695896944597,88.56719926499157,87.99477861841729,83.13550814724532,93.44404548088409
id_study,R0122_S+02,4.368443236927006,4.5393660838983925,4.048924639735759,5.290187961585111,173.4844336710675,170.71123197300406,161.28417207640487,181.2828939971264
id_study,R0122_S+03,10.313903759221498,10.846136385032086,9.674299900830366,12.640112974658098,262.40222281269826,262.78491049927294,248.2733340636295,279.0584340790036
id_study,R0123_S+00,9.216971920206777,9.835474398588092,8.772831690572449,11.462285107264316,478.1218519219212,482.82999109228075,456.1670281852989,512.7302819046906
id_study,R0123_S+01,1.188179071598094,1.2432645295447886,1.1089399476369832,1.4489034208087537,175.31168784548427,175.68004583937997,165.9785968156448,186.55941240203205
id_study,R0123_S+02,13.83920772223544,14.600706316915328,13.023219205386141,17.015697646057948,558.6063656159055,563.7115763752199,532.5821496030206,598.6206341779687
id_study,R0123_S+03,4.719605877848204,4.946395024162976,4.411977426152026,5.764540450458455,338.29426245036467,340.36972816937134,321.5737428240763,361.4478592792095
id_study,R0124_S+00,6.032425387165099,5.536275642426795,4.938126259634036,6.451988716986387,259.7338083096988,260.0642318725085,245.70289745713217,276.16927154765955
id_study,R0124_S+01,1.3825220721720775,1.231154210124672,1.0981380493567128,1.4347900259374964,122.57546880770876,122.60510233447053,115.83457159681817,130.19768830161956
id_study,R0124_S+02,6.445553436719466,5.528394631406387,4.931096727510653,6.442804168118833,258.01567955133584,255.34118134929875,241.2406644540256,271.1537359121514
id_study,R0124_S+03,1.94989556195011,1.6650893583304258,1.4851900476191628,1.9404990731301117,144.7637767891883,143.56046152493627,135.6327285109011,152.45075340396534
id_study,R0125_S+00,0.7507424499379713,0.7563580847056872,0.6746397688635398,0.8814614993381004,90.98674819221276,89.6547932468507,84.7038530176282,95.20686010322576
id_study,R0125_S+01,1.2748400073821955,1.271193644356612,1.1338515496178674,1.4814520772124138,119.94811744894228,117.22354701397316,110.75019791900974,124.48286853592498
id_study,R0125_S+02,0.8950456167911198,0.8939587908461382,0.797373842132785,1.0418216874515642,98.21921852470608,97.09749268067522,91.73554977433453,103.11046478653006
id_study,R0125_S+03,9.348418917230635,9.350472882929845,8.340230628934473,10.897063194762751,319.1437722218958,315.3128371456565,297.9005499306665,334.8392661195751
id_study,R0126_S+00,1.110673041093219,0.9756847280907261,0.8702699591013756,1.1370652878507819,160.12912249755922,151.12902962910775,142.78334318561812,160.48802144708696
id_study,R0126_S+01,1.051854645878736,0.8825811939707386,0.787225501708515,1.028562209165487,154.77496142617255,140.44506196458414,132.6893683525136,149.14242599205068
id_study,R0126_S+02,0.9270519067867696,0.8703882290122121,0.7763498870655084,1.014352498988459,151.46018960345498,146.91238481725534,138.79955102642717,156.01025179118375
id_study,R0126_S+03,18.88121560029685,16.336565075605723,14.571532597446103,19.0386715456095,671.3483024395687,630.0260220439527,595.234561765793,669.0417452302523
id_study,R0127_S+00,3.762862147239197,3.7584236264679847,3.3523566389037405,4.38007577617594,306.0961711964916,309.59310763207503,292.49667680271176,328.76532999294227
id_study,R0127_S+01,1.6171425518563352,1.6122352488784328,1.4380463931713416,1.8789027690701607,199.67069318097143,203.01348225100966,191.80261911752766,215.58553094337236
id_study,R0127_S+02,3.147480294282909,3.2038856726691933,2.857731983542978,3.73381593433718,277.4411332044175,283.2373427835376,267.5963368314732,300.77742743942923
id_study,R0127_S+03,1.1801219898799191,1.181743782678419,1.0540660151895103,1.3772069970251286,172.90648913192155,173.7203924039859,164.127159870159,184.47840319195367
id_study,R0128_S+00,1.4195309121277278,1.421218090658984,1.2676670793569278,1.6562909214703083,90.64176204077616,86.28038956322199,81.51579152878784,91.62348917787556
id_study,R0128_S+01,1.2194010482233297,1.2294257427706017,1.09659632878835,1.4327756659983564,84.02316416964204,79.92166551718852,75.50821059006546,84.8709874012124
id_study,R0128_S+02,7.534442887006913,7.353500111511203,6.5590144613821835,8.569786407714213,207.41133582581045,199.65548516774334,188.63005821951225,212.01958263257407
id_study,R0128_S+03,1.8721531277434267,1.8526191513023822,1.652458777528829,2.15904673702921,103.8146429445256,99.18583022501777,93.70856460155237,105.32812714714812
id_study,R0129_S+00,2.582556172226958,2.587788992965568,2.3081995200213083,3.015815407853617,105.3134248882178,105.91550879382892,100.0666151162524,112.4745556072125
id_study,R0129_S+01,10.774846441345133,11.488385175157214,10.247158952758799,13.388591232429434,210.46063796915135,212.75464035741322,201.00584846628607,225.92993132056407
id_study,R0129_S+02,9.382818713614219,9.627832351266958,8.587623671191535,11.220298574617496,197.2498590427612,197.4277794648161,186.52537145828424,209.65392143891333
id_study,R0129_S+03,1.405950894595597,1.4520170243190078,1.2951384396898145,1.6921840715416046,75.99362934943777,77.23620398101619,72.97104630685604,82.01922285491545
id_study,R0130_S+00,1.3904948670648896,1.3780906220799656,1.2291991816479477,1.6060300676696768,121.75990444704958,114.70824795819507,108.37379935959986,121.81180414941878
id_study,R0130_S+01,10.362652527876563,10.09907797131336,9.007955049429885,11.769489333865145,324.9942568145096,308.9656498322173,291.903868640101,328.0990155126082
id_study,R0130_S+02,0.8251347135257907,0.8166968799441472,0.7284594499065724,0.9517804739013767,92.50319985329106,87.5772079727169,82.74099669596691,93.00061587038965
id_study,R0130_S+03,3.9987145623896088,3.8828734376428127,3.463360664039225,4.52510988021833,204.19090277302908,193.38393160462917,182.70483401270872,205.35964955939986
id_study,R0131_S+00,3.0796084429530577,3.671699404276146,3.2750022608684497,4.279007162687272,205.3717457563289,223.2706077135882,210.94110034761155,237.09712268503256
id_study,R0131_S+01,5.897769629355047,6.565016636729805,5.855720188556063,7.6508859028632985,276.049471406739,285.18810145450806,269.4393702015217,302.8489910575714
id_study,R0131_S+02,1.5129733356988764,1.5753842901373112,1.4051768796562132,1.8359565746672342,138.6988744168889,137.0219187313237,129.4552588220835,145.5072972151096
id_study,R0131_S+03,6.527236597741995,6.753395584533584,6.023746329050813,7.870423173810122,284.0417690458116,282.32115526413395,266.7307432567216,299.80450302759084
id_study,R0132_S+00,1.7130154444448893,1.7052520309580412,1.5210134713735075,1.9873047467225857,108.91323051547076,115.3206783645184,108.95240997529675,122.46216063239281
id_study,R0132_S+01,8.446531839211158,8.711853101639393,7.770608501064813,10.152814192463406,238.6286614852366,255.90177396675594,241.77029988066832,271.7490444391388
id_study,R0132_S+02,2.91783189667229,2.9319154901941995,2.615145958810922,3.4168612409620853,139.13060087080436,150.59632308945748,142.28005390456622,159.92232590354905
id_study,R0132_S+03,1.7369750271449163,1.74102903564567,1.5529250628024318,2.028999352533608,108.47525220839468,116.14730895749241,109.73339215942113,123.33998211155938
id_study,R0133_S+00,1.2126869037253634,1.0405291940217096,0.9281085099047044,1.212635181686906,152.35413169219288,143.46566972536405,135.54317132865282,152.35009141731663
id_study,R0133_S+01,19.43015603411673,16.676517352232757,14.874755806090114,19.43485273216437,585.8865266504323,547.9110529638664,517.654166790636,581.8416292022886
id_study,R0133_S+02,3.6644343801717127,3.082855934241487,2.7497785202171325,3.5927675911565866,262.7987525069732,244.74591101639575,231.23048888550656,259.9023305627113
id_study,R0133_S+03,1.1231566353777107,0.9685048627398208,0.8638658195823395,1.1286978558034106,146.2014424519475,138.47696857015177,130.82995752159496,147.052454160228
id_study,R0134_S+00,0.7469834055466205,0.7545813292457644,0.6730549773249186,0.8793908643262857,93.04666937499957,94.87073491384253,89.63175860202838,100.74581023195545
id_study,R0134_S+01,1.0098057730089276,1.15087653448434,1.026533721150226,1.341234233034404,119.14634830188147,121.64349596876882,114.92606730707038,129.17653238325542
id_study,R0134_S+02,10.772783395399653,10.280452227572441,9.169733298112236,11.980863320732322,348.7794358906722,363.1587337009414,343.1042879857744,385.64812323567173
id_study,R0134_S+03,2.4100500107213483,2.2700233406117847,2.02476585203831,2.6454905656581285,173.56207683381237,175.6874508716188,165.98559292527412,186.5672760068979
id_study,R0135_S+00,1.929784456768278,1.908634442816132,1.7024220741257905,2.224327090134424,151.3052584167181,151.50952904988387,143.1428305687631,160.89208411692601
id_study,R0135_S+01,0.9623619463349916,0.9597143240881646,0.8560250268625169,1.1184533412850082,105.18357978132336,106.79448305858072,100.89705043634532,113.40796225317004
id_study,R0135_S+02,5.39554174505911,5.414658424304989,4.829648788998618,6.310255723581959,251.7908945507256,252.9770429513722,239.00707911944187,268.64319313396066
id_study,R0135_S+03,3.805315550236572,3.766386648855483,3.3594593217355735,4.38935590128451,211.27337154854496,212.6291885649236,200.88732440519564,225.79671065466644
id_study,R0136_S+00,6.9190600889725316,5.44530727593384,4.856986282438471,6.345973967699454,273.346296580584,282.8053021647808,267.18815447174075,300.3186317715207
id_study,R0136_S+01,0.7479735900086183,0.7035942760289601,0.6275766589294687,0.8199704320150424,106.43590777518364,110.04213934492685,103.96536380552597,116.85673667470247
id_study,R0136_S+02,9.264212603583582,9.530691765842441,8.500978332927495,11.10709070680156,379.0728764832742,398.3271392875065,376.33061476416316,422.99440835301783
id_study,R0136_S+03,0.9054298454481382,0.9278614965561482,0.8276136372860948,1.0813319808047348,116.92437303455172,120.83931633897659,114.16629629322017,128.32255219169235
id_study,R0137_S+00,3.856752893971968,3.7871571511888944,3.377985740870559,4.413561893788627,235.70686815321056,221.78523128280875,209.53774975906944,235.51976110820672
id_study,R0137_S+01,8.391041210395207,8.542378247492758,7.6194440212481425,9.955307796938689,348.111730968808,327.86057314820675,309.7553716035875,348.16404779541676
id_study,R0137_S+02,1.12509761962362,1.1255007372583476,1.0038995716363313,1.3116612189792605,127.02342858369992,119.22437089191263,112.64053178219221,126.60759775719133
id_study,R0137_S+03,4.39546005668322,4.421953799117874,3.944197793724863,5.153355407433701,253.12835816176155,236.5782195772538,223.51383581990237,251.22883717712463
id_study,R0138_S+00,12.317309165119104,12.90453960214541,11.510309455962789,15.038980948291378,581.7472078067036,610.8320154793248,577.1004916063401,648.6591083221792
id_study,R0138_S+01,2.6052896477948164,2.6942555593529893,2.4031632431462535,3.139891795922838,266.3628826838941,277.22143710005105,261.9126430508302,294.38897379339926
id_study,R0138_S+02,1.1907623999102805,1.279076164904461,1.1408824281765757,1.490638385286815,177.08790198779437,185.51023862776643,175.26594415010183,196.99836112633267
id_study,R0138_S+03,7.241523443483613,8.018618527794779,7.152272263079428,9.344916981856002,430.06550482117353,448.19524456915644,423.4448906112369,475.9507038417675
id_study,R0139_S+00,2.308265992785841,2.2601566316849753,2.0159651604552793,2.6339918797578616,182.5177489938605,185.51571163445618,175.27111492499768,197.00417306079135
id_study,R0139_S+01,4.5830968069074975,4.575928928125587,4.081537167157908,5.3327983866526365,254.17166280839328,260.11239166698823,245.74839775895916,276.2204137415075
id_study,R0139_S+02,2.22168408775679,2.205805426442769,1.9674861591944877,2.5706508567260657,177.22087396706763,181.34988048189376,171.3353303800336,192.58036380986093
id_study,R0139_S+03,10.677887574318808,10.98042019808908,9.794075444233378,12.796607647733635,387.50374052309456,396.6934952097357,374.78718420305955,421.25959733468727
id_study,R0140_S+00,8.507841518261127,8.620542280670147,7.689163068803184,10.046400345920516,250.33910386753,262.7216024312848,248.21352201017987,278.9912055220679
id_study,R0140_S+01,2.728820347238183,2.71248716801028,2.4194250753382778,3.1611389557369014,141.586118659329,149.68236698013084,141.41656851638606,158.95177108667977
id_study,R0140_S+02,0.7697516248999182,0.7855368476927695,0.7006660047369742,0.9154664986783703,76.33405655603104,79.9534874222184,75.53827521760824,84.90477994649281
id_study,R0140_S+03,11.68513107413397,11.876497578904385,10.593338979986179,13.840898344941909,289.6376429181141,306.9425814098003,289.99251862644144,325.95066420536705
id_study,R0141_S+00,2.500099357236292,2.740645369247008,2.444541012826209,3.1939545900015216,196.6722147570328,204.22059084732595,192.94306845008225,216.86739234862324
id_study,R0141_S+01,10.141528383624836,11.602579998658602,10.349015957913132,13.521674149602655,404.9477130934552,420.5123134415873,397.2906734811995,446.553447368787
id_study,R0141_S+02,8.82918079593861,9.731700214832784,8.68026946011791,11.341346428277188,369.88162073108094,383.8043828885774,362.60983778307383,407.5722988738391
id_study,R0141_S+03,1.0189809377032073,1.2366666686046677,1.1030549317038636,1.441214258077101,136.97010541616115,140.29641425530966,132.54892930556687,148.98457295208442
id_study,R0142_S+00,16.391863089320385,16.55565307184563,14.766949924414428,19.293997214175274,323.8239713018921,315.76598508859456,298.32867402045366,335.32047622833727
id_study,R0142_S+01,6.647158255478699,6.970135941936441,6.217069660391368,8.123012898527268,214.67418117857383,209.17946320826204,197.62810067627237,222.13335359887662
id_study,R0142_S+02,5.665633485333018,5.775214710659762,5.151249912338672,6.73044887176484,194.1490640892244,189.29007469930252,178.83704913444544,201.0122717165342
id_study,R0142_S+03,1.5649881514589377,1.6162452040160435,1.441623105395213,1.8835759802638405,100.07458338397082,98.95238044852526,93.48800644912237,105.08022048865575
id_study,R0143_S+00,0.8013677012525163,0.8029102524013999,0.7161623549102706,0.9357135055825615,81.06311172265357,82.06201942579874,77.53036932040187,87.14388735188632
id_study,R0143_S+01,8.282633137787558,8.300686343075617,7.403864953833775,9.673639480365708,262.14602861970866,262.68631003899424,248.18017854352337,278.9537275721019
id_study,R0143_S+02,9.56305047224852,9.602622085457902,8.565137168776442,11.190918471266833,277.8021359153114,281.4466557871462,265.9045356165031,298.8758482803016
id_study,R0143_S+03,1.626735802053541,1.6231876126467846,1.4478154434540067,1.8916666796883754,115.98884326025092,117.26375319769369,110.78818382643229,124.52556457447615
id_study,R0144_S+00,1.138536723134458,1.0430314591289183,0.9303404256965736,1.2155513273561889,101.43562527134578,98.87643348537536,93.41625344885531,104.99957034565705
id_study,R0144_S+01,0.9470177253688724,0.8987397173905591,0.8016382285974801,1.047393390544697,95.65942287375184,92.5618284544072,87.45035517351363,98.2939197494283
id_study,R0144_S+02,18.43137098324495,16.939040813124276,15.108915750378971,19.74079819388163,403.3804580864747,391.2099440425892,369.6064471196807,415.43646540908065
id_study,R0144_S+03,3.787670168811813,3.502326504552714,3.1239287201319526,4.081619585088293,186.85317367579984,181.37132783583147,171.3555933626335,192.60313933754867
id_study,R0145_S+00,11.6948042624325,12.590837417120467,11.230500230839525,14.673391680523688,300.4924626555912,308.4538790260334,291.42035897401587,327.55555219308314
id_study,R0145_S+01,8.064867901483204,8.50923252769219,7.589879425857095,9.916679696753286,254.853811559289,259.70028630982887,245.35904979064148,275.78278786936
id_study,R0145_S+02,2.1259007033726536,2.151043996239412,1.918641254430357,2.506831756555103,131.06896298912966,134.12679729040252,126.72001252772448,142.4328891212923
id_study,R0145_S+03,5.838066485860669,6.093293594921602,5.434962970079412,7.101138755166205,216.05833855369627,220.1985714704968,208.0387088861402,233.83484395752777
id_study,R0146_S+00,8.163953878457166,8.274048380437554,7.380105005575761,9.642595535756595,421.3588806786272,422.9761772604379,399.6184771736664,449.16989128014416
id_study,R0146_S+01,3.2032095630106627,3.1744989086234194,2.83152021942704,3.6995685300715637,266.749658859197,264.43288454752195,249.83030326186758,280.8084624822078
id_study,R0146_S+02,2.196722616798926,2.19789990243595,1.9604347625127416,2.561437740366219,219.55492750671024,219.0697534992347,206.97222679345185,232.63612149350902
id_study,R0146_S+03,8.507514334587313,8.09958131212565,7.224487679575944,9.439271202046095,433.9102344372324,433.58542337916003,409.64185675353787,460.4361378961482
id_study,R0147_S+00,16.22684881420073,16.207607168894718,14.456507539691229,18.88838369637574,564.7810482203183,574.5457120076035,542.8179997895437,610.1256970768555
id_study,R0147_S+01,1.2935623974629826,1.292800637014682,1.153124083127374,1.5066329175176785,160.94536213478244,161.16014080801585,152.2605137431618,171.1403308675178
id_study,R0147_S+02,16.49914041304108,16.325490948908755,14.561654939725138,19.025765732186525,575.603405628545,587.2769395270296,554.8461801632388,623.6453333783638
id_study,R0147_S+03,13.981027889714488,14.776353148489411,13.179888830859719,17.2203968786622,567.4017310504235,577.6867006440677,545.7855359374502,613.4611982237301
id_study,R0148_S+00,7.368677184105959,7.22471542930982,6.444143912642939,8.419700434733327,263.2089904091124,263.00694356987793,248.48310596646348,279.2942170274197
id_study,R0148_S+01,2.4322732530880273,2.35644397062316,2.1018494385495887,2.7462053721022373,149.935262107693,149.9567580919173,141.6758071310813,159.2431544611469
id_study,R0148_S+02,2.7517341472815313,2.6933246796214636,2.402332937369644,3.138806946483867,160.28425118041,159.38374600962402,150.5822154787291,169.25392898164284
id_study,R0148_S+03,7.1363121899148005,7.055945449556514,6.293608151296276,8.223015501492352,255.51674412667816,256.724694379383,242.54777676898647,272.62292597702105
id_study,R0149_S+00,17.70235814603869,15.084154780196812,13.45443500927692,17.579109627649466,480.0227311794288,471.0328235343423,445.0213268718105,500.20254924671127
id_study,R0149_S+01,1.8674457002326137,1.652131479152012,1.4736321614926617,1.9253979301135855,165.53431799341493,157.98576008383807,149.26142949406403,167.76936975572264
id_study,R0149_S+02,1.1451471570857505,1.0757047186861286,0.959483606316203,1.2536288212574649,129.56671136957084,124.69528401449156,117.80932872237608,132.417309000004
id_study,R0149_S+03,9.669939808733716,8.408280680229957,7.499834601301846,9.79903017515184,368.05466826506887,354.3589717151093,334.7904687370281,376.3034169686007
id_study,R0150_S+00,0.8192094767030924,0.9387866130078225,0.8373583841021915,1.094064137335703,90.04495566863147,90.09703034304339,85.12166878227684,95.67648368747459
id_study,R0150_S+01,2.481821504819531,2.134922624768555,1.9042616655255935,2.4880438721450124,131.8383800562538,132.51358742850988,125.19588775893368,140.71977775182572
id_study,R0150_S+02,0.8279938090934307,0.7336587011316776,0.654392868357844,0.8550075840778664,75.61690994751147,75.49982018587028,71.33054954767805,80.1753097401443
id_study,R0150_S+03,14.743027041410446,11.459995680097796,10.221836710857344,13.355506047797258,308.4746588331412,314.51304116481805,297.14492049077137,333.9899410439023
id_study,R0151_S+00,2.1423050042447374,2.185027503100322,1.9489531208299051,2.5464362157604814,245.5867705010676,254.39862592678344,240.350159071342,270.15281070780816
id_study,R0151_S+01,3.2304788752291986,3.308856723473183,2.9513617693332934,3.8561494450112743,299.1242935861653,310.05227415256417,292.9304871106006,329.2529313926793
id_study,R0151_S+02,3.2143462334176003,3.291748004717934,2.9361015079571176,3.8362109037426584,298.40206010590754,309.2213965487395,292.1454924451595,328.3705998973354
id_study,R0151_S+03,1.4262726570970714,1.4449726978158388,1.2888551951526104,1.68397459678769,198.5431527428663,206.09528500925887,194.71423776512552,218.85818099859597
id_study,R0152_S+00,5.063671388700519,5.060104319470804,4.513401360470067,5.897057531927503,266.50892609666283,269.02612034212086,254.16989019895175,285.68614433144757
id_study,R0152_S+01,0.898357603642188,0.8992563977405458,0.802099085854036,1.0479955310455882,117.947866746176,116.81391933305692,110.3631908040555,124.04787377547729
id_study,R0152_S+02,2.3345303050471546,2.353376199551577,2.0991131150957782,2.7426301844456713,185.0103093733252,185.10429308545605,174.88241583774106,196.5672765288828
id_study,R0152_S+03,3.1741011231516114,3.256210845806794,2.9044038489267296,3.7947958147663585,214.33309003936012,216.74989822963425,204.7804791728046,230.17260417208192
id_study,R0153_S+00,16.857327002204105,12.638803432815461,11.273283910152434,14.729291388567711,454.1009259752332,426.3662178141856,402.8213120293313,452.7698674225938
id_study,R0153_S+01,12.956985046593376,10.303909339076318,9.19065606023137,12.008200293912681,409.1204682435388,387.3473392707364,365.95714410964115,411.3346604878947
id_study,R0153_S+02,2.7881080342226476,2.3234035153020955,2.072378734670456,2.7076999473900103,198.0025592689,192.52520705226007,181.893530170133,204.4477466330331
id_study,R0153_S+03,11.261988580941633,9.491549246783332,8.466064843477524,11.061473922588647,395.3172402716163,374.0894953487018,353.4314282808098,397.25579592479016
id_study,R0154_S+00,14.056388584977768,13.869055567621519,12.370617346063806,16.163030133797115,463.7020889719159,463.3223855702747,437.73667671137014,492.0146257459745
id_study,R0154_S+01,3.5265369860154614,3.461261656587441,3.087300593719463,4.033762514225296,238.992766534321,240.22994007130987,226.96390005839027,255.10669835579498
id_study,R0154_S+02,5.954409555470929,5.992099489296782,5.34470206137815,6.983206905329576,308.87195950992805,314.146633401941,296.79874659234076,333.60084268833623
id_study,R0154_S+03,7.122676155431602,7.133483902661666,6.3627692075984,8.313378997979628,338.184961650268,340.9709809778234,322.1417930941085,362.08634596740427
id_study,R0155_S+00,2.4690743000755795,2.59749638558999,2.3168581081277027,3.0271284261585856,106.69453232301971,110.46856504514304,104.36824131520468,117.30956970810338
id_study,R0155_S+01,5.405055631870866,5.774275507183253,5.150412182129767,6.729354321813794,156.46671331737537,161.25186430405515,152.3471720605301,171.2377345393053
id_study,R0155_S+02,9.73392277089606,10.731455445717838,9.572009300707908,12.506463536967784,208.59055914692425,214.56112671401797,202.712576565105,227.84828824943577
id_study,R0155_S+03,14.598195898583056,15.636843588948182,13.947410304615476,18.22321447148007,261.165083220388,269.24444424206234,254.37615775990594,285.91798841078963
id_study,R0156_S+00,0.9088246970537808,0.9096431241940566,0.8113636113156393,1.0601002466003757,122.4655008793162,121.89160386726161,115.16047412688852,129.4400048996358
id_study,R0156_S+01,3.4690891587715185,3.472163735255091,3.09702479179601,4.046467822468321,236.2406001682697,237.69178285083623,224.56590561378,252.41136026333763
id_study,R0156_S+02,0.8227309510459099,0.8257393200770166,0.7365249282091877,0.9623185550012773,116.30749864741252,115.49752305301911,109.11948890057482,122.6499568104703
id_study,R0156_S+03,12.857381936290222,12.626700129438872,11.26248826988947,14.715186170210162,461.8824127482941,460.2795584820804,434.86188140927374,488.783365013418
id_study,R0157_S+00,5.110874989301272,5.004695509449783,4.463979019992102,5.832483973787149,169.3124514003187,172.92972206018527,163.38015212900805,183.6387688781169
id_study,R0157_S+01,1.3239008680726905,1.3338826097868566,1.1897674841511927,1.5545099456711076,91.02180812563029,92.69754489323292,87.57857704397979,98.4380407220729
id_study,R0157_S+02,8.788174732786796,8.710748087948847,7.7696228750817555,10.15152640689708,223.68443219634915,228.42021491710906,215.806334607475,242.56563044526206
id_study,R0157_S+03,5.599510105592482,5.637226582738876,5.028170275049301,6.569637181392903,184.6596220583801,187.56460670383947,177.20686537983107,199.17995038593526
id_study,R0158_S+00,13.77904957676018,14.012523583476536,12.498584814136025,16.330228098517534,289.9318178156382,293.84061722443306,277.61407450305865,312.03733256854963
id_study,R0158_S+01,3.778404515948325,3.8916621283334702,3.4711998084551476,4.535352241118617,162.6207530041507,164.79025509269368,155.6901649159656,174.99524782559337
id_study,R0158_S+02,3.4526887684347147,3.6734992719345083,3.276607667521166,4.281104732709767,160.99546307011633,164.1922828879199,155.12521408726505,174.36024489955057
id_study,R0158_S+03,11.499106494254804,11.577135801586541,10.326320798598093,13.49202142220526,278.9624853644823,278.8456901901766,263.4472012158422,296.1138122668765
id_study,R0159_S+00,8.180188601162032,10.329926765478415,9.21386251612741,12.038521064125954,418.1227059077248,418.77570210681836,395.64996174765054,444.70929262350984
id_study,R0159_S+01,5.544262432467069,6.884474878276424,6.140663575288587,8.023183292504037,339.1923464932414,338.2420994725906,319.5636065906236,359.1884725766126
id_study,R0159_S+02,1.2547427019262556,1.4727439874238095,1.3136260236543698,1.7163393233258082,162.42269584845158,159.3295535021885,150.53101560398468,169.19638048604986
id_study,R0159_S+03,5.424612946218289,6.501603871721485,5.799158655079683,7.576984516665835,330.4873385712336,325.35293996140956,307.38621558655484,345.50112400339754
id_study,R0160_S+00,1.9966462768427398,1.9583171991753519,1.746737014290316,2.28222749180553,82.50170671949903,83.34824920108558,78.74557058167544,88.50976968613217
id_study,R0160_S+01,11.493307879128965,11.21649483868352,10.004644147319496,13.071729591772945,195.89792360986976,196.02625102839775,185.20123858842703,208.16560032473285
id_study,R0160_S+02,4.380511045320664,4.303948428796913,3.8389419402239806,5.015831669991882,121.9834062215096,123.35934491663761,116.54716319962976,130.99863898594674
id_study,R0160_S+03,1.0360721305031964,1.0350879294584678,0.9232551295528579,1.2062939191061317,59.66116192388234,59.78981121455805,56.48808276346744,63.4924245068477
id_study,R0161_S+00,14.37394960605605,13.647859812039165,12.173319985941395,15.905248077512605,307.23783754805646,302.96057469780453,286.2304073211438,321.7220631208132
id_study,R0161_S+01,9.097180192575621,8.810305832543673,7.8584242182024076,10.267551237722312,241.98830208721995,238.74090986513187,225.5570974641816,253.52545673563156
id_study,R0161_S+02,3.411243166448582,3.317598882887119,2.959159409797044,3.8663375782517075,147.978631300969,147.72766065039104,139.56980548620393,156.87601534246625
id_study,R0161_S+03,17.48040970485644,16.33760303289841,14.572458411927615,19.039881183491296,335.7995893326668,325.8192643637543,307.82678850189234,345.99632655229544
id_study,R0162_S+00,5.72926478623572,5.571260067329301,4.969330903052681,6.492759648442806,285.79736728432573,289.1249058120723,273.15877532851965,307.0295905341929
id_study,R0162_S+01,2.8823402509180793,3.48741576441607,3.1106289637298192,4.064242573296053,245.2060506409621,243.66927206652906,230.21330437077046,258.7590184187704
id_study,R0162_S+02,9.52422522342642,8.687792519819174,7.749147468670043,10.124773933550262,347.13500520716485,352.83776428331083,333.35326581629187,374.68800547857074
id_study,R0162_S+03,4.503044265651632,5.278778091689941,4.708449216941175,6.15190046284058,307.1414371865281,306.7041140634122,289.76721998566103,325.69742925311806
id_study,R0163_S+00,4.4343711259068925,4.574423532483816,4.080194417224577,5.331043995014171,221.60064164872077,225.39078457060214,212.9441962487244,239.34859607657836
id_study,R0163_S+01,9.44698797926487,9.43540128381402,8.41598320949259,10.99603895385559,330.0088337117776,330.19558331409786,311.96143723291465,350.6436585128439
id_study,R0163_S+02,17.04301707357728,16.965157685563288,15.132210907979553,19.771234858741334,438.5372336109708,436.6152686132708,412.5043870888615,463.6536128452474
id_study,R0163_S+03,1.1031809592154809,1.0986343133183887,0.9799358454548406,1.2803510250290178,112.74238756902756,112.77516396613997,106.54746463276676,119.75900975288671
id_study,R0164_S+00,1.3948254908488467,1.3729524413370504,1.2246161393841393,1.6000420196893572,58.72410380933392,58.91435608705541,55.66097224591441,62.56275492831991
id_study,R0164_S+01,1.0547187294099702,1.0552263668815813,0.941217773230672,1.2297633016700946,50.86102940414372,50.7688836476975,47.96531119672951,53.91285650210419
id_study,R0164_S+02,2.9642032835927457,2.935143669149316,2.618025359386084,3.4206233683451965,84.04887019295694,84.54524894177663,79.87646929245012,89.78089622302342
id_study,R0164_S+03,3.1015450749474653,3.115621709323628,2.7790042208145573,3.630952902869249,87.49033952160693,87.08609404166592,82.27700318570231,92.47908864763897
id_study,R0165_S+00,8.380324910217784,8.47286556076425,7.557441612791238,9.87429754755321,494.4686253464831,522.3047172324763,493.4618707676022,554.6495657838575
id_study,R0165_S+01,3.850095170406383,3.7809158481469654,3.3724187596658126,4.406288264474143,324.7625837109142,341.00080593331194,322.1699710481751,362.1180178977267
id_study,R0165_S+02,17.60977397873217,17.019438047572383,15.180626720040179,19.834493320901842,714.3640317200487,741.3920049551291,700.450663505042,787.3043073454692
id_study,R0165_S+03,1.2427737102247811,1.2696998268157282,1.1325191268661514,1.4797111787200847,194.65863496235448,202.60752756481727,191.41908216623068,215.1544366357858
id_study,R0166_S+00,16.38263311767186,14.997616536582475,13.377246516352237,17.47825775403452,463.7442236838653,436.0642237510434,411.9837721688347,463.0684433388693
id_study,R0166_S+01,10.498182359366192,8.256130745953122,7.364123225210628,9.621714282185563,335.07587399604904,306.18604459403383,289.2777594827929,325.14727721206594
id_study,R0166_S+02,16.174483208926436,14.721328708972205,13.130809332790786,17.156271266815335,459.04813815927497,431.4004850720055,407.57757567586884,458.11589256168304
id_study,R0166_S+03,2.28286548944946,2.012291200283408,1.7948795652440066,2.34512892024798,166.63517313599272,150.82424883173005,142.49539307242566,160.16436644006248
id_study,R0167_S+00,2.835370378050104,2.4498903145529414,2.185199667951131,2.8551079621499924,192.3426214484053,187.4508273554211,177.09936918408016,199.05912500543744
id_study,R0167_S+01,1.9721447442047968,1.7621354900010526,1.5717511370862614,2.053596864318051,163.69119729438876,159.92473305018333,151.09332799272275,169.8284178140065
id_study,R0167_S+02,8.990192254345653,6.904897167032143,6.158879402479994,8.046983476081815,314.7509140730932,304.2300573980537,287.4297863186979,323.07016128120165
id_study,R0167_S+03,1.3099754099445307,1.1684886627385724,1.0422430027390568,1.3617594489227907,133.42730908843794,129.933727422013,122.75849345035837,137.98015433818202
id_study,R0168_S+00,4.8077370838809905,4.354313428115746,3.8838654125664376,5.074527159220394,292.5712785562747,293.35356468959833,277.1539181095358,311.5201182527544
id_study,R0168_S+01,7.52277193801007,6.461254710771715,5.7631688915438275,7.529961509142014,351.6351467588787,349.12776218930674,329.84813841947357,370.7482534859027
id_study,R0168_S+02,8.631310812895842,6.642629979023746,5.924948042881552,7.741336675388165,351.2666745799375,346.5268120790141,327.39081865028044,367.98623391820047
id_study,R0168_S+03,1.1873214442157374,1.0572187476723076,0.9429948935435549,1.2320852269519926,144.27108988330846,142.54152028631788,134.6700555094488,151.36871202675255
id_study,R0169_S+00,17.066569801903757,13.793107753994414,12.302875073630744,16.07452037231655,385.8469160895309,371.335948890376,350.8299388786642,394.33173015037306
id_study,R0169_S+01,5.368581790397126,4.6412453896386525,4.139796718274236,5.408918345255536,235.3292658079993,225.4096216080338,212.96199306239288,239.36859963826834
id_study,R0169_S+02,13.290346135956302,11.777928707970046,10.50541967080056,13.72602594981751,367.2591611702071,349.6791375526562,330.3690655896038,371.3337739603991
id_study,R0169_S+03,3.2116542133295125,2.912392548019616,2.597732311145184,3.394109158015295,185.67582719692484,179.78126107713587,169.85333368259683,190.9146042579673
id_study,R0170_S+00,5.192684938820139,5.342036309276371,4.764872900582812,6.225621739107346,354.6904983513703,355.2862266824176,335.66651859020766,377.288094203977
id_study,R0170_S+01,1.3485750837062132,1.3927012122745952,1.242231216858757,1.6230572840101805,182.24611449930424,180.45590427883903,170.4907215625629,191.63102619814507
id_study,R0170_S+02,10.695871111193432,10.882862366112974,9.707057939501082,12.682913519800442,518.313493215849,516.609826039413,488.0814643319924,548.6020061444277
id_study,R0170_S+03,1.3853100561606642,1.4335167340880848,1.2786369547745644,1.6706237895866825,185.7857950995742,184.60080180603967,174.40672848425044,196.03260546371612
id_study,R0171_S+00,1.01110024624395,1.160096368171793,1.0347574270821642,1.3519790490020323,105.85580309435956,106.82205966532756,100.92310420056714,113.4372466008952
id_study,R0171_S+01,6.114244262861125,7.165668516061436,6.391476536288398,8.350887022494256,261.0432312207559,268.94390148448264,254.09221165237935,285.59883389333794
id_study,R0171_S+02,0.7559357731379234,0.8801881915160662,0.7850910436316396,1.0257733984496786,91.72793654425143,93.66868352702689,88.49608720844068,99.46931921483444
id_study,R0171_S+03,0.7705144116108231,0.9037666973518085,0.806122084416194,1.0532518448712738,91.22943444415074,92.18903786871076,87.0981509261596,97.8980433009435
id_study,R0172_S+00,32.44395832900729,17.604853094510553,15.702792450719564,20.516737400053845,388.6811309326872,380.04643228759676,359.0594097041585,403.58162905926156
id_study,R0172_S+01,2.0335904737527035,1.4292038039820054,1.2747900015539584,1.66559749064876,117.28912348456096,114.15851887047627,107.85442755404073,121.22803189972976
id_study,R0172_S+02,1.6438545917177052,1.4828139618454732,1.3226080195550767,1.7280748953141343,123.91799812804264,122.13298610393007,115.38852669112272,129.69633525304613
id_study,R0172_S+03,8.463653792743676,6.933261513766455,6.18417921312755,8.080039352796481,265.7469630490726,261.34404537711595,246.91203676868872,277.5283402697957
id_study,R0173_S+00,17.779617315963012,16.980725357420464,15.14609661999327,19.78937746031314,304.60869658000934,314.7528743125888,297.37150951029645,334.24462637773667
id_study,R0173_S+01,1.095335052019056,1.1026962789122994,0.9835589488298431,1.2850848493313805,76.0720863159183,78.35897367938489,74.03181412594428,83.21152249366884
id_study,R0173_S+02,3.2023275505483,3.1343182356664077,2.795680740131928,3.652741878852673,130.62468661190167,135.2438518654775,127.77538082553875,143.61911971538905
id_study,R0173_S+03,3.090161557823103,3.020980605937476,2.6945883159614104,3.520657937327589,127.17105071781042,132.60061664955867,125.27811102978167,140.81219644549748
id_study,R0174_S+00,5.094070016951744,4.982433803019053,4.444122509187727,5.80654012850401,135.10773553977845,135.5952776132209,128.10740004955846,143.99230826215148
id_study,R0174_S+01,0.7635220873657241,0.7547541086294373,0.6732090893068257,0.8795922218283295,51.92618412559568,52.09870671962997,49.221698434322924,55.32503174211529
id_study,R0174_S+02,11.725481848007577,11.671083980459748,10.410118643774606,13.601508851882018,201.01693664488224,199.9755923795658,188.9324883879187,212.35951317538513
id_study,R0174_S+03,1.7129528421481701,1.6106374339162972,1.4366212090706634,1.8770406717373385,75.87655525187427,76.3238827621438,72.10910552678575,81.05040417262555
id_study,R0175_S+00,1.860000436905738,1.8791517489303058,1.676124744605808,2.18996788900651,98.86834752812032,93.96696386429096,88.77789583161267,99.78607120670233
id_study,R0175_S+01,4.255608540461019,4.089118621956112,3.6473227400557526,4.76546850541476,150.54642119882743,143.1477879372998,135.24284369107698,152.01252411244016
id_study,R0175_S+02,2.787630310313832,2.795694830617448,2.4936428293414212,3.2581093623752766,121.66908014109129,114.99179824325537,108.64169135732858,122.11291389876186
id_study,R0175_S+03,15.603728118660134,14.77594372136544,13.179523638993764,17.219919731324367,285.8255800404141,268.1449420187689,253.33737253335394,284.7503971357971
id_study,R0176_S+00,14.156361525162021,14.131565095810751,12.604764862965107,16.468959358310205,260.00719679142776,252.40789135123987,238.46935735648358,268.0387955907961
id_study,R0176_S+01,17.375357031234916,17.272388894686326,15.406248293315475,20.12928283590076,286.0532996278985,277.0754587581455,261.77472596275567,294.233955427146
id_study,R0176_S+02,1.7009442272678,1.681900359415816,1.5001847572890217,1.9600906535227092,90.29004780301292,88.75175621788553,83.85068373352384,94.2479005543704
id_study,R0176_S+03,10.948564502053387,11.152442577448074,9.947512209962229,12.997082935161135,229.6964872572031,223.11143025871013,210.79071303140205,236.9280878222067
id_study,R0177_S+00,17.983178103189946,17.991292467041657,16.047480204094477,20.967094758033415,661.1200579506697,648.9142847340138,613.0797719181625,689.0997044134753
id_study,R0177_S+01,1.8777263447514696,1.992940571134186,1.7776196135880726,2.3225776513081553,224.26445309211064,216.7558762308712,204.78612705530787,230.1789523739666
id_study,R0177_S+02,3.8739864252380505,3.964590854522898,3.536249181199134,4.620343550964621,316.6859807236985,307.62020780194956,290.6327249583376,326.6702540765073
id_study,R0177_S+03,11.553504259178519,11.564566453956216,10.315109466358036,13.477373074773054,571.1150818200886,571.6559889713669,540.0878537877667,607.0570216956014
id_study,R0178_S+00,1.5418184354285003,1.6831166393055825,1.5012696280668951,1.9615081089805504,146.08867066094743,136.0688255048946,128.55479755682498,144.49518163056825
id_study,R0178_S+01,2.007415277651616,2.2257331009630663,1.9852608111803822,2.5938746157050128,166.20484056870384,159.06612661104867,150.28213574090182,168.91664031529152
id_study,R0178_S+02,1.0455661287906357,1.2013913528962061,1.071590825855897,1.4001043217879892,120.244947305249,115.07502301875522,108.72032027270575,122.20129254837092
id_study,R0178_S+03,9.966954033531696,11.276411848196485,10.058087613141046,13.141557016254968,370.0325707993598,347.17668155486876,328.0048008655076,368.6763479660093
id_study,R0179_S+00,0.8432379865346029,0.9041271141409323,0.80644356111384,1.0536718754490542,154.2145031236459,154.11992977173622,145.609079065395,163.66413954573585
id_study,R0179_S+01,5.662547057674378,6.3232706185913985,5.640092853966207,7.369154522031675,394.2972408297342,399.6212669924048,377.55327781353225,424.36867771323733
id_study,R0179_S+02,9.98944122337839,10.6066187860302,9.460660222883037,12.360978598754366,515.3966273358816,531.4657681005327,502.1170277102805,564.3779345280933
id_study,R0179_S+03,1.4727135779274627,1.610431837033006,1.4364378252520364,1.8768010686436851,206.1558185682888,208.3360052539492,196.8312203757183,221.2376626876488
id_study,R0180_S+00,1.535723244971484,1.5871244494604804,1.4156486106158763,1.8496385840867482,255.1141679909636,255.622258869546,241.50622023860066,271.45221976537556
id_study,R0180_S+01,14.687605921082175,15.140446565660646,13.504644926910068,17.644712207457516,780.5208927452419,793.8705651617148,750.0312390586145,843.0327158227551
id_study,R0180_S+02,12.152777977285904,12.00145137156154,10.704792535519532,13.986519790194809,715.2504825623992,727.1937238210429,687.0364435316237,772.2267669632465
id_study,R0180_S+03,2.0596660780617633,2.133028537859017,1.9025722192425467,2.4858364987845385,292.56547864377893,296.19843551551315,279.84168874137424,314.54116385361675
id_study,R0181_S+00,7.0566616722643225,7.56574768859893,6.748330420639799,8.817140235634788,484.08943488203874,476.09319434354717,449.80225257265295,505.5762944560265
id_study,R0181_S+01,1.4401029876400866,1.4618303022906234,1.3038914730961284,1.7036204888804205,216.6133404877444,207.28833540297825,195.8414052207906,220.12511361666802
id_study,R0181_S+02,5.259029807609386,5.345679852087786,4.768122788340796,6.229867932510174,403.30986526787154,385.2666744043564,363.99137825777484,409.12514595240617
id_study,R0181_S+03,2.6021765863589343,2.6145368977994585,2.3320575321185038,3.0469874793575635,285.91223656772087,272.0029849548569,256.98236562250565,288.8473577196783
id_study,R0182_S+00,1.3484930574909486,1.3704123320204589,1.2223504681407358,1.5970817702890263,75.61432219790325,75.25711250783426,71.10124473594301,79.91757186454483
id_study,R0182_S+01,14.323049990091517,14.334245698152708,12.78554748098962,16.705163811253428,244.2854820974977,242.1377288133562,228.76633639606655,257.132631039287
id_study,R0182_S+02,18.255338911832922,18.274104208380347,16.299736445769835,21.29668422972899,274.4043957082332,276.2534376604855,260.9980987272004,293.3610288962539
id_study,R0182_S+03,17.14362611956394,16.912493413808846,15.085236580815973,19.70985979198273,266.7673761430297,268.11597331492237,253.31000354677926,284.7196344823504
id_study,R0183_S+00,1.2626065036290772,1.3371599175594653,1.1926907055762241,1.5583293278942252,204.7437000233809,203.79920905069721,192.54495630823982,216.4199155734416
id_study,R0183_S+01,8.5092625097633,8.818914785941692,7.866103044472713,10.277584132357005,525.0222026423376,525.3449917462427,496.3342544541973,557.8781158682974
id_study,R0183_S+02,5.173116516918726,4.968811186724447,4.431971705363258,5.790664299281369,404.3999369830871,397.32676506974315,375.3854834707281,421.9320837995583
id_study,R0183_S+03,5.876040067138932,6.005975386795129,5.357078781440185,6.9993779090656085,425.4728968741203,415.6350142940713,392.68270981129604,441.37411092951135
id_study,R0184_S+00,7.017063969257429,6.936196626256653,6.186797210676615,8.083459939828803,413.0583287290684,410.531103922652,387.8606489012282,435.9541298764828
id_study,R0184_S+01,10.41280533243072,10.41443742919124,9.289242492604966,12.137009991332107,476.5976249855645,482.238646288955,455.6083387779659,512.1023167962553
id_study,R0184_S+02,1.5457275621339976,1.4979940613282396,1.3361480332251414,1.7457658191248946,189.90586626040556,188.15067788936503,177.76057239045284,199.80231529638942
id_study,R0184_S+03,4.978975013155441,4.914601936918355,4.383619322412689,5.727488711450289,335.3468287601248,336.076987260262,317.5180567660335,356.88928111074864
id_study,R0185_S+00,5.400482596949775,5.337129796414635,4.76049649637705,6.219903677423229,187.5026397483552,187.15586207456838,176.82069255241518,198.7458933620145
id_study,R0185_S+01,11.896658205340952,11.864973806673119,10.58306025725981,13.827468513550663,272.323553971716,275.69758298996265,260.47293960735846,292.7707517238056
id_study,R0185_S+02,1.5253212523762676,1.48114211113227,1.3211167986617762,1.7261265165420572,98.17547379060412,99.59282673340346,94.09308584326747,105.76032779401916
id_study,R0185_S+03,15.497091261657529,14.835510831415423,13.23265500913259,17.28933938214535,317.30759973511954,313.5318729524241,296.2179346036994,332.94801186920756
id_study,R0186_S+00,7.689712984555815,7.245947056201699,6.463081635592656,8.44444382288761,392.65313545276064,406.63026063588006,384.1752189934509,431.8117184376906
id_study,R0186_S+01,1.1736020512112342,1.174813546697874,1.0478845346254413,1.3691304836358984,169.22181571309844,171.42428031582088,161.95784427882825,182.04009939979215
id_study,R0186_S+02,9.27775259859232,9.38358347912284,8.369763895536984,10.935650361812883,468.31379301208455,477.50048008997067,451.13182482085006,507.0707294140784
id_study,R0186_S+03,2.252761033545632,2.1741583171952557,1.9392582617214946,2.5337692408207046,217.6191448186797,222.1040829472428,209.8389937142508,235.85835835114352
id_study,R0187_S+00,1.1111691764634215,0.9429093893618635,0.8410357281311757,1.0988688306416292,120.9018568955466,116.79320591005437,110.34362122306646,124.02587762898423
id_study,R0187_S+01,2.516381962204385,2.1712868837085337,1.9366970631794802,2.5304228654495198,187.7360917149858,183.3408438625189,173.2163482648401,194.6946219012038
id_study,R0187_S+02,11.837320426299327,10.674513113975658,9.521219123010471,12.44010280898958,401.8946756589352,390.9820152194894,369.39110504112426,415.19442160095315
id_study,R0187_S+03,1.0147914670253637,0.8775395502209586,0.7827285664039002,1.022686665625103,115.84809351405096,112.64436726727672,106.42389082310775,119.62011318573552
id_study,R0188_S+00,5.715932471198134,5.457343226773299,4.867721847056048,6.360000693251065,276.35619058060445,278.67002334995493,263.2812350954003,295.9272668778786
id_study,R0188_S+01,2.7416906871660167,2.585436038413646,2.3061007829982585,3.013073269058315,189.7426156372105,192.71430319698402,182.07218399854347,204.64855296524138
id_study,R0188_S+02,2.0769349621390365,1.9784969659796494,1.764736522047107,2.305745039727994,166.59606755728274,168.17828287143882,158.8910981466108,178.59308654759792
id_study,R0188_S+03,0.859480396200329,0.8396292135641874,0.7489141321077226,0.9785058696957613,107.3931897113283,108.33766399970841,102.3550134395836,115.04670800958914
id_study,R0189_S+00,5.095750311044715,4.994168214226293,4.454589113068456,5.820215439055636,198.1677915972843,200.1882200297367,189.13337425888346,212.5853082523774
id_study,R0189_S+01,3.8639383924700694,3.7676187749598116,3.3605583266739005,4.390791823958249,172.46318013297594,174.23982202831436,164.6179054171481,185.02999961849105
id_study,R0189_S+02,10.709479418498292,11.215394636727423,10.003662813202267,13.070447413813318,283.0835840611311,289.1581902989405,273.1902217708274,307.06493623485323
id_study,R0189_S+03,3.8341234680808784,3.8542177869085252,3.4378010224105693,4.491714517133683,169.3666915583604,173.0720786030982,163.51464742201256,183.7899411576466
id_study,R0190_S+00,10.377020138271604,10.610304691142955,9.463947896041564,12.365274161283287,335.1129073849281,327.4170374567349,309.3363289550248,347.69304519756923
id_study,R0190_S+01,1.1356932523967846,1.136911259114569,1.0140772797660578,1.3249590681157957,112.86832842451946,109.33596777117211,103.29818862144121,116.10683389988675
id_study,R0190_S+02,3.81876439351926,3.8156848790893085,3.403431280683128,4.4468081753003705,204.16063598283043,200.61965167440064,189.5409812734482,213.0434572341561
id_study,R0190_S+03,0.8748336040086485,0.8865366689893214,0.790753619945422,1.0331719290997043,97.01594569701248,95.22290597773215,89.96448198415293,101.11979025017742
id_study,R0191_S+00,7.8740716520924945,7.746673618241181,6.90970878073595,9.027991741603227,486.72885321797406,479.6076923412232,453.12267205102097,509.3084353386286
id_study,R0191_S+01,1.0753092007725964,1.098444635877746,0.9797666611130568,1.2801299744914478,177.57962688952884,175.4612108533009,165.7718463918842,186.32702558643865
id_study,R0191_S+02,2.8963114923195428,2.903597692505631,2.5898876679647627,3.3838596126153333,295.3580027045309,288.9419923415717,272.98596275309416,306.83534975167277
id_study,R0191_S+03,8.032825481962771,7.9544370080274405,7.095025032519321,9.27011968704566,489.9586581284546,484.25616634556695,457.51444681911494,514.2447761431464
id_study,R0192_S+00,13.416097160629306,13.669279139517316,12.1924251299615,15.930210212373701,420.8265136755759,432.7247344516148,408.8286970130211,459.52214894642657
id_study,R0192_S+01,17.035455211256725,17.052576288729956,15.210184644794547,19.873112705459025,474.3165711133352,486.90136804557096,460.01357450526336,517.0537876759006
id_study,R0192_S+02,18.521992782900938,17.37047580592579,15.493737714616339,20.24359355405779,459.8196538497706,463.34298640525384,437.75613992170076,492.03650233218747
id_study,R0192_S+03,5.485143296110615,5.478664576922619,4.886739599397776,6.384848645101604,268.99923733534484,277.6118900543136,262.28153431085565,294.8036063908
id_study,R0193_S+00,1.3986524028063605,1.4121488070338548,1.2595776577822304,1.645721556901092,89.8489845869624,91.46372983395094,86.41289603967913,97.12781899841242
id_study,R0193_S+01,17.07036133126458,16.9886356393852,15.153152260574426,19.798596121608387,310.1058353733451,312.7319565832379,295.4621914235731,332.09855894987834
id_study,R0193_S+02,12.42390598115158,12.722368260499914,11.347820240462301,14.826678036231206,264.8697041259124,270.0819893454911,255.16745173055992,286.807400305062
id_study,R0193_S+03,3.5484479930180646,3.55459121572857,3.1705466559752895,4.1425290030043715,142.17127537286947,145.89895463761513,137.8420847508258,154.93406275718826
id_study,R0194_S+00,3.5390952013834975,3.584732183457087,3.1974311382236715,4.177655358024187,277.58762068737536,284.1021702233414,268.4134065462519,301.6958111877261
id_study,R0194_S+01,5.919419805882171,5.932005058028869,5.291100342773732,6.913172713115054,370.0443111218896,372.6908580049262,352.1100268509282,395.7705449404133
id_study,R0194_S+02,1.5567197191458904,1.585734102949983,1.4144084796944925,1.848018270977754,187.9764140049167,188.7676523286077,178.3434761073055,200.45749721134305
id_study,R0194_S+03,4.647967536206793,4.5975083342704,4.1007850946516875,5.3579470775701585,312.07967721234354,320.6760716494335,302.9676145086438,340.5346305123743
id_study,R0195_S+00,0.7798002564452775,0.795660388788912,0.7096957798703221,0.9272644973957224,77.81120888160198,78.73250454537865,74.38471777364516,83.60818506590843
id_study,R0195_S+01,17.969224212025104,13.122404345528786,11.704635692558604,15.292881035087365,282.5726118527913,296.05059050151885,279.7020080630609,314.3841632175709
id_study,R0195_S+02,1.000943569277195,0.8141453856096752,0.7261836237035185,0.9488069563743028,72.50323202575002,74.67307661962825,70.54946062892473,79.2973682915959
id_study,R0195_S+03,7.477954412054099,6.580620922649447,5.869638558781727,7.669071174550029,217.7637469823893,221.20503543844856,208.98959364000046,234.90363538211886
id_study,R0196_S+00,2.7026016012788006,2.69297958861557,2.402025130629476,3.138404776610081,126.0831236777862,128.82146682806845,121.70765439920605,136.7990146028592
id_study,R0196_S+01,6.6322074717476145,6.724310157286398,5.99780334475261,7.836526948161698,197.38908763911823,200.2747045032536,189.21508286438896,212.67714846384888
id_study,R0196_S+02,1.897019684133917,1.8864464401385803,1.682631303985809,2.1984691393794153,105.20430542887364,107.14359532988931,101.2268839393255,113.77869405646895
id_study,R0196_S+03,0.8937235157721508,0.89500631434069,0.7983081892661518,1.0430424738076178,73.16576998979369,73.93316984450477,69.85041317750465,78.51164119014966
id_study,R0197_S+00,1.126116360148577,1.1326625383581004,1.010287598599068,1.3200075989056492,101.73426041444472,100.90778836349462,95.33543232141268,107.15672126528062
id_study,R0197_S+01,0.9621154040938223,0.9862950236747736,0.879733898874269,1.1494305513986345,93.00407528167912,92.85598596344128,87.72826864034468,98.60629359801675
id_study,R0197_S+02,5.7244562047712355,5.817308262056242,5.188795599175373,6.7795047960375925,228.13188993738663,226.69261805893257,214.17413955075574,240.7310484175247
id_study,R0197_S+03,4.192729049305111,4.303693690864562,3.838714724645438,5.015534797803524,195.1117645626997,194.53362387508176,183.7910376786275,206.58053900870527
id_study,R0198_S+00,1.2935671465270162,1.359072035150014,1.2122353977604174,1.5838657615168703,189.04679446336505,188.85790594308952,178.42874571329662,200.55333997598055
id_study,R0198_S+01,1.8227809199082776,1.8787467367871595,1.6757634907180474,2.1894958868977645,240.1922631635192,238.11708743682865,224.96772391969517,252.86300275509322
id_study,R0198_S+02,0.8495801542961858,0.8918477858968329,0.7954909140331623,1.0393615172949262,158.14583606543653,159.07197226091253,150.28765858077384,168.9228479696583
id_study,R0198_S+03,2.485154715975743,2.557679371705396,2.281342997511292,2.980725584082088,276.17183306454007,277.0705658401857,261.7701032427796,294.2287595046657
id_study,R0199_S+00,2.0342076539422567,2.019945140378363,1.801706559601534,2.354048840122398,83.13059531280066,85.6891395371027,80.95719166484989,90.99562471593008
id_study,R0199_S+01,0.8940904934381452,0.8949176744775141,0.7982291262165007,1.0429391727015993,54.29542805686669,56.92839580070947,53.78468117321816,60.45380975868346
id_study,R0199_S+02,10.691568746515085,10.563883386487843,9.422542034352315,12.311174663135596,188.2046814340149,194.42902982511478,183.69221954839625,206.46946774611905
id_study,R0199_S+03,0.9622153297322914,0.9739278275200394,0.8687028772933116,1.1350177917738038,57.12082315940107,58.85139077431698,55.60148401999524,62.49589035249363
id_study,R0200_S+00,1.071868165514933,1.0469465881661635,0.9338325570060259,1.2201140279884102,98.33538346005336,99.68093471732995,94.17632830526992,105.85389205529151
id_study,R0200_S+01,2.542909749216393,2.568194568177763,2.2907221128550947,2.9929800189004507,154.31476551752496,158.312565761172,149.57018822358341,168.1164135810004
id_study,R0200_S+02,14.025280082738469,14.009966015809221,12.496303570774156,16.327247503114013,348.84570550126347,351.8460230406862,332.41629076560486,373.6348485158951
id_study,R0200_S+03,3.3032387923652045,3.233938551362949,2.8845378940576105,3.768839630187713,173.7987436414931,177.6761044308158,167.86442854221,188.67908123612807
id_study,R0201_S+00,4.0013744834175515,3.5073455540700533,3.1284055023264736,4.087468797256797,314.4696316,309.78192454969627,292.67506682357094,328.965839806306
id_study,R0201_S+01,10.644024475498059,9.621512775457257,8.581986873952525,11.212933726034477,505.1549665886619,499.51070484516185,471.9265952400453,530.4439849112869
id_study,R0201_S+02,9.117826757955301,8.358216583312561,7.455179521313039,9.740685358293055,468.9396729471352,472.6773223370504,446.57501273541766,501.9488871922829
id_study,R0201_S+03,12.92709702208858,11.468378634668914,10.229313955628852,13.365275562865001,542.4409983349831,514.3674786795268,485.96294445918085,546.2207965775536
id_study,R0202_S+00,11.411229245566554,11.803820339879245,10.528513923271621,13.75620011883148,535.4731683296247,529.7851564749025,500.5292232554183,562.5932473949839
id_study,R0202_S+01,3.94471115327581,4.1730421682739145,3.722179032379357,4.863273204621281,321.84240744856453,315.4858146581536,298.0639752341365,335.0229556384162
id_study,R0202_S+02,1.1058276645270568,1.1789416786497693,1.0515666556236567,1.3739414183682206,166.89989538518267,163.9800846543118,154.92473391951035,174.1349058316699
id_study,R0202_S+03,5.851512157673146,5.82565148706171,5.19623740683643,6.789228010175637,356.30116632462534,353.5754702912913,334.0502340319025,375.4713955256118
id_study,R0203_S+00,6.995595424895272,7.012531689233355,6.254884893328709,8.172421002616536,388.7644474196455,386.64810076104493,365.296519130159,410.59212012211987
id_study,R0203_S+01,10.40090459568449,10.761096580448408,9.598447952832935,12.54100738543059,475.7539589573945,481.1906961924989,454.61825885334184,510.98947012498195
id_study,R0203_S+02,1.9709566836714856,2.224685251883615,1.984326173638906,2.592653449911548,220.7963733185623,234.04030234062955,221.11606810669113,248.53375393003526
id_study,R0203_S+03,2.72891071261596,2.7613267190760746,2.462987911657067,3.218056683966391,245.8615897806305,248.20525828470005,234.49880318237405,263.57590538781966
id_study,R0204_S+00,4.309546608148694,4.50629049022706,4.019422593918222,5.251641586556443,276.10784854038405,267.53216068463473,252.75843036887272,284.09966799304897
id_study,R0204_S+01,13.167160598710025,13.565054361940293,12.09946098866885,15.808746410281904,459.65066220952656,448.24095883500087,423.48808043204474,475.99924906233355
id_study,R0204_S+02,12.66600728355091,13.05153164502193,11.641420208708405,15.210285822430622,448.0085938300669,439.3119743439732,415.0521746367764,466.51731790712444
id_study,R0204_S+03,5.521657388039246,5.526513567258067,4.929418896985798,6.440611971515057,285.8763975052287,279.5289009086465,264.0926834949436,296.8393322858151
id_study,R0205_S+00,9.6070194490306,10.779063280514427,9.614473497644154,12.561945820146354,431.47190937402576,452.26970084282027,427.29434620454725,480.27747962692104
id_study,R0205_S+01,2.1899561798771403,2.475848445124319,2.208353234446845,2.8853596288620156,217.62071247516383,226.36732031093635,213.86680547930936,240.38560590336823
id_study,R0205_S+02,0.8910585404647179,0.9549589377980676,0.8517834212361868,1.1129114028646212,129.233015784844,133.64624978750274,126.26600194357714,141.92258267559492
id_study,R0205_S+03,9.304357356677333,10.990625655999184,9.803178285737742,12.808501112499563,441.5922070680282,472.5410422504448,446.4462583430753,501.80416766675125
id_study,R0206_S+00,6.006642339190074,5.030170017370392,4.486701215315975,5.862172025519072,252.64581787160253,244.05177653166444,230.57468607519542,259.1652102996744
id_study,R0206_S+01,2.352090792197343,2.021135399807499,1.8027682212171063,2.355435971273929,167.22309928004393,163.48474343921467,154.45674656537483,173.60888954117144
id_study,R0206_S+02,1.5135713277425673,1.462798183599562,1.304754782731807,1.7047484600451506,137.95066248886968,136.26041974619318,128.73581153127358,144.69864075938108
id_study,R0206_S+03,4.837117949566704,4.657544263707718,4.1543346320706735,5.4279130916130525,246.8535821450283,240.99433823279662,227.68608642648823,255.918433525642
id_study,R0207_S+00,9.12347502760137,9.234103841665052,8.236434312494886,10.761446439069955,393.77148873054654,395.375596909971,373.54206322477467,419.8600853341353
id_study,R0207_S+01,12.382194842315323,13.567017388009658,12.101211925798351,15.811034125502157,464.6275405981061,469.8468553155997,443.90085049742015,498.9431373826093
id_study,R0207_S+02,1.0531668902846238,1.0653454072617692,0.9502435339136786,1.2415560552424372,132.69325530927318,129.3801134383319,122.23545128156866,137.39225661195124
id_study,R0207_S+03,3.606945273984097,3.6427358948815645,3.249168022194263,4.245253020392388,247.99664174484263,246.72770947295683,233.10284795406096,262.0068561722579
id_study,R0208_S+00,6.01385896468671,6.129546611368403,5.467299144083281,7.1433881062062765,176.02013840974078,178.28004269921223,168.43501597502157,189.32041968717874
id_study,R0208_S+01,11.86918226933971,11.896295489261473,10.610997887767253,13.863970876458394,249.50202954642063,252.17474154981457,238.2490826138199,267.79120748397537
id_study,R0208_S+02,10.270782235561288,10.643004321375734,9.493114598200568,12.40338238763219,228.12495021582336,230.88783281620746,218.13768507139727,245.18606091640066
id_study,R0208_S+03,9.862641871366598,10.182591512012884,9.082445633894817,11.866816211555202,223.4984529674515,226.60748765531125,214.0937102403471,240.64064612965382
id_study,R0209_S+00,17.65857571973389,17.647520195895098,15.74084972015081,20.5664617408381,629.7890444282407,645.4934374191694,609.8478315203466,685.4670137346607
id_study,R0209_S+01,1.243807469042765,1.1119573703792869,0.9918194549750821,1.2958777472127783,163.75880338996407,163.12512793845454,154.11698984500208,173.22700407323498
id_study,R0209_S+02,2.0353987471405603,1.9074679907325545,1.7013816476664616,2.2229677041196685,213.30234287895823,218.96983195175488,206.87782313956444,232.53001208822585
id_study,R0209_S+03,3.0004594391182513,2.7507238300792376,2.4535305782501067,3.205700052072776,256.7718818509176,261.3234515559877,246.89258018488826,277.5064711317815
id_study,R0210_S+00,2.53508208056324,2.613420901034137,2.331062109692231,3.0456868940899393,224.9573625879247,225.57174527551905,213.11516389469338,239.54076316428518
id_study,R0210_S+01,2.4518637531057856,2.510757538193015,2.239490685021284,2.926042768421289,222.5475447310906,222.671575027406,210.37514759968178,236.46099360497792
id_study,R0210_S+02,8.087967396723721,8.198439006579108,7.312664607257512,9.554480192782222,409.2995246865721,408.8647846577802,386.28634755067435,434.18462018946417
id_study,R0210_S+03,17.27570408166997,17.409112203123204,15.528199764539591,20.288620502657018,587.9486977922508,585.5894536430775,553.2518810621293,621.8533462836276
id_study,R0211_S+00,7.84746537920247,7.293100171491518,6.505140241752326,8.499396174878399,383.9072549296532,389.88195926621034,368.35179666280743,414.0262423050487
id_study,R0211_S+01,19.289510110942,18.087601141206243,16.13338351231816,21.07933311450106,584.5129135393319,587.8522122578286,555.3896850341995,624.2562311164421
id_study,R0211_S+02,9.28624440183632,8.480372820083598,7.564137774033402,9.883046525305101,394.0009998743472,393.8830232092127,372.1319128157618,418.27508078083054
id_study,R0211_S+03,5.0140018920114,5.166097338622324,4.60794269927172,6.0205820469289195,320.4326618362069,326.10567145541035,308.0973795469025,346.3004700221576
id_study,R0212_S+00,1.1930538307613487,1.4311843339574235,1.2765565514353725,1.667905604962492,143.054798915632,146.1025663443539,138.03445255912337,155.15028355896385
id_study,R0212_S+01,10.578325024243703,11.167419319730806,9.960870837517433,13.014536866010403,377.8107148349085,380.62852158590016,359.6093547163663,404.1997654955207
id_study,R0212_S+02,2.9030429606718084,2.844771341764942,2.537417024139719,3.315303244443961,195.34314427810733,194.55481964794055,183.811062973024,206.603047375612
id_study,R0212_S+03,2.4550456961879172,2.415857696338163,2.1548439962785357,2.8154462684567565,177.43502846690708,176.38916623380553,166.64855797986104,187.31244660961235
id_study,R0213_S+00,1.2319548418492992,1.2192055149668906,1.0874803131567972,1.4208649883635143,132.04792653654607,128.21439689279651,121.13410823723885,136.1543505496928
id_study,R0213_S+01,3.6811010076017676,3.6913056061952827,3.2924901727431077,4.301856276737124,229.7401857640133,223.39338978916186,211.0571021195855,237.22750830602374
id_study,R0213_S+02,6.572834081226613,6.506917094837673,5.803897827817449,7.583176559441627,295.1561658204353,292.4969835762083,276.3446393403964,310.61049150245844
id_study,R0213_S+03,16.127094108743627,15.908986649414977,14.190150529283764,18.540370637275352,486.3530171629482,469.44383525596317,443.52008611597074,498.51515943467103
id_study,R0214_S+00,4.543389318134062,4.334346360229186,3.8660556233458823,5.05125749111931,208.45991401480168,208.35310758834828,196.84737828057465,221.2558241210714
id_study,R0214_S+01,1.4840042271455565,1.4830880567928244,1.3228525007811873,1.7283943262135173,124.83755229560468,127.923957127974,120.85970721238495,135.84592467466194
id_study,R0214_S+02,3.464529144970022,3.387154280540673,3.021199914612253,3.947397603050169,186.1425415989634,188.6551923622513,178.23722643435835,200.3380729184932
id_study,R0214_S+03,8.538558908798437,8.676704086377795,7.739257049931593,10.11185144701354,300.7241737401304,305.02762625517863,288.1833116216824,323.9171213137111
id_study,R0215_S+00,1.0327496543417087,1.034969523704945,0.9231495165742912,1.2061559287611603,164.65423081757984,163.6323947763699,154.5962442621217,173.76568450652132
id_study,R0215_S+01,10.935186564792284,12.014468186214945,10.716402989624124,14.001689616753167,533.9644124858279,534.3138589205212,504.8078405208452,567.4023995281221
id_study,R0215_S+02,7.369391262508504,7.465537487953757,6.658947114018128,8.700355030986598,440.60044336407145,440.89501427544974,416.54779552686796,468.19839100802307
id_study,R0215_S+03,1.185920470660029,1.2203672814737403,1.088516560277709,1.4222189137960783,177.50502101457587,175.5486725634316,165.85447826878993,186.4199035520135
id_study,R0216_S+00,1.6765364145223778,1.700120713693923,1.5164365510456481,1.9813246974566758,148.38555685628512,148.79942189959837,140.58238165793065,158.0141477235916
id_study,R0216_S+01,10.652141905173785,10.925896643635426,9.745442714686309,12.733065768523522,368.6079844091342,372.4559659163332,351.8881060341303,395.52110665152605
id_study,R0216_S+02,1.665325132691402,1.6895978273714014,1.507050576677217,1.9690613008687707,146.6607051277804,148.66897533369607,140.45913864609946,157.87562297214177
id_study,R0216_S+03,1.7209357859336138,1.744553611601437,1.556068837102228,2.0331069016817214,149.6815830436474,151.11825203803167,142.77316075746975,160.47657643038823
id_study,R0217_S+00,0.9747289189146924,1.0979229440319236,0.9793013338118743,1.2795219935814666,166.28024466413,171.75779553707528,162.27294203609475,182.394268272
id_study,R0217_S+01,14.707855223720394,15.120882466807751,13.48719456920909,17.62191216042056,573.7227892025088,568.3434858538817,536.9582745759631,603.5393846627481
id_study,R0217_S+02,6.846880182821803,7.1944596826120675,6.417157052355846,8.384440316031519,402.8339841713117,400.3045117123298,378.1987922164516,425.0942338392447
id_study,R0217_S+03,4.6502508044144175,5.012528559148348,4.470965772622892,5.841612628416885,355.75616937876123,364.3631635561227,344.2422065033312,386.92714001295286
id_study,R0218_S+00,4.186165884420216,4.118792542810162,3.673790636031296,4.8000505629033485,143.4194956568134,142.9913007085246,135.09499804060724,151.84634607378337
id_study,R0218_S+01,4.827089559282847,4.822137622704644,4.3011450224340795,5.6197305811543705,154.0427675870072,152.55855833652072,144.133930088248,162.00607680956466
id_study,R0218_S+02,1.4403601503712535,1.4519108475470703,1.2950437344512153,1.692060332880672,82.95936929990035,83.43953654087915,78.83181682833127,88.60671019175568
id_study,R0218_S+03,12.50040446839923,12.493177144076293,11.143391352960194,14.55957816752768,245.6557781455421,241.98248500384506,228.61966550044,256.9677734213198
id_study,R0219_S+00,16.25729133135758,15.86398169524316,14.150007992971743,18.487921757328007,522.516895744352,530.5593228603017,501.26063842403613,563.4153557071227
id_study,R0219_S+01,1.7493667155323736,1.6906242087574324,1.507966065934276,1.970257448161591,187.02296190565195,189.20953288332953,178.76095501950877,200.9267421745198
id_study,R0219_S+02,8.782338200273621,8.423961308844735,7.513821066017729,9.817304416795894,402.59176271761714,408.26895224199257,385.72341834697795,433.55188956346547
id_study,R0219_S+03,1.5035466307124958,1.3963947980386817,1.2455257408369473,1.6273617975883126,170.70183265434957,172.7668248661066,163.22625048600014,183.46578392320038
shift_lowk,R1000_S+00,8.902494306598983,11.405070541442969,10.172845785003343,13.291496161410077,178.05580617940225,182.98615837862127,172.8812493146609,194.31797175208
shift_lowk,R1000_S+01,8.237225691633865,9.143347673683241,8.15548360749381,10.655678986429377,151.89975018053573,154.63392430491066,146.09468965924245,164.20996430135182
shift_lowk,R1000_S+02,2.4853285325029826,3.0097331382569297,2.6845560453349164,3.5075501119127144,95.11390285955665,96.47307910395045,91.1456177259779,102.44738304942642
shift_lowk,R1000_S+03,1.1109007742565424,1.433971224734294,1.2790423414170944,1.671153454059825,64.73379013130531,65.49266960152406,61.8760164265333,69.54844472588326
shift_lowk,R1001_S+00,1.3282568943166155,0.7416712093479578,0.661539690478681,0.8643453800882435,85.69886441305147,79.37180410271225,74.98871376513134,84.28707463014545
shift_lowk,R1001_S+01,5.762583563477725,3.2324420357040955,2.883203064697543,3.767095587302326,169.91694006179813,155.96283206491515,147.35021213050038,165.62116754676538
shift_lowk,R1001_S+02,2.4725346320578083,1.7951520980732931,1.6012005702171068,2.0920744973901426,129.9829197824052,118.81246425741624,112.25137156262309,126.17018291403718
shift_lowk,R1001_S+03,2.6468016513234454,1.7525380438420417,1.5631906166273377,2.042411977883697,124.19729811795852,113.26497147818286,107.01022386743232,120.27914965380846
shift_lowk,R1002_S+00,3.667431581812516,3.561972525647145,3.1771304756211327,4.151131199026958,206.20617289819964,207.16280294832964,195.72280495188784,219.99180729343286
shift_lowk,R1002_S+01,0.8736570749217123,0.7382141205972922,0.6584561119424678,0.8603164806884408,87.86390170131214,88.58139256008994,83.68972794179354,94.0669867588329
shift_lowk,R1002_S+02,1.843127543789264,1.3599513936858814,1.2130197487859193,1.5848905680326664,118.30445076537296,118.58929309642077,112.04052441732117,125.93319139652324
shift_lowk,R1002_S+03,18.177242664682687,10.795190153834485,9.628857993968232,12.580740116424506,361.3821583703932,370.4927137432839,350.0332690814128,393.4362758441847
shift_lowk,R1003_S+00,3.1110862015003824,1.7831139183475417,1.5904630175262024,2.0780451742891786,127.72912904496025,137.84377018694767,130.23172578361923,146.38004359851584
shift_lowk,R1003_S+01,19.62699722174114,10.56961983682535,9.427658708065533,12.31785993591528,309.17042470843404,338.27395389457746,319.59370193946353,359.2222996525328
shift_lowk,R1003_S+02,2.946722659507349,1.6668896415958516,1.486795824975993,1.9425971275020606,130.7851063530177,141.55741684762378,133.74029648590417,150.32366585552464
shift_lowk,R1003_S+03,7.407201562480994,4.628252632397246,4.1282077223746905,5.393776555261975,219.9905802688909,236.56258597016136,223.49906553591268,251.21223542512172
shift_lowk,R1004_S+00,10.226478347655064,7.3359709470738075,6.543379180047129,8.549357878054028,241.5750777927974,248.90436949391702,235.15930789120142,264.31831056976296
shift_lowk,R1004_S+01,1.6766173726003617,0.8727282784433325,0.778437113260697,1.0170795981254812,84.52980352418602,85.95295117229634,81.2064350255507,91.27577345684935
shift_lowk,R1004_S+02,4.778945340991299,2.6217796210210853,2.3385177382285267,3.055428166116019,148.39296033011632,151.6927759098783,143.31595812316135,161.08667893480495
shift_lowk,R1004_S+03,8.70495575005947,5.5110012961855634,4.915582600154285,6.422533934148632,217.00319982327895,223.08509534984984,210.76583239570428,236.90012206719356
shift_lowk,R1005_S+00,7.107527355321325,7.396639423467756,6.597492922888449,8.620061063815012,177.53958220190796,177.56118561713507,167.75585580504278,188.55704582651862
shift_lowk,R1005_S+01,10.34526702706503,9.887385398881015,8.819134131105917,11.522782309681537,192.23409555345597,195.18212550465142,184.40372758313174,207.26920050339143
shift_lowk,R1005_S+02,16.00987271579444,15.197662122829783,13.5556788102578,17.71139135299398,244.86445020277304,242.75001918637895,229.34481471141808,257.78283881709564
shift_lowk,R1005_S+03,1.1636256551000606,1.205789050129642,1.0755133878078216,1.405229408536454,71.79540598740141,71.89214781800773,67.92210099834271,76.34422446308993
shift_lowk,R1006_S+00,3.793891456442211,4.250616952721633,3.7913724947191065,4.953679041741041,133.66288065956604,141.50059634837564,133.68661374299214,150.26332662404573
shift_lowk,R1006_S+01,0.7069711285823025,0.8417403891029547,0.7507972123660087,0.9809662386577613,58.04562201096617,61.506672327357634,58.11013492692347,65.31560595497089
shift_lowk,R1006_S+02,10.314054964720018,10.55785312657016,9.417163294785281,12.304146983976844,204.0565006663058,216.97514656874583,204.99328878975436,230.41180150145652
shift_lowk,R1006_S+03,2.13053990520205,2.219572439264371,1.9797657586801216,2.5866949660025047,93.50653244178264,97.8350137338153,92.43234324872893,103.89365842500247
shift_lowk,R1007_S+00,4.806918967216693,4.473919740135361,3.990549239086164,5.213916637901163,156.35431169222602,153.99297878421672,145.4891385982112,163.5293268439157
shift_lowk,R1007_S+01,11.41222710437354,10.77257530108216,9.608686491419082,12.554384713583625,238.1782765647973,235.50195152999072,222.49700172569018,250.0859189047327
shift_lowk,R1007_S+02,23.00719835238577,18.62309397916743,16.611020721115622,21.70339773333534,293.6559480553111,295.4200701277167,279.10630644875783,313.7145965067813
shift_lowk,R1007_S+03,2.9947630093116047,2.3699256246443507,2.113874509923412,2.761916923558318,107.92377215286442,107.12194614892273,101.20643027504126,113.75570420317734
shift_lowk,R1008_S+00,0.899495372813521,0.9597224693756963,0.8560322921182322,1.1184628338223466,65.23085761799196,63.77115583735058,60.249568541623404,67.72032250089336
shift_lowk,R1008_S+01,2.2930377521917484,2.4914596286099915,2.2222777570128445,2.9035529389884984,104.58111264478788,101.2822420359372,95.68920781610551,107.55436379075299
shift_lowk,R1008_S+02,16.23850500908254,17.098343096613355,15.251006722744693,19.926449451522256,265.9620957697379,259.152763802126,244.84176271276473,275.20135884692377
shift_lowk,R1008_S+03,15.672256193943577,13.585611959728395,12.117797505856409,15.832704283325782,238.9444651880036,235.11599700919697,222.1323604854746,249.6760633160165
shift_lowk,R1009_S+00,1.0956125169999376,0.9434757271975838,0.8415408777875553,1.0995288420937448,88.30429141140868,91.34408596873051,86.29985917899296,97.0007659282337
shift_lowk,R1009_S+01,7.4899197256864944,5.23762141904896,4.671739186759494,6.103936379283513,203.9794458259929,213.067252361774,201.3011973295199,226.26190249899085
shift_lowk,R1009_S+02,6.581088619008303,4.373053975354207,3.9005811966811157,5.0963674372596754,195.34337984808937,205.14490409624588,193.81633903320872,217.8489456933416
shift_lowk,R1009_S+03,9.736166167705354,8.263332812107807,7.370547166917852,9.630107587102122,263.3139884766941,275.11109649133533,259.9188402181627,292.14794578108814
shift_lowk,R1010_S+00,7.527549542253412,15.903580777567411,14.185328717753624,18.534070621449068,357.3201500517753,368.3839548137454,348.0409605840251,391.1969274599526
shift_lowk,R1010_S+01,4.427485950868062,7.6099791052626715,6.787782993856022,8.868687633142201,260.8362757747255,262.36743516325237,247.87891265881507,278.6151056804469
shift_lowk,R1010_S+02,5.813694919965375,10.003792742382712,8.922964611538426,11.658443702891734,299.7100875396817,298.4730258393335,281.9906710488089,316.9566130996583
shift_lowk,R1010_S+03,6.025328258884151,12.01200816325991,10.714208752064769,13.998822700187853,314.51395319519503,314.77016474229464,297.3878451234118,334.2629875546745
shift_lowk,R1011_S+00,1.0923225848847162,1.2070980496563197,1.076680960622838,1.4067549196782663,59.917963962871234,60.60808162898305,57.26116643698942,64.36136808533848
shift_lowk,R1011_S+01,1.5561655755617565,1.4440516225894346,1.2880336345843921,1.6829011735421577,65.67640865685676,66.4399781052958,62.771012414588284,70.55441735631325
shift_lowk,R1011_S+02,5.364121338034034,5.151403753614757,4.59483663615991,6.003458108237287,114.75634428396592,116.95113116950493,110.4928254929089,124.1935827514742
shift_lowk,R1011_S+03,0.6161247755260114,0.7103804769239479,0.6336296662230149,0.8278790865751813,45.18603216566604,45.786528311348654,43.25809277808113,48.621958042428275
shift_lowk,R1012_S+00,2.438386844432488,2.4431955369128,2.179228206376161,2.8473058524671027,106.7481088824802,108.08664953754678,102.11786056310886,114.78014893430235
shift_lowk,R1012_S+01,4.413671074799545,4.362522848726297,3.891187872305016,5.084094437400396,140.24852206053473,142.9755667275997,135.08013292565488,151.82963773208144
shift_lowk,R1012_S+02,1.5442770308501739,1.5681086824932398,1.3986873420171093,1.8274775643251493,85.37688062958986,86.79262526194756,81.9997404149982,92.16744617941777
shift_lowk,R1012_S+03,7.021428023366563,7.0406983844012485,6.280008407047891,8.205246535728609,181.6781350664744,182.7067019965486,172.61722514534796,194.0212094295158
shift_lowk,R1013_S+00,16.01290407069907,15.792335904375804,14.086102944862676,18.404425583338174,289.67555802686104,282.9369363400729,267.31251951048824,300.45841767763875
shift_lowk,R1013_S+01,5.172239522213008,4.782143854708745,4.265472254544999,5.573121749418854,167.75561660232,159.91480658413778,151.08394968855788,169.8178766300955
shift_lowk,R1013_S+02,12.96637750171282,12.558978436445388,11.202083352916912,14.63626314915595,263.49267607665905,257.33681167220266,243.12609156201475,273.27294995626096
shift_lowk,R1013_S+03,3.64429813628269,3.9026410801650777,3.4809925741779093,4.548147137528583,153.00957542429262,146.0397004464753,137.97505825815088,155.08352455447746
shift_lowk,R1014_S+00,4.56673242702958,3.1176216544467454,2.7807880881954747,3.6332836436419913,222.584289711944,185.14011673536558,174.91626122477058,196.60531863574406
shift_lowk,R1014_S+01,4.1816237743111815,2.173640984470887,1.9387968225742824,2.533166340041167,178.83037287424312,144.36882216423268,136.39644964946504,153.30917352308316
shift_lowk,R1014_S+02,1.8156827930959278,1.30275756450636,1.1620052458959196,1.5182367443466471,142.58457732626468,116.65601413770071,110.2140054903228,123.88018995959409
shift_lowk,R1014_S+03,2.4646766520100276,1.3804259753757813,1.23128221908691,1.608751693919517,142.3333266655583,114.16765843591106,107.8630624120243,121.23773745250884
shift_lowk,R1015_S+00,6.159166934488252,6.248111555164511,5.573054113713902,7.2815639718984135,141.05518208725283,139.33562023957904,131.64119250598955,147.9642796902192
shift_lowk,R1015_S+01,5.386583033453237,5.706893407092819,5.090310167819654,6.65082706313132,132.0888348381839,131.7254325068775,124.45125653265606,139.88281463311193
shift_lowk,R1015_S+02,10.806364583528929,9.453549572919862,8.432170724130446,11.017189012867496,159.04121588730072,160.66639945222593,151.79403790048818,170.6160135110722
shift_lowk,R1015_S+03,12.545798890287315,13.466136030247915,12.011229975106959,15.693466752764241,203.19990070213856,200.07192581866641,189.0235020768778,212.4618122709222
shift_lowk,R1016_S+00,6.191749247475475,6.563555978119189,5.854417342182923,7.649183647866665,188.8024705710524,195.09451074285496,184.32095110641902,207.1761600080956
shift_lowk,R1016_S+01,1.3583363728923872,1.4870264318863096,1.326365366600293,1.7329841178546157,91.12923334094562,93.30170317250888,88.14937233817308,99.07961280865236
shift_lowk,R1016_S+02,13.221186718924992,15.256525982557909,13.608182910530427,17.779991434227952,278.68216867286225,290.29182833697274,274.2612577553095,308.26877725869525
shift_lowk,R1016_S+03,1.0438734228912592,0.9688227447370548,0.8641493570250883,1.1290683162342043,68.49090380296883,70.9969925970772,67.0763782710269,75.39363482026792
shift_lowk,R1017_S+00,19.93431266224639,15.640189814607563,13.950394997912287,18.227114170771298,385.25117980695137,409.1468634697003,386.552849333334,434.4841673415123
shift_lowk,R1017_S+01,5.303913911642447,3.6214563994586433,3.230187602517466,4.2204538461389065,210.0054563199433,218.76823706578938,206.68736077864065,232.31593300320918
shift_lowk,R1017_S+02,15.699975339202956,12.58815126031809,11.228104291348785,14.670261227038285,367.6074552370928,390.85913439498756,369.2750099733611,415.06393111579297
shift_lowk,R1017_S+03,1.5258180111195538,1.2557224266953144,1.1200518707116562,1.4634218835884243,110.8336221164263,116.00502547002161,109.59896588757218,123.18888741158797
shift_lowk,R1018_S+00,5.078296955113515,1.7288469816287908,1.5420591802629091,2.014802357993761,173.18467526506302,145.9005052785338,137.84354976184977,154.93570942489748
shift_lowk,R1018_S+01,52.1746635944162,21.920898204134243,19.552524124169135,25.546666570468076,511.56398838201545,448.41822075667784,423.65555354994046,476.18748831165357
shift_lowk,R1018_S+02,5.211990412379682,2.2389591405891434,1.9970578852075458,2.6092882735409617,173.8031417999304,146.20507451976147,138.1313000015007,155.25913977470006
shift_lowk,R1018_S+03,15.379588776502866,8.407190865957922,7.498862532564225,9.797760103023766,371.545700812816,316.6944118873799,299.2058309939287,336.3063978633877
shift_lowk,R1019_S+00,0.7665825902071316,0.7592616194289654,0.6772296003655881,0.8848452855662292,69.28688193895883,69.43424499624965,65.59992912324195,73.73411069645464
shift_lowk,R1019_S+01,1.7789461132838948,1.8328910508345047,1.634862137248393,2.1360555621225856,112.06530886306744,111.17037455906153,105.03129532225202,118.0548402930991
shift_lowk,R1019_S+02,17.016768841341936,15.666013021213745,13.97342821787567,18.25720859677543,311.45459521897425,311.63802109311547,294.4286655226102,330.9368791400407
shift_lowk,R1019_S+03,1.73087011268601,1.8218074405466418,1.6249760205611006,2.123138696500371,113.68904572451868,112.85811797170385,106.62583773073554,119.84710086454626
shift_lowk,R1020_S+00,3.3422698964207767,2.163286705596217,1.9295612389955412,2.52109943897144,123.8050701360513,131.7434315674868,124.46826164447543,139.9019283244536
shift_lowk,R1020_S+01,5.199647469780065,2.7116983184652237,2.418721454546082,3.160219628612887,142.0321059461139,152.17531205270805,143.77184753004903,161.5990971712583
shift_lowk,R1020_S+02,44.94356897653272,14.990179183064837,13.370612708160646,17.469590244669146,322.3358001403262,349.4905346396465,330.19087775553805,371.13349140434514
shift_lowk,R1020_S+03,13.409628796871292,5.356279730346151,4.7775774362949965,6.242221055682058,181.11178477113552,195.42260830222577,184.6309303773306,207.52457571799766
shift_lowk,R1021_S+00,0.6648403257845491,0.7997425378989992,0.7133368860973645,0.9320218436155348,75.97465674200163,71.14541216891995,67.21660177880626,75.55124559489886
shift_lowk,R1021_S+01,0.9379558439894636,0.7203463475390984,0.6425188058835571,0.8394933357413792,74.89282119898658,69.52630537939814,65.6869057240522,73.83187211781373
shift_lowk,R1021_S+02,1.5801881888825409,1.413679920784876,1.2609433471930795,1.6475059204848532,99.36909306414222,89.28682406449883,84.35620392483366,94.8161036339089
shift_lowk,R1021_S+03,2.479475317747712,2.2272687613464757,1.9866305559971105,2.5956642779449037,125.52610037554275,113.42342852638161,107.15993055944686,120.44741949721428
shift_lowk,R1022_S+00,1.8188224119539784,2.3112911438972024,2.0615750061056106,2.693584161130845,149.35001346281987,142.2325059394012,134.37810563288724,151.04056129848325
shift_lowk,R1022_S+01,2.1337283104889764,2.7195114220335395,2.4256904160631474,3.1693250379752946,161.14052297763783,149.78018633962066,141.5089860698535,159.05564812143788
shift_lowk,R1022_S+02,5.067097901590842,6.729238206143293,6.002198958165082,7.842270107945467,251.40982656784507,238.94300087446007,225.74802855141516,253.7400626675225
shift_lowk,R1022_S+03,2.738157041277125,3.450909003839747,3.0780664605779546,4.021697508247791,181.64082987726107,170.88744295023812,161.4506522853841,181.4700172199973
shift_lowk,R1023_S+00,0.8396296578704454,0.8669239010057452,0.7732598514159791,1.0103151629428377,119.36571197918516,110.9579189618792,104.8305720031211,117.8292279238486
shift_lowk,R1023_S+01,14.610251595867108,11.492120201203258,10.250490439734817,13.392944040610091,453.4601443674917,413.4410103743126,390.60986374463164,439.0442385747867
shift_lowk,R1023_S+02,11.630319362864121,9.216300548912782,8.220554520171287,10.740698439623797,409.2382486422488,371.5590603520279,351.04072962135524,394.56865827153257
shift_lowk,R1023_S+03,11.951772294556342,10.521275179054756,9.384537295861906,12.261518957501549,416.93279242788384,393.7393006612893,371.9961269516295,418.12245790347754
shift_lowk,R1024_S+00,2.3514373016930556,2.3070688063138185,2.0578088576252567,2.68866343893296,131.25148869318653,125.96416257676647,119.00813694381971,133.76476560986833
shift_lowk,R1024_S+01,4.718168441827446,4.015065515340816,3.581270467011021,4.679166839963319,184.95718493685305,184.14694818863563,173.97793768893553,195.55064598007138
shift_lowk,R1024_S+02,1.7370129142065514,1.7952916624251782,1.6013250557802299,2.0922371460156475,123.77640622358896,121.6349970563599,114.91803772380524,129.1675071573256
shift_lowk,R1024_S+03,14.004097835602797,11.947116182711138,10.656327820210175,13.923197432703873,285.78280982893955,279.03290525098265,263.62407783803843,296.3126210249794
shift_lowk,R1025_S+00,18.097526363102443,17.920587665982932,15.984414479527835,20.884695215790305,274.9336990472969,279.85665693353087,264.4023400916747,297.18738531096943
shift_lowk,R1025_S+01,1.758197118183883,1.8413175589445723,1.6423782299545546,2.145875834587545,90.53555543728076,92.64951672101867,87.5332010959394,98.38703830148368
shift_lowk,R1025_S+02,1.120627697239142,1.2225607520797281,1.090473044293092,1.4247751896238967,74.30934847114813,76.37967860511337,72.1618201972538,81.10965529377107
shift_lowk,R1025_S+03,1.1282612034658603,1.2172556687395526,1.0857411318949977,1.4185926329623064,74.29526166612575,76.16110976753914,71.95532122467633,80.87755110850392
shift_lowk,R1026_S+00,7.6141407047114855,7.876605873544053,7.025602916672312,9.179415098988526,271.6291253099876,277.9910924408321,262.63979628490495,295.20629170473154
shift_lowk,R1026_S+01,7.788924257504119,7.336349115509813,6.543716490471143,8.549798596443035,267.4234685414052,272.08742539398736,257.06214306982133,288.9370273155159
shift_lowk,R1026_S+02,14.211101348812033,13.952462723491191,12.445013039711183,16.260233030355053,355.78915386793017,362.4225044873877,342.40871501266594,384.8663014367443
shift_lowk,R1026_S+03,3.3599205400020704,3.421275244597399,3.051634387079864,3.987162255196389,180.55744098914155,183.95888613975032,173.8002608512553,195.3509377823217
shift_lowk,R1027_S+00,1.3758424028673395,2.285083133167727,2.03819855696276,2.663041283492059,147.19074171447315,148.91005168453736,140.68690221621293,158.13162849708397
shift_lowk,R1027_S+01,0.4996841868494786,0.8343239308438197,0.7441820418708379,0.972323080676024,90.03867586348592,91.27688905985914,86.23637303523924,96.92940770553757
shift_lowk,R1027_S+02,1.347135270129854,2.130930954120928,1.9007012623018444,2.483391969739169,150.24233621949142,156.85327605685276,148.19148379353177,166.566754207556
shift_lowk,R1027_S+03,0.3773365900641717,0.6538120277170645,0.5831729761054619,0.7619540821871695,81.48435198572707,83.36440036971875,78.76082984628833,88.52692105079294
shift_lowk,R1028_S+00,3.638174543285947,4.203368867812351,3.749229179631986,4.898616011931298,206.4534166815875,213.31678635183746,201.53695148891038,226.52688942074482
shift_lowk,R1028_S+01,2.387001248387631,2.5008966211002335,2.2306951595119013,2.9145508323380858,160.3504010579561,161.47139431456912,152.55457912790615,171.47085942022403
shift_lowk,R1028_S+02,1.3908787288769782,1.3787213849433513,1.2297617957337452,1.6067651602012825,117.92673253886372,118.39062281120489,111.85282515408643,125.72221802447902
shift_lowk,R1028_S+03,20.86498002742806,17.477388700694984,15.58909954398541,20.36819009427789,387.63537958854175,394.1760229072607,372.4087324085451,418.58622511848506
shift_lowk,R1029_S+00,2.537388874680061,1.8027983352012036,1.6080206938502883,2.1009854402085635,167.5324737027674,142.8455064355412,134.95725485675322,151.6915231753181
shift_lowk,R1029_S+01,7.813122678382467,5.182312796913018,4.6224062096836,6.039479580341194,263.5749762173522,225.85157604557,213.3795417774346,239.83792305961242
shift_lowk,R1029_S+02,11.534188183549087,6.7319779967422475,6.0046427367585675,7.845463066384149,291.3421025538039,248.07057453810913,234.3715569765444,263.4328810591086
shift_lowk,R1029_S+03,14.098871622545413,7.473850307945639,6.666361801679079,8.71004281104996,337.74378186865533,290.203903671149,274.17818848817,308.1754076678954
shift_lowk,R1030_S+00,3.0575297475052325,2.0458745409110497,1.8248345001046737,2.384267024779436,115.28866154744418,128.1855119627327,121.10681839826935,136.1236768579014
shift_lowk,R1030_S+01,7.098301653191309,6.257520001330862,5.581446054086301,7.292528597294677,219.63042495970575,242.72115171611603,229.31754136807982,257.752183666341
shift_lowk,R1030_S+02,9.90288532563974,7.070886639904462,6.306935068012989,8.240428000032805,216.29728915739776,241.1338000000882,227.81784679992103,256.0665317643131
shift_lowk,R1030_S+03,13.415225135899027,7.65416295156162,6.827193136296985,8.920179592034067,246.9467347247393,274.55293584376557,259.391502462536,291.55521982898
shift_lowk,R1031_S+00,1.6722053790034372,1.9884860482681614,1.7736463655492134,2.3173863398331815,171.8746767896655,169.24095506287495,159.89508717887026,179.72156701140403
shift_lowk,R1031_S+01,2.0853629624853394,1.9854471463427403,1.7709357921660216,2.3138447963477757,163.6729931368438,158.41870405702957,149.67046532295842,168.2291247202418
shift_lowk,R1031_S+02,0.8906123058235179,0.7892643898831988,0.7039908164268748,0.9198105851560078,109.21238390488148,108.40989164938657,102.42325251527141,115.12340851259023
shift_lowk,R1031_S+03,5.105136159025367,6.037900848605336,5.385554957754055,7.036583917705335,294.60993628370807,292.0288335568897,275.90234162277875,310.1133502813096
shift_lowk,R1032_S+00,3.74671739012827,2.601483346534036,2.32041431049289,3.0317748398647453,152.75803780101785,151.26731750489034,142.91399449248308,160.63487309848006
shift_lowk,R1032_S+01,20.98036410946969,16.343615514543437,14.577821294019204,19.046888143809078,384.6935443343724,380.0717766540257,359.0833544974158,403.60854293036226
shift_lowk,R1032_S+02,2.317720376757495,2.2261004954865014,1.9855885117251162,2.594302778150849,149.25757638804657,147.30443467314578,139.16995100356493,156.42658018179728
shift_lowk,R1032_S+03,15.268213376972637,9.584125763615296,8.54863922349755,11.169362814081033,284.494687085021,283.9704675566182,268.28897679832494,301.55595254869706
shift_lowk,R1033_S+00,16.168392335195215,16.189613279737028,14.440457743347709,18.867413575428287,226.32257377102127,243.1919157230487,229.76230872301002,258.252100751937
shift_lowk,R1033_S+01,15.259047490230538,15.260512494900944,13.61173871276228,17.784637325133435,215.7208019013377,228.35578932620285,215.7454667432475,242.49721516038616
shift_lowk,R1033_S+02,15.44881859653357,15.829411972114094,14.119173246185708,18.44763412029838,223.2894511959048,241.61190555269584,228.26955028378816,256.57424503666834
shift_lowk,R1033_S+03,16.985647502212323,17.386017440604167,15.507600202555848,20.261705811839892,235.4988638384065,250.18107435342773,236.3655102240665,265.6740781372356
shift_lowk,R1034_S+00,2.7961965195357985,2.918313639868256,2.6030136773617434,3.4010096124483984,173.78800678668628,171.2577574998585,161.800517228968,181.8632642985202
shift_lowk,R1034_S+01,3.6933245507502743,3.5852626654993576,3.1979043060123424,4.178273583049882,188.10600918536755,171.76651228153574,162.2811774222334,182.403524819702
shift_lowk,R1034_S+02,2.2713832350304464,2.488998851034147,2.2200828463632964,2.900685142986311,158.24481553524367,149.24517746500865,141.00352159397784,158.48750766586934
shift_lowk,R1034_S+03,7.9434138064050375,7.442719491431311,6.63859441572467,8.673762883915952,267.0270961121054,243.75431427237774,230.2936503538867,258.8493270470309
shift_lowk,R1035_S+00,10.378626296669719,8.005908700467511,7.140935628826752,9.330104919052996,257.54033753467576,281.36158378203305,265.8241614797051,298.78550800739276
shift_lowk,R1035_S+01,6.373881029431835,2.6444317661051557,2.358722503977447,3.0818270295284442,156.44656834208038,169.10609003977115,159.76766970702633,179.57835018024022
shift_lowk,R1035_S+02,11.238533989573437,7.834834638443261,6.98834472248707,9.130734802888465,242.90241943335275,265.32873346471064,250.67668137796701,281.75978877992816
shift_lowk,R1035_S+03,14.133052244543128,10.599141843912868,9.453991103316733,12.35226495274135,293.811759002546,321.365250648463,303.61873548636896,341.2664884105463
shift_lowk,R1036_S+00,19.36928767033436,9.675648933802849,8.630274062378152,11.27602413290476,455.8180889993634,337.67752773838436,319.03021178304823,358.58893851747075
shift_lowk,R1036_S+01,1.9295379278312512,1.3965695617197846,1.2456816227291478,1.6275654675952707,191.09646269881583,138.84591161890106,131.17852670168432,147.4442448047239
shift_lowk,R1036_S+02,9.458306147722372,4.303642697828677,3.838669240990752,5.015475370398997,337.0633013541221,249.76203426273614,235.969610473869,265.2290880831927
shift_lowk,R1036_S+03,9.955521041964744,6.4182350113215065,5.72479711938916,7.479826249738777,403.8769655256515,298.0482633040879,281.58936486037373,316.50554622631364
shift_lowk,R1037_S+00,3.294180291805081,3.377690925036973,3.0127589974081035,3.936368986182397,118.37203185139984,119.2762849142911,112.68957899497192,126.66272666761527
shift_lowk,R1037_S+01,3.175402554497879,3.1723751620222216,2.8296259263069836,3.697093510763699,116.2418834359159,112.20775723280767,106.01139138112184,119.1564651311702
shift_lowk,R1037_S+02,10.766113419626043,11.621346038898896,10.36575448071893,13.543544137246517,214.83125240666575,217.20281807095395,205.2083877572601,230.65357205354
shift_lowk,R1037_S+03,0.7304377557778563,0.8091261319203209,0.7217066593961018,0.9429575062632511,56.13891248737244,58.106389269996875,54.89762318183465,61.704753019733246
shift_lowk,R1038_S+00,7.988738944743317,7.529620275856274,6.716106279885322,8.775037263448354,183.84946092870425,180.47593384319708,170.50964504912673,191.65229613656894
shift_lowk,R1038_S+01,0.780834428270461,0.7610450267753149,0.6788203251086163,0.8869236727022054,58.4230406386657,57.34270015413799,54.1761067042631,60.89377080469716
shift_lowk,R1038_S+02,1.2559555242693146,1.2067440977315451,1.0763652503137302,1.4063424232686763,74.25994218607151,72.76196791376138,68.74388766333047,77.26791004834782
shift_lowk,R1038_S+03,2.55475831942296,2.403869939050174,2.144151418292662,2.8014757077839185,106.12230878038731,103.47111128240032,97.75720275773381,109.87878349643991
shift_lowk,R1039_S+00,1.188372881271841,1.3557191001039384,1.2092447199713656,1.5799582430905326,149.17912633886567,151.6074242821022,143.23531980509554,160.99604172299533
shift_lowk,R1039_S+01,0.6369160156112798,0.7225562245485116,0.6444899237244242,0.842068731630521,104.11097404152925,104.85253286533458,99.06233911998127,111.34575259677432
shift_lowk,R1039_S+02,7.14494583334709,8.541677932213087,7.618819369316786,9.954491647856777,365.9939880074899,378.1247431689477,357.2438406000789,401.5409351883007
shift_lowk,R1039_S+03,7.794401981725614,8.335503399921578,7.434920311947926,9.714215360693506,346.9937422696116,354.9760841866642,335.37350286373686,376.95874546381583
shift_shutin,R0000_S+00,10.006534208464977,9.608132627012747,8.570052341306553,11.197340469417336,482.0071522500414,464.294629265748,438.6552309135078,493.0470777337484
shift_shutin,R0000_S+01,0.5108982522973772,0.5149921861980123,0.45935148508176404,0.6001731108224284,107.55684217589165,103.96895855169252,98.22755777609014,110.4074610339562
shift_shutin,R0000_S+02,0.756002796235498,0.7569715130287624,0.6751869212645812,0.8821763901554633,132.34771460956043,126.91616753352027,119.90757003611296,134.77572553128246
shift_shutin,R0000_S+03,1.3173532745236027,1.2877581819066544,1.1486264241251458,1.5007564284184753,174.19726868571857,167.73440435138212,158.4717316012322,178.12171989076444
shift_shutin,R0005_S+00,8.257004935515686,6.735663890500164,6.007930399789053,7.849758615680113,405.1991112405712,402.19762179593636,379.9873604843688,427.1045788566458
shift_shutin,R0005_S+01,6.129844139340002,5.19545506173328,4.634128560088746,6.05479560682047,359.759864052026,356.0177001485398,336.3575984390019,378.06486574553384
shift_shutin,R0005_S+02,0.989402321786126,0.8900290015258977,0.7938686344642226,1.0372419016908951,151.98341865928478,147.9094761396913,139.74158071343146,157.06909014892693
shift_shutin,R0005_S+03,6.913839797962439,5.41404763320073,4.829103988886431,6.309543906185638,358.07790778371384,353.5032408457957,333.9819932595663,375.3946931155833
shift_shutin,R0006_S+00,10.546779819471865,8.307275290699588,7.409742019461784,9.681318255497656,233.5391169594711,232.33376794577768,219.50377239648785,246.72153870418938
shift_shutin,R0006_S+01,4.387796873140484,3.9225230699664833,3.4987264773058,4.571317655428172,164.88677165188133,166.86864303762317,157.65377958312789,177.20234443634914
shift_shutin,R0006_S+02,2.646497528188482,2.2997675921262686,2.051296480020635,2.680154586664592,127.5923898614275,127.2262969301512,120.20057338682443,135.1050603611297
shift_shutin,R0006_S+03,3.907300952305544,3.578581806245079,3.191945259055278,4.170487693886769,158.91696639324977,159.82409952559578,150.99825167871197,169.7215523408943
shift_shutin,R0013_S+00,3.6973644099439977,3.3471261878199745,2.985496530504647,3.9007487691992546,131.38280338393213,138.1951617562856,130.56371271664221,146.75319585030113
shift_shutin,R0013_S+01,4.153895772111263,3.882101981555335,3.462672557483523,4.524210823470882,141.09470011201512,150.19374750157485,141.89970945013633,159.49481995223883
shift_shutin,R0013_S+02,4.045992703081206,3.691353852993629,3.292533206868799,4.301912503669933,137.91104294734313,145.5219694914683,137.4859175761257,154.53373199103086
shift_shutin,R0013_S+03,1.4460569474045895,1.3605136141387004,1.2135212259090042,1.5855457810770186,83.79364984096199,88.29796449837174,83.42195141795784,93.76600680177656
shift_shutin,R0017_S+00,4.41762291097939,4.214055223550114,3.758760961879971,4.9110699161620355,123.92428485334244,126.78312378718653,119.78187326602126,134.6344427633893
shift_shutin,R0017_S+01,5.996271090726152,5.6930049582248445,5.077922252461006,6.634641431999462,140.1020570015085,145.28836539432208,137.26521362497712,154.28566145524474
shift_shutin,R0017_S+02,7.9215621771655975,7.502217215666566,6.691663896619554,8.743101672344478,164.80660258023195,168.03961125223995,158.76008428750796,178.44582738864807
shift_shutin,R0017_S+03,3.79460998228778,3.6156933320675364,3.2250471875059783,4.213737553782055,114.46773904330291,117.46793097903186,110.98108644941104,124.74238650624424
shift_shutin,R0025_S+00,1.6250872350971344,1.6430318273413025,1.4655156527668978,1.9147931743891273,206.93594956626427,213.0920549460669,201.3246302590747,226.28824103692568
shift_shutin,R0025_S+01,16.109936874417023,16.33610696148684,14.571123978817539,19.038137658332744,656.0843417739922,697.4201103439686,658.9069962546444,740.6093581173575
shift_shutin,R0025_S+02,6.0765149010900075,6.274988614772666,5.597027326466474,7.312886560681505,411.8975986792304,432.4563310168753,408.5751154223191,459.2371240488496
shift_shutin,R0025_S+03,4.216004378821239,4.233218624038893,3.7758539134036138,4.933402988378523,334.381086757248,347.63071333687265,328.4337599867706,369.15849664748185
shift_shutin,R0036_S+00,1.373981294488415,0.85251395902357,0.7604067860164408,0.9935217825032994,82.36617847960527,76.66222309007442,72.42876193743703,81.40969695666978
shift_shutin,R0036_S+01,5.196985849943675,3.3145452873445373,2.9564357303220614,3.86277891079014,164.1219013905822,154.2887266882569,145.76855463484316,163.84338957615856
shift_shutin,R0036_S+02,9.853612232752665,5.163514516588671,4.60563893007161,6.0175720200271865,199.65843357838355,187.31469271102995,176.97075220230468,198.91455992894382
shift_shutin,R0036_S+03,1.682960841264747,0.9850989203446257,0.8786670247434769,1.148036609751054,88.33282739327794,81.92102813338305,77.3971638856778,86.99416486894182
shift_shutin,R0039_S+00,5.138511264943838,6.5418081913443995,5.835019226211508,7.623838725765051,397.5432122712117,432.65316797956075,408.7610826032353,459.44615056590305
shift_shutin,R0039_S+01,0.3792583289170526,0.4977795511097722,0.4439985346839622,0.5801134652137699,107.39311473723976,111.77327754918767,105.60090464719826,118.69507935403489
shift_shutin,R0039_S+02,0.3387858705987241,0.43554753978426536,0.38849018409511393,0.5075881321486094,101.09480752683127,106.91053748996052,101.00669607983671,113.53120360605915
shift_shutin,R0039_S+03,8.918854903182115,11.460916412874479,10.222657965974737,13.356579071951076,523.9654057931805,562.8063951585196,531.726954538072,597.6593976579181
shift_shutin,R0041_S+00,1.0121831847182716,0.8040692061012653,0.7171960931250276,0.9370641529632189,132.45722862016623,121.82298041687652,115.09564021846627,129.36713179375928
shift_shutin,R0041_S+01,8.592331026309878,6.59341083007418,5.881046621131143,7.683976562887866,378.3015154534486,353.5750721403561,334.04985786776143,375.47097271831933
shift_shutin,R0041_S+02,0.7211729837436397,0.6886662872201982,0.6142615174334147,0.8025733185795539,120.3098758258877,116.97612885458318,110.51644274934291,124.22012847223222
shift_shutin,R0041_S+03,10.47450767047779,9.692262350911543,8.645092535406842,11.295385448463986,453.61319384494186,448.8448653214518,424.0586378379816,476.64055376327303
shift_shutin,R0054_S+00,0.9581211220749916,0.9740212975875958,0.8687862486831958,1.135126722011422,132.00179265396147,131.75839711668556,124.4824007622376,139.9178206476338
shift_shutin,R0054_S+01,3.4599459581371024,2.8533476344424757,2.5450667184137337,3.325298076197816,223.36499717889,217.65650915396924,205.6370249937024,231.13535893750267
shift_shutin,R0054_S+02,5.100596347349401,5.099858225212678,4.548860181263338,5.943386827625337,298.39588623288444,299.92165539744184,283.35930401000655,318.49495217429626
shift_shutin,R0054_S+03,1.6278162788803334,1.4114325914152923,1.2589388234137824,1.6448868775266614,154.69652739041317,152.07520134455848,143.6772651613714,161.49278689112205
shift_shutin,R0060_S+00,2.221688524254121,1.8847563009053192,1.681123770497728,2.196499447122843,177.84081867817375,176.23965293112013,166.50730113952707,187.15367437249228
shift_shutin,R0060_S+01,1.0044826436964795,0.824893453786276,0.7357704508651706,0.9613327804271007,115.17258303727588,113.94185898305447,107.6497321150756,120.99795488047934
shift_shutin,R0060_S+02,8.361192245235593,7.487246449938833,6.678310599901375,8.72565470658653,350.862209399741,353.30794235383536,333.7974795915461,375.18730034238
shift_shutin,R0060_S+03,0.6151449492273163,0.5181854773774124,0.4621997672205379,0.6038945799092729,89.83461960534304,88.40090317285014,83.51920558627475,93.87532017616905
shift_shutin,R0065_S+00,5.344106351156354,4.797394878896227,4.2790755300844925,5.590895329048098,145.93326091556284,141.6146520867414,133.79437106581312,150.38444551053584
shift_shutin,R0065_S+01,2.1458100842028043,1.878502176686565,1.6755453533396356,2.1892108759785884,90.86516705810618,86.91856188764437,82.11872253571079,92.30118170286687
shift_shutin,R0065_S+02,5.594663494751196,4.976938407707515,4.439220846472993,5.8001357818212504,148.5502089597911,143.64043852482877,135.70828900017727,152.53568315244263
shift_shutin,R0065_S+03,8.93616397718811,8.014259891668553,7.148384542000991,9.33983741701419,185.579006719073,180.33587640448903,170.3773218985988,191.5035653382414
shift_shutin,R0068_S+00,4.467599348965079,4.249905517945124,3.790737924661761,4.952849933971239,251.4658417618521,253.16823209591124,239.18771036748916,268.8462220795215
shift_shutin,R0068_S+01,14.500595859488845,13.288833979076516,11.853083962999682,15.486838523329666,440.2979134104494,445.00963305588215,420.4351957625889,472.5678164499862
shift_shutin,R0068_S+02,8.502234271064923,7.616227292058281,6.793356115081065,8.875969284799492,322.43062168052296,329.0691159537609,310.8971759451057,349.44743222641256
shift_shutin,R0068_S+03,2.540787647264354,2.2772835677336842,2.03124167089509,2.653951651503327,181.00922347277685,182.71479420749154,172.6248704861209,194.02980276811235
shift_shutin,R0070_S+00,4.92740043945048,4.720530272797511,4.210515517121317,5.501317135454556,351.45498645686445,356.3103010721255,336.63404127854966,378.3755866137556
shift_shutin,R0070_S+01,2.8816185582198726,2.5946306911045065,2.3143020285346982,3.0237887390330065,251.7034878155667,255.4691563507226,241.36157238675253,271.2896360421503
shift_shutin,R0070_S+02,1.9301844170011653,1.7913742203151506,1.5978308613066246,2.087671749722939,217.2884675526793,217.32085969672013,205.31991085777446,230.7789236621231
shift_shutin,R0070_S+03,5.271970277719893,5.007598275654276,4.466568166007546,5.83586686438167,358.5804189366113,366.3231846489155,346.0939908033436,389.00853964840906
shift_shutin,R0071_S+00,3.6111302896601,3.460583919383042,3.0866960804866816,4.032972677685664,309.37754872383925,309.0895221041234,292.0209004053029,328.2305588426961
shift_shutin,R0071_S+01,9.6936429257108,9.357923090211264,8.34687590214561,10.905745683934812,486.22908873977633,490.5618864584343,463.47195082160596,520.9409916035166
shift_shutin,R0071_S+02,14.128949170043365,13.072845788459562,11.660431532964804,15.235125375562328,604.4444173882225,606.3193505565259,572.8370262354913,643.8669868701257
shift_shutin,R0071_S+03,3.231842371249214,3.0990250932933128,2.764200733644898,3.61161116732647,287.04236915069293,289.71773735389274,273.71886937328884,307.65913445061767
shift_shutin,R0072_S+00,0.8216017320510428,0.7907649345125607,0.7053292394600814,0.9215593234131465,69.62112996409856,69.80499964826451,65.95020986577182,74.12782513166404
shift_shutin,R0072_S+01,0.6365283724452723,0.6164293410549675,0.54982918352998,0.7183882108085613,60.287620175521695,60.27823545979087,56.94953511844122,64.0110954791723
shift_shutin,R0072_S+02,6.9809773183824975,6.688338130012198,5.965717801335352,7.794605062567409,203.5257410438834,202.12353568659847,190.9618174129509,214.6404725143829
shift_shutin,R0072_S+03,2.7356251034153214,2.598119779180946,2.3174141491307907,3.027854930522687,127.4092201290894,127.57619125445669,120.53114575606824,135.47662264774772
shift_shutin,R0074_S+00,2.4988326530464255,2.5562499975083184,2.2800680555262254,2.979059788014923,202.6913044293837,211.88027406389642,200.17976665484633,225.00141800442017
shift_shutin,R0074_S+01,5.768946220212996,5.9574842829742165,5.313826745486331,6.942866262078755,307.12616210958527,319.1450087424528,301.52110035433014,338.9087532255593
shift_shutin,R0074_S+02,11.326458322230616,11.778085145954595,10.5055592069381,13.726208263014396,429.1813417468699,449.3264798397891,424.5136565145634,477.1519933016452
shift_shutin,R0074_S+03,8.481192334669448,8.742647481645877,7.798075799729246,10.188702035696105,373.74294122916695,387.787227155928,366.3727403920275,411.8017893811735
shift_shutin,R0075_S+00,3.1605787178142966,2.5339679776928574,2.2601934260324916,2.9530922694652135,170.75799754911287,167.79025802923684,158.52450091281239,178.1810324283454
shift_shutin,R0075_S+01,1.6684573873330542,1.5525579697659921,1.3848167568377945,1.8093547269634394,134.14202710518174,133.1135755484241,125.76274317938632,141.35692143291138
shift_shutin,R0075_S+02,2.5888969333849547,2.454304593589976,2.189137020178156,2.8602523733715572,169.56184531817848,168.42610948273662,159.1252392125483,178.85626035746574
shift_shutin,R0075_S+03,1.7970775868073552,1.4943378908922593,1.3328868821543292,1.7415049094585573,131.4416683660993,128.881066381324,121.76396273048482,136.86230498727167
shift_shutin,R0080_S+00,4.680412885274664,4.282808196669536,3.8200857375806456,4.9911947935121335,331.5687050721646,308.6215277452829,291.5787497522401,327.7335829216369
shift_shutin,R0080_S+01,3.2169337531246023,2.934836502541228,2.6177513796221685,3.420265395654236,272.5079634363645,254.42857180077127,240.37845126651516,270.18461104476927
shift_shutin,R0080_S+02,9.98029836837931,9.197161757231868,8.203483518674735,10.718394046570152,471.03747856396257,444.95034355740063,420.379180364159,472.50485532115977
shift_shutin,R0080_S+03,0.6116530960081872,0.5806128147784995,0.5178823404972204,0.6766475464445084,118.29852599199334,110.8158669273468,104.6963644028564,117.67837901003908
shift_shutin,R0090_S+00,0.8756800224427655,0.867539288400369,0.7738087512268829,1.011032336866813,99.02419749083464,97.95719303448472,92.5477755323906,104.02340394295057
shift_shutin,R0090_S+01,7.360360622859158,7.385794770324475,6.587819945977208,8.607422679413796,289.34368025138514,288.9061115428932,272.95206337317984,306.7972469569815
shift_shutin,R0090_S+02,1.1652604774652757,1.1501356384520145,1.0258728728852213,1.3403707910474498,115.8881750846846,114.04031268338404,107.74274897964854,121.1025055390048
shift_shutin,R0090_S+03,1.4730151579004676,1.4329471188773237,1.2781288818367595,1.6699599586739493,129.04063178616966,126.9427598829738,119.93269389595282,134.80396466945402
shift_shutin,R0093_S+00,15.611579911755532,12.071215047763678,10.767018816086619,14.067822543305994,424.1493998280664,409.010278046793,386.42380646605045,434.3391235710686
shift_shutin,R0093_S+01,1.3387855608697088,1.1630284167690454,1.0373726917669024,1.3553960653662747,128.25610529737838,127.82921524391705,120.77019718920438,135.7453156946547
shift_shutin,R0093_S+02,1.8430596623235047,1.4725740303584112,1.3134744290622902,1.7161412549601514,146.9489841733533,144.35609840696938,136.38442852682306,153.29566181964955
shift_shutin,R0093_S+03,1.1179700026984158,0.8776949302744359,0.7828671589111842,1.0228677459066189,113.59599916927012,110.43306517417719,104.33470182731409,117.2718714308967
shift_shutin,R0094_S+00,2.9477419457294793,2.7937050595911868,2.4918680368292603,3.255790478519054,341.64560558941974,347.8695189055743,328.6593781724643,369.4120907671922
shift_shutin,R0094_S+01,3.909563037370313,3.7941065666636633,3.3841843287410898,4.421660759005751,404.5572628797615,412.24910179006446,389.4837750451393,437.7785184752053
shift_shutin,R0094_S+02,1.9666196524510493,1.858717140075777,1.657897928401681,2.1661533475564645,270.6063134007934,275.85459370594754,260.6212798368915,292.937485667749
shift_shutin,R0094_S+03,0.6002264631780964,0.5870393937623093,0.523614580090994,0.6841370967795035,149.74720513343638,153.76578467122133,145.27449065740734,163.28806324440382
shift_shutin,R0097_S+00,1.7462218862339853,1.5912297380480025,1.4193103562887368,1.8544228971082466,164.9633977861698,162.3853877410619,153.41809977251418,172.4414538652056
shift_shutin,R0097_S+01,0.7417114762354922,0.7234897773593448,0.6453226137759458,0.8431566962824338,111.72539317791974,108.56347904375292,102.5683584667396,115.28650713832457
shift_shutin,R0097_S+02,4.098789187425055,3.682670794559814,3.284788282006791,4.291793246851399,252.01828422732976,247.3032271942059,233.64658428654573,262.61801407234947
shift_shutin,R0097_S+03,3.201233555747718,3.081500392569494,2.748569433755613,3.5911878396886356,230.44011203873916,227.60843966959118,215.0393874230698,241.70358426092812
shift_shutin,R0102_S+00,12.426563351591781,11.567085386454542,10.317356248765492,13.480308644659331,342.6120858104484,341.40591800441763,322.5527119154941,362.548217409466
shift_shutin,R0102_S+01,1.248370700607095,1.1908411165306176,1.0621804563932558,1.3878090513952603,109.12316530465284,108.77900910978609,102.77198647560564,115.5153843695548
shift_shutin,R0102_S+02,9.309640297505043,8.76914718688185,7.821712428168679,10.219584854802095,299.66106554493626,296.59553079127033,280.2168555188952,314.9628501126277
shift_shutin,R0102_S+03,0.4405784693408087,0.4362208152753,0.389090717666233,0.5083727689969428,64.66011978924378,64.31963127476308,60.76775592627838,68.30276346527116
shift_shutin,R0105_S+00,0.7711704203169811,0.5763734356564445,0.5141009916773145,0.6717069639971834,68.1469090951424,66.12325937513627,62.47178360823214,70.21808513421615
shift_shutin,R0105_S+01,8.869343629112237,7.85090164244544,7.002675817884269,9.149459327322079,255.3017064109712,252.1604298138632,238.2355612042605,267.77600946284105
shift_shutin,R0105_S+02,1.86931586424781,1.4639288315076315,1.3057632733644717,1.706066119789157,111.05665913290528,108.49895553176644,102.50739808885511,115.21798786839382
shift_shutin,R0105_S+03,4.0057927933691815,3.132120897072529,2.793720806033166,3.650181095262626,162.21131541766346,158.8398206760191,150.06832693086994,168.67631989608574
shift_shutin,R0106_S+00,1.8275878782735766,1.6394766047242184,1.4623445429273285,1.9106499095494913,192.5167189232352,201.4263767325162,190.30315715131917,213.90014048519322
shift_shutin,R0106_S+01,14.451512803577735,11.302545184795084,10.081397456083192,13.172012868485162,495.1887069947605,530.1973048673884,500.9186118825546,563.0309189675137
shift_shutin,R0106_S+02,10.916005788011022,9.800757976268573,8.741866094245779,11.421826506651453,468.4038067233315,494.5745747897058,467.26304943784766,525.2021743329368
shift_shutin,R0106_S+03,0.8764771608855146,0.7769933034905684,0.6930455207329045,0.905509832075059,129.42324339665066,136.3971696560769,128.86500980219114,144.84385920301278
shift_shutin,R0117_S+00,1.264509046049906,1.1489512067592353,1.0248164093666723,1.3389904515536413,138.8697090982172,127.32478542827295,120.29362312757686,135.20964797237582
shift_shutin,R0117_S+01,1.0173780925923455,0.936868765254378,0.8356477441404296,1.0918290730315894,125.69344636598504,113.8095072032744,107.52468909958121,120.85740693066433
shift_shutin,R0117_S+02,1.4039966065448746,1.0096532942954928,0.9005684990606951,1.1766523351801828,132.7802116793266,114.63354833289625,108.30322481636979,121.73247858836365
shift_shutin,R0117_S+03,0.6393814156335573,0.5437226367362943,0.4849778450062885,0.6336556457754163,95.32187060476257,84.26512385312905,79.61181334405009,89.48342378278431
shift_shutin,R0119_S+00,0.721197606506601,0.6620672243195368,0.5905362661137681,0.771574707816335,94.31494089751882,90.93822978344942,85.91641528916443,96.56977622144028
shift_shutin,R0119_S+01,0.5478782980349697,0.5165750670454675,0.46076334857692486,0.6020178039027098,83.12311094243915,80.2487464735486,75.81722939708125,85.21832355276499
shift_shutin,R0119_S+02,9.01027640064267,8.269773581761346,7.376292063995349,9.637613675277155,333.7736457841118,325.29833149207604,307.33462272026816,345.44313378656693
shift_shutin,R0119_S+03,4.914218010572593,4.43089693176248,3.9521746939025357,5.163777755352097,245.7172243961384,238.58030664897782,225.40536312045484,253.35490781818098
shift_shutin,R0122_S+00,3.027369971155941,3.04788825612163,2.7185888142279984,3.5520161764402425,144.08221991945848,142.35253058896768,134.49150225014765,151.1680187339017
shift_shutin,R0122_S+01,0.8164440631007552,0.8324690473713893,0.7425275634135922,0.9701613950938011,74.88655603073138,73.55072077288855,69.48908380764358,78.10550813312817
shift_shutin,R0122_S+02,3.41475119907292,3.4050366467169217,3.0371502371219568,3.968237754851498,153.5816719314159,150.48929887923694,142.17893981302078,159.80867398778287
shift_shutin,R0122_S+03,6.26513493363481,6.351189964101439,5.664995742138606,7.4016917932679505,205.3925999191794,204.7318464018129,193.42609131783314,217.41030850837632
shift_shutin,R0123_S+00,8.468377614918596,8.363139310309123,7.4595703878487365,9.746422315968212,457.2463012490689,453.16117007068823,428.1365864876647,481.22415501359296
shift_shutin,R0123_S+01,1.1881790715981013,1.1371887802170224,1.0143248169791845,1.3252824918644317,170.78189695124746,168.74740085654636,159.4287881508419,179.19744839405465
shift_shutin,R0123_S+02,11.771086706608768,10.400686039493161,9.276976828291913,12.120984089280743,484.3564382893517,489.65687619222444,462.6169172668754,519.9799366204352
shift_shutin,R0123_S+03,4.117252624720488,3.7698613892240456,3.3625586447764846,4.393405371921524,304.0360846693727,304.2970744742312,287.49310256052536,323.1413285346756
shift_shutin,R0130_S+00,1.0195041326755472,0.9695777531759824,0.8648227929663811,1.1299482048531633,103.65504213730236,97.29457600442127,91.92174971169703,103.31975292108531
shift_shutin,R0130_S+01,6.101963866889265,5.586653316181718,4.983061037043243,6.51069897703267,250.556351079576,235.90754798832526,222.88020023128092,250.51663280042703
shift_shutin,R0130_S+02,0.47466062876586057,0.45830031915536373,0.40878471141796774,0.5341042749969553,69.15433072488861,65.35125738182498,61.74241330908137,69.39827524882354
shift_shutin,R0130_S+03,2.3835621134702376,2.191649058374637,1.9548592711178594,2.554152991925198,156.71168515853967,147.5715025637041,139.42227080185273,156.71018682873293
shift_shutin,R0131_S+00,3.0796084429503905,3.3951024164954946,3.0282893193689207,3.956660379474918,203.70142168274356,215.7991661013991,203.88224862056364,229.1629959018436
shift_shutin,R0131_S+01,4.502009614736959,4.22638966479961,3.769762767455777,4.925444503142896,238.90134840225755,235.32379838507748,222.3286865999187,249.89673324125116
shift_shutin,R0131_S+02,0.9348668452648092,0.8291128927979514,0.7395340139408243,0.9662501246226669,107.4464064689792,100.3546308227487,94.81282138974808,106.56930824820036
shift_shutin,R0131_S+03,3.6909586970308537,3.2729825129434977,2.919363474359919,3.8143415552822026,214.0470498332484,204.77268774900458,193.46467731356503,217.45367904426948
shift_shutin,R0142_S+00,14.10922086032634,13.197793992831285,11.77188010398134,15.38074030821418,294.85374900595593,289.4964800659887,273.50983041268245,307.4241753269231
shift_shutin,R0142_S+01,6.462179758611377,6.09686142955475,5.438145329309679,7.105296718079167,201.43823647785536,198.4291099402663,187.47140620269636,210.7172614683839
shift_shutin,R0142_S+02,4.703968383404974,4.462121186237803,3.9800254226091174,5.200166575306658,175.2193832790307,170.5338479150501,161.1165835668733,181.09452504797645
shift_shutin,R0142_S+03,1.1839586238913107,1.107755331256014,0.9880714118719487,1.2909806808882756,85.7736735578752,83.39607311381285,78.79075354989918,88.56055519802418
shift_shutin,R0148_S+00,6.820702412462831,6.552664057740442,5.844702204875099,7.636490178117534,251.18929632243703,252.312810279334,238.37952687617343,267.93782641799925
shift_shutin,R0148_S+01,1.9837529963768683,1.8579861928903394,1.6572459540918845,2.165301499979184,135.02668024155548,134.75213530546648,127.31081796484675,143.09695254457745
shift_shutin,R0148_S+02,1.9124029250341767,1.7886461860840306,1.595397568901413,2.0844924921831134,132.7741236201179,132.01501757097637,124.7248500552912,140.19033287822944
shift_shutin,R0148_S+03,6.077699687657222,5.757007847700969,5.135010152274456,6.709230550646283,237.0496207068668,235.9083055031152,222.8809159143928,250.51743722595765
shift_shutin,R0149_S+00,11.944437227343526,8.851416377568063,7.895093104479865,10.315461564045995,392.5929204184536,382.0847328196461,360.98515067594445,405.7461557574475
shift_shutin,R0149_S+01,1.0635711656697728,0.8685911646494302,0.774746980835172,1.0122581959332584,125.10693890864373,119.55449138499442,112.9524222758451,126.95816167534693
shift_shutin,R0149_S+02,0.7409679660424441,0.5907407889052055,0.5269160697083726,0.6884507114261554,99.05622738107208,94.44989627886893,89.23415962722738,100.29891025488845
shift_shutin,R0149_S+03,6.224114681312848,4.769542493624697,4.2542323676435245,5.558436093432023,296.3118006221176,282.78287047538004,267.1669615109059,300.29481095126874
shift_shutin,R0150_S+00,0.8192094767030943,0.7734324330613116,0.6898693732811567,0.9013599852617699,83.27111944287111,82.48390412856628,77.92895659676998,87.59189817675642
shift_shutin,R0150_S+01,1.4860777617185805,1.2093721377798918,1.0787093520912243,1.4094051473515923,104.173412793464,103.09207230837613,97.39909517217174,109.4762717146746
shift_shutin,R0150_S+02,0.5322631398909445,0.4029081481995924,0.3593772122901009,0.4695501080625652,56.94056589923247,56.81379412677325,53.67640806262228,60.33211112838269
shift_shutin,R0150_S+03,14.743027048694252,9.818623964200258,8.757801808046526,11.442647571207862,295.3002746931175,296.1572303788043,279.8027590454042,314.4974069997542
shift_shutin,R0155_S+00,1.8060408544893825,1.7852669907108079,1.5923834679991629,2.08055436990946,91.35323149742295,93.19302176354905,88.04669256214666,98.96420106853301
shift_shutin,R0155_S+01,3.1576585419339462,3.1078536831444126,2.7720754664427294,3.621900026802626,119.79273175434604,122.7145597264675,115.93798450434534,130.31392407920288
shift_shutin,R0155_S+02,5.2651549694501725,5.243188283839236,4.676704597259294,6.110424016665691,154.38286647366274,157.0750524190904,148.40101316401442,166.80226455038425
shift_shutin,R0155_S+03,14.598195895938867,14.660062223686154,13.076162191035772,17.084871160078283,256.97045273282765,262.60074530967864,248.09933889186655,278.8628640619794
shift_shutin,R0158_S+00,6.761200274102647,6.023782229038039,5.37296173976094,7.020130045096547,204.29348906883067,203.81001327692977,192.55516390069113,216.43138887473643
shift_shutin,R0158_S+01,2.818774678982925,2.6299582349561494,2.3458127197013865,3.0649595421236073,140.17613109410905,139.65007467696356,131.93828205893317,148.29820739831703
shift_shutin,R0158_S+02,3.1995766184147225,3.121156026207494,2.783940599943501,3.6374026088443796,153.2354136685013,153.4363238347401,144.96322339262727,162.9381998335096
shift_shutin,R0158_S+03,7.776112821237624,7.37897072300253,6.581733181254144,8.599469918538242,232.61525793013547,232.4780662952399,219.6401022650971,246.87477304083606
shift_shutin,R0159_S+00,6.679834410333715,7.128663226962246,6.358469366550374,8.307760971127323,367.8587176304951,358.89427859375587,339.07532572377056,381.1195825285572
shift_shutin,R0159_S+01,4.093121274726897,4.282078931763781,3.819435263793947,4.990344906467571,284.7150653649611,274.47222558269203,259.31524920441774,291.4695114105381
shift_shutin,R0159_S+02,0.7486903077360596,0.8054645781772422,0.7184407066405716,0.9386903228780995,124.72574366438724,121.63946796852085,114.92226174209608,129.17225494038578
shift_shutin,R0159_S+03,3.110475529596608,3.220338481509203,2.8724072007151453,3.7529900766405326,248.03516387320445,241.3790054615273,228.0495114618167,256.32692210395174
shift_shutin,R0172_S+00,16.960167076465954,7.948626137226499,7.089841978866144,9.263347684482019,282.85496390546047,271.78732836420335,256.7786180759946,288.6183461285171
shift_shutin,R0172_S+01,1.1859762695630562,0.7253953413307328,0.6470222971180127,0.8453774450379098,86.94538063435358,83.28428035831791,78.6851342429224,88.44183943451051
shift_shutin,R0172_S+02,1.6438545917177574,1.1820518917140517,1.0543408355593684,1.377566068023377,113.11275110401658,110.3821366213403,104.28658566422152,117.21778901734574
shift_shutin,R0172_S+03,8.463653779714875,5.466505713883925,4.8758944022405855,6.370678677382538,246.27522517202357,237.36887847662658,224.26083274861261,252.0684593378126
shift_shutin,R0173_S+00,15.69894009736184,14.958485832492883,13.342343565360785,17.432654739015003,289.5864328415113,297.821181071115,281.37482262132477,316.26440143523644
shift_shutin,R0173_S+01,0.8354404252922144,0.8359403014062619,0.7456237767907048,0.9742068027492938,66.87578498061627,68.20295905012816,64.43663756875934,72.42657470675367
shift_shutin,R0173_S+02,1.7058677930934578,1.6469215345033206,1.4689851088271868,1.9193262483078821,94.20525723437498,97.86350133744286,92.4592577025256,103.92391018505926
shift_shutin,R0173_S+03,1.9235729469762408,1.8525966552624409,1.6524387120023367,2.1590205200911,100.82104271517063,104.09891328073952,98.3503361114083,110.54546349049039
shift_shutin,R0174_S+00,5.094070016951669,4.913072350880616,4.382254995658175,5.7257061282671975,134.53470246099727,134.76270370493964,127.32080275342511,143.10817541503107
shift_shutin,R0174_S+01,0.6107417161576599,0.580200138856757,0.5175142508395707,0.6761666129500759,45.766408305996926,45.940650283235904,43.4037037864918,48.78562435055195
shift_shutin,R0174_S+02,9.71696850662732,8.938640103847673,7.972893019264395,10.417112300778978,180.4501015707416,178.99367599980093,169.10924083252715,190.07824627239077
shift_shutin,R0174_S+03,0.8196134088152014,0.7454962760785786,0.6649514899784349,0.8688031218954897,52.26324167412199,52.11123974871207,49.233539361224764,55.33834090611285
shift_shutin,R0175_S+00,1.347649090489246,1.3556685943067153,1.209199670913183,1.5798993835150936,84.62564243819075,79.75029648207229,75.34630494022149,84.6890059681906
shift_shutin,R0175_S+01,2.7285767622813437,2.614532525253196,2.3320536319901657,3.046982383581816,119.47649766167098,114.48907279827542,108.16672754716666,121.57905609398442
shift_shutin,R0175_S+02,2.084155377384685,2.06477225445252,1.8416904699864896,2.406290464799659,105.06898260157782,99.25246904665408,93.77152347690898,105.39889272185091
shift_shutin,R0175_S+03,12.353395308796477,11.709628777568264,10.444498990250706,13.646429049521178,254.35665056683,241.30976878851632,227.98409819430734,256.25339780031277
shift_shutin,R0178_S+00,0.7659571357430816,0.7464386042481613,0.6657920072828387,0.8699013133712272,103.15032005036328,93.88248900785199,88.69808586759,99.69636506219
shift_shutin,R0178_S+01,1.167996767998157,1.1506186888838785,1.0263037336617395,1.3409337391622869,127.31419325822984,118.83695249139141,112.27450750099489,126.19618763483143
shift_shutin,R0178_S+02,0.6605099376108777,0.649430900284536,0.5792651937227393,0.7568483059238398,95.88987022254923,86.16869231036266,81.41026245057537,91.50487483120463
shift_shutin,R0178_S+03,6.559020716646105,6.084660790367786,5.427262869575962,7.091078064338182,300.7529548052194,266.7232145136779,251.99415603302944,283.24062608195703
shift_shutin,R0180_S+00,1.052316656156579,1.040581261928043,0.9281549522988617,1.2126958617479937,209.60468652257163,209.801971436812,198.21623259408497,222.79441199500144
shift_shutin,R0180_S+01,9.075772370519974,8.79527257967865,7.845015185571954,10.2500314493069,616.5009393563163,620.9001239031238,586.6126163373285,659.3507061218586
shift_shutin,R0180_S+02,10.345144227762649,9.712866392297151,8.66347047834038,11.319397446986153,659.4320306367744,665.7131628557407,628.9509780383528,706.9388893728649
shift_shutin,R0180_S+03,1.2569994230707773,1.2339664440652212,1.1006464443801898,1.4380674100176711,229.68054409607544,229.3616995145995,216.69582829851078,243.5654185114262
shift_shutin,R0181_S+00,6.7024095770668985,6.456589701584883,5.759007898512629,7.524524896411351,469.9059643098357,447.8133000111145,423.08403789457077,475.5451065414138
shift_shutin,R0181_S+01,1.025198474239152,0.9341599201889975,0.8332315676682677,1.0886721785908642,180.28799242067612,168.6917542043534,159.37621443249873,179.13835570264706
shift_shutin,R0181_S+02,2.91687146575591,2.610236638566175,2.328221880786338,3.041975947084741,305.61160576872743,285.85527758753494,270.0697033612132,303.55748351470544
shift_shutin,R0181_S+03,1.508307413529627,1.3443864924962479,1.1991365080917393,1.5667511954033615,218.85184155671325,200.74026081175245,189.65493010175797,213.17153535302933
shift_shutin,R0185_S+00,4.427940128653854,4.235909136317485,3.7782537377969234,4.9365385177462,168.8949509291698,168.51135207910454,159.2057745201666,178.94678178586156
shift_shutin,R0185_S+01,6.158782988017902,5.8924575923246545,5.25582565785751,6.867084003124966,196.702507531886,197.98480860109868,187.05164018723335,210.24544580845213
shift_shutin,R0185_S+02,0.8427148113405816,0.8197410724948947,0.7311747423062187,0.9553281830940402,72.72823725048966,73.26843443997029,69.22238596376413,77.80574060889548
shift_shutin,R0185_S+03,15.49709126177229,14.65232269272129,13.069258853203031,17.075851492401807,315.93843097211766,311.88089411926995,294.658126551567,331.19479260329825
shift_shutin,R0188_S+00,4.487384788462289,4.025578784200719,3.5906478630051484,4.69141902833756,243.27911252353232,241.4435468944099,228.11048877096493,256.39546040456884
shift_shutin,R0188_S+01,2.056851491182376,1.8541483639761944,1.6538227712583407,2.1608288850930997,164.7168113708737,163.4202937465037,154.39585593029867,173.5404486619344
shift_shutin,R0188_S+02,1.6213771977632585,1.4903685417056565,1.3293463887399823,1.7368790205361417,146.72617336519815,146.206710690841,138.13284581951683,155.2608772692102
shift_shutin,R0188_S+03,0.7098749464776963,0.6650522003377458,0.5931987398437493,0.7750534059220379,96.67004251085297,95.80641563471741,90.5157689196273,101.7394350038998
shift_shutin,R0194_S+00,2.5992161215160823,2.4874526502867407,2.218703699982845,2.8988831969813087,240.1139256964252,241.14724445214875,227.83054881896538,256.080808793127
shift_shutin,R0194_S+01,5.7563648483873715,5.455375307320611,4.865966545233341,6.357707275270324,353.14273029063224,359.860225696432,339.9879310451905,382.14534799341516
shift_shutin,R0194_S+02,1.275304569330005,1.2457540100854718,1.1111604601303617,1.4518046673139955,168.95010282661127,168.96913008961766,159.6382729947372,179.43290868914107
shift_shutin,R0194_S+03,2.576524199861269,2.382658441238904,2.1252316496407375,2.7767557781077463,233.6622697158228,234.61246458252475,221.65663425697258,249.14134855546124
shift_shutin,R0196_S+00,2.614508498365626,2.5201772453583193,2.247892669733639,2.937020517412345,123.13177837536531,125.00638721999013,118.10325210602952,132.74767794393782
shift_shutin,R0196_S+01,5.370445774996143,5.276085972077416,4.70604795887324,6.148763060282138,177.8759861034759,180.36762926652585,170.4073212958586,191.53728456489216
shift_shutin,R0196_S+02,1.5625728999305144,1.507181152678988,1.3443425343625344,1.7564724770959506,94.60066577636547,96.58425708400496,91.25065620680296,102.56544596620172
shift_shutin,R0196_S+03,0.8590701344830133,0.8415001744884213,0.7505829509793673,0.98068629197831,70.17111444523968,71.69685345375234,67.73759123008622,76.13683607320856
shift_shutin,R0197_S+00,1.1258114912872668,1.1182147231887225,0.9974007519009924,1.303170080964243,101.22774666186668,100.26780594279151,94.73079117581497,106.47710654988397
shift_shutin,R0197_S+01,0.6916522894008961,0.6961795748509612,0.6209630556771628,0.8113293217398133,79.68003661973046,78.36087320514791,74.0336087556033,83.21353965167047
shift_shutin,R0197_S+02,4.730477325333342,4.621276173256535,4.121985012685527,5.385646173292653,206.67916748310316,205.37686980651142,194.03549507290157,218.09527638159815
shift_shutin,R0197_S+03,2.262973182113234,2.2115656241526005,1.9726240145703329,2.5773638047495773,143.35169500539993,141.77782281477994,133.94853113761766,150.55772093859392
shift_shutin,R0206_S+00,4.427190148667179,3.070281838895775,2.7385629532135747,3.5781137107256473,207.45196498723664,196.36973970388303,185.52575904324996,208.53036027888194
shift_shutin,R0206_S+01,2.3520907921972944,1.9925316157339084,1.7772548424799193,2.32210105371823,167.12164032878698,162.45083171907748,153.47992978621417,172.51095060301384
shift_shutin,R0206_S+02,1.434932701074425,1.1964111753259978,1.0671487158119857,1.3943004110785349,129.80212378118642,124.57235890181022,117.69319181212671,132.2867714840231
shift_shutin,R0206_S+03,4.786500584174316,3.700972345166409,3.301112499491532,4.313121917178469,228.7539259417844,219.09744340098007,206.99838759626644,232.66552615227036
shift_shutin,R0210_S+00,1.1755465462525283,1.1485177325460654,1.0244297685031782,1.3384852796812285,152.5866311599545,151.4643239336307,143.10012178115582,160.84407957614016
shift_shutin,R0210_S+01,1.5542279343869743,1.5101080251821803,1.346953182187916,1.759883461227943,175.2091612942147,175.14319940577386,165.47139625493404,185.9893205926569
shift_shutin,R0210_S+02,7.327761694048796,7.185831581399837,6.409461147036324,8.374385106488894,390.2818725725549,386.9289169877333,365.5618280503959,410.8903265006168
shift_shutin,R0210_S+03,13.47444378202397,12.957797247391392,11.557813047456687,15.101047533919278,512.5810698980549,514.5232449626412,486.11010897623794,546.3862090244313
shift_shutin,R0213_S+00,0.8597313336954657,0.8182450498832096,0.7298403527235985,0.9535847148069883,108.35883002676152,104.99158717853547,99.19371453985877,111.49341814887944
shift_shutin,R0213_S+01,2.955470064813707,2.788764042580411,2.487460856366057,3.2500322056181066,203.2389646081216,196.54783762604228,185.6940219957927,208.71948729982108
shift_shutin,R0213_S+02,3.333246095627062,3.0888297064586845,2.75510687511853,3.5997294394157007,210.8523193498042,205.99319609580283,194.61778643210755,218.74977000851385
shift_shutin,R0213_S+03,15.525973718980431,14.637374254975802,13.05592547211091,17.05843054772713,469.70158427553065,453.4563876073826,428.4155014450339,481.5376545343458
shift_shutin,R0217_S+00,0.9747296761233974,1.024617748143031,0.9139161658458008,1.1940919450580352,164.02971706064292,166.60256127964502,157.40239146095132,176.91978499038515
shift_shutin,R0217_S+01,9.04033863976127,7.683443212903135,6.853309904456328,8.954302877796453,446.04985081750254,427.3869719542729,403.7856978197377,453.8538339691175
shift_shutin,R0217_S+02,4.5117310811766576,3.8709861248779265,3.452757678365803,4.511256377830087,319.6772288236673,305.4800917927143,288.6107909900352,324.39760675764137
shift_shutin,R0217_S+03,4.650250804414258,4.6039170612016775,4.106501410961454,5.365415823080944,350.4003487663137,352.42284625992977,332.9612605035355,374.2473927597663
shift_openbc,R0000_S+00,0.2125639494405128,12.805155079467907,11.421662619545547,14.92315799069795,566.8708787820976,525.1427352177798,496.1431669881696,557.6633341671416
shift_openbc,R0000_S+01,0.01915937499066256,0.9837286275474303,0.8774447808953993,1.1464396672869326,150.5674555400475,145.26453161545186,137.24269600122088,154.26035171810238
shift_openbc,R0000_S+02,0.024236307531971483,0.7765169630871662,0.6926206450210561,0.9049547038432486,135.22484312824778,128.69659939845528,121.58968243115386,136.66641448777222
shift_openbc,R0000_S+03,0.04006279890678264,2.3278924408421102,2.076382668455258,2.712931351822552,234.2803776429414,225.08558434988998,212.65584987370158,239.02449567252287
shift_openbc,R0005_S+00,3.2105254892331847,12.349705636256694,11.015420770201656,14.392376133263484,559.6151202805912,514.1148855780375,485.72430011940855,545.9525611022867
shift_openbc,R0005_S+01,1.4574311861917748,6.968194609444939,6.215338073025757,8.120750465053925,436.20036674821074,400.5723420109759,378.4518323209301,425.3786501080368
shift_openbc,R0005_S+02,0.35430565195716174,1.3571009289610738,1.2104772535022919,1.58156862970617,193.8147971791083,178.8134833760927,168.9389988525873,189.88689483098165
shift_openbc,R0005_S+03,1.9977024228696265,8.925033017941455,7.960756067896646,10.401254570707668,476.1407045952216,440.2461490439664,415.9347620993691,467.5093433945888
shift_openbc,R0006_S+00,7.064041831547935,18.847458508350396,16.811144494722235,21.96487268586244,395.5734415171432,328.6507564711553,310.50191921827815,349.0031649285825
shift_openbc,R0006_S+01,1.8684152753624286,4.8244091543380465,4.303171133620187,5.622377829488012,220.69203312721112,181.59293103328815,171.56495913088557,192.8384657919926
shift_openbc,R0006_S+02,0.940586017878117,2.9760750539271132,2.654534442218857,3.4683249008941095,172.35216941068418,141.89962749126624,134.06360948468995,150.68706863294665
shift_openbc,R0006_S+03,1.8176300739285611,3.9255662230304647,3.5014408425267387,4.574864153200502,201.46009328870923,166.04649190574463,156.87702949413736,176.32927981858853
shift_openbc,R0013_S+00,0.3057966239142511,5.06753685072568,4.520030867405015,5.90571942141646,203.7931661181116,166.00826728356827,156.84091572195382,176.2886880540632
shift_openbc,R0013_S+01,0.6614249610621892,4.083246300826157,3.6420848752799073,4.7586248884924665,188.3521648658323,153.46804550123096,144.9931933170296,162.97188593276277
shift_openbc,R0013_S+02,0.395394797768889,4.513220542972779,4.025603911044492,5.259717886403374,195.3009701994136,158.43282267576603,149.6838042796718,168.2441176649602
shift_openbc,R0013_S+03,0.2093751475052815,1.4455964823775405,1.2894115848852472,1.684701556790022,111.48768735037363,90.79281838965908,85.7790338410494,96.41535991278967
shift_openbc,R0017_S+00,0.5577052291251962,4.488036283022187,4.003140604767178,5.2303680903416225,129.91724586770238,130.26794513913907,123.07425491008746,138.3350692098368
shift_openbc,R0017_S+01,0.6941111826451756,12.806966412338902,11.423278252688277,14.92526892230634,210.92634380710808,211.2708152484302,199.60396353204607,224.35421713449
shift_openbc,R0017_S+02,0.7472213560760487,7.612286089271181,6.789840727077554,8.871376197757574,169.67413850473525,169.02528466979447,159.69132659213346,179.4925407630708
shift_openbc,R0017_S+03,0.47844077043983524,3.6978741739590415,3.2983490603884102,4.309511301131819,118.08473053498564,118.62872630271826,112.07778003288028,125.9750665893537
shift_openbc,R0025_S+00,0.16991918259441294,3.101124645266554,2.7660734461690137,3.614057990157737,392.06571713443714,286.47171536071477,270.65210004791544,304.2120955293903
shift_openbc,R0025_S+01,1.5851671895962822,16.57037925422725,14.780085063020165,19.311159141923667,993.0526024761594,701.3540081164905,662.6236553047925,744.7868710123754
shift_openbc,R0025_S+02,0.6742285880463756,6.368118989806669,5.68009572483173,7.421420919831424,605.6952692555902,435.1332504872703,411.10420935192144,462.0798175434827
shift_openbc,R0025_S+03,0.43178849714402484,8.388170798912524,7.481897428475637,9.77559407194092,641.7550881258283,466.3109897608476,440.5602434267509,495.18830571077416
shift_openbc,R0036_S+00,1.3807120999240168,1.5611824217220662,1.3925094071734943,1.8194056836543149,112.90716381934718,100.58752729370151,95.0328567914203,106.81662733651154
shift_openbc,R0036_S+01,5.099795871060379,3.364835790958656,3.0012927556124858,3.92138758254833,175.56810596863693,155.2577922551691,146.6841062118589,164.87246662289087
shift_openbc,R0036_S+02,5.857221958422601,7.88966119071966,7.037247713415933,9.194629796477248,253.39097025281427,223.78214223672478,211.42438677873304,237.64033508917188
shift_openbc,R0036_S+03,1.178687935460504,1.5914089660129893,1.4194702201353957,1.8546317698021928,114.06979823059956,101.69799740120048,96.0820042308336,107.99586570564561
shift_openbc,R0039_S+00,0.10702823050469347,6.806860636755602,6.071434918890341,7.9327314720180375,722.4451598123593,439.4850256661411,415.21566967398047,466.7010858064598
shift_openbc,R0039_S+01,0.006112618821781129,0.8900960055165253,0.7939283992207105,1.0373199882999162,241.12989685344647,148.36109336846366,140.16825861854733,157.54867475074013
shift_openbc,R0039_S+02,0.005397436830600724,0.7818059977362022,0.6973382426580608,0.9111185573222584,226.59997689119984,140.64998907936666,132.882978929051,149.36004366135631
shift_openbc,R0039_S+03,0.1559733889347911,18.8046439617452,16.772955710322627,21.914976512069593,1125.4260114553183,684.5605519524524,646.7575717295383,726.9534437771239
shift_openbc,R0041_S+00,0.38070566869916767,1.376034097157748,1.2273648474532828,1.6036333886653538,214.20468219048843,157.3403715385999,148.65168076234147,167.084014129844
shift_openbc,R0041_S+01,2.9088473925097214,11.089540461985127,9.891406154516991,12.923776661150615,610.0957803567185,445.197216277124,420.6124202145699,472.76701616765564
shift_openbc,R0041_S+02,0.37490240957003274,0.8150870812671219,0.7270235768335587,0.9499044107189022,174.06224203607667,126.41299665818633,119.4321853932675,134.2413947119136
shift_openbc,R0041_S+03,4.26026515230897,9.843190560663121,8.779714184333109,11.471277540781355,624.4258248370272,451.5022840012327,426.56930785468336,479.4625388386832
shift_openbc,R0054_S+00,0.47488116285605364,1.3424984060411875,1.1974524139630542,1.5645508149867167,173.2890577027657,151.99032781472914,143.59707853960364,161.40265738450796
shift_openbc,R0054_S+01,2.4314546737992466,6.899080032486989,6.153690761829028,8.040204173735866,361.2853578224672,316.67704618837854,299.1894242680584,336.2879567559405
shift_openbc,R0054_S+02,2.1615021777899637,5.230764679015992,4.6656232615059166,6.095945518245274,348.35183241602414,302.9866737391274,286.25506511444246,321.7497784016818
shift_openbc,R0054_S+03,0.5594745464701653,2.391422546506288,2.133048864887646,2.786969487097651,219.9876425857757,194.1609608875837,183.4389539832111,206.18479806021313
shift_openbc,R0060_S+00,1.0375938968319969,3.426140572823172,3.055974056313331,3.9928323202084277,246.54752670167795,230.1308810936625,217.42253393305987,244.38223332232204
shift_openbc,R0060_S+01,0.6253419340245258,1.7376130889550072,1.5498781812625386,2.0250184001877596,173.0189795497933,162.05811119882256,153.10889618031325,172.09391001569543
shift_openbc,R0060_S+02,2.7494456346740948,9.632150966444376,8.591475695257937,11.225331498950991,425.1958847729596,391.1757249084917,369.5741176434752,415.40012718114116
shift_openbc,R0060_S+03,0.2669639169235602,0.9009058237567555,0.8035703048557689,1.0499177760227953,124.10739031327728,116.23559547151683,109.81680329268617,123.43373595879186
shift_openbc,R0065_S+00,0.24192275082700326,7.804400940709809,6.961199137320821,9.09526729962912,276.42851628906635,175.08071336338892,165.4123608329767,185.92296496703668
shift_openbc,R0065_S+01,0.17241028719231113,3.996939149106519,3.5651025066574262,4.65804232991772,193.8723927804741,124.5307361279041,117.65386754182894,132.2425711298772
shift_openbc,R0065_S+02,0.20526139238230695,7.514513122050328,6.702631330707255,8.757431350701745,271.5200087128717,171.94322520096847,162.44813185502915,182.59118106862715
shift_openbc,R0065_S+03,0.3249713571529258,11.915013020875529,10.627693142907834,13.885784332034603,343.7621419393746,213.86818432119733,202.05790001669607,227.11243390117772
shift_openbc,R0068_S+00,1.0468344886515475,4.666724643331411,4.162523146628322,5.438611927721537,293.0844534104433,263.6796364456861,249.11865122193663,280.0085678635559
shift_openbc,R0068_S+01,2.6565391691680103,14.857782475067953,13.25252038352308,17.315294808290258,533.078660079331,465.2844299930364,439.5903726084994,494.0981740104812
shift_openbc,R0068_S+02,1.494875853165507,13.74095103935136,12.256353466176567,16.013736813815015,481.336791901292,428.0360088952617,404.3988934745552,454.54306392553946
shift_openbc,R0068_S+03,0.46871749911714344,4.214216563855409,3.758904870682526,4.911257942535105,266.5328703624335,242.81260358757726,229.40394306059292,257.8492988926114
shift_openbc,R0070_S+00,1.2721794311743193,6.052150653264888,5.398265187361254,7.053190673730652,402.299611061735,394.23367557359416,372.463201364396,418.6474480507947
shift_openbc,R0070_S+01,0.9991073200567252,5.817344328360932,5.188827768810301,6.779546827794309,375.0818684527172,367.25670505958004,346.9759601079425,389.9998703282639
shift_openbc,R0070_S+02,0.3311899717788491,2.8834425021259817,2.5719100813505884,3.3603707061162327,274.7216826725226,267.8865465565513,253.0932462523213,284.47599997607216
shift_openbc,R0070_S+03,1.2810494300410489,6.931745204586478,6.182826728774714,8.078272242494801,431.7212184641296,418.16931527331025,395.0770609650245,444.06535397466047
shift_openbc,R0071_S+00,0.3778969329623319,5.025620755057294,4.482643463653807,5.856870304468591,391.25762820091705,362.40672919944507,342.3938108717627,384.84954922999833
shift_openbc,R0071_S+01,1.1021167327567227,17.658624428468023,15.750754231053634,20.579402639720062,719.7503358441782,655.6332391634709,619.4276905047113,696.2347446186764
shift_openbc,R0071_S+02,1.1988189047774822,14.553100161324958,12.98075650623159,16.96021731983027,700.1979795424421,632.2347173242221,597.3212879028503,671.387218739742
shift_openbc,R0071_S+03,0.2483118255433999,5.230500575657773,4.6653876923593085,6.095637731567479,392.1833146509111,364.6980676992157,344.5586164830346,387.2827838189862
shift_openbc,R0072_S+00,0.07650186750712991,1.0276093262224864,0.9165845283382125,1.1975783372215167,91.1257018235688,78.90220532314392,74.54504729107798,83.78839493113696
shift_openbc,R0072_S+01,0.06923726026272774,1.0596961074606925,0.9452045948329624,1.2349723479038621,90.2352218534418,78.94803849596171,74.58834945254749,83.83706642224772
shift_openbc,R0072_S+02,0.4469260015621409,9.424892782148435,8.406610065636356,10.983792321180873,275.2291869989035,233.36479465049297,220.47786347729598,247.81641396610928
shift_openbc,R0072_S+03,0.2461569558547884,3.5309876201875787,3.149493236223296,4.115021316980987,169.21090045696914,145.88832408925552,137.8320412453629,154.92277388914405
shift_openbc,R0074_S+00,0.03197542940358259,2.994017095320717,2.6705379925258934,3.4892345983347686,317.617297991134,228.2130348960905,215.61059553527363,242.3456203536322
shift_openbc,R0074_S+01,0.06789442864959128,9.939305119990898,8.865444350243273,11.583289675359449,567.1329117537307,402.2180636483349,380.00667349149614,427.1262866149382
shift_openbc,R0074_S+02,0.1499720875068847,12.47733333801404,11.12925934078779,14.541113758500718,656.2820877142227,460.29794311440327,434.8792508006656,488.80288815383494
shift_openbc,R0074_S+03,0.09729648468270151,12.820745910615857,11.43556898867775,14.941327582161955,650.2147283852009,456.97289516239056,431.737819508438,485.27192942046116
shift_openbc,R0075_S+00,1.5159434506740384,4.24107613645443,3.7828624857545297,4.942560151916427,228.25284093431463,209.0256936134353,197.48282258586485,221.9700614895246
shift_openbc,R0075_S+01,1.0978743169230447,1.9498919108862671,1.7392220096134392,2.2724086409228264,161.42049812854995,146.65209937655024,138.55363913578893,155.7338476119684
shift_openbc,R0075_S+02,1.7527509416370206,2.7870995061815202,2.4859761595351246,3.248092350965214,196.04588170120897,177.53651938658916,167.73255169947302,188.5308520863313
shift_openbc,R0075_S+03,0.7429942719798349,2.319439037945656,2.068842586724799,2.7030797361099803,170.8153728913514,155.6857184946409,147.08840139762555,165.32689311968412
shift_openbc,R0080_S+00,0.46700117492059057,4.895433026008752,4.366521455824204,5.705149217376353,350.90962063912235,326.99635911462025,308.9388814213489,347.246315439843
shift_openbc,R0080_S+01,0.2717732850138191,4.050695167145592,3.6130506258330364,4.72068972037644,313.8119588059728,293.4356470364585,277.23146768376375,311.60728372636095
shift_openbc,R0080_S+02,0.752495003377268,13.483036204551679,12.026304223556993,15.713162255836265,583.34378509968,530.0487172586785,500.77822961728344,562.8731297499694
shift_openbc,R0080_S+03,0.0708400043585617,0.7361082601009532,0.6565777724796699,0.8578623058894471,132.14994839020508,124.32725050298195,117.46161885282523,132.02648421780728
shift_openbc,R0090_S+00,0.011085449947545305,1.2949892696381913,1.1550762518647861,1.5091835551492832,182.2996435543964,120.11847383816132,113.4852603438114,127.55706996094739
shift_openbc,R0090_S+01,0.15658971480811015,8.182910670013666,7.298813980678408,9.536383432652359,468.7496549472616,302.43285511210945,285.7318296031832,321.1616633591332
shift_openbc,R0090_S+02,0.022851448653768747,1.275162766591521,1.137391840600798,1.486077701644789,184.36603315571364,120.3272501348464,113.68250754173071,127.7787751810647
shift_openbc,R0090_S+03,0.033370541009088976,2.95304263987142,2.633990492456029,3.441482871123505,274.0565947410044,180.3676975169636,170.407385777353,191.5373570418858
shift_openbc,R0093_S+00,0.688385904970022,15.499101499217932,13.824550123098996,18.062689514596936,796.680552954093,452.4970423800739,427.50913342850873,480.51889978025696
shift_openbc,R0093_S+01,0.11162828758578376,1.2806374288530527,1.142275010302306,1.4924578859820756,228.6092081135919,134.24378706536592,126.83054186301368,142.55712374093815
shift_openbc,R0093_S+02,0.08828895687516779,1.6171591861493544,1.4424383392211357,1.8846411372019194,255.99547440103183,150.9223274577465,142.58805557513642,160.26851879698725
shift_openbc,R0093_S+03,0.04439519526665658,1.0942250090850498,0.9760029305445884,1.2752124114554362,207.3096471614793,122.78405890361977,116.00364577992424,130.38772714311946
shift_openbc,R0094_S+00,0.33473853707658874,4.106508874520048,3.6628341178111414,4.785735146849339,409.0811623198946,411.0541797141366,388.35483926578576,436.5095982669585
shift_openbc,R0094_S+01,0.943198140868267,4.1111623058451485,3.6669847838740415,4.791158266712579,432.6310779662248,426.5251780475099,402.97149411945196,452.9386716119517
shift_openbc,R0094_S+02,0.47060440667284653,3.8797489266096195,3.4605737309134095,4.521468567676416,387.0647227032706,387.77481045382774,366.3610093682687,411.78860374795755
shift_openbc,R0094_S+03,0.12928631388829837,1.1194461237420286,0.998499109678161,1.3046051580791063,207.09177965314657,209.24712373081445,197.69202483191228,222.20520414553312
shift_openbc,R0097_S+00,0.4768578291487098,2.0898999184780895,1.8641032950664083,2.435574303836643,199.37862801272848,182.92098969728684,172.8196793951374,194.24876735929493
shift_openbc,R0097_S+01,0.25635171541612783,0.7714224706732923,0.6880765709190251,0.8990175703448379,121.9194381419636,111.94234259496591,105.7606335392006,118.87461411819899
shift_openbc,R0097_S+02,1.1813885012466478,5.523184259917175,4.926449294121292,6.436731988872179,318.8200393014417,293.76397241493135,277.5416621930919,311.9559413635554
shift_openbc,R0097_S+03,1.256479371045716,3.6450718208071318,3.2512515703950076,4.247975313986294,268.0184954034005,244.58668770707482,231.0800582470401,259.73324700580713
shift_openbc,R0102_S+00,0.9149536341962312,12.725397100923777,11.350521839407032,14.830207854018918,463.2550025656196,354.36597421577375,334.797084543786,376.31085311425437
shift_openbc,R0102_S+01,0.09048109144859759,1.8184698145636184,1.6219989978158278,2.1192490192922926,166.8300436496394,132.52564831661465,125.20728261754962,140.7325855364954
shift_openbc,R0102_S+02,0.6514132664898913,9.946159996665804,8.871558613459413,11.5912783648358,404.2938044997611,311.80439634198956,294.5858531543701,331.11355753581347
shift_openbc,R0102_S+03,0.03590577002585493,0.76263422326923,0.6802378218962005,0.8887757260517961,107.07303332823427,85.09961009578196,80.40021737113078,90.36958738971575
shift_openbc,R0105_S+00,0.6266662334313635,1.2202239832538762,1.088388744260557,1.422051913712007,108.7398276229638,94.35583896348412,89.14529636929034,100.19902823694802
shift_openbc,R0105_S+01,4.806341135061826,8.326336840393871,7.426744124337725,9.703532630557545,302.5794585121594,258.0141377538134,243.7660141671988,273.99222091948343
shift_openbc,R0105_S+02,1.351241737869624,2.865805167296146,2.556178316550852,3.3398161144250706,168.94104885546395,146.39641199143796,138.31207138572583,155.46232623287693
shift_openbc,R0105_S+03,2.021264780428499,5.26189382344957,4.6933891560342476,6.132223496732423,229.81151464393687,198.23340013602575,187.28650393598923,210.50943191149833
shift_openbc,R0106_S+00,1.3824949134855757,2.1471744087833233,1.915189744306037,2.502322130189185,225.2445552333836,226.2706660514358,213.7754886863776,240.28296611993454
shift_openbc,R0106_S+01,7.727510549937107,16.24663092283571,14.49131509562445,18.933862071439332,612.627328446977,612.5046422263183,578.6807521256032,650.4353160957833
shift_openbc,R0106_S+02,8.477222132866473,11.787124734863982,10.513622142068652,13.736743021291712,537.2686179159464,531.5341693889515,502.18165172502205,564.4505717141435
shift_openbc,R0106_S+03,0.6430828668965958,1.1819669819635776,1.054265099614196,1.3774671139995163,164.40247465244104,164.48791419251887,155.40451996334033,174.6741838116798
shift_openbc,R0117_S+00,1.1161346582426763,1.2700882288737017,1.1328655652528308,1.480163823396317,181.3056963869262,133.03791095961748,125.69125696011336,141.2765711508975
shift_openbc,R0117_S+01,0.7111181503111645,0.9613932601226108,0.8575225675659474,1.120409977307206,156.93675342581903,115.1317186135745,108.77388500869368,122.26149914044422
shift_openbc,R0117_S+02,1.3050729519267845,2.2425844687732943,2.0002915262800305,2.6135132395741305,218.6777520003507,163.26827001755416,154.25222729511037,173.37901053497762
shift_openbc,R0117_S+03,0.2762012281087935,0.7134832938179118,0.6363972490842257,0.83149511671597,129.19986929288717,95.23324962372386,89.97425443064483,101.13077444880446
shift_openbc,R0119_S+00,0.11349632130333036,1.3581662864741062,1.2114275078340464,1.582810199869506,153.27252082769166,130.31541903667977,123.11910719175398,138.38548303109528
shift_openbc,R0119_S+01,0.06244930849807151,0.8903891262992861,0.7941898506960493,1.0376615919528474,124.2107585255022,105.45878656622806,99.63511412187643,111.9895498684841
shift_openbc,R0119_S+02,0.7738518346074317,13.896460223211255,12.395061152359654,16.194967584183953,500.5211536988791,412.83259450889824,390.0350459778252,438.3981452418446
shift_openbc,R0119_S+03,0.5652146865900569,8.499981072070666,7.581627514482888,9.905898028508965,386.18202969584974,323.57177462953297,305.7034102282739,343.6096561584405
shift_openbc,R0122_S+00,0.13288240778298305,3.0890758822640745,2.7553264536380255,3.6000163332810637,146.59869708236604,143.24058056456371,135.33051209982833,152.11106312371425
shift_openbc,R0122_S+01,0.03360966018409096,1.198358295640481,1.068885465673559,1.3965695896944597,89.46998732390183,87.99477861841729,83.13550814724532,93.44404548088409
shift_openbc,R0122_S+02,0.11894217905171216,4.5393660838983925,4.048924639735759,5.290187961585111,176.25907098919282,170.7112319730042,161.28417207640499,181.28289399712654
shift_openbc,R0122_S+03,0.2670092770638317,10.846136385032086,9.674299900830366,12.640112974658098,274.61827993675394,262.78491049927317,248.27333406362973,279.0584340790038
shift_openbc,R0123_S+00,2.8422777653536015,9.835474398588092,8.772831690572449,11.462285107264316,567.6226105597187,482.82999109228075,456.1670281852989,512.7302819046906
shift_openbc,R0123_S+01,0.3078350160933118,1.2432645295447886,1.1089399476369832,1.4489034208087537,205.0832504434992,175.68004583937997,165.9785968156448,186.55941240203205
shift_openbc,R0123_S+02,2.171757336604137,14.600706316915328,13.023219205386141,17.015697646057948,659.3785249896674,563.7115763752199,532.5821496030206,598.6206341779687
shift_openbc,R0123_S+03,0.7314503130859006,4.946395024162976,4.411977426152026,5.764540450458455,395.1752713637633,340.36972816937134,321.5737428240763,361.4478592792095
shift_openbc,R0130_S+00,0.1182785317122694,1.3780906220799656,1.2291991816479477,1.6060300676696768,121.12180157362177,114.70824795819507,108.37379935959986,121.81180414941878
shift_openbc,R0130_S+01,0.8032310390875992,10.09907797131336,9.007955049429885,11.769489333865145,332.70554140328306,308.9656498322173,291.903868640101,328.0990155126082
shift_openbc,R0130_S+02,0.07332887652260438,0.8166968799441472,0.7284594499065724,0.9517804739013767,92.05020724838892,87.5772079727169,82.74099669596691,93.00061587038965
shift_openbc,R0130_S+03,0.3096777781967763,3.8828734376428127,3.463360664039225,4.52510988021833,206.4011638664261,193.38393160462917,182.70483401270872,205.35964955939986
shift_openbc,R0131_S+00,1.3275469009730891,3.671699404276146,3.2750022608684497,4.279007162687272,312.33662450810056,223.2706077135884,210.94110034761175,237.0971226850328
shift_openbc,R0131_S+01,1.1767803500486855,6.565016636728313,5.855720188554732,7.6508859028615595,394.7255529567252,285.18810145450806,269.4393702015217,302.8489910575714
shift_openbc,R0131_S+02,0.3964199991802741,1.5753842901373112,1.4051768796562132,1.8359565746672342,189.53702754225256,137.0219187313237,129.4552588220835,145.5072972151096
shift_openbc,R0131_S+03,1.7257648540572357,6.753395584533584,6.023746329050813,7.870423173810122,389.1169555268857,282.32115526413423,266.7307432567219,299.8045030275911
shift_openbc,R0142_S+00,3.921845127800312,16.55565307184657,14.766949924415266,19.293997214176372,346.3608972603083,315.76598508859485,298.32867402045395,335.32047622833755
shift_openbc,R0142_S+01,1.6918038468892465,6.970135941936441,6.217069660391368,8.123012898527268,222.09559508619344,209.17946320826223,197.62810067627257,222.13335359887685
shift_openbc,R0142_S+02,1.3941795936638657,5.775214710659762,5.151249912338672,6.73044887176484,200.37717979602004,189.29007469930252,178.83704913444544,201.0122717165342
shift_openbc,R0142_S+03,0.1835211669159364,1.6162452040160435,1.441623105395213,1.8835759802638405,104.02132973979084,98.95238044852535,93.48800644912245,105.08022048865584
shift_openbc,R0148_S+00,0.40021045109226366,7.22471542930982,6.444143912642939,8.419700434733327,283.5370425861436,263.00694356987793,248.48310596646348,279.2942170274197
shift_openbc,R0148_S+01,0.08617263867149688,2.35644397062316,2.1018494385495887,2.7462053721022373,161.82345190594847,149.9567580919173,141.6758071310813,159.2431544611469
shift_openbc,R0148_S+02,0.059238154900681225,2.6933246796214636,2.402332937369644,3.138806946483867,169.4544509342638,159.38374600962402,150.5822154787291,169.25392898164284
shift_openbc,R0148_S+03,0.2475777700882107,7.055945449556514,6.293608151296276,8.223015501492352,279.2148913159476,256.724694379383,242.54777676898647,272.62292597702105
shift_openbc,R0149_S+00,5.994315022216678,15.084154780205386,13.454435009284568,17.57910962765946,505.04000971303856,471.0328235343427,445.0213268718109,500.20254924671167
shift_openbc,R0149_S+01,0.6455999509254639,1.6521314791527635,1.473632161493332,1.925397930114461,168.07657501246825,157.98576008383807,149.26142949406403,167.76936975572264
shift_openbc,R0149_S+02,0.3951550324175432,1.0757047186861286,0.959483606316203,1.2536288212574649,132.20216690929595,124.69528401449156,117.80932872237608,132.417309000004
shift_openbc,R0149_S+03,3.2013677743442877,8.408280680229957,7.499834601301846,9.79903017515184,376.7303489393359,354.3589717151093,334.7904687370281,376.3034169686007
shift_openbc,R0150_S+00,0.8192094767030943,0.9387866130078225,0.8373583841021915,1.094064137335703,93.94769116578068,90.09703034304339,85.12166878227684,95.67648368747459
shift_openbc,R0150_S+01,1.3157062749571877,2.134922624768555,1.9042616655255935,2.4880438721450124,136.7139056724248,132.51358742850988,125.19588775893368,140.71977775182572
shift_openbc,R0150_S+02,0.46614873655881733,0.7336587011316776,0.654392868357844,0.8550075840778664,77.51982972543107,75.49982018587028,71.33054954767805,80.1753097401443
shift_openbc,R0150_S+03,11.972512098535638,11.459995680097796,10.221836710857344,13.355506047797258,329.61199628360873,314.51304116481805,297.14492049077137,333.9899410439023
shift_openbc,R0155_S+00,0.05984012838515453,2.5974963855893995,2.316858108127176,3.0271284261578972,154.69274171388437,110.46856504514314,104.36824131520477,117.30956970810348
shift_openbc,R0155_S+01,0.1739488743711859,5.774275507183253,5.150412182129767,6.729354321813794,225.8843202193798,161.2518643040553,152.34717206053023,171.23773453930545
shift_openbc,R0155_S+02,0.35664525801211966,10.731455445716618,9.57200930070682,12.506463536966361,301.6446686640803,214.56112671401814,202.71257656510514,227.84828824943594
shift_openbc,R0155_S+03,0.6725372370157372,15.636843588942627,13.94741030461052,18.223214471473597,391.8844641834721,269.24444424206257,254.37615775990614,285.91798841078986
shift_openbc,R0158_S+00,2.7106296558486185,14.012523583476536,12.498584814136025,16.330228098517534,324.97739634236706,293.84061722443306,277.61407450305865,312.03733256854963
shift_openbc,R0158_S+01,0.5410037280279845,3.8916621283334702,3.4711998084551476,4.535352241118617,184.21484109308403,164.79025509269368,155.6901649159656,174.99524782559337
shift_openbc,R0158_S+02,0.9204965986291096,3.6734992719345083,3.276607667521166,4.281104732709767,183.5534332885545,164.1922828879199,155.12521408726505,174.36024489955057
shift_openbc,R0158_S+03,1.939151886224385,11.577135801586541,10.326320798598093,13.49202142220526,317.0763799601675,278.8456901901766,263.4472012158422,296.1138122668765
shift_openbc,R0159_S+00,1.1568335865257457,10.329926765478415,9.21386251612741,12.038521064125954,527.3684358458715,418.77570210681876,395.64996174765093,444.70929262351024
shift_openbc,R0159_S+01,0.8415174009085912,6.884474878276424,6.140663575288587,8.023183292504037,424.3995581056879,338.2420994725906,319.5636065906236,359.1884725766126
shift_openbc,R0159_S+02,0.2059870203538686,1.4727439874244792,1.313626023654967,1.7163393233265887,202.5434696618776,159.3295535021885,150.53101560398468,169.19638048604986
shift_openbc,R0159_S+03,0.9739598720045424,6.501603871721485,5.799158655079683,7.576984516665835,409.2286108154589,325.35293996140956,307.38621558655484,345.50112400339754
shift_openbc,R0172_S+00,19.170495138207986,17.604853094510553,15.702792450719564,20.516737400053845,422.9792470782464,380.04643228759676,359.0594097041585,403.58162905926156
shift_openbc,R0172_S+01,1.0490159123968072,1.4292038039813555,1.2747900015533786,1.6655974906480027,124.82532912759626,114.15851887047637,107.85442755404081,121.22803189972986
shift_openbc,R0172_S+02,1.1612355165528376,1.4828139618454943,1.3226080195550953,1.728074895314159,135.06443467975106,122.13298610393007,115.38852669112272,129.69633525304613
shift_openbc,R0172_S+03,5.04271706444608,6.933261513763302,6.184179213124738,8.080039352792806,289.7889477648202,261.3440453771162,246.91203676868895,277.52834026979593
shift_openbc,R0173_S+00,0.3442261139170341,16.980725357420464,15.14609661999327,19.78937746031314,380.97569383700426,314.7528743125888,297.37150951029645,334.24462637773667
shift_openbc,R0173_S+01,0.015999124363452195,1.1026962789122994,0.9835589488298431,1.2850848493313805,90.93702810921582,78.35897367938489,74.03181412594428,83.21152249366884
shift_openbc,R0173_S+02,0.029602218469260262,3.1343182356664077,2.795680740131928,3.652741878852673,155.25607083148546,135.2438518654775,127.77538082553875,143.61911971538905
shift_openbc,R0173_S+03,0.02299973753037117,3.020980605937476,2.6945883159614104,3.520657937327589,152.67162803947755,132.60061664955867,125.27811102978167,140.81219644549748
shift_openbc,R0174_S+00,0.6606634032252133,4.982433803016788,4.444122509185706,5.80654012850137,152.58671099232666,135.59527761322101,128.10740004955858,143.9923082621516
shift_openbc,R0174_S+01,0.05038364810624905,0.7547541086289224,0.6732090893063665,0.8795922218277296,58.23581670745301,52.098706719629995,49.22169843432294,55.325031742115314
shift_openbc,R0174_S+02,0.5629955404073186,11.671083980462402,10.410118643776974,13.60150885188511,229.19561649474676,199.9755923795658,188.9324883879187,212.35951317538513
shift_openbc,R0174_S+03,0.1276745612446256,1.610637433915931,1.436621209070337,1.8770406717369117,84.2778849776626,76.32388276214385,72.1091055267858,81.0504041726256
shift_openbc,R0175_S+00,0.019834088043062015,1.8791517489303058,1.676124744605808,2.18996788900651,102.35856317929644,93.96696386429096,88.77789583161267,99.78607120670233
shift_openbc,R0175_S+01,0.02507834126977809,4.089118621956112,3.6473227400557526,4.76546850541476,155.23764190811207,143.1477879372998,135.24284369107698,152.01252411244016
shift_openbc,R0175_S+02,0.030255861857777462,2.795694830617448,2.4936428293414212,3.2581093623752766,125.88406960159448,114.99179824325537,108.64169135732858,122.11291389876186
shift_openbc,R0175_S+03,0.18237023905649408,14.77594372136544,13.179523638993764,17.219919731324367,307.5367333798198,268.1449420187689,253.33737253335394,284.7503971357971
shift_openbc,R0178_S+00,0.18008620569333433,1.6831166393055825,1.5012696280668951,1.9615081089805504,214.390900088388,136.0688255048946,128.55479755682498,144.49518163056825
shift_openbc,R0178_S+01,0.205537546919493,2.2257331009630663,1.9852608111803822,2.5938746157050128,252.0826143398438,159.06612661104867,150.28213574090182,168.91664031529152
shift_openbc,R0178_S+02,0.10838142060627044,1.2013913528962061,1.071590825855897,1.4001043217879892,182.57472203676497,115.07502301875522,108.72032027270575,122.20129254837092
shift_openbc,R0178_S+03,0.9639936673907396,11.276411848196485,10.058087613141046,13.141557016254968,542.7677684054231,347.17668155486876,328.0048008655076,368.6763479660093
shift_openbc,R0180_S+00,0.05841998768568784,1.5871244494604804,1.4156486106158763,1.8496385840867482,261.0366263542499,255.622258869546,241.50622023860066,271.45221976537556
shift_openbc,R0180_S+01,0.4898326034573894,15.140446565660646,13.504644926910068,17.644712207457516,833.9646243089865,793.8705651617148,750.0312390586145,843.0327158227551
shift_openbc,R0180_S+02,0.5609465636035036,12.00145137156154,10.704792535519532,13.986519790194809,768.0922680159252,727.1937238210429,687.0364435316237,772.2267669632465
shift_openbc,R0180_S+03,0.07433229717069492,2.133028537859017,1.9025722192425467,2.4858364987845385,305.45974666550467,296.19843551551315,279.84168874137424,314.54116385361675
shift_openbc,R0181_S+00,0.977452497968346,7.56574768859893,6.748330420639799,8.817140235634788,675.33478156735,476.09319434354717,449.80225257265295,505.5762944560265
shift_openbc,R0181_S+01,0.07543357704610937,1.4618303022906234,1.3038914730961284,1.7036204888804205,286.9072376495999,207.28833540297825,195.8414052207906,220.12511361666802
shift_openbc,R0181_S+02,0.3523203630740792,5.345679852087786,4.768122788340796,6.229867932510174,538.9396563156345,385.2666744043564,363.99137825777484,409.12514595240617
shift_openbc,R0181_S+03,0.1762747846366763,2.6145368977994585,2.3320575321185038,3.0469874793575635,379.1717550365317,272.0029849548569,256.98236562250565,288.8473577196783
shift_openbc,R0185_S+00,0.0814163789514117,5.337129796414635,4.76049649637705,6.219903677423229,264.1495536088692,187.15586207456838,176.82069255241518,198.7458933620145
shift_openbc,R0185_S+01,0.1700737431805581,11.864973806673119,10.58306025725981,13.827468513550663,392.9156742170643,275.69758298996265,260.47293960735846,292.7707517238056
shift_openbc,R0185_S+02,0.02217897615360096,1.48114211113227,1.3211167986617762,1.7261265165420572,137.88311305746615,99.59282673340346,94.09308584326747,105.76032779401916
shift_openbc,R0185_S+03,0.37889092873529717,14.835510831415423,13.23265500913259,17.28933938214535,460.91195454420136,313.5318729524241,296.2179346036994,332.94801186920756
shift_openbc,R0188_S+00,0.06930691136617773,5.457343226773299,4.867721847056048,6.360000693251065,465.3365460136829,278.67002334995493,263.2812350954003,295.9272668778786
shift_openbc,R0188_S+01,0.03321912341008149,2.585436038413646,2.3061007829982585,3.013073269058315,316.544016447538,192.71430319698402,182.07218399854347,204.64855296524138
shift_openbc,R0188_S+02,0.03671236152420752,1.9784969659796494,1.764736522047107,2.305745039727994,277.2282552617081,168.17828287143882,158.8910981466108,178.59308654759792
shift_openbc,R0188_S+03,0.011607525979908183,0.8396292135641874,0.7489141321077226,0.9785058696957613,178.54692989702176,108.33766399970841,102.3550134395836,115.04670800958914
shift_openbc,R0194_S+00,0.2792644086716641,3.584732183457087,3.1974311382236715,4.177655358024187,282.17808397183154,284.1021702233414,268.4134065462519,301.6958111877261
shift_openbc,R0194_S+01,0.5629381095804646,5.932005058028869,5.291100342773732,6.913172713115054,377.73486451953096,372.6908580049262,352.1100268509282,395.7705449404133
shift_openbc,R0194_S+02,0.13846562828573397,1.585734102949983,1.4144084796944925,1.848018270977754,189.68794093338784,188.7676523286077,178.3434761073055,200.45749721134305
shift_openbc,R0194_S+03,0.33061886932620965,4.5975083342704,4.1007850946516875,5.3579470775701585,320.81905528045183,320.6760716494335,302.9676145086438,340.5346305123743
shift_openbc,R0196_S+00,0.18123012633457597,2.69297958861557,2.402025130629476,3.138404776610081,156.88230865113442,128.82146682806845,121.70765439920605,136.7990146028592
shift_openbc,R0196_S+01,0.5134620088883564,6.724310157286398,5.99780334475261,7.836526948161698,245.5283554364601,200.2747045032536,189.21508286438896,212.67714846384888
shift_openbc,R0196_S+02,0.12247959108742701,1.8864464401385803,1.682631303985809,2.1984691393794153,130.13769092031657,107.14359532988931,101.2268839393255,113.77869405646895
shift_openbc,R0196_S+03,0.07259268289829418,0.89500631434069,0.7983081892661518,1.0430424738076178,90.02938502854924,73.93316984450477,69.85041317750465,78.51164119014966
shift_openbc,R0197_S+00,0.04503615588428825,1.1326625383581004,1.010287598599068,1.3200075989056492,112.4306590158596,100.90778836349462,95.33543232141268,107.15672126528062
shift_openbc,R0197_S+01,0.02652944037326612,0.9862950236747736,0.879733898874269,1.1494305513986345,102.82613854195306,92.85598596344128,87.72826864034468,98.60629359801675
shift_openbc,R0197_S+02,0.16426652454026602,5.817308262056242,5.188795599175373,6.7795047960375925,254.66937464555963,226.69261805893257,214.17413955075574,240.7310484175247
shift_openbc,R0197_S+03,0.09475299247037619,4.303693690864562,3.838714724645438,5.015534797803524,216.5658613898893,194.53362387508176,183.7910376786275,206.58053900870527
shift_openbc,R0206_S+00,2.0569991975910624,5.030170017370392,4.486701215315975,5.862172025519072,303.85242823424625,244.05177653166444,230.57468607519542,259.1652102996744
shift_openbc,R0206_S+01,1.582286202082323,2.021135399807499,1.8027682212171063,2.355435971273929,205.06659994553848,163.48474343921467,154.45674656537483,173.60888954117144
shift_openbc,R0206_S+02,0.7926415330630224,1.462798183599562,1.304754782731807,1.7047484600451506,170.12360206682052,136.26041974619318,128.73581153127358,144.69864075938108
shift_openbc,R0206_S+03,1.7822476201116444,4.657544263707718,4.1543346320706735,5.4279130916130525,302.52302660869503,240.99433823279662,227.68608642648823,255.918433525642
shift_openbc,R0210_S+00,0.14529979861680045,2.613420901033023,2.331062109691237,3.045686894088641,229.1598444558028,225.57174527551905,213.11516389469338,239.54076316428518
shift_openbc,R0210_S+01,0.09781152674904092,2.510757538193015,2.239490685021284,2.926042768421289,227.1127969850778,222.671575027406,210.37514759968178,236.46099360497792
shift_openbc,R0210_S+02,0.5891092382764388,8.198439006577244,7.31266460725585,9.55448019278005,421.4042376384147,408.86478465778055,386.2863475506747,434.1846201894645
shift_openbc,R0210_S+03,0.6281577140576914,17.409112203119246,15.528199764536062,20.288620502652407,624.1587167306286,585.589453643078,553.2518810621298,621.8533462836281
shift_openbc,R0213_S+00,0.07460998369223996,1.2192055149668906,1.0874803131567972,1.4208649883635143,149.25943819515803,128.21439689279663,121.13410823723895,136.15435054969294
shift_openbc,R0213_S+01,0.20003858539162758,3.6913056061954928,3.292490172743295,4.301856276737368,261.86458906835486,223.39338978916186,211.0571021195855,237.22750830602374
shift_openbc,R0213_S+02,0.5669325915843006,6.506917094837673,5.803897827817449,7.583176559441627,342.1263295046978,292.4969835762083,276.3446393403964,310.61049150245844
shift_openbc,R0213_S+03,1.6810173464023193,15.9089866494195,14.190150529287799,18.540370637280624,570.9225235996778,469.4438352559636,443.5200861159712,498.51515943467155
shift_openbc,R0217_S+00,0.43023237764762723,1.0979229440319236,0.9793013338118743,1.2795219935814666,234.756270939344,171.75779553707528,162.27294203609475,182.394268272
shift_openbc,R0217_S+01,3.48722000300112,15.120882466807751,13.48719456920909,17.62191216042056,765.6843141452513,568.3434858538817,536.9582745759631,603.5393846627481
shift_openbc,R0217_S+02,1.4900184332639332,7.1944596826120675,6.417157052355846,8.384440316031519,539.9931077462447,400.3045117123298,378.1987922164516,425.0942338392447
shift_openbc,R0217_S+03,1.5144232848028392,5.012528559148348,4.470965772622892,5.841612628416885,496.820812556611,364.3631635561227,344.2422065033312,386.92714001295286
